symbol,instrument_token,date,open,high,low,close
INFY,408065,2022-12-05 00:00:00+05:30,1638.0,1644.85,1561.1,1569.3
INFY,408065,2022-12-12 00:00:00+05:30,1550.0,1588.5,1512.05,1522.2
INFY,408065,2022-12-19 00:00:00+05:30,1507.95,1529.95,1482.45,1497.1
INFY,408065,2022-12-26 00:00:00+05:30,1500.5,1530.4,1496.35,1508.2
INFY,408065,2023-01-02 00:00:00+05:30,1514.0,1532.65,1446.5,1448.5
INFY,408065,2023-01-09 00:00:00+05:30,1448.2,1519.4,1448.2,1503.65
INFY,408065,2023-01-16 00:00:00+05:30,1510.0,1551.85,1502.3,1525.55
INFY,408065,2023-01-23 00:00:00+05:30,1535.0,1568.8,1507.4,1519.15
INFY,408065,2023-01-30 00:00:00+05:30,1528.8,1604.65,1513.0,1599.4
INFY,408065,2023-02-06 00:00:00+05:30,1598.0,1619.75,1555.1,1608.55
INFY,408065,2023-02-13 00:00:00+05:30,1597.0,1614.45,1566.0,1583.8
INFY,408065,2023-02-20 00:00:00+05:30,1584.95,1603.0,1545.0,1550.65
INFY,408065,2023-02-27 00:00:00+05:30,1540.0,1540.0,1467.3,1479.3
INFY,408065,2023-03-06 00:00:00+05:30,1494.55,1520.4,1457.65,1471.55
INFY,408065,2023-03-13 00:00:00+05:30,1464.2,1478.3,1398.7,1420.7
INFY,408065,2023-03-20 00:00:00+05:30,1419.7,1419.7,1370.0,1380.65
INFY,408065,2023-03-27 00:00:00+05:30,1386.25,1429.95,1364.55,1427.95
INFY,408065,2023-04-03 00:00:00+05:30,1435.0,1435.0,1400.0,1421.9
INFY,408065,2023-04-10 00:00:00+05:30,1423.95,1434.0,1383.0,1389.2
INFY,408065,2023-04-17 00:00:00+05:30,1250.3,1269.95,1185.3,1227.35
INFY,408065,2023-04-24 00:00:00+05:30,1228.0,1259.0,1215.0,1252.75
INFY,408065,2023-05-02 00:00:00+05:30,1254.55,1279.75,1254.25,1259.1
INFY,408065,2023-05-08 00:00:00+05:30,1262.45,1276.4,1239.05,1245.2
INFY,408065,2023-05-15 00:00:00+05:30,1249.9,1273.95,1242.45,1268.9
INFY,408065,2023-05-22 00:00:00+05:30,1272.95,1323.45,1270.25,1317.45
INFY,408065,2023-05-29 00:00:00+05:30,1332.7,1332.7,1296.05,1299.0
INFY,408065,2023-06-05 00:00:00+05:30,1304.0,1309.45,1264.0,1265.95
INFY,408065,2023-06-12 00:00:00+05:30,1273.5,1306.7,1273.0,1291.65
INFY,408065,2023-06-19 00:00:00+05:30,1294.0,1305.0,1263.35,1265.0
INFY,408065,2023-06-26 00:00:00+05:30,1270.25,1338.9,1262.25,1335.5
INFY,408065,2023-07-03 00:00:00+05:30,1330.0,1357.95,1325.35,1330.2
INFY,408065,2023-07-10 00:00:00+05:30,1336.55,1430.0,1319.3,1425.95
INFY,408065,2023-07-17 00:00:00+05:30,1425.95,1498.8,1305.0,1331.6
INFY,408065,2023-07-24 00:00:00+05:30,1341.0,1363.85,1324.25,1340.5
INFY,408065,2023-07-31 00:00:00+05:30,1348.75,1385.9,1333.25,1378.35
INFY,408065,2023-08-07 00:00:00+05:30,1387.9,1396.85,1367.05,1371.85
INFY,408065,2023-08-14 00:00:00+05:30,1371.85,1420.0,1365.6,1388.8
INFY,408065,2023-08-21 00:00:00+05:30,1389.75,1425.05,1387.15,1420.1
INFY,408065,2023-08-28 00:00:00+05:30,1420.1,1446.0,1411.4,1443.85
INFY,408065,2023-09-04 00:00:00+05:30,1443.0,1482.9,1434.7,1469.6
INFY,408065,2023-09-11 00:00:00+05:30,1469.6,1518.4,1464.5,1511.6
INFY,408065,2023-09-18 00:00:00+05:30,1504.9,1506.95,1476.0,1496.15
INFY,408065,2023-09-25 00:00:00+05:30,1489.85,1489.85,1416.0,1435.45
INFY,408065,2023-10-03 00:00:00+05:30,1436.05,1484.5,1418.2,1478.7
INFY,408065,2023-10-09 00:00:00+05:30,1464.9,1518.25,1400.0,1431.15
INFY,408065,2023-10-16 00:00:00+05:30,1432.1,1454.0,1425.25,1427.25
INFY,408065,2023-10-23 00:00:00+05:30,1425.6,1432.35,1353.1,1380.35
INFY,408065,2023-10-30 00:00:00+05:30,1380.35,1392.0,1351.65,1389.05
INFY,408065,2023-11-06 00:00:00+05:30,1393.9,1407.25,1361.0,1388.2
INFY,408065,2023-11-13 00:00:00+05:30,1379.85,1453.4,1370.85,1437.55
INFY,408065,2023-11-20 00:00:00+05:30,1442.0,1467.9,1433.65,1437.4
INFY,408065,2023-11-28 00:00:00+05:30,1444.0,1460.7,1427.05,1452.3
INFY,408065,2023-12-04 00:00:00+05:30,1460.45,1494.7,1442.0,1491.15
INFY,408065,2023-12-11 00:00:00+05:30,1490.0,1588.55,1433.15,1578.4
INFY,408065,2023-12-18 00:00:00+05:30,1567.95,1593.0,1521.25,1562.9
INFY,408065,2023-12-26 00:00:00+05:30,1535.0,1570.0,1523.0,1542.9
INFY,408065,2024-01-01 00:00:00+05:30,1539.0,1557.0,1488.0,1532.55
INFY,408065,2024-01-08 00:00:00+05:30,1528.95,1618.0,1486.6,1612.75
INFY,408065,2024-01-15 00:00:00+05:30,1644.95,1669.25,1620.25,1648.85
INFY,408065,2024-01-23 00:00:00+05:30,1650.1,1680.55,1637.7,1669.1
INFY,408065,2024-01-29 00:00:00+05:30,1665.15,1718.5,1638.1,1693.35
INFY,408065,2024-02-05 00:00:00+05:30,1694.75,1733.0,1659.8,1669.35
INFY,408065,2024-02-12 00:00:00+05:30,1670.35,1709.0,1635.5,1701.65
INFY,408065,2024-02-19 00:00:00+05:30,1705.0,1711.5,1644.4,1676.85
INFY,408065,2024-02-26 00:00:00+05:30,1674.95,1687.8,1645.0,1656.3
INFY,408065,2024-03-04 00:00:00+05:30,1657.85,1664.45,1576.0,1616.45
INFY,408065,2024-03-11 00:00:00+05:30,1608.15,1657.75,1588.0,1634.0
INFY,408065,2024-03-18 00:00:00+05:30,1630.0,1632.65,1498.2,1508.85
INFY,408065,2024-03-26 00:00:00+05:30,1492.0,1511.8,1481.55,1498.05
INFY,408065,2024-04-01 00:00:00+05:30,1525.0,1529.95,1468.0,1479.1
INFY,408065,2024-04-08 00:00:00+05:30,1483.0,1513.8,1474.1,1484.75
INFY,408065,2024-04-15 00:00:00+05:30,1480.0,1491.95,1378.75,1411.25
INFY,408065,2024-04-22 00:00:00+05:30,1419.9,1446.85,1413.05,1430.25
INFY,408065,2024-04-29 00:00:00+05:30,1429.95,1439.8,1403.2,1416.3
INFY,408065,2024-05-06 00:00:00+05:30,1420.0,1449.95,1413.0,1424.9
INFY,408065,2024-05-13 00:00:00+05:30,1425.0,1457.0,1411.2,1443.65
INFY,408065,2024-05-21 00:00:00+05:30,1430.0,1478.15,1428.0,1465.1
INFY,408065,2024-05-27 00:00:00+05:30,1471.85,1479.6,1400.0,1406.9
INFY,408065,2024-06-03 00:00:00+05:30,1440.0,1539.7,1358.35,1533.6
INFY,408065,2024-06-10 00:00:00+05:30,1525.3,1529.8,1482.75,1488.9
INFY,408065,2024-06-18 00:00:00+05:30,1497.0,1557.75,1495.4,1532.7
INFY,408065,2024-06-24 00:00:00+05:30,1524.55,1588.5,1515.4,1566.75
INFY,408065,2024-07-01 00:00:00+05:30,1559.5,1665.85,1559.5,1647.45
INFY,408065,2024-07-08 00:00:00+05:30,1643.1,1719.75,1637.55,1711.75
INFY,408065,2024-07-15 00:00:00+05:30,1726.2,1844.0,1700.0,1792.95
INFY,408065,2024-07-22 00:00:00+05:30,1800.15,1883.0,1783.25,1878.9
INFY,408065,2024-07-29 00:00:00+05:30,1893.6,1903.0,1816.15,1821.2
INFY,408065,2024-08-05 00:00:00+05:30,1784.95,1797.9,1718.55,1770.75
INFY,408065,2024-08-12 00:00:00+05:30,1773.05,1861.85,1768.1,1858.95
INFY,408065,2024-08-19 00:00:00+05:30,1860.0,1893.65,1849.2,1862.1
INFY,408065,2024-08-26 00:00:00+05:30,1870.0,1951.0,1864.0,1943.7
INFY,408065,2024-09-02 00:00:00+05:30,1943.35,1975.75,1896.85,1901.85
INFY,408065,2024-09-09 00:00:00+05:30,1890.0,1958.6,1889.0,1944.1
INFY,408065,2024-09-16 00:00:00+05:30,1945.75,1958.45,1867.4,1905.75
INFY,408065,2024-09-23 00:00:00+05:30,1909.0,1974.6,1871.4,1906.75
INFY,408065,2024-09-30 00:00:00+05:30,1880.0,1954.1,1870.5,1918.15
INFY,408065,2024-10-07 00:00:00+05:30,1923.2,1977.0,1906.35,1935.1
INFY,408065,2024-10-14 00:00:00+05:30,1932.15,1991.45,1869.25,1879.6
INFY,408065,2024-10-21 00:00:00+05:30,1891.1,1898.8,1838.0,1862.05
INFY,408065,2024-10-28 00:00:00+05:30,1859.7,1881.9,1746.5,1760.85
INFY,408065,2024-11-04 00:00:00+05:30,1724.5,1840.6,1718.0,1829.95
INFY,408065,2024-11-11 00:00:00+05:30,1829.0,1881.0,1822.55,1864.55
INFY,408065,2024-11-18 00:00:00+05:30,1849.2,1914.05,1795.0,1902.25
INFY,408065,2024-11-25 00:00:00+05:30,1916.0,1941.4,1845.0,1857.85
INFY,408065,2024-12-02 00:00:00+05:30,1859.0,1949.9,1835.2,1922.4
INFY,408065,2024-12-09 00:00:00+05:30,1924.2,2006.45,1897.2,1999.7
INFY,408065,2024-12-16 00:00:00+05:30,1995.45,1999.6,1911.25,1922.15
INFY,408065,2024-12-23 00:00:00+05:30,1930.05,1942.0,1840.0,1916.75
INFY,408065,2024-12-30 00:00:00+05:30,1915.7,1962.65,1845.05,1938.75
INFY,408065,2025-01-06 00:00:00+05:30,1952.0,1977.8,1888.75,1966.95
INFY,408065,2025-01-13 00:00:00+05:30,1956.0,1982.8,1812.0,1815.45
INFY,408065,2025-01-20 00:00:00+05:30,1822.95,1894.9,1793.05,1875.45
INFY,408065,2025-01-27 00:00:00+05:30,1848.75,1897.45,1812.0,1851.35
INFY,408065,2025-02-03 00:00:00+05:30,1836.0,1924.0,1832.4,1903.65
INFY,408065,2025-02-10 00:00:00+05:30,1905.0,1905.0,1828.35,1856.4
INFY,408065,2025-02-17 00:00:00+05:30,1838.55,1861.65,1805.55,1815.0
INFY,408065,2025-02-24 00:00:00+05:30,1800.05,1808.0,1682.45,1687.7
INFY,408065,2025-03-03 00:00:00+05:30,1692.3,1732.95,1670.0,1686.0
INFY,408065,2025-03-10 00:00:00+05:30,1686.0,1719.0,1563.8,1579.85
INFY,408065,2025-03-17 00:00:00+05:30,1545.15,1631.9,1545.15,1592.55
INFY,408065,2025-03-24 00:00:00+05:30,1597.95,1637.75,1560.0,1570.65
INFY,408065,2025-04-01 00:00:00+05:30,1539.25,1555.65,1448.0,1451.65
INFY,408065,2025-04-07 00:00:00+05:30,1352.0,1456.5,1307.0,1409.45
INFY,408065,2025-04-15 00:00:00+05:30,1445.6,1447.7,1378.3,1419.5
INFY,408065,2025-04-21 00:00:00+05:30,1410.0,1501.7,1410.0,1480.2
INFY,408065,2025-04-28 00:00:00+05:30,1480.2,1523.2,1465.3,1506.8
INFY,408065,2025-05-05 00:00:00+05:30,1515.0,1523.0,1494.1,1507.6
INFY,408065,2025-05-12 00:00:00+05:30,1537.0,1632.0,1532.0,1589.9
INFY,408065,2025-05-19 00:00:00+05:30,1576.5,1587.2,1540.0,1564.8
INFY,408065,2025-05-26 00:00:00+05:30,1566.6,1608.9,1555.1,1562.7
INFY,408065,2025-06-02 00:00:00+05:30,1560.0,1568.9,1535.6,1563.8
INFY,408065,2025-06-09 00:00:00+05:30,1578.0,1634.6,1570.2,1602.0
INFY,408065,2025-06-16 00:00:00+05:30,1600.0,1647.4,1597.1,1622.9
INFY,408065,2025-06-23 00:00:00+05:30,1601.0,1629.6,1575.4,1608.0
INFY,408065,2025-06-30 00:00:00+05:30,1615.0,1649.0,1594.1,1640.7
INFY,408065,2025-07-07 00:00:00+05:30,1640.0,1646.2,1563.0,1594.9
INFY,408065,2025-07-14 00:00:00+05:30,1591.8,1612.0,1559.8,1586.1
INFY,408065,2025-07-21 00:00:00+05:30,1580.0,1591.9,1511.3,1515.7
INFY,408065,2025-07-28 00:00:00+05:30,1513.9,1527.1,1465.5,1469.6
INFY,408065,2025-08-04 00:00:00+05:30,1461.5,1482.8,1414.2,1423.1
INFY,408065,2025-08-11 00:00:00+05:30,1419.9,1470.0,1414.0,1447.7
INFY,408065,2025-08-18 00:00:00+05:30,1464.7,1508.0,1429.6,1487.5
INFY,408065,2025-08-25 00:00:00+05:30,1506.7,1539.0,1467.7,1469.6
INFY,408065,2025-09-01 00:00:00+05:30,1476.7,1512.8,1433.0,1444.6
INFY,408065,2025-09-08 00:00:00+05:30,1451.0,1542.9,1428.3,1525.6
INFY,408065,2025-09-15 00:00:00+05:30,1525.6,1555.0,1501.2,1540.2
INFY,408065,2025-09-22 00:00:00+05:30,1482.7,1514.7,1441.2,1448.9
INFY,408065,2025-09-29 00:00:00+05:30,1460.0,1465.0,1427.4,1446.6
INFY,408065,2025-10-06 00:00:00+05:30,1446.6,1521.7,1442.3,1514.9
INFY,408065,2025-10-13 00:00:00+05:30,1497.0,1514.4,1434.0,1441.1
INFY,408065,2025-10-20 00:00:00+05:30,1453.7,1546.0,1450.0,1525.4
INFY,408065,2025-10-27 00:00:00+05:30,1510.0,1520.2,1480.7,1482.3
INFY,408065,2025-11-03 00:00:00+05:30,1482.3,1491.4,1449.1,1476.8
INFY,408065,2025-11-10 00:00:00+05:30,1490.1,1559.2,1488.8,1502.8
INFY,408065,2025-11-17 00:00:00+05:30,1496.0,1555.0,1483.2,1545.0
INFY,408065,2025-11-24 00:00:00+05:30,1563.6,1585.0,1525.9,1560.1
INFY,408065,2025-12-01 00:00:00+05:30,1562.5,1599.0,1554.1,1597.6
INFY,408065,2025-12-05 09:15:00+05:30,1610.0,1631.8,1600.0,1613.9
WIPRO,969473,2022-12-05 00:00:00+05:30,202.55,203.45,191.8,193.15
WIPRO,969473,2022-12-12 00:00:00+05:30,192.6,198.3,190.2,191.1
WIPRO,969473,2022-12-19 00:00:00+05:30,190.4,192.75,184.85,185.1
WIPRO,969473,2022-12-26 00:00:00+05:30,185.3,194.3,184.5,192.55
WIPRO,969473,2023-01-02 00:00:00+05:30,192.65,195.0,187.0,187.3
WIPRO,969473,2023-01-09 00:00:00+05:30,189.25,195.05,188.8,193.1
WIPRO,969473,2023-01-16 00:00:00+05:30,191.2,198.75,190.7,197.65
WIPRO,969473,2023-01-23 00:00:00+05:30,198.65,201.1,193.25,195.1
WIPRO,969473,2023-01-30 00:00:00+05:30,195.1,202.5,193.65,200.0
WIPRO,969473,2023-02-06 00:00:00+05:30,198.75,200.5,195.6,198.95
WIPRO,969473,2023-02-13 00:00:00+05:30,198.85,202.55,195.7,199.2
WIPRO,969473,2023-02-20 00:00:00+05:30,198.7,200.05,192.5,192.8
WIPRO,969473,2023-02-27 00:00:00+05:30,192.55,192.8,188.95,191.4
WIPRO,969473,2023-03-06 00:00:00+05:30,192.4,194.45,189.55,190.75
WIPRO,969473,2023-03-13 00:00:00+05:30,190.7,192.5,181.4,184.6
WIPRO,969473,2023-03-20 00:00:00+05:30,183.85,184.35,176.7,177.4
WIPRO,969473,2023-03-27 00:00:00+05:30,177.4,179.35,174.05,179.05
WIPRO,969473,2023-04-03 00:00:00+05:30,180.4,182.35,179.05,179.75
WIPRO,969473,2023-04-10 00:00:00+05:30,180.4,183.75,179.45,180.55
WIPRO,969473,2023-04-17 00:00:00+05:30,176.5,180.85,172.55,180.4
WIPRO,969473,2023-04-24 00:00:00+05:30,183.85,190.2,181.7,188.75
WIPRO,969473,2023-05-02 00:00:00+05:30,190.7,192.3,185.8,186.0
WIPRO,969473,2023-05-08 00:00:00+05:30,186.8,189.65,186.1,187.85
WIPRO,969473,2023-05-15 00:00:00+05:30,187.85,190.6,187.0,189.35
WIPRO,969473,2023-05-22 00:00:00+05:30,189.5,197.4,188.95,196.95
WIPRO,969473,2023-05-29 00:00:00+05:30,198.05,200.9,195.8,198.55
WIPRO,969473,2023-06-05 00:00:00+05:30,200.45,200.9,193.95,194.8
WIPRO,969473,2023-06-12 00:00:00+05:30,196.0,196.0,185.9,186.95
WIPRO,969473,2023-06-19 00:00:00+05:30,187.3,189.85,184.9,186.3
WIPRO,969473,2023-06-26 00:00:00+05:30,186.3,191.1,185.8,190.8
WIPRO,969473,2023-07-03 00:00:00+05:30,193.1,194.85,190.95,194.05
WIPRO,969473,2023-07-10 00:00:00+05:30,194.05,198.8,190.1,198.55
WIPRO,969473,2023-07-17 00:00:00+05:30,199.55,208.35,196.6,198.4
WIPRO,969473,2023-07-24 00:00:00+05:30,199.2,200.05,194.45,195.5
WIPRO,969473,2023-07-31 00:00:00+05:30,196.0,201.0,194.65,200.4
WIPRO,969473,2023-08-07 00:00:00+05:30,201.0,207.0,200.05,202.5
WIPRO,969473,2023-08-14 00:00:00+05:30,202.55,206.1,200.05,201.85
WIPRO,969473,2023-08-21 00:00:00+05:30,201.9,205.9,199.6,200.85
WIPRO,969473,2023-08-28 00:00:00+05:30,201.7,204.85,199.25,204.15
WIPRO,969473,2023-09-04 00:00:00+05:30,204.95,214.5,203.95,210.8
WIPRO,969473,2023-09-11 00:00:00+05:30,212.3,217.6,209.3,216.2
WIPRO,969473,2023-09-18 00:00:00+05:30,216.2,216.2,204.25,205.15
WIPRO,969473,2023-09-25 00:00:00+05:30,205.15,205.8,196.85,199.05
WIPRO,969473,2023-10-03 00:00:00+05:30,199.25,201.2,196.4,199.95
WIPRO,969473,2023-10-09 00:00:00+05:30,198.15,207.85,197.75,201.5
WIPRO,969473,2023-10-16 00:00:00+05:30,201.5,202.85,191.25,192.1
WIPRO,969473,2023-10-23 00:00:00+05:30,191.6,192.65,183.85,187.45
WIPRO,969473,2023-10-30 00:00:00+05:30,188.25,189.6,185.9,188.05
WIPRO,969473,2023-11-06 00:00:00+05:30,189.25,189.75,184.85,187.45
WIPRO,969473,2023-11-13 00:00:00+05:30,187.55,195.85,186.3,193.85
WIPRO,969473,2023-11-20 00:00:00+05:30,192.75,198.55,192.75,194.15
WIPRO,969473,2023-11-28 00:00:00+05:30,194.65,203.2,192.7,199.85
WIPRO,969473,2023-12-04 00:00:00+05:30,202.35,208.1,197.15,207.2
WIPRO,969473,2023-12-11 00:00:00+05:30,205.9,220.35,203.45,218.95
WIPRO,969473,2023-12-18 00:00:00+05:30,218.65,228.6,209.45,226.8
WIPRO,969473,2023-12-26 00:00:00+05:30,222.6,234.05,219.85,231.05
WIPRO,969473,2024-01-01 00:00:00+05:30,231.9,237.05,221.3,223.85
WIPRO,969473,2024-01-08 00:00:00+05:30,224.3,229.95,219.0,228.15
WIPRO,969473,2024-01-15 00:00:00+05:30,251.0,259.35,229.65,234.35
WIPRO,969473,2024-01-23 00:00:00+05:30,234.35,238.25,228.95,230.4
WIPRO,969473,2024-01-29 00:00:00+05:30,230.4,238.5,229.95,236.9
WIPRO,969473,2024-02-05 00:00:00+05:30,236.8,246.0,234.95,240.4
WIPRO,969473,2024-02-12 00:00:00+05:30,240.7,267.2,240.7,266.2
WIPRO,969473,2024-02-19 00:00:00+05:30,267.65,267.65,254.7,262.9
WIPRO,969473,2024-02-26 00:00:00+05:30,262.9,263.45,251.6,256.3
WIPRO,969473,2024-03-04 00:00:00+05:30,256.4,258.05,245.15,252.75
WIPRO,969473,2024-03-11 00:00:00+05:30,253.65,256.15,242.8,253.45
WIPRO,969473,2024-03-18 00:00:00+05:30,253.95,254.25,235.15,238.8
WIPRO,969473,2024-03-26 00:00:00+05:30,238.25,240.7,231.0,235.35
WIPRO,969473,2024-04-01 00:00:00+05:30,237.15,241.2,233.35,237.8
WIPRO,969473,2024-04-08 00:00:00+05:30,240.25,241.0,230.4,230.8
WIPRO,969473,2024-04-15 00:00:00+05:30,228.65,229.65,214.25,222.0
WIPRO,969473,2024-04-22 00:00:00+05:30,222.0,233.25,220.6,227.75
WIPRO,969473,2024-04-29 00:00:00+05:30,229.25,229.45,222.2,224.25
WIPRO,969473,2024-05-06 00:00:00+05:30,224.95,228.65,220.75,221.5
WIPRO,969473,2024-05-13 00:00:00+05:30,221.5,229.2,218.15,226.8
WIPRO,969473,2024-05-21 00:00:00+05:30,227.0,230.65,224.95,227.3
WIPRO,969473,2024-05-27 00:00:00+05:30,226.5,226.6,213.3,214.85
WIPRO,969473,2024-06-03 00:00:00+05:30,220.7,238.45,204.45,237.6
WIPRO,969473,2024-06-10 00:00:00+05:30,239.45,239.45,232.1,234.1
WIPRO,969473,2024-06-18 00:00:00+05:30,235.8,245.6,235.3,240.5
WIPRO,969473,2024-06-24 00:00:00+05:30,240.3,253.1,239.85,252.4
WIPRO,969473,2024-07-01 00:00:00+05:30,253.9,269.05,252.05,262.35
WIPRO,969473,2024-07-08 00:00:00+05:30,262.8,276.9,259.85,274.65
WIPRO,969473,2024-07-15 00:00:00+05:30,277.95,284.3,271.95,273.15
WIPRO,969473,2024-07-22 00:00:00+05:30,255.4,259.15,238.45,257.3
WIPRO,969473,2024-07-29 00:00:00+05:30,258.85,260.15,245.6,246.2
WIPRO,969473,2024-08-05 00:00:00+05:30,240.25,245.2,235.4,240.85
WIPRO,969473,2024-08-12 00:00:00+05:30,241.0,253.65,238.85,253.05
WIPRO,969473,2024-08-19 00:00:00+05:30,252.95,260.15,250.7,251.2
WIPRO,969473,2024-08-26 00:00:00+05:30,252.95,265.7,252.95,263.95
WIPRO,969473,2024-09-02 00:00:00+05:30,263.95,265.7,253.35,255.25
WIPRO,969473,2024-09-09 00:00:00+05:30,253.5,270.85,251.6,269.95
WIPRO,969473,2024-09-16 00:00:00+05:30,271.1,273.0,259.45,264.3
WIPRO,969473,2024-09-23 00:00:00+05:30,264.3,274.0,259.55,265.6
WIPRO,969473,2024-09-30 00:00:00+05:30,263.75,269.45,257.95,261.6
WIPRO,969473,2024-10-07 00:00:00+05:30,263.75,265.55,255.1,259.0
WIPRO,969473,2024-10-14 00:00:00+05:30,264.1,273.75,257.3,268.95
WIPRO,969473,2024-10-21 00:00:00+05:30,270.45,275.5,265.0,266.4
WIPRO,969473,2024-10-28 00:00:00+05:30,266.4,283.75,266.05,270.35
WIPRO,969473,2024-11-04 00:00:00+05:30,270.15,283.75,261.9,278.95
WIPRO,969473,2024-11-11 00:00:00+05:30,278.95,285.9,276.6,277.85
WIPRO,969473,2024-11-18 00:00:00+05:30,277.85,281.2,264.9,280.25
WIPRO,969473,2024-11-25 00:00:00+05:30,282.15,292.2,279.75,283.25
WIPRO,969473,2024-12-02 00:00:00+05:30,285.55,295.05,283.45,291.55
WIPRO,969473,2024-12-09 00:00:00+05:30,289.25,307.7,288.05,303.9
WIPRO,969473,2024-12-16 00:00:00+05:30,303.95,313.75,295.3,299.25
WIPRO,969473,2024-12-23 00:00:00+05:30,300.65,304.85,296.9,303.1
WIPRO,969473,2024-12-30 00:00:00+05:30,303.1,303.35,288.25,288.7
WIPRO,969473,2025-01-06 00:00:00+05:30,289.25,297.35,283.65,294.7
WIPRO,969473,2025-01-13 00:00:00+05:30,293.15,293.4,275.05,276.45
WIPRO,969473,2025-01-20 00:00:00+05:30,296.1,318.3,291.15,313.85
WIPRO,969473,2025-01-27 00:00:00+05:30,311.6,315.7,300.75,304.8
WIPRO,969473,2025-02-03 00:00:00+05:30,303.0,323.6,300.3,318.0
WIPRO,969473,2025-02-10 00:00:00+05:30,318.8,321.0,304.55,308.1
WIPRO,969473,2025-02-17 00:00:00+05:30,308.1,316.5,302.0,306.35
WIPRO,969473,2025-02-24 00:00:00+05:30,302.95,303.3,277.0,277.65
WIPRO,969473,2025-03-03 00:00:00+05:30,279.45,292.0,276.3,284.8
WIPRO,969473,2025-03-10 00:00:00+05:30,284.45,285.65,262.2,264.0
WIPRO,969473,2025-03-17 00:00:00+05:30,264.0,273.95,256.25,264.3
WIPRO,969473,2025-03-24 00:00:00+05:30,267.05,274.7,261.6,262.25
WIPRO,969473,2025-04-01 00:00:00+05:30,260.35,265.55,244.85,246.3
WIPRO,969473,2025-04-07 00:00:00+05:30,231.05,249.5,228.0,239.75
WIPRO,969473,2025-04-15 00:00:00+05:30,245.05,248.45,232.15,236.9
WIPRO,969473,2025-04-21 00:00:00+05:30,237.4,246.15,233.5,240.9
WIPRO,969473,2025-04-28 00:00:00+05:30,240.5,245.8,238.75,242.87
WIPRO,969473,2025-05-05 00:00:00+05:30,244.0,246.87,236.01,242.01
WIPRO,969473,2025-05-12 00:00:00+05:30,245.09,257.94,244.88,254.31
WIPRO,969473,2025-05-19 00:00:00+05:30,254.31,254.74,245.0,247.36
WIPRO,969473,2025-05-26 00:00:00+05:30,248.49,251.74,246.96,249.67
WIPRO,969473,2025-06-02 00:00:00+05:30,247.6,249.98,245.73,248.59
WIPRO,969473,2025-06-09 00:00:00+05:30,249.6,263.0,249.22,260.21
WIPRO,969473,2025-06-16 00:00:00+05:30,260.0,267.2,258.0,266.54
WIPRO,969473,2025-06-23 00:00:00+05:30,264.0,271.3,261.81,265.05
WIPRO,969473,2025-06-30 00:00:00+05:30,266.1,271.4,262.9,270.05
WIPRO,969473,2025-07-07 00:00:00+05:30,270.05,270.55,257.75,258.3
WIPRO,969473,2025-07-14 00:00:00+05:30,258.3,271.9,251.65,266.95
WIPRO,969473,2025-07-21 00:00:00+05:30,266.95,267.15,256.05,259.2
WIPRO,969473,2025-07-28 00:00:00+05:30,254.0,254.0,242.2,242.75
WIPRO,969473,2025-08-04 00:00:00+05:30,242.75,246.95,238.4,239.05
WIPRO,969473,2025-08-11 00:00:00+05:30,239.05,248.43,238.62,246.81
WIPRO,969473,2025-08-18 00:00:00+05:30,248.64,253.0,244.76,248.64
WIPRO,969473,2025-08-25 00:00:00+05:30,250.6,257.29,248.66,249.41
WIPRO,969473,2025-09-01 00:00:00+05:30,249.42,253.15,241.27,243.67
WIPRO,969473,2025-09-08 00:00:00+05:30,244.36,257.17,242.2,251.94
WIPRO,969473,2025-09-15 00:00:00+05:30,251.5,259.8,249.6,255.88
WIPRO,969473,2025-09-22 00:00:00+05:30,248.55,252.0,235.01,235.75
WIPRO,969473,2025-09-29 00:00:00+05:30,236.88,243.57,236.29,240.98
WIPRO,969473,2025-10-06 00:00:00+05:30,240.0,251.25,239.32,248.7
WIPRO,969473,2025-10-13 00:00:00+05:30,246.06,254.07,239.11,240.9
WIPRO,969473,2025-10-20 00:00:00+05:30,240.9,247.8,239.27,242.98
WIPRO,969473,2025-10-27 00:00:00+05:30,243.29,245.73,240.5,240.67
WIPRO,969473,2025-11-03 00:00:00+05:30,240.67,241.29,236.0,236.49
WIPRO,969473,2025-11-10 00:00:00+05:30,237.44,246.3,237.02,244.37
WIPRO,969473,2025-11-17 00:00:00+05:30,243.97,247.8,240.3,244.49
WIPRO,969473,2025-11-24 00:00:00+05:30,245.02,251.99,244.0,249.53
WIPRO,969473,2025-12-01 00:00:00+05:30,250.1,258.8,248.86,256.93
WIPRO,969473,2025-12-05 09:15:00+05:30,258.2,261.1,257.7,259.56
MPHASIS,1152769,2022-12-05 00:00:00+05:30,2068.6,2080.4,1882.9,1904.2
MPHASIS,1152769,2022-12-12 00:00:00+05:30,1903.5,1938.3,1808.6,1821.7
MPHASIS,1152769,2022-12-19 00:00:00+05:30,1829.4,1901.3,1805.0,1827.9
MPHASIS,1152769,2022-12-26 00:00:00+05:30,1827.9,1908.8,1818.7,1880.2
MPHASIS,1152769,2023-01-02 00:00:00+05:30,1892.2,1936.3,1840.9,1885.0
MPHASIS,1152769,2023-01-09 00:00:00+05:30,1898.0,1957.9,1861.8,1941.5
MPHASIS,1152769,2023-01-16 00:00:00+05:30,1951.0,1977.1,1867.6,1931.1
MPHASIS,1152769,2023-01-23 00:00:00+05:30,1932.4,2047.8,1905.9,1977.9
MPHASIS,1152769,2023-01-30 00:00:00+05:30,1975.5,2029.4,1950.4,1992.5
MPHASIS,1152769,2023-02-06 00:00:00+05:30,1992.9,2060.8,1961.4,2057.2
MPHASIS,1152769,2023-02-13 00:00:00+05:30,2067.8,2173.1,2004.8,2138.8
MPHASIS,1152769,2023-02-20 00:00:00+05:30,2128.0,2191.2,2065.1,2101.0
MPHASIS,1152769,2023-02-27 00:00:00+05:30,2054.0,2054.9,1919.4,1984.5
MPHASIS,1152769,2023-03-06 00:00:00+05:30,1990.2,2058.8,1938.3,1945.1
MPHASIS,1152769,2023-03-13 00:00:00+05:30,1953.1,1973.5,1772.5,1795.5
MPHASIS,1152769,2023-03-20 00:00:00+05:30,1763.6,1789.2,1639.4,1649.4
MPHASIS,1152769,2023-03-27 00:00:00+05:30,1657.0,1713.2,1574.7,1706.6
MPHASIS,1152769,2023-04-03 00:00:00+05:30,1722.6,1737.3,1677.8,1705.0
MPHASIS,1152769,2023-04-10 00:00:00+05:30,1710.8,1757.6,1667.3,1682.4
MPHASIS,1152769,2023-04-17 00:00:00+05:30,1661.7,1709.8,1573.6,1671.5
MPHASIS,1152769,2023-04-24 00:00:00+05:30,1676.5,1753.7,1646.2,1725.0
MPHASIS,1152769,2023-05-02 00:00:00+05:30,1734.3,1788.3,1717.3,1730.4
MPHASIS,1152769,2023-05-08 00:00:00+05:30,1749.1,1799.0,1739.5,1762.1
MPHASIS,1152769,2023-05-15 00:00:00+05:30,1759.9,1836.1,1749.6,1815.2
MPHASIS,1152769,2023-05-22 00:00:00+05:30,1823.4,1902.0,1816.2,1882.1
MPHASIS,1152769,2023-05-29 00:00:00+05:30,1889.4,1939.1,1839.6,1924.2
MPHASIS,1152769,2023-06-05 00:00:00+05:30,1931.4,1946.1,1753.0,1763.0
MPHASIS,1152769,2023-06-12 00:00:00+05:30,1766.6,1822.6,1759.8,1769.7
MPHASIS,1152769,2023-06-19 00:00:00+05:30,1776.5,1798.1,1736.6,1741.3
MPHASIS,1152769,2023-06-26 00:00:00+05:30,1738.3,1830.4,1718.3,1804.0
MPHASIS,1152769,2023-07-03 00:00:00+05:30,1825.5,1835.2,1762.8,1786.8
MPHASIS,1152769,2023-07-10 00:00:00+05:30,1789.2,1984.3,1759.8,1975.1
MPHASIS,1152769,2023-07-17 00:00:00+05:30,2000.9,2250.0,1985.4,2231.3
MPHASIS,1152769,2023-07-24 00:00:00+05:30,2231.3,2231.3,2119.4,2152.3
MPHASIS,1152769,2023-07-31 00:00:00+05:30,2156.9,2221.6,2086.3,2165.4
MPHASIS,1152769,2023-08-07 00:00:00+05:30,2167.2,2279.5,2161.8,2230.1
MPHASIS,1152769,2023-08-14 00:00:00+05:30,2197.1,2286.8,2156.9,2192.2
MPHASIS,1152769,2023-08-21 00:00:00+05:30,2193.2,2388.3,2123.6,2291.3
MPHASIS,1152769,2023-08-28 00:00:00+05:30,2303.8,2352.0,2202.2,2331.6
MPHASIS,1152769,2023-09-04 00:00:00+05:30,2333.5,2448.1,2308.1,2363.9
MPHASIS,1152769,2023-09-11 00:00:00+05:30,2364.7,2425.1,2305.6,2390.4
MPHASIS,1152769,2023-09-18 00:00:00+05:30,2378.5,2397.1,2345.2,2383.4
MPHASIS,1152769,2023-09-25 00:00:00+05:30,2377.5,2416.7,2242.5,2276.1
MPHASIS,1152769,2023-10-03 00:00:00+05:30,2276.1,2393.7,2226.5,2388.3
MPHASIS,1152769,2023-10-09 00:00:00+05:30,2359.5,2442.1,2250.0,2275.7
MPHASIS,1152769,2023-10-16 00:00:00+05:30,2259.8,2285.6,2038.0,2073.3
MPHASIS,1152769,2023-10-23 00:00:00+05:30,2075.5,2114.7,1974.6,2019.0
MPHASIS,1152769,2023-10-30 00:00:00+05:30,2031.4,2117.7,2008.9,2113.0
MPHASIS,1152769,2023-11-06 00:00:00+05:30,2122.6,2125.4,2076.9,2111.7
MPHASIS,1152769,2023-11-13 00:00:00+05:30,2111.8,2293.2,2048.2,2225.9
MPHASIS,1152769,2023-11-20 00:00:00+05:30,2230.2,2281.4,2188.3,2220.0
MPHASIS,1152769,2023-11-28 00:00:00+05:30,2235.3,2284.4,2174.9,2274.7
MPHASIS,1152769,2023-12-04 00:00:00+05:30,2279.5,2353.0,2226.1,2325.6
MPHASIS,1152769,2023-12-11 00:00:00+05:30,2337.3,2571.4,2283.4,2552.9
MPHASIS,1152769,2023-12-18 00:00:00+05:30,2552.9,2656.1,2463.7,2630.8
MPHASIS,1152769,2023-12-26 00:00:00+05:30,2637.3,2679.9,2587.6,2632.2
MPHASIS,1152769,2024-01-01 00:00:00+05:30,2632.4,2666.7,2466.7,2532.0
MPHASIS,1152769,2024-01-08 00:00:00+05:30,2514.8,2630.4,2414.7,2573.2
MPHASIS,1152769,2024-01-15 00:00:00+05:30,2617.7,2654.8,2378.1,2482.0
MPHASIS,1152769,2024-01-23 00:00:00+05:30,2495.1,2495.1,2389.6,2419.1
MPHASIS,1152769,2024-01-29 00:00:00+05:30,2419.1,2533.0,2411.9,2456.1
MPHASIS,1152769,2024-02-05 00:00:00+05:30,2455.9,2553.8,2369.6,2484.7
MPHASIS,1152769,2024-02-12 00:00:00+05:30,2475.5,2709.6,2418.2,2693.1
MPHASIS,1152769,2024-02-19 00:00:00+05:30,2710.8,2728.1,2534.4,2620.2
MPHASIS,1152769,2024-02-26 00:00:00+05:30,2617.7,2629.0,2476.9,2551.3
MPHASIS,1152769,2024-03-04 00:00:00+05:30,2551.0,2551.0,2358.9,2390.1
MPHASIS,1152769,2024-03-11 00:00:00+05:30,2415.7,2415.7,2235.4,2385.2
MPHASIS,1152769,2024-03-18 00:00:00+05:30,2387.3,2414.7,2206.9,2288.7
MPHASIS,1152769,2024-03-26 00:00:00+05:30,2277.3,2346.1,2263.8,2287.3
MPHASIS,1152769,2024-04-01 00:00:00+05:30,2300.0,2425.5,2288.1,2407.5
MPHASIS,1152769,2024-04-08 00:00:00+05:30,2416.5,2430.4,2307.4,2344.3
MPHASIS,1152769,2024-04-15 00:00:00+05:30,2328.5,2355.0,2175.5,2181.7
MPHASIS,1152769,2024-04-22 00:00:00+05:30,2198.0,2272.0,2111.3,2199.2
MPHASIS,1152769,2024-04-29 00:00:00+05:30,2207.2,2286.5,2187.3,2193.1
MPHASIS,1152769,2024-05-06 00:00:00+05:30,2206.9,2248.3,2114.5,2133.6
MPHASIS,1152769,2024-05-13 00:00:00+05:30,2133.6,2288.6,2098.1,2222.9
MPHASIS,1152769,2024-05-21 00:00:00+05:30,2213.1,2318.5,2213.1,2290.2
MPHASIS,1152769,2024-05-27 00:00:00+05:30,2290.7,2378.8,2177.2,2185.4
MPHASIS,1152769,2024-06-03 00:00:00+05:30,2267.7,2453.5,2090.2,2369.6
MPHASIS,1152769,2024-06-10 00:00:00+05:30,2287.3,2365.7,2252.6,2307.7
MPHASIS,1152769,2024-06-18 00:00:00+05:30,2311.8,2386.3,2288.5,2328.2
MPHASIS,1152769,2024-06-24 00:00:00+05:30,2301.1,2374.6,2279.0,2354.5
MPHASIS,1152769,2024-07-01 00:00:00+05:30,2378.5,2530.3,2355.7,2523.5
MPHASIS,1152769,2024-07-08 00:00:00+05:30,2529.5,2691.2,2461.3,2638.0
MPHASIS,1152769,2024-07-15 00:00:00+05:30,2661.8,2857.9,2644.0,2817.3
MPHASIS,1152769,2024-07-22 00:00:00+05:30,2811.8,3020.6,2735.5,2970.4
MPHASIS,1152769,2024-07-29 00:00:00+05:30,2980.4,2983.4,2714.8,2720.9
MPHASIS,1152769,2024-08-05 00:00:00+05:30,2622.6,2711.4,2538.6,2667.2
MPHASIS,1152769,2024-08-12 00:00:00+05:30,2647.1,2861.3,2610.8,2853.9
MPHASIS,1152769,2024-08-19 00:00:00+05:30,2875.5,3091.2,2865.1,2938.9
MPHASIS,1152769,2024-08-26 00:00:00+05:30,2975.5,3070.6,2931.8,3044.1
MPHASIS,1152769,2024-09-02 00:00:00+05:30,3044.1,3103.0,2952.3,2991.7
MPHASIS,1152769,2024-09-09 00:00:00+05:30,2991.7,3116.7,2915.7,3084.5
MPHASIS,1152769,2024-09-16 00:00:00+05:30,3098.1,3125.3,2861.4,2969.0
MPHASIS,1152769,2024-09-23 00:00:00+05:30,2990.2,3097.1,2934.8,3022.2
MPHASIS,1152769,2024-09-30 00:00:00+05:30,3021.4,3021.4,2781.0,2790.8
MPHASIS,1152769,2024-10-07 00:00:00+05:30,2842.2,2920.6,2785.5,2820.0
MPHASIS,1152769,2024-10-14 00:00:00+05:30,2833.6,3048.1,2822.0,3035.1
MPHASIS,1152769,2024-10-21 00:00:00+05:30,3039.3,3083.1,2907.4,2981.5
MPHASIS,1152769,2024-10-28 00:00:00+05:30,2997.2,3024.4,2796.4,2837.5
MPHASIS,1152769,2024-11-04 00:00:00+05:30,2843.1,2882.0,2741.7,2802.4
MPHASIS,1152769,2024-11-11 00:00:00+05:30,2798.6,2846.9,2764.4,2783.7
MPHASIS,1152769,2024-11-18 00:00:00+05:30,2784.4,2837.8,2697.2,2827.1
MPHASIS,1152769,2024-11-25 00:00:00+05:30,2891.1,2988.1,2841.2,2916.3
MPHASIS,1152769,2024-12-02 00:00:00+05:30,2916.7,3036.3,2895.7,2994.1
MPHASIS,1152769,2024-12-09 00:00:00+05:30,2994.2,3174.5,2991.8,3132.8
MPHASIS,1152769,2024-12-16 00:00:00+05:30,3144.6,3165.2,2877.8,2892.8
MPHASIS,1152769,2024-12-23 00:00:00+05:30,2918.6,2951.0,2819.0,2827.5
MPHASIS,1152769,2024-12-30 00:00:00+05:30,2828.5,2891.9,2757.4,2813.0
MPHASIS,1152769,2025-01-06 00:00:00+05:30,2902.2,2902.2,2811.9,2857.9
MPHASIS,1152769,2025-01-13 00:00:00+05:30,2828.5,2841.1,2682.9,2762.0
MPHASIS,1152769,2025-01-20 00:00:00+05:30,2764.8,3018.1,2697.7,2950.3
MPHASIS,1152769,2025-01-27 00:00:00+05:30,2905.3,2984.3,2721.9,2743.7
MPHASIS,1152769,2025-02-03 00:00:00+05:30,2735.3,2840.0,2674.7,2812.3
MPHASIS,1152769,2025-02-10 00:00:00+05:30,2813.8,2831.9,2481.3,2504.2
MPHASIS,1152769,2025-02-17 00:00:00+05:30,2494.2,2599.0,2457.9,2517.3
MPHASIS,1152769,2025-02-24 00:00:00+05:30,2486.9,2489.3,2183.4,2203.2
MPHASIS,1152769,2025-03-03 00:00:00+05:30,2215.7,2323.5,2130.4,2257.1
MPHASIS,1152769,2025-03-10 00:00:00+05:30,2231.6,2272.1,2127.7,2161.9
MPHASIS,1152769,2025-03-17 00:00:00+05:30,2163.9,2390.2,2138.8,2382.3
MPHASIS,1152769,2025-03-24 00:00:00+05:30,2388.5,2521.9,2358.3,2451.2
MPHASIS,1152769,2025-04-01 00:00:00+05:30,2354.9,2453.9,2176.5,2185.5
MPHASIS,1152769,2025-04-07 00:00:00+05:30,2023.1,2176.5,2004.5,2118.2
MPHASIS,1152769,2025-04-15 00:00:00+05:30,2159.7,2239.7,2142.2,2229.2
MPHASIS,1152769,2025-04-21 00:00:00+05:30,2229.2,2521.2,2215.9,2488.9
MPHASIS,1152769,2025-04-28 00:00:00+05:30,2482.4,2498.6,2376.5,2412.5
MPHASIS,1152769,2025-05-05 00:00:00+05:30,2421.5,2458.4,2265.8,2340.5
MPHASIS,1152769,2025-05-12 00:00:00+05:30,2392.2,2591.3,2367.7,2549.5
MPHASIS,1152769,2025-05-19 00:00:00+05:30,2549.1,2549.1,2452.0,2491.6
MPHASIS,1152769,2025-05-26 00:00:00+05:30,2504.0,2535.5,2464.9,2508.7
MPHASIS,1152769,2025-06-02 00:00:00+05:30,2413.3,2511.8,2339.9,2495.3
MPHASIS,1152769,2025-06-09 00:00:00+05:30,2509.9,2650.2,2503.6,2592.4
MPHASIS,1152769,2025-06-16 00:00:00+05:30,2593.1,2671.6,2569.7,2643.3
MPHASIS,1152769,2025-06-23 00:00:00+05:30,2637.7,2826.5,2598.1,2745.1
MPHASIS,1152769,2025-06-30 00:00:00+05:30,2758.8,2874.6,2747.6,2866.9
MPHASIS,1152769,2025-07-07 00:00:00+05:30,2892.2,2892.6,2807.1,2838.8
MPHASIS,1152769,2025-07-14 00:00:00+05:30,2828.0,2911.0,2784.5,2832.7
MPHASIS,1152769,2025-07-21 00:00:00+05:30,2832.6,2832.6,2604.0,2625.0
MPHASIS,1152769,2025-07-28 00:00:00+05:30,2690.0,2857.0,2661.5,2757.4
MPHASIS,1152769,2025-08-04 00:00:00+05:30,2674.7,2775.0,2640.0,2695.9
MPHASIS,1152769,2025-08-11 00:00:00+05:30,2695.9,2746.9,2650.0,2720.2
MPHASIS,1152769,2025-08-18 00:00:00+05:30,2747.2,2887.5,2673.6,2848.6
MPHASIS,1152769,2025-08-25 00:00:00+05:30,2900.0,2967.6,2780.4,2788.0
MPHASIS,1152769,2025-09-01 00:00:00+05:30,2808.0,2947.5,2760.8,2797.4
MPHASIS,1152769,2025-09-08 00:00:00+05:30,2819.9,2988.4,2760.6,2904.2
MPHASIS,1152769,2025-09-15 00:00:00+05:30,2911.6,3037.2,2878.4,2993.8
MPHASIS,1152769,2025-09-22 00:00:00+05:30,2919.1,2924.9,2631.0,2642.4
MPHASIS,1152769,2025-09-29 00:00:00+05:30,2652.0,2742.2,2630.0,2736.9
MPHASIS,1152769,2025-10-06 00:00:00+05:30,2736.9,2885.0,2720.0,2783.2
MPHASIS,1152769,2025-10-13 00:00:00+05:30,2770.0,2800.0,2689.1,2693.7
MPHASIS,1152769,2025-10-20 00:00:00+05:30,2705.5,2833.5,2687.7,2818.9
MPHASIS,1152769,2025-10-27 00:00:00+05:30,2843.2,2961.2,2752.0,2764.4
MPHASIS,1152769,2025-11-03 00:00:00+05:30,2764.4,2812.5,2705.3,2736.0
MPHASIS,1152769,2025-11-10 00:00:00+05:30,2736.0,2859.0,2726.6,2772.1
MPHASIS,1152769,2025-11-17 00:00:00+05:30,2785.9,2798.9,2626.8,2747.1
MPHASIS,1152769,2025-11-24 00:00:00+05:30,2757.1,2827.0,2751.7,2811.4
MPHASIS,1152769,2025-12-01 00:00:00+05:30,2822.0,2933.1,2809.9,2908.4
MPHASIS,1152769,2025-12-05 09:15:00+05:30,2911.9,2968.9,2911.9,2946.5
HCLTECH,1850625,2022-12-05 00:00:00+05:30,1133.25,1141.95,1020.7,1027.5
HCLTECH,1850625,2022-12-12 00:00:00+05:30,1025.0,1057.3,1012.45,1029.65
HCLTECH,1850625,2022-12-19 00:00:00+05:30,1029.65,1054.65,1011.5,1030.6
HCLTECH,1850625,2022-12-26 00:00:00+05:30,1031.0,1055.25,1026.5,1039.3
HCLTECH,1850625,2023-01-02 00:00:00+05:30,1039.1,1049.8,1025.25,1032.8
HCLTECH,1850625,2023-01-09 00:00:00+05:30,1044.95,1084.0,1040.05,1077.8
HCLTECH,1850625,2023-01-16 00:00:00+05:30,1087.0,1125.85,1078.55,1107.8
HCLTECH,1850625,2023-01-23 00:00:00+05:30,1111.0,1143.7,1105.0,1115.6
HCLTECH,1850625,2023-01-30 00:00:00+05:30,1115.6,1156.65,1105.8,1146.15
HCLTECH,1850625,2023-02-06 00:00:00+05:30,1135.2,1153.0,1100.0,1115.65
HCLTECH,1850625,2023-02-13 00:00:00+05:30,1121.25,1152.15,1105.0,1109.55
HCLTECH,1850625,2023-02-20 00:00:00+05:30,1109.55,1134.7,1082.0,1094.85
HCLTECH,1850625,2023-02-27 00:00:00+05:30,1090.0,1129.7,1068.1,1119.0
HCLTECH,1850625,2023-03-06 00:00:00+05:30,1129.0,1148.0,1105.0,1116.3
HCLTECH,1850625,2023-03-13 00:00:00+05:30,1120.95,1133.6,1066.0,1108.45
HCLTECH,1850625,2023-03-20 00:00:00+05:30,1105.0,1108.3,1047.05,1051.75
HCLTECH,1850625,2023-03-27 00:00:00+05:30,1053.3,1096.9,1039.35,1085.25
HCLTECH,1850625,2023-04-03 00:00:00+05:30,1089.95,1113.0,1066.15,1091.85
HCLTECH,1850625,2023-04-10 00:00:00+05:30,1091.85,1109.9,1063.0,1071.85
HCLTECH,1850625,2023-04-17 00:00:00+05:30,1055.0,1074.0,1016.25,1048.95
HCLTECH,1850625,2023-04-24 00:00:00+05:30,1057.0,1075.0,1044.4,1064.1
HCLTECH,1850625,2023-05-02 00:00:00+05:30,1064.1,1074.8,1048.3,1055.55
HCLTECH,1850625,2023-05-08 00:00:00+05:30,1058.0,1103.4,1055.0,1095.5
HCLTECH,1850625,2023-05-15 00:00:00+05:30,1098.95,1105.95,1062.7,1095.35
HCLTECH,1850625,2023-05-22 00:00:00+05:30,1095.35,1140.35,1088.95,1139.2
HCLTECH,1850625,2023-05-29 00:00:00+05:30,1146.0,1155.15,1124.4,1137.05
HCLTECH,1850625,2023-06-05 00:00:00+05:30,1144.0,1148.5,1105.95,1109.75
HCLTECH,1850625,2023-06-12 00:00:00+05:30,1112.95,1154.25,1111.5,1148.2
HCLTECH,1850625,2023-06-19 00:00:00+05:30,1148.2,1175.7,1132.5,1165.15
HCLTECH,1850625,2023-06-26 00:00:00+05:30,1167.25,1194.0,1160.2,1187.95
HCLTECH,1850625,2023-07-03 00:00:00+05:30,1190.0,1202.6,1153.8,1157.6
HCLTECH,1850625,2023-07-10 00:00:00+05:30,1160.0,1161.9,1087.05,1150.95
HCLTECH,1850625,2023-07-17 00:00:00+05:30,1151.95,1174.9,1095.0,1115.45
HCLTECH,1850625,2023-07-24 00:00:00+05:30,1120.0,1127.7,1097.45,1103.55
HCLTECH,1850625,2023-07-31 00:00:00+05:30,1108.0,1152.35,1096.0,1144.35
HCLTECH,1850625,2023-08-07 00:00:00+05:30,1154.55,1186.95,1125.0,1171.45
HCLTECH,1850625,2023-08-14 00:00:00+05:30,1170.65,1186.25,1154.0,1173.7
HCLTECH,1850625,2023-08-21 00:00:00+05:30,1172.95,1195.0,1150.0,1153.95
HCLTECH,1850625,2023-08-28 00:00:00+05:30,1155.0,1188.1,1139.3,1185.8
HCLTECH,1850625,2023-09-04 00:00:00+05:30,1186.0,1269.55,1185.0,1262.05
HCLTECH,1850625,2023-09-11 00:00:00+05:30,1276.55,1310.0,1265.5,1304.6
HCLTECH,1850625,2023-09-18 00:00:00+05:30,1302.0,1311.3,1259.3,1273.7
HCLTECH,1850625,2023-09-25 00:00:00+05:30,1270.0,1280.0,1227.25,1234.8
HCLTECH,1850625,2023-10-03 00:00:00+05:30,1232.5,1256.7,1222.7,1237.7
HCLTECH,1850625,2023-10-09 00:00:00+05:30,1236.0,1274.45,1208.55,1255.9
HCLTECH,1850625,2023-10-16 00:00:00+05:30,1263.0,1281.5,1245.45,1258.6
HCLTECH,1850625,2023-10-23 00:00:00+05:30,1248.0,1270.0,1212.05,1268.7
HCLTECH,1850625,2023-10-30 00:00:00+05:30,1270.0,1287.3,1255.3,1266.25
HCLTECH,1850625,2023-11-06 00:00:00+05:30,1276.25,1280.8,1250.65,1260.2
HCLTECH,1850625,2023-11-13 00:00:00+05:30,1260.0,1325.75,1253.3,1309.15
HCLTECH,1850625,2023-11-20 00:00:00+05:30,1314.95,1336.0,1305.65,1309.15
HCLTECH,1850625,2023-11-28 00:00:00+05:30,1309.15,1349.0,1295.3,1336.7
HCLTECH,1850625,2023-12-04 00:00:00+05:30,1350.0,1369.95,1308.3,1364.1
HCLTECH,1850625,2023-12-11 00:00:00+05:30,1370.1,1497.0,1357.05,1491.3
HCLTECH,1850625,2023-12-18 00:00:00+05:30,1489.85,1509.9,1420.1,1462.7
HCLTECH,1850625,2023-12-26 00:00:00+05:30,1462.7,1482.7,1442.15,1466.1
HCLTECH,1850625,2024-01-01 00:00:00+05:30,1460.0,1495.75,1417.15,1432.8
HCLTECH,1850625,2024-01-08 00:00:00+05:30,1435.0,1555.0,1430.55,1540.8
HCLTECH,1850625,2024-01-15 00:00:00+05:30,1610.0,1619.6,1516.55,1544.0
HCLTECH,1850625,2024-01-23 00:00:00+05:30,1558.9,1581.2,1517.05,1550.25
HCLTECH,1850625,2024-01-29 00:00:00+05:30,1565.0,1613.9,1546.35,1583.75
HCLTECH,1850625,2024-02-05 00:00:00+05:30,1584.95,1647.7,1551.45,1630.6
HCLTECH,1850625,2024-02-12 00:00:00+05:30,1639.0,1696.5,1625.45,1667.45
HCLTECH,1850625,2024-02-19 00:00:00+05:30,1670.0,1697.35,1632.05,1665.75
HCLTECH,1850625,2024-02-26 00:00:00+05:30,1665.75,1679.2,1636.65,1646.3
HCLTECH,1850625,2024-03-04 00:00:00+05:30,1649.0,1654.55,1603.85,1637.65
HCLTECH,1850625,2024-03-11 00:00:00+05:30,1655.0,1683.0,1610.0,1647.3
HCLTECH,1850625,2024-03-18 00:00:00+05:30,1649.9,1663.3,1508.2,1557.85
HCLTECH,1850625,2024-03-26 00:00:00+05:30,1562.25,1592.55,1531.0,1543.55
HCLTECH,1850625,2024-04-01 00:00:00+05:30,1549.0,1569.0,1518.0,1545.25
HCLTECH,1850625,2024-04-08 00:00:00+05:30,1554.0,1561.8,1516.2,1521.5
HCLTECH,1850625,2024-04-15 00:00:00+05:30,1507.1,1530.5,1435.0,1447.5
HCLTECH,1850625,2024-04-22 00:00:00+05:30,1452.2,1531.45,1450.5,1473.85
HCLTECH,1850625,2024-04-29 00:00:00+05:30,1415.0,1436.0,1333.55,1348.05
HCLTECH,1850625,2024-05-06 00:00:00+05:30,1358.0,1365.0,1303.6,1316.2
HCLTECH,1850625,2024-05-13 00:00:00+05:30,1316.2,1357.8,1301.65,1338.9
HCLTECH,1850625,2024-05-21 00:00:00+05:30,1314.0,1360.0,1314.0,1345.2
HCLTECH,1850625,2024-05-27 00:00:00+05:30,1351.0,1366.6,1315.75,1324.1
HCLTECH,1850625,2024-06-03 00:00:00+05:30,1350.55,1438.65,1235.0,1431.5
HCLTECH,1850625,2024-06-10 00:00:00+05:30,1440.0,1472.0,1397.5,1431.05
HCLTECH,1850625,2024-06-18 00:00:00+05:30,1431.05,1481.95,1427.05,1447.85
HCLTECH,1850625,2024-06-24 00:00:00+05:30,1437.85,1468.7,1423.5,1459.6
HCLTECH,1850625,2024-07-01 00:00:00+05:30,1465.0,1534.55,1455.0,1519.4
HCLTECH,1850625,2024-07-08 00:00:00+05:30,1528.0,1566.0,1487.85,1560.2
HCLTECH,1850625,2024-07-15 00:00:00+05:30,1580.0,1636.4,1555.0,1594.55
HCLTECH,1850625,2024-07-22 00:00:00+05:30,1588.6,1640.0,1551.1,1635.35
HCLTECH,1850625,2024-07-29 00:00:00+05:30,1640.2,1655.5,1601.15,1609.3
HCLTECH,1850625,2024-08-05 00:00:00+05:30,1575.0,1615.0,1537.0,1589.95
HCLTECH,1850625,2024-08-12 00:00:00+05:30,1590.0,1674.0,1573.85,1668.25
HCLTECH,1850625,2024-08-19 00:00:00+05:30,1665.0,1695.05,1657.15,1661.45
HCLTECH,1850625,2024-08-26 00:00:00+05:30,1671.0,1766.3,1667.1,1753.25
HCLTECH,1850625,2024-09-02 00:00:00+05:30,1764.2,1817.15,1740.05,1756.1
HCLTECH,1850625,2024-09-09 00:00:00+05:30,1758.35,1820.0,1741.15,1812.8
HCLTECH,1850625,2024-09-16 00:00:00+05:30,1819.0,1828.0,1721.4,1760.05
HCLTECH,1850625,2024-09-23 00:00:00+05:30,1764.0,1828.55,1732.5,1808.4
HCLTECH,1850625,2024-09-30 00:00:00+05:30,1808.0,1822.45,1767.25,1776.6
HCLTECH,1850625,2024-10-07 00:00:00+05:30,1784.95,1852.8,1743.0,1839.65
HCLTECH,1850625,2024-10-14 00:00:00+05:30,1846.05,1885.0,1829.95,1857.7
HCLTECH,1850625,2024-10-21 00:00:00+05:30,1875.3,1888.5,1793.5,1852.35
HCLTECH,1850625,2024-10-28 00:00:00+05:30,1845.1,1876.8,1751.0,1757.4
HCLTECH,1850625,2024-11-04 00:00:00+05:30,1763.0,1862.55,1745.0,1837.5
HCLTECH,1850625,2024-11-11 00:00:00+05:30,1846.7,1897.0,1834.0,1858.95
HCLTECH,1850625,2024-11-18 00:00:00+05:30,1858.95,1902.0,1815.0,1898.4
HCLTECH,1850625,2024-11-25 00:00:00+05:30,1919.0,1919.95,1833.95,1848.05
HCLTECH,1850625,2024-12-02 00:00:00+05:30,1848.05,1939.35,1835.45,1922.7
HCLTECH,1850625,2024-12-09 00:00:00+05:30,1915.0,1975.0,1901.0,1968.8
HCLTECH,1850625,2024-12-16 00:00:00+05:30,1970.85,1980.0,1896.4,1911.35
HCLTECH,1850625,2024-12-23 00:00:00+05:30,1918.5,1939.4,1882.7,1892.0
HCLTECH,1850625,2024-12-30 00:00:00+05:30,1888.0,1992.1,1865.65,1946.65
HCLTECH,1850625,2025-01-06 00:00:00+05:30,1951.25,2002.35,1894.55,1995.1
HCLTECH,1850625,2025-01-13 00:00:00+05:30,1994.9,2012.2,1750.05,1788.9
HCLTECH,1850625,2025-01-20 00:00:00+05:30,1790.1,1831.45,1762.6,1792.85
HCLTECH,1850625,2025-01-27 00:00:00+05:30,1775.0,1779.75,1688.0,1694.0
HCLTECH,1850625,2025-02-03 00:00:00+05:30,1665.0,1746.8,1661.5,1725.65
HCLTECH,1850625,2025-02-10 00:00:00+05:30,1723.95,1749.0,1699.15,1711.25
HCLTECH,1850625,2025-02-17 00:00:00+05:30,1711.25,1731.6,1683.55,1700.7
HCLTECH,1850625,2025-02-24 00:00:00+05:30,1685.0,1690.0,1562.45,1575.05
HCLTECH,1850625,2025-03-03 00:00:00+05:30,1575.05,1603.4,1523.0,1557.95
HCLTECH,1850625,2025-03-10 00:00:00+05:30,1557.0,1573.95,1507.1,1534.75
HCLTECH,1850625,2025-03-17 00:00:00+05:30,1528.0,1592.05,1519.05,1566.7
HCLTECH,1850625,2025-03-24 00:00:00+05:30,1591.0,1658.95,1560.0,1592.5
HCLTECH,1850625,2025-04-01 00:00:00+05:30,1577.0,1585.0,1419.1,1422.1
HCLTECH,1850625,2025-04-07 00:00:00+05:30,1345.0,1425.0,1302.75,1390.55
HCLTECH,1850625,2025-04-15 00:00:00+05:30,1420.0,1442.1,1384.0,1438.0
HCLTECH,1850625,2025-04-21 00:00:00+05:30,1435.0,1618.0,1430.0,1578.2
HCLTECH,1850625,2025-04-28 00:00:00+05:30,1565.0,1587.9,1537.1,1576.5
HCLTECH,1850625,2025-05-05 00:00:00+05:30,1580.0,1598.0,1545.0,1569.4
HCLTECH,1850625,2025-05-12 00:00:00+05:30,1598.8,1702.6,1594.0,1659.9
HCLTECH,1850625,2025-05-19 00:00:00+05:30,1661.0,1670.8,1614.0,1648.2
HCLTECH,1850625,2025-05-26 00:00:00+05:30,1652.4,1675.8,1627.3,1636.6
HCLTECH,1850625,2025-06-02 00:00:00+05:30,1625.1,1653.9,1605.7,1637.7
HCLTECH,1850625,2025-06-09 00:00:00+05:30,1648.0,1726.0,1639.0,1695.3
HCLTECH,1850625,2025-06-16 00:00:00+05:30,1692.0,1745.0,1683.4,1739.9
HCLTECH,1850625,2025-06-23 00:00:00+05:30,1729.2,1752.5,1689.2,1723.3
HCLTECH,1850625,2025-06-30 00:00:00+05:30,1725.0,1745.0,1706.2,1725.9
HCLTECH,1850625,2025-07-07 00:00:00+05:30,1725.5,1725.5,1630.0,1638.3
HCLTECH,1850625,2025-07-14 00:00:00+05:30,1640.0,1642.4,1530.0,1548.8
HCLTECH,1850625,2025-07-21 00:00:00+05:30,1548.8,1550.7,1486.6,1490.1
HCLTECH,1850625,2025-07-28 00:00:00+05:30,1490.1,1494.2,1450.0,1452.1
HCLTECH,1850625,2025-08-04 00:00:00+05:30,1452.1,1485.4,1440.6,1475.7
HCLTECH,1850625,2025-08-11 00:00:00+05:30,1475.0,1531.0,1465.6,1489.8
HCLTECH,1850625,2025-08-18 00:00:00+05:30,1498.1,1505.0,1458.0,1466.3
HCLTECH,1850625,2025-08-25 00:00:00+05:30,1480.0,1509.7,1439.2,1454.8
HCLTECH,1850625,2025-09-01 00:00:00+05:30,1446.0,1477.4,1402.8,1419.0
HCLTECH,1850625,2025-09-08 00:00:00+05:30,1423.9,1480.0,1401.0,1467.2
HCLTECH,1850625,2025-09-15 00:00:00+05:30,1467.2,1502.9,1452.0,1467.4
HCLTECH,1850625,2025-09-22 00:00:00+05:30,1423.0,1449.2,1392.0,1395.3
HCLTECH,1850625,2025-09-29 00:00:00+05:30,1397.1,1405.0,1380.4,1393.5
HCLTECH,1850625,2025-10-06 00:00:00+05:30,1393.5,1498.5,1390.8,1495.5
HCLTECH,1850625,2025-10-13 00:00:00+05:30,1490.0,1535.0,1476.5,1486.2
HCLTECH,1850625,2025-10-20 00:00:00+05:30,1489.9,1547.5,1481.0,1523.8
HCLTECH,1850625,2025-10-27 00:00:00+05:30,1531.4,1559.9,1512.0,1541.5
HCLTECH,1850625,2025-11-03 00:00:00+05:30,1540.1,1549.7,1490.5,1512.4
HCLTECH,1850625,2025-11-10 00:00:00+05:30,1518.0,1605.0,1511.4,1594.6
HCLTECH,1850625,2025-11-17 00:00:00+05:30,1594.0,1669.5,1585.5,1608.0
HCLTECH,1850625,2025-11-24 00:00:00+05:30,1614.3,1640.0,1592.6,1624.2
HCLTECH,1850625,2025-12-01 00:00:00+05:30,1630.0,1672.0,1624.0,1654.6
HCLTECH,1850625,2025-12-05 09:15:00+05:30,1662.7,1691.0,1651.0,1681.0
OFSS,2748929,2022-12-05 00:00:00+05:30,2904.5,2907.0,2700.5,2720.0
OFSS,2748929,2022-12-12 00:00:00+05:30,2722.5,2795.5,2689.0,2692.5
OFSS,2748929,2022-12-19 00:00:00+05:30,2712.0,2726.0,2653.0,2661.5
OFSS,2748929,2022-12-26 00:00:00+05:30,2661.5,2712.0,2652.0,2697.0
OFSS,2748929,2023-01-02 00:00:00+05:30,2684.0,2708.5,2659.0,2670.5
OFSS,2748929,2023-01-09 00:00:00+05:30,2693.5,2781.0,2667.5,2755.5
OFSS,2748929,2023-01-16 00:00:00+05:30,2761.5,2819.5,2704.5,2715.5
OFSS,2748929,2023-01-23 00:00:00+05:30,2732.5,2862.0,2706.0,2724.0
OFSS,2748929,2023-01-30 00:00:00+05:30,2708.5,2838.0,2686.0,2794.0
OFSS,2748929,2023-02-06 00:00:00+05:30,2794.0,2879.5,2773.0,2845.5
OFSS,2748929,2023-02-13 00:00:00+05:30,2846.0,2905.0,2773.5,2898.5
OFSS,2748929,2023-02-20 00:00:00+05:30,2910.5,2946.5,2809.0,2817.5
OFSS,2748929,2023-02-27 00:00:00+05:30,2800.0,2858.5,2794.5,2822.5
OFSS,2748929,2023-03-06 00:00:00+05:30,2847.5,2925.0,2829.5,2909.0
OFSS,2748929,2023-03-13 00:00:00+05:30,2914.0,2940.0,2820.0,2904.5
OFSS,2748929,2023-03-20 00:00:00+05:30,2902.0,2924.5,2845.0,2869.0
OFSS,2748929,2023-03-27 00:00:00+05:30,2868.0,2988.0,2867.5,2930.0
OFSS,2748929,2023-04-03 00:00:00+05:30,2994.0,2994.0,2892.5,2921.0
OFSS,2748929,2023-04-10 00:00:00+05:30,2936.0,2989.0,2914.0,2966.5
OFSS,2748929,2023-04-17 00:00:00+05:30,2940.5,3013.0,2895.0,2974.0
OFSS,2748929,2023-04-24 00:00:00+05:30,2976.0,3247.0,2969.0,3218.5
OFSS,2748929,2023-05-02 00:00:00+05:30,3279.5,3360.5,3247.0,3319.5
OFSS,2748929,2023-05-08 00:00:00+05:30,3341.0,3374.5,3078.5,3208.5
OFSS,2748929,2023-05-15 00:00:00+05:30,3207.5,3237.0,3158.5,3207.5
OFSS,2748929,2023-05-22 00:00:00+05:30,3219.0,3278.0,3183.0,3252.5
OFSS,2748929,2023-05-29 00:00:00+05:30,3260.5,3311.0,3219.0,3269.0
OFSS,2748929,2023-06-05 00:00:00+05:30,3304.0,3309.0,3177.5,3198.5
OFSS,2748929,2023-06-12 00:00:00+05:30,3188.0,3617.0,3181.5,3517.0
OFSS,2748929,2023-06-19 00:00:00+05:30,3522.0,3589.0,3397.0,3462.5
OFSS,2748929,2023-06-26 00:00:00+05:30,3459.0,3543.5,3432.5,3506.5
OFSS,2748929,2023-07-03 00:00:00+05:30,3534.5,3558.0,3425.0,3455.5
OFSS,2748929,2023-07-10 00:00:00+05:30,3483.5,3672.0,3388.5,3664.0
OFSS,2748929,2023-07-17 00:00:00+05:30,3684.0,3690.0,3475.5,3504.0
OFSS,2748929,2023-07-24 00:00:00+05:30,3478.5,3534.5,3429.5,3467.5
OFSS,2748929,2023-07-31 00:00:00+05:30,3473.5,3601.0,3445.0,3530.0
OFSS,2748929,2023-08-07 00:00:00+05:30,3517.0,3637.5,3507.5,3603.0
OFSS,2748929,2023-08-14 00:00:00+05:30,3576.5,3783.5,3556.0,3640.5
OFSS,2748929,2023-08-21 00:00:00+05:30,3643.0,3686.0,3592.0,3608.5
OFSS,2748929,2023-08-28 00:00:00+05:30,3641.0,3805.0,3569.0,3775.0
OFSS,2748929,2023-09-04 00:00:00+05:30,3802.0,3995.5,3737.0,3980.0
OFSS,2748929,2023-09-11 00:00:00+05:30,4001.5,4155.0,3737.5,3933.0
OFSS,2748929,2023-09-18 00:00:00+05:30,3953.0,3965.5,3817.0,3832.5
OFSS,2748929,2023-09-25 00:00:00+05:30,3832.5,3855.5,3700.5,3750.5
OFSS,2748929,2023-10-03 00:00:00+05:30,3759.5,3796.5,3644.0,3742.0
OFSS,2748929,2023-10-09 00:00:00+05:30,3734.5,3898.5,3704.5,3740.0
OFSS,2748929,2023-10-16 00:00:00+05:30,3754.5,3841.5,3543.5,3572.5
OFSS,2748929,2023-10-23 00:00:00+05:30,3570.5,3628.5,3516.0,3578.0
OFSS,2748929,2023-10-30 00:00:00+05:30,3594.0,3631.0,3516.5,3579.0
OFSS,2748929,2023-11-06 00:00:00+05:30,3612.0,3750.0,3575.5,3674.5
OFSS,2748929,2023-11-13 00:00:00+05:30,3677.0,3889.0,3630.5,3817.5
OFSS,2748929,2023-11-20 00:00:00+05:30,3817.5,3888.0,3662.0,3673.5
OFSS,2748929,2023-11-28 00:00:00+05:30,3691.5,3772.0,3602.5,3685.0
OFSS,2748929,2023-12-04 00:00:00+05:30,3716.0,3817.5,3612.0,3770.5
OFSS,2748929,2023-12-11 00:00:00+05:30,3754.5,4006.5,3686.0,3993.0
OFSS,2748929,2023-12-18 00:00:00+05:30,4011.5,4028.5,3759.5,3849.0
OFSS,2748929,2023-12-26 00:00:00+05:30,3875.5,3892.5,3788.0,3849.5
OFSS,2748929,2024-01-01 00:00:00+05:30,3934.0,4192.0,3914.5,4086.5
OFSS,2748929,2024-01-08 00:00:00+05:30,4116.0,4321.5,3925.0,4279.5
OFSS,2748929,2024-01-15 00:00:00+05:30,4321.5,6718.0,4304.0,6260.0
OFSS,2748929,2024-01-23 00:00:00+05:30,6249.5,6607.0,5979.5,6266.5
OFSS,2748929,2024-01-29 00:00:00+05:30,6281.0,6315.5,5950.5,6127.5
OFSS,2748929,2024-02-05 00:00:00+05:30,6149.0,7121.5,6131.0,7059.5
OFSS,2748929,2024-02-12 00:00:00+05:30,7058.5,7645.0,6682.0,7439.0
OFSS,2748929,2024-02-19 00:00:00+05:30,7441.5,7702.5,7164.5,7412.5
OFSS,2748929,2024-02-26 00:00:00+05:30,7427.0,7533.5,7114.5,7286.0
OFSS,2748929,2024-03-04 00:00:00+05:30,7303.0,7892.0,7134.0,7811.5
OFSS,2748929,2024-03-11 00:00:00+05:30,7976.5,8119.0,7427.0,7958.0
OFSS,2748929,2024-03-18 00:00:00+05:30,7984.0,8195.5,7643.5,7886.0
OFSS,2748929,2024-03-26 00:00:00+05:30,7858.0,8385.0,7809.5,8269.0
OFSS,2748929,2024-04-01 00:00:00+05:30,8293.0,8510.0,8199.0,8270.5
OFSS,2748929,2024-04-08 00:00:00+05:30,8342.5,8356.0,7703.0,7717.0
OFSS,2748929,2024-04-15 00:00:00+05:30,7713.0,7729.0,7060.0,7134.0
OFSS,2748929,2024-04-22 00:00:00+05:30,7189.5,7209.5,6657.5,7025.5
OFSS,2748929,2024-04-29 00:00:00+05:30,7121.5,7368.0,6918.0,7306.5
OFSS,2748929,2024-05-06 00:00:00+05:30,7393.0,7562.5,7203.0,7345.5
OFSS,2748929,2024-05-13 00:00:00+05:30,7344.5,7736.0,7283.5,7546.0
OFSS,2748929,2024-05-21 00:00:00+05:30,7582.0,7584.0,7297.0,7308.0
OFSS,2748929,2024-05-27 00:00:00+05:30,7349.0,7451.0,7139.0,7223.5
OFSS,2748929,2024-06-03 00:00:00+05:30,7292.0,8243.5,6804.5,8145.0
OFSS,2748929,2024-06-10 00:00:00+05:30,8052.0,9489.5,7884.5,9215.5
OFSS,2748929,2024-06-18 00:00:00+05:30,9253.5,9665.0,9226.5,9436.5
OFSS,2748929,2024-06-24 00:00:00+05:30,9360.0,9738.0,9155.5,9575.5
OFSS,2748929,2024-07-01 00:00:00+05:30,9597.5,10203.0,9583.0,10101.5
OFSS,2748929,2024-07-08 00:00:00+05:30,10153.5,10377.5,9720.5,10229.0
OFSS,2748929,2024-07-15 00:00:00+05:30,10360.0,10891.0,10254.0,10486.0
OFSS,2748929,2024-07-22 00:00:00+05:30,10367.5,11042.0,10048.0,10749.0
OFSS,2748929,2024-07-29 00:00:00+05:30,10855.5,11088.0,10007.5,10067.0
OFSS,2748929,2024-08-05 00:00:00+05:30,9603.0,10261.0,9306.5,10236.0
OFSS,2748929,2024-08-12 00:00:00+05:30,10276.0,10665.0,10130.5,10560.0
OFSS,2748929,2024-08-19 00:00:00+05:30,10628.5,10956.0,10561.5,10592.0
OFSS,2748929,2024-08-26 00:00:00+05:30,10706.0,10917.0,10394.5,10647.5
OFSS,2748929,2024-09-02 00:00:00+05:30,10536.5,11215.5,10387.5,10511.0
OFSS,2748929,2024-09-09 00:00:00+05:30,10513.0,11931.0,10425.0,11881.0
OFSS,2748929,2024-09-16 00:00:00+05:30,11869.5,12227.0,10320.5,11018.5
OFSS,2748929,2024-09-23 00:00:00+05:30,11041.0,11310.5,10746.5,11039.0
OFSS,2748929,2024-09-30 00:00:00+05:30,11038.0,11140.0,10562.5,10611.0
OFSS,2748929,2024-10-07 00:00:00+05:30,10707.0,11477.0,10390.0,11197.5
OFSS,2748929,2024-10-14 00:00:00+05:30,11225.0,11513.0,10950.0,11224.0
OFSS,2748929,2024-10-21 00:00:00+05:30,11266.0,11297.0,10105.0,10550.0
OFSS,2748929,2024-10-28 00:00:00+05:30,10531.5,11143.0,10313.5,10486.0
OFSS,2748929,2024-11-04 00:00:00+05:30,10487.0,11385.0,10392.0,11160.5
OFSS,2748929,2024-11-11 00:00:00+05:30,11143.0,11765.0,11044.0,11403.0
OFSS,2748929,2024-11-18 00:00:00+05:30,11434.0,11477.0,10667.5,11158.5
OFSS,2748929,2024-11-25 00:00:00+05:30,11414.0,11648.5,11115.0,11333.0
OFSS,2748929,2024-12-02 00:00:00+05:30,11331.5,12451.0,11308.5,12189.0
OFSS,2748929,2024-12-09 00:00:00+05:30,12247.5,12321.0,11506.0,11902.0
OFSS,2748929,2024-12-16 00:00:00+05:30,11918.0,12580.5,11622.5,11867.0
OFSS,2748929,2024-12-23 00:00:00+05:30,12014.0,12387.5,11695.0,12254.0
OFSS,2748929,2024-12-30 00:00:00+05:30,12266.5,12809.5,11947.0,12129.0
OFSS,2748929,2025-01-06 00:00:00+05:30,12057.5,12170.0,11048.0,11095.5
OFSS,2748929,2025-01-13 00:00:00+05:30,10987.5,11046.0,9573.0,9715.5
OFSS,2748929,2025-01-20 00:00:00+05:30,9688.5,9946.0,9185.5,9501.0
OFSS,2748929,2025-01-27 00:00:00+05:30,9403.5,9486.0,7955.0,8617.0
OFSS,2748929,2025-02-03 00:00:00+05:30,8563.5,9219.5,8362.0,9159.0
OFSS,2748929,2025-02-10 00:00:00+05:30,9137.0,9177.5,8536.5,8684.5
OFSS,2748929,2025-02-17 00:00:00+05:30,8633.0,8683.5,8025.0,8144.0
OFSS,2748929,2025-02-24 00:00:00+05:30,8089.0,8118.5,7310.5,7522.5
OFSS,2748929,2025-03-03 00:00:00+05:30,7559.5,7829.0,7293.0,7334.0
OFSS,2748929,2025-03-10 00:00:00+05:30,7331.5,7370.5,6910.5,7100.5
OFSS,2748929,2025-03-17 00:00:00+05:30,7115.0,7594.5,7112.5,7407.0
OFSS,2748929,2025-03-24 00:00:00+05:30,7528.5,7898.0,7373.5,7607.0
OFSS,2748929,2025-04-01 00:00:00+05:30,7469.5,7557.5,7219.5,7288.0
OFSS,2748929,2025-04-07 00:00:00+05:30,7010.5,7412.5,6819.5,7344.5
OFSS,2748929,2025-04-15 00:00:00+05:30,7414.5,7749.5,7384.5,7703.0
OFSS,2748929,2025-04-21 00:00:00+05:30,7722.0,8589.5,7713.0,8336.5
OFSS,2748929,2025-04-28 00:00:00+05:30,8497.5,8623.0,8216.5,8423.5
OFSS,2748929,2025-05-05 00:00:00+05:30,8526.5,8527.5,7933.5,7993.5
OFSS,2748929,2025-05-12 00:00:00+05:30,8239.5,8744.5,8179.0,8696.5
OFSS,2748929,2025-05-19 00:00:00+05:30,8745.0,8745.0,8196.5,8366.5
OFSS,2748929,2025-05-26 00:00:00+05:30,8370.0,8661.0,8365.0,8462.5
OFSS,2748929,2025-06-02 00:00:00+05:30,8449.0,8885.0,8267.0,8786.0
OFSS,2748929,2025-06-09 00:00:00+05:30,8849.5,9685.0,8829.5,9478.5
OFSS,2748929,2025-06-16 00:00:00+05:30,9504.5,9775.0,9298.0,9395.5
OFSS,2748929,2025-06-23 00:00:00+05:30,9349.5,9349.5,8941.0,8991.0
OFSS,2748929,2025-06-30 00:00:00+05:30,9089.5,9148.0,8850.0,9109.0
OFSS,2748929,2025-07-07 00:00:00+05:30,9099.5,9099.5,8531.5,8636.0
OFSS,2748929,2025-07-14 00:00:00+05:30,8640.0,8893.0,8505.5,8790.5
OFSS,2748929,2025-07-21 00:00:00+05:30,8790.0,9034.5,8575.0,8609.0
OFSS,2748929,2025-07-28 00:00:00+05:30,8645.0,8769.5,8340.0,8378.5
OFSS,2748929,2025-08-04 00:00:00+05:30,8355.5,8627.5,8319.5,8424.0
OFSS,2748929,2025-08-11 00:00:00+05:30,8409.0,8718.5,8363.0,8586.5
OFSS,2748929,2025-08-18 00:00:00+05:30,8660.0,8860.0,8491.0,8624.0
OFSS,2748929,2025-08-25 00:00:00+05:30,8670.5,8932.0,8274.0,8293.5
OFSS,2748929,2025-09-01 00:00:00+05:30,8331.0,8546.5,8141.5,8280.0
OFSS,2748929,2025-09-08 00:00:00+05:30,8340.0,9950.0,8266.5,8979.0
OFSS,2748929,2025-09-15 00:00:00+05:30,8975.0,9215.0,8866.0,9018.0
OFSS,2748929,2025-09-22 00:00:00+05:30,8900.0,9211.5,8500.0,8515.0
OFSS,2748929,2025-09-29 00:00:00+05:30,8570.5,8984.0,8310.0,8962.0
OFSS,2748929,2025-10-06 00:00:00+05:30,8939.0,9382.0,8900.0,9213.0
OFSS,2748929,2025-10-13 00:00:00+05:30,9190.0,9280.0,8721.0,8780.5
OFSS,2748929,2025-10-20 00:00:00+05:30,8745.0,8754.0,8505.0,8565.0
OFSS,2748929,2025-10-27 00:00:00+05:30,8639.0,8720.0,8500.0,8515.0
OFSS,2748929,2025-11-03 00:00:00+05:30,8459.0,8470.0,8036.0,8076.5
OFSS,2748929,2025-11-10 00:00:00+05:30,8141.5,8430.0,8087.0,8223.5
OFSS,2748929,2025-11-17 00:00:00+05:30,8276.5,8514.5,8150.0,8169.5
OFSS,2748929,2025-11-24 00:00:00+05:30,8175.0,8276.0,8060.0,8107.0
OFSS,2748929,2025-12-01 00:00:00+05:30,8149.5,8225.0,8042.5,8191.5
OFSS,2748929,2025-12-05 09:15:00+05:30,8220.0,8279.0,8158.0,8210.0
TCS,2953217,2022-12-05 00:00:00+05:30,3433.0,3439.15,3276.35,3292.75
TCS,2953217,2022-12-12 00:00:00+05:30,3255.5,3377.0,3225.2,3240.25
TCS,2953217,2022-12-19 00:00:00+05:30,3227.0,3294.0,3163.65,3228.35
TCS,2953217,2022-12-26 00:00:00+05:30,3228.35,3299.0,3225.05,3256.7
TCS,2953217,2023-01-02 00:00:00+05:30,3261.0,3337.3,3200.0,3211.55
TCS,2953217,2023-01-09 00:00:00+05:30,3229.0,3379.0,3221.15,3374.55
TCS,2953217,2023-01-16 00:00:00+05:30,3317.0,3408.95,3298.05,3363.1
TCS,2953217,2023-01-23 00:00:00+05:30,3388.0,3451.95,3355.6,3411.05
TCS,2953217,2023-01-30 00:00:00+05:30,3420.0,3504.0,3351.0,3482.3
TCS,2953217,2023-02-06 00:00:00+05:30,3473.15,3547.6,3436.85,3537.55
TCS,2953217,2023-02-13 00:00:00+05:30,3549.0,3575.0,3460.15,3501.15
TCS,2953217,2023-02-20 00:00:00+05:30,3502.0,3522.0,3382.3,3400.45
TCS,2953217,2023-02-27 00:00:00+05:30,3390.0,3392.0,3299.9,3342.15
TCS,2953217,2023-03-06 00:00:00+05:30,3361.9,3404.95,3290.0,3331.0
TCS,2953217,2023-03-13 00:00:00+05:30,3333.0,3369.8,3144.0,3179.3
TCS,2953217,2023-03-20 00:00:00+05:30,3169.65,3170.0,3095.05,3120.5
TCS,2953217,2023-03-27 00:00:00+05:30,3135.0,3213.0,3104.1,3205.9
TCS,2953217,2023-04-03 00:00:00+05:30,3224.95,3264.35,3173.75,3220.7
TCS,2953217,2023-04-10 00:00:00+05:30,3220.0,3272.95,3180.0,3188.85
TCS,2953217,2023-04-17 00:00:00+05:30,3134.1,3164.45,3070.25,3160.85
TCS,2953217,2023-04-24 00:00:00+05:30,3151.1,3227.25,3126.15,3219.25
TCS,2953217,2023-05-02 00:00:00+05:30,3235.0,3244.0,3173.15,3230.7
TCS,2953217,2023-05-08 00:00:00+05:30,3245.0,3309.7,3231.3,3274.3
TCS,2953217,2023-05-15 00:00:00+05:30,3284.0,3292.0,3195.0,3222.85
TCS,2953217,2023-05-22 00:00:00+05:30,3230.0,3338.65,3217.05,3328.9
TCS,2953217,2023-05-29 00:00:00+05:30,3360.8,3372.0,3265.15,3305.6
TCS,2953217,2023-06-05 00:00:00+05:30,3315.0,3327.0,3205.35,3209.3
TCS,2953217,2023-06-12 00:00:00+05:30,3215.0,3265.0,3156.0,3174.9
TCS,2953217,2023-06-19 00:00:00+05:30,3190.0,3267.65,3175.0,3216.35
TCS,2953217,2023-06-26 00:00:00+05:30,3205.0,3310.0,3173.0,3302.25
TCS,2953217,2023-07-03 00:00:00+05:30,3314.3,3356.9,3268.75,3329.25
TCS,2953217,2023-07-10 00:00:00+05:30,3324.75,3524.85,3250.1,3514.65
TCS,2953217,2023-07-17 00:00:00+05:30,3510.0,3549.9,3359.05,3368.3
TCS,2953217,2023-07-24 00:00:00+05:30,3381.0,3420.85,3331.0,3355.4
TCS,2953217,2023-07-31 00:00:00+05:30,3364.4,3471.0,3360.9,3443.55
TCS,2953217,2023-08-07 00:00:00+05:30,3453.95,3489.95,3414.0,3448.8
TCS,2953217,2023-08-14 00:00:00+05:30,3440.7,3466.0,3356.5,3367.1
TCS,2953217,2023-08-21 00:00:00+05:30,3375.0,3413.05,3350.25,3381.3
TCS,2953217,2023-08-28 00:00:00+05:30,3394.0,3417.4,3343.65,3379.2
TCS,2953217,2023-09-04 00:00:00+05:30,3378.0,3465.0,3370.05,3441.9
TCS,2953217,2023-09-11 00:00:00+05:30,3462.0,3607.35,3445.0,3598.3
TCS,2953217,2023-09-18 00:00:00+05:30,3580.05,3633.75,3528.0,3603.65
TCS,2953217,2023-09-25 00:00:00+05:30,3602.5,3620.0,3505.55,3528.6
TCS,2953217,2023-10-03 00:00:00+05:30,3534.2,3634.95,3477.3,3621.4
TCS,2953217,2023-10-09 00:00:00+05:30,3645.05,3679.0,3525.0,3570.85
TCS,2953217,2023-10-16 00:00:00+05:30,3566.0,3574.65,3444.05,3494.55
TCS,2953217,2023-10-23 00:00:00+05:30,3473.0,3478.95,3330.0,3350.95
TCS,2953217,2023-10-30 00:00:00+05:30,3350.0,3399.0,3311.0,3350.9
TCS,2953217,2023-11-06 00:00:00+05:30,3375.0,3404.15,3322.35,3357.3
TCS,2953217,2023-11-13 00:00:00+05:30,3356.0,3529.35,3327.0,3502.45
TCS,2953217,2023-11-20 00:00:00+05:30,3491.25,3544.0,3453.0,3457.1
TCS,2953217,2023-11-28 00:00:00+05:30,3457.1,3518.0,3433.0,3511.65
TCS,2953217,2023-12-04 00:00:00+05:30,3544.65,3645.0,3498.0,3626.7
TCS,2953217,2023-12-11 00:00:00+05:30,3622.9,3895.95,3563.0,3861.0
TCS,2953217,2023-12-18 00:00:00+05:30,3858.1,3929.0,3743.35,3824.0
TCS,2953217,2023-12-26 00:00:00+05:30,3819.85,3838.0,3765.4,3793.4
TCS,2953217,2024-01-01 00:00:00+05:30,3790.0,3832.0,3651.0,3737.9
TCS,2953217,2024-01-08 00:00:00+05:30,3737.9,3905.25,3672.4,3882.8
TCS,2953217,2024-01-15 00:00:00+05:30,3960.0,3965.0,3812.55,3860.65
TCS,2953217,2024-01-23 00:00:00+05:30,3900.0,3933.9,3778.7,3810.3
TCS,2953217,2024-01-29 00:00:00+05:30,3800.8,3984.4,3780.85,3966.3
TCS,2953217,2024-02-05 00:00:00+05:30,3983.0,4184.75,3962.1,4133.7
TCS,2953217,2024-02-12 00:00:00+05:30,4130.0,4170.0,4049.5,4128.3
TCS,2953217,2024-02-19 00:00:00+05:30,4123.05,4130.0,3971.0,4052.1
TCS,2953217,2024-02-26 00:00:00+05:30,4036.0,4154.9,3982.75,4107.1
TCS,2953217,2024-03-04 00:00:00+05:30,4105.0,4124.0,3958.45,4108.6
TCS,2953217,2024-03-11 00:00:00+05:30,4089.0,4241.0,4086.0,4219.25
TCS,2953217,2024-03-18 00:00:00+05:30,4215.25,4254.75,3855.0,3910.9
TCS,2953217,2024-03-26 00:00:00+05:30,3875.0,3946.7,3829.4,3876.3
TCS,2953217,2024-04-01 00:00:00+05:30,3897.7,4028.65,3851.0,3979.25
TCS,2953217,2024-04-08 00:00:00+05:30,3983.0,4032.65,3918.0,4001.4
TCS,2953217,2024-04-15 00:00:00+05:30,4001.4,4064.2,3800.9,3826.2
TCS,2953217,2024-04-22 00:00:00+05:30,3837.0,3898.0,3802.55,3821.35
TCS,2953217,2024-04-29 00:00:00+05:30,3838.0,3893.6,3778.05,3843.4
TCS,2953217,2024-05-06 00:00:00+05:30,3853.0,3988.0,3853.0,3893.9
TCS,2953217,2024-05-13 00:00:00+05:30,3884.5,3955.0,3830.0,3851.45
TCS,2953217,2024-05-21 00:00:00+05:30,3830.6,3905.0,3810.05,3849.5
TCS,2953217,2024-05-27 00:00:00+05:30,3855.0,3908.35,3653.75,3670.95
TCS,2953217,2024-06-03 00:00:00+05:30,3732.8,3915.0,3591.5,3893.95
TCS,2953217,2024-06-10 00:00:00+05:30,3895.0,3905.9,3827.45,3832.05
TCS,2953217,2024-06-18 00:00:00+05:30,3826.05,3877.8,3780.05,3810.75
TCS,2953217,2024-06-24 00:00:00+05:30,3808.75,3960.0,3791.3,3904.15
TCS,2953217,2024-07-01 00:00:00+05:30,3884.0,4047.35,3884.0,4011.8
TCS,2953217,2024-07-08 00:00:00+05:30,4022.0,4199.95,3895.6,4183.95
TCS,2953217,2024-07-15 00:00:00+05:30,4235.7,4358.75,4144.9,4302.4
TCS,2953217,2024-07-22 00:00:00+05:30,4299.95,4422.45,4265.0,4387.85
TCS,2953217,2024-07-29 00:00:00+05:30,4415.0,4431.0,4270.0,4283.05
TCS,2953217,2024-08-05 00:00:00+05:30,4239.0,4258.25,4110.5,4228.75
TCS,2953217,2024-08-12 00:00:00+05:30,4230.0,4427.0,4183.0,4416.05
TCS,2953217,2024-08-19 00:00:00+05:30,4421.0,4565.0,4390.35,4463.9
TCS,2953217,2024-08-26 00:00:00+05:30,4489.0,4592.25,4457.3,4553.75
TCS,2953217,2024-09-02 00:00:00+05:30,4576.0,4588.0,4436.7,4456.75
TCS,2953217,2024-09-09 00:00:00+05:30,4455.0,4549.35,4430.5,4522.6
TCS,2953217,2024-09-16 00:00:00+05:30,4527.0,4546.05,4227.5,4284.9
TCS,2953217,2024-09-23 00:00:00+05:30,4300.0,4378.0,4240.0,4308.7
TCS,2953217,2024-09-30 00:00:00+05:30,4286.9,4298.75,4210.0,4252.25
TCS,2953217,2024-10-07 00:00:00+05:30,4273.9,4297.25,4112.45,4149.2
TCS,2953217,2024-10-14 00:00:00+05:30,4140.0,4169.95,4067.2,4123.05
TCS,2953217,2024-10-21 00:00:00+05:30,4132.6,4139.95,3995.15,4057.55
TCS,2953217,2024-10-28 00:00:00+05:30,4068.95,4134.0,3960.0,3984.2
TCS,2953217,2024-11-04 00:00:00+05:30,3966.3,4205.8,3913.25,4147.0
TCS,2953217,2024-11-11 00:00:00+05:30,4128.2,4234.3,4116.45,4145.9
TCS,2953217,2024-11-18 00:00:00+05:30,4213.0,4254.95,3990.2,4244.6
TCS,2953217,2024-11-25 00:00:00+05:30,4280.0,4377.4,4195.65,4270.85
TCS,2953217,2024-12-02 00:00:00+05:30,4270.0,4489.0,4230.05,4445.5
TCS,2953217,2024-12-09 00:00:00+05:30,4430.45,4494.9,4394.4,4473.9
TCS,2953217,2024-12-16 00:00:00+05:30,4459.0,4475.0,4152.5,4170.3
TCS,2953217,2024-12-23 00:00:00+05:30,4200.05,4218.0,4114.9,4164.85
TCS,2953217,2024-12-30 00:00:00+05:30,4151.0,4199.3,4032.05,4099.9
TCS,2953217,2025-01-06 00:00:00+05:30,4105.5,4297.0,4011.55,4265.65
TCS,2953217,2025-01-13 00:00:00+05:30,4245.0,4322.95,4100.05,4124.3
TCS,2953217,2025-01-20 00:00:00+05:30,4145.8,4191.35,4030.0,4152.35
TCS,2953217,2025-01-27 00:00:00+05:30,4102.0,4156.35,4028.3,4073.15
TCS,2953217,2025-02-03 00:00:00+05:30,4030.9,4150.0,3998.7,4029.4
TCS,2953217,2025-02-10 00:00:00+05:30,4040.0,4052.0,3900.0,3934.85
TCS,2953217,2025-02-17 00:00:00+05:30,3856.5,3934.0,3751.3,3786.0
TCS,2953217,2025-02-24 00:00:00+05:30,3743.15,3763.2,3457.0,3483.25
TCS,2953217,2025-03-03 00:00:00+05:30,3485.0,3625.0,3464.3,3611.2
TCS,2953217,2025-03-10 00:00:00+05:30,3606.5,3622.1,3484.1,3511.05
TCS,2953217,2025-03-17 00:00:00+05:30,3489.0,3616.25,3462.75,3578.1
TCS,2953217,2025-03-24 00:00:00+05:30,3600.0,3710.0,3566.6,3606.15
TCS,2953217,2025-04-01 00:00:00+05:30,3572.7,3584.0,3295.5,3299.4
TCS,2953217,2025-04-07 00:00:00+05:30,3100.0,3349.0,3056.05,3231.5
TCS,2953217,2025-04-15 00:00:00+05:30,3314.4,3314.4,3218.0,3298.9
TCS,2953217,2025-04-21 00:00:00+05:30,3290.1,3477.8,3284.1,3448.0
TCS,2953217,2025-04-28 00:00:00+05:30,3435.0,3509.9,3366.0,3444.7
TCS,2953217,2025-05-05 00:00:00+05:30,3450.0,3504.5,3398.1,3440.3
TCS,2953217,2025-05-12 00:00:00+05:30,3505.0,3630.5,3502.2,3561.3
TCS,2953217,2025-05-19 00:00:00+05:30,3550.0,3558.0,3451.3,3514.6
TCS,2953217,2025-05-26 00:00:00+05:30,3521.0,3545.0,3453.1,3463.4
TCS,2953217,2025-06-02 00:00:00+05:30,3450.0,3473.5,3358.7,3384.2
TCS,2953217,2025-06-09 00:00:00+05:30,3400.0,3489.0,3390.9,3445.7
TCS,2953217,2025-06-16 00:00:00+05:30,3440.0,3538.0,3410.9,3435.7
TCS,2953217,2025-06-23 00:00:00+05:30,3415.0,3466.4,3370.0,3441.1
TCS,2953217,2025-06-30 00:00:00+05:30,3439.9,3489.9,3390.1,3419.8
TCS,2953217,2025-07-07 00:00:00+05:30,3418.3,3426.1,3261.1,3266.0
TCS,2953217,2025-07-14 00:00:00+05:30,3266.0,3272.0,3187.0,3189.9
TCS,2953217,2025-07-21 00:00:00+05:30,3190.0,3197.6,3125.6,3135.8
TCS,2953217,2025-07-28 00:00:00+05:30,3110.0,3118.0,3000.0,3003.0
TCS,2953217,2025-08-04 00:00:00+05:30,3009.1,3079.4,2991.6,3036.4
TCS,2953217,2025-08-11 00:00:00+05:30,3036.4,3096.4,3019.1,3022.3
TCS,2953217,2025-08-18 00:00:00+05:30,3046.5,3130.0,3003.4,3054.0
TCS,2953217,2025-08-25 00:00:00+05:30,3087.3,3162.0,3077.1,3084.7
TCS,2953217,2025-09-01 00:00:00+05:30,3090.0,3155.0,3028.6,3048.3
TCS,2953217,2025-09-08 00:00:00+05:30,3050.0,3148.7,3016.0,3133.4
TCS,2953217,2025-09-15 00:00:00+05:30,3134.0,3203.0,3096.0,3169.2
TCS,2953217,2025-09-22 00:00:00+05:30,3095.0,3106.9,2891.3,2899.1
TCS,2953217,2025-09-29 00:00:00+05:30,2916.0,2929.3,2866.6,2901.9
TCS,2953217,2025-10-06 00:00:00+05:30,2902.0,3070.0,2895.6,3028.3
TCS,2953217,2025-10-13 00:00:00+05:30,3027.0,3035.5,2943.1,2962.2
TCS,2953217,2025-10-20 00:00:00+05:30,2985.5,3098.0,2978.5,3063.2
TCS,2953217,2025-10-27 00:00:00+05:30,3066.5,3094.2,3025.1,3058.0
TCS,2953217,2025-11-03 00:00:00+05:30,3046.9,3058.0,2960.5,2991.8
TCS,2953217,2025-11-10 00:00:00+05:30,2993.0,3136.4,2992.0,3106.0
TCS,2953217,2025-11-17 00:00:00+05:30,3106.0,3170.0,3078.0,3150.6
TCS,2953217,2025-11-24 00:00:00+05:30,3158.0,3180.0,3115.0,3137.5
TCS,2953217,2025-12-01 00:00:00+05:30,3137.9,3250.0,3120.4,3229.2
TCS,2953217,2025-12-05 09:15:00+05:30,3230.0,3271.6,3222.4,3241.0
COFORGE,2955009,2022-12-05 00:00:00+05:30,853.0,853.0,771.5,775.5
COFORGE,2955009,2022-12-12 00:00:00+05:30,770.5,812.0,758.5,790.5
COFORGE,2955009,2022-12-19 00:00:00+05:30,790.0,799.5,741.0,747.0
COFORGE,2955009,2022-12-26 00:00:00+05:30,750.0,813.0,740.5,777.0
COFORGE,2955009,2023-01-02 00:00:00+05:30,780.5,820.0,762.0,780.0
COFORGE,2955009,2023-01-09 00:00:00+05:30,788.0,812.0,758.0,777.0
COFORGE,2955009,2023-01-16 00:00:00+05:30,780.0,850.0,771.5,820.5
COFORGE,2955009,2023-01-23 00:00:00+05:30,825.0,892.0,813.5,859.0
COFORGE,2955009,2023-01-30 00:00:00+05:30,862.0,902.5,851.5,861.5
COFORGE,2955009,2023-02-06 00:00:00+05:30,863.0,895.0,852.0,867.0
COFORGE,2955009,2023-02-13 00:00:00+05:30,810.0,848.5,800.0,841.0
COFORGE,2955009,2023-02-20 00:00:00+05:30,841.0,888.0,835.0,875.5
COFORGE,2955009,2023-02-27 00:00:00+05:30,876.5,876.5,831.0,851.5
COFORGE,2955009,2023-03-06 00:00:00+05:30,857.0,873.0,823.5,827.5
COFORGE,2955009,2023-03-13 00:00:00+05:30,831.5,834.5,767.0,780.0
COFORGE,2955009,2023-03-20 00:00:00+05:30,771.0,778.0,731.5,740.0
COFORGE,2955009,2023-03-27 00:00:00+05:30,733.0,765.0,713.0,763.0
COFORGE,2955009,2023-04-03 00:00:00+05:30,770.0,824.0,754.5,800.0
COFORGE,2955009,2023-04-10 00:00:00+05:30,808.0,826.0,798.0,805.5
COFORGE,2955009,2023-04-17 00:00:00+05:30,777.5,812.0,750.5,766.0
COFORGE,2955009,2023-04-24 00:00:00+05:30,769.0,844.0,756.0,837.0
COFORGE,2955009,2023-05-02 00:00:00+05:30,838.0,841.5,811.0,823.5
COFORGE,2955009,2023-05-08 00:00:00+05:30,824.0,836.0,815.0,817.0
COFORGE,2955009,2023-05-15 00:00:00+05:30,818.0,860.5,812.0,855.5
COFORGE,2955009,2023-05-22 00:00:00+05:30,855.5,901.5,842.5,892.0
COFORGE,2955009,2023-05-29 00:00:00+05:30,902.0,930.0,877.5,918.0
COFORGE,2955009,2023-06-05 00:00:00+05:30,927.0,927.0,867.5,881.5
COFORGE,2955009,2023-06-12 00:00:00+05:30,885.5,930.0,876.0,919.0
COFORGE,2955009,2023-06-19 00:00:00+05:30,916.5,936.0,878.5,900.0
COFORGE,2955009,2023-06-26 00:00:00+05:30,889.0,951.0,889.0,942.5
COFORGE,2955009,2023-07-03 00:00:00+05:30,948.0,964.0,930.0,938.5
COFORGE,2955009,2023-07-10 00:00:00+05:30,945.5,993.5,914.0,985.0
COFORGE,2955009,2023-07-17 00:00:00+05:30,990.0,1011.0,922.0,928.0
COFORGE,2955009,2023-07-24 00:00:00+05:30,933.5,954.0,926.0,934.5
COFORGE,2955009,2023-07-31 00:00:00+05:30,938.0,978.5,935.0,977.5
COFORGE,2955009,2023-08-07 00:00:00+05:30,983.0,1057.0,977.0,1053.5
COFORGE,2955009,2023-08-14 00:00:00+05:30,1053.5,1084.0,979.0,984.0
COFORGE,2955009,2023-08-21 00:00:00+05:30,989.5,1080.5,940.5,1051.0
COFORGE,2955009,2023-08-28 00:00:00+05:30,1051.0,1101.5,1017.5,1090.5
COFORGE,2955009,2023-09-04 00:00:00+05:30,1092.0,1152.5,1082.0,1110.0
COFORGE,2955009,2023-09-11 00:00:00+05:30,1117.5,1126.0,1073.5,1124.0
COFORGE,2955009,2023-09-18 00:00:00+05:30,1118.5,1125.5,1050.5,1058.5
COFORGE,2955009,2023-09-25 00:00:00+05:30,1064.0,1068.0,1010.0,1021.0
COFORGE,2955009,2023-10-03 00:00:00+05:30,1017.0,1048.5,1005.0,1037.0
COFORGE,2955009,2023-10-09 00:00:00+05:30,1032.0,1056.5,999.5,1001.5
COFORGE,2955009,2023-10-16 00:00:00+05:30,1002.0,1056.0,996.0,1000.0
COFORGE,2955009,2023-10-23 00:00:00+05:30,1000.0,1006.0,951.5,1002.0
COFORGE,2955009,2023-10-30 00:00:00+05:30,1000.0,1029.5,989.5,1016.5
COFORGE,2955009,2023-11-06 00:00:00+05:30,1026.0,1035.5,1013.0,1027.0
COFORGE,2955009,2023-11-13 00:00:00+05:30,1026.0,1150.0,1006.5,1135.0
COFORGE,2955009,2023-11-20 00:00:00+05:30,1134.0,1169.0,1110.0,1123.5
COFORGE,2955009,2023-11-28 00:00:00+05:30,1125.0,1162.0,1098.5,1143.0
COFORGE,2955009,2023-12-04 00:00:00+05:30,1159.0,1184.0,1101.0,1156.5
COFORGE,2955009,2023-12-11 00:00:00+05:30,1161.5,1306.0,1138.5,1288.0
COFORGE,2955009,2023-12-18 00:00:00+05:30,1286.0,1295.5,1184.5,1258.0
COFORGE,2955009,2023-12-26 00:00:00+05:30,1260.0,1279.0,1242.5,1255.0
COFORGE,2955009,2024-01-01 00:00:00+05:30,1258.0,1258.0,1168.5,1215.5
COFORGE,2955009,2024-01-08 00:00:00+05:30,1227.0,1323.0,1202.0,1318.5
COFORGE,2955009,2024-01-15 00:00:00+05:30,1340.0,1358.0,1252.5,1256.5
COFORGE,2955009,2024-01-23 00:00:00+05:30,1279.5,1288.0,1232.0,1241.0
COFORGE,2955009,2024-01-29 00:00:00+05:30,1244.5,1294.0,1220.5,1285.0
COFORGE,2955009,2024-02-05 00:00:00+05:30,1296.0,1333.0,1270.0,1300.0
COFORGE,2955009,2024-02-12 00:00:00+05:30,1310.0,1351.0,1279.0,1333.0
COFORGE,2955009,2024-02-19 00:00:00+05:30,1340.0,1369.5,1300.0,1321.0
COFORGE,2955009,2024-02-26 00:00:00+05:30,1320.0,1336.0,1278.0,1301.0
COFORGE,2955009,2024-03-04 00:00:00+05:30,1305.0,1307.5,1222.5,1250.5
COFORGE,2955009,2024-03-11 00:00:00+05:30,1256.0,1269.5,1180.0,1223.5
COFORGE,2955009,2024-03-18 00:00:00+05:30,1209.0,1209.0,1092.5,1108.0
COFORGE,2955009,2024-03-26 00:00:00+05:30,1109.5,1126.5,1097.0,1100.5
COFORGE,2955009,2024-04-01 00:00:00+05:30,1110.0,1180.0,1092.5,1156.5
COFORGE,2955009,2024-04-08 00:00:00+05:30,1165.0,1165.0,1120.0,1123.0
COFORGE,2955009,2024-04-15 00:00:00+05:30,1103.0,1117.0,1018.0,1023.5
COFORGE,2955009,2024-04-22 00:00:00+05:30,1026.0,1075.0,1016.0,1050.0
COFORGE,2955009,2024-04-29 00:00:00+05:30,1058.0,1061.0,892.0,896.5
COFORGE,2955009,2024-05-06 00:00:00+05:30,908.0,909.0,857.5,893.0
COFORGE,2955009,2024-05-13 00:00:00+05:30,895.0,953.0,880.5,946.0
COFORGE,2955009,2024-05-21 00:00:00+05:30,947.0,1032.5,945.5,1021.0
COFORGE,2955009,2024-05-27 00:00:00+05:30,1029.0,1062.5,988.0,994.0
COFORGE,2955009,2024-06-03 00:00:00+05:30,1021.0,1092.5,944.5,1086.0
COFORGE,2955009,2024-06-10 00:00:00+05:30,1092.0,1093.5,1033.5,1040.5
COFORGE,2955009,2024-06-18 00:00:00+05:30,1042.0,1104.0,1032.5,1076.5
COFORGE,2955009,2024-06-24 00:00:00+05:30,1076.0,1109.5,1060.0,1092.0
COFORGE,2955009,2024-07-01 00:00:00+05:30,1091.0,1187.0,1085.0,1174.0
COFORGE,2955009,2024-07-08 00:00:00+05:30,1183.5,1208.0,1110.0,1195.5
COFORGE,2955009,2024-07-15 00:00:00+05:30,1206.0,1229.0,1161.0,1197.0
COFORGE,2955009,2024-07-22 00:00:00+05:30,1186.0,1285.0,1168.0,1268.5
COFORGE,2955009,2024-07-29 00:00:00+05:30,1274.0,1282.5,1212.0,1216.0
COFORGE,2955009,2024-08-05 00:00:00+05:30,1160.0,1220.0,1150.0,1175.5
COFORGE,2955009,2024-08-12 00:00:00+05:30,1179.0,1218.0,1153.0,1215.5
COFORGE,2955009,2024-08-19 00:00:00+05:30,1224.0,1242.0,1196.0,1204.5
COFORGE,2955009,2024-08-26 00:00:00+05:30,1210.5,1277.5,1202.5,1269.0
COFORGE,2955009,2024-09-02 00:00:00+05:30,1269.0,1343.0,1244.5,1325.0
COFORGE,2955009,2024-09-09 00:00:00+05:30,1311.0,1409.0,1286.0,1403.0
COFORGE,2955009,2024-09-16 00:00:00+05:30,1403.0,1417.5,1354.0,1389.0
COFORGE,2955009,2024-09-23 00:00:00+05:30,1394.0,1430.0,1357.5,1387.0
COFORGE,2955009,2024-09-30 00:00:00+05:30,1387.5,1449.5,1375.0,1425.0
COFORGE,2955009,2024-10-07 00:00:00+05:30,1439.0,1486.0,1415.0,1476.0
COFORGE,2955009,2024-10-14 00:00:00+05:30,1476.0,1517.0,1426.0,1442.0
COFORGE,2955009,2024-10-21 00:00:00+05:30,1442.0,1557.5,1342.0,1548.0
COFORGE,2955009,2024-10-28 00:00:00+05:30,1543.0,1579.0,1484.0,1510.5
COFORGE,2955009,2024-11-04 00:00:00+05:30,1513.0,1606.0,1494.0,1591.0
COFORGE,2955009,2024-11-11 00:00:00+05:30,1590.0,1632.0,1572.5,1615.0
COFORGE,2955009,2024-11-18 00:00:00+05:30,1615.0,1669.0,1581.0,1665.5
COFORGE,2955009,2024-11-25 00:00:00+05:30,1673.0,1749.0,1672.0,1737.0
COFORGE,2955009,2024-12-02 00:00:00+05:30,1737.0,1784.0,1719.0,1780.5
COFORGE,2955009,2024-12-09 00:00:00+05:30,1788.5,1870.0,1772.0,1860.0
COFORGE,2955009,2024-12-16 00:00:00+05:30,1858.0,1959.5,1837.5,1874.0
COFORGE,2955009,2024-12-23 00:00:00+05:30,1890.0,1915.0,1863.0,1890.0
COFORGE,2955009,2024-12-30 00:00:00+05:30,1878.0,2005.5,1877.5,1934.0
COFORGE,2955009,2025-01-06 00:00:00+05:30,1934.0,1955.5,1850.5,1881.0
COFORGE,2955009,2025-01-13 00:00:00+05:30,1864.5,1864.5,1696.5,1728.5
COFORGE,2955009,2025-01-20 00:00:00+05:30,1728.5,1886.0,1628.5,1847.0
COFORGE,2955009,2025-01-27 00:00:00+05:30,1819.0,1826.0,1602.0,1615.5
COFORGE,2955009,2025-02-03 00:00:00+05:30,1595.0,1725.0,1564.0,1707.0
COFORGE,2955009,2025-02-10 00:00:00+05:30,1710.0,1710.0,1535.0,1558.5
COFORGE,2955009,2025-02-17 00:00:00+05:30,1546.5,1575.0,1487.0,1499.0
COFORGE,2955009,2025-02-24 00:00:00+05:30,1470.0,1544.0,1419.5,1472.5
COFORGE,2955009,2025-03-03 00:00:00+05:30,1472.5,1601.0,1428.5,1541.5
COFORGE,2955009,2025-03-10 00:00:00+05:30,1538.5,1548.0,1440.0,1458.5
COFORGE,2955009,2025-03-17 00:00:00+05:30,1463.0,1562.0,1446.0,1549.5
COFORGE,2955009,2025-03-24 00:00:00+05:30,1557.0,1650.0,1525.0,1622.0
COFORGE,2955009,2025-04-01 00:00:00+05:30,1614.0,1614.0,1312.0,1321.5
COFORGE,2955009,2025-04-07 00:00:00+05:30,1195.0,1338.0,1194.0,1263.5
COFORGE,2955009,2025-04-15 00:00:00+05:30,1283.0,1333.5,1250.0,1320.0
COFORGE,2955009,2025-04-21 00:00:00+05:30,1334.0,1503.0,1333.0,1478.0
COFORGE,2955009,2025-04-28 00:00:00+05:30,1482.0,1511.0,1451.0,1476.5
COFORGE,2955009,2025-05-05 00:00:00+05:30,1484.0,1600.0,1467.0,1536.0
COFORGE,2955009,2025-05-12 00:00:00+05:30,1600.0,1709.0,1568.5,1685.0
COFORGE,2955009,2025-05-19 00:00:00+05:30,1686.0,1704.0,1629.0,1664.5
COFORGE,2955009,2025-05-26 00:00:00+05:30,1672.5,1740.0,1656.5,1710.0
COFORGE,2955009,2025-06-02 00:00:00+05:30,1710.0,1792.0,1690.5,1775.5
COFORGE,2955009,2025-06-09 00:00:00+05:30,1788.5,1895.0,1744.5,1792.5
COFORGE,2955009,2025-06-16 00:00:00+05:30,1792.5,1862.5,1778.0,1832.0
COFORGE,2955009,2025-06-23 00:00:00+05:30,1815.0,1955.0,1805.5,1899.5
COFORGE,2955009,2025-06-30 00:00:00+05:30,1916.0,1961.3,1883.0,1950.6
COFORGE,2955009,2025-07-07 00:00:00+05:30,1950.6,1994.0,1846.2,1867.8
COFORGE,2955009,2025-07-14 00:00:00+05:30,1863.0,1915.0,1838.6,1859.3
COFORGE,2955009,2025-07-21 00:00:00+05:30,1859.9,1884.8,1653.5,1688.8
COFORGE,2955009,2025-07-28 00:00:00+05:30,1688.8,1756.3,1667.5,1706.3
COFORGE,2955009,2025-08-04 00:00:00+05:30,1705.0,1749.5,1601.3,1606.8
COFORGE,2955009,2025-08-11 00:00:00+05:30,1606.8,1652.0,1584.3,1642.0
COFORGE,2955009,2025-08-18 00:00:00+05:30,1664.0,1756.0,1632.7,1747.7
COFORGE,2955009,2025-08-25 00:00:00+05:30,1757.0,1797.5,1711.0,1724.3
COFORGE,2955009,2025-09-01 00:00:00+05:30,1730.0,1782.3,1640.0,1658.3
COFORGE,2955009,2025-09-08 00:00:00+05:30,1669.9,1790.9,1656.2,1764.0
COFORGE,2955009,2025-09-15 00:00:00+05:30,1765.9,1830.0,1740.3,1795.3
COFORGE,2955009,2025-09-22 00:00:00+05:30,1720.0,1746.6,1531.7,1538.5
COFORGE,2955009,2025-09-29 00:00:00+05:30,1553.9,1619.8,1525.0,1613.1
COFORGE,2955009,2025-10-06 00:00:00+05:30,1614.9,1747.4,1598.1,1722.3
COFORGE,2955009,2025-10-13 00:00:00+05:30,1710.0,1775.0,1686.4,1734.9
COFORGE,2955009,2025-10-20 00:00:00+05:30,1740.0,1782.3,1729.0,1760.0
COFORGE,2955009,2025-10-27 00:00:00+05:30,1850.0,1866.6,1774.3,1778.1
COFORGE,2955009,2025-11-03 00:00:00+05:30,1778.0,1798.0,1715.0,1740.2
COFORGE,2955009,2025-11-10 00:00:00+05:30,1740.4,1832.0,1723.3,1799.6
COFORGE,2955009,2025-11-17 00:00:00+05:30,1806.1,1888.0,1771.5,1797.5
COFORGE,2955009,2025-11-24 00:00:00+05:30,1802.0,1932.4,1793.2,1908.7
COFORGE,2955009,2025-12-01 00:00:00+05:30,1919.0,1986.0,1895.1,1966.2
COFORGE,2955009,2025-12-05 09:15:00+05:30,1970.0,1988.2,1957.0,1973.0
TECHM,3465729,2022-12-05 00:00:00+05:30,1072.4,1072.4,984.2,989.2
TECHM,3465729,2022-12-12 00:00:00+05:30,987.9,1021.4,965.4,975.0
TECHM,3465729,2022-12-19 00:00:00+05:30,974.2,988.9,947.7,950.4
TECHM,3465729,2022-12-26 00:00:00+05:30,954.9,981.7,947.7,970.7
TECHM,3465729,2023-01-02 00:00:00+05:30,972.1,983.4,939.8,941.0
TECHM,3465729,2023-01-09 00:00:00+05:30,952.5,975.2,941.1,957.7
TECHM,3465729,2023-01-16 00:00:00+05:30,962.6,1011.0,957.7,1000.2
TECHM,3465729,2023-01-23 00:00:00+05:30,1007.1,1030.5,975.7,984.1
TECHM,3465729,2023-01-30 00:00:00+05:30,984.1,1001.6,950.7,965.7
TECHM,3465729,2023-02-06 00:00:00+05:30,960.5,975.8,951.6,971.6
TECHM,3465729,2023-02-13 00:00:00+05:30,969.3,1093.1,955.0,1081.4
TECHM,3465729,2023-02-20 00:00:00+05:30,1081.7,1108.6,1068.5,1071.4
TECHM,3465729,2023-02-27 00:00:00+05:30,1061.6,1087.6,1035.5,1038.2
TECHM,3465729,2023-03-06 00:00:00+05:30,1044.9,1048.8,994.9,1014.7
TECHM,3465729,2023-03-13 00:00:00+05:30,1077.3,1116.3,1051.2,1079.4
TECHM,3465729,2023-03-20 00:00:00+05:30,1088.9,1088.9,1039.5,1054.7
TECHM,3465729,2023-03-27 00:00:00+05:30,1043.0,1066.2,1018.5,1054.6
TECHM,3465729,2023-04-03 00:00:00+05:30,1057.3,1067.5,1036.1,1045.6
TECHM,3465729,2023-04-10 00:00:00+05:30,1049.2,1069.5,1029.2,1039.8
TECHM,3465729,2023-04-17 00:00:00+05:30,988.9,991.9,948.5,953.3
TECHM,3465729,2023-04-24 00:00:00+05:30,956.5,980.8,935.9,977.8
TECHM,3465729,2023-05-02 00:00:00+05:30,974.6,1019.2,974.6,990.3
TECHM,3465729,2023-05-08 00:00:00+05:30,994.8,1012.3,988.0,1000.1
TECHM,3465729,2023-05-15 00:00:00+05:30,999.7,1031.9,992.9,1025.4
TECHM,3465729,2023-05-22 00:00:00+05:30,1025.3,1072.8,1023.4,1067.2
TECHM,3465729,2023-05-29 00:00:00+05:30,1080.3,1091.3,1047.9,1075.4
TECHM,3465729,2023-06-05 00:00:00+05:30,1076.4,1086.7,1013.6,1016.5
TECHM,3465729,2023-06-12 00:00:00+05:30,1019.4,1040.9,1015.6,1030.4
TECHM,3465729,2023-06-19 00:00:00+05:30,1032.1,1078.5,1027.3,1068.0
TECHM,3465729,2023-06-26 00:00:00+05:30,1064.7,1084.7,1057.4,1083.1
TECHM,3465729,2023-07-03 00:00:00+05:30,1088.1,1136.2,1067.6,1107.8
TECHM,3465729,2023-07-10 00:00:00+05:30,1111.6,1182.4,1087.7,1179.1
TECHM,3465729,2023-07-17 00:00:00+05:30,1186.2,1220.4,1132.3,1146.2
TECHM,3465729,2023-07-24 00:00:00+05:30,1147.5,1154.8,1035.4,1044.0
TECHM,3465729,2023-07-31 00:00:00+05:30,1047.9,1133.1,1040.1,1126.6
TECHM,3465729,2023-08-07 00:00:00+05:30,1131.3,1200.4,1123.6,1171.1
TECHM,3465729,2023-08-14 00:00:00+05:30,1162.9,1189.3,1153.9,1161.6
TECHM,3465729,2023-08-21 00:00:00+05:30,1155.9,1174.5,1129.8,1140.7
TECHM,3465729,2023-08-28 00:00:00+05:30,1140.7,1180.3,1133.6,1178.5
TECHM,3465729,2023-09-04 00:00:00+05:30,1185.3,1227.6,1176.1,1212.8
TECHM,3465729,2023-09-11 00:00:00+05:30,1214.8,1252.8,1201.6,1249.2
TECHM,3465729,2023-09-18 00:00:00+05:30,1250.2,1268.8,1215.7,1254.4
TECHM,3465729,2023-09-25 00:00:00+05:30,1254.4,1263.3,1160.8,1173.4
TECHM,3465729,2023-10-03 00:00:00+05:30,1171.2,1181.1,1137.3,1167.6
TECHM,3465729,2023-10-09 00:00:00+05:30,1154.2,1189.2,1131.3,1145.2
TECHM,3465729,2023-10-16 00:00:00+05:30,1146.4,1153.9,1100.3,1122.2
TECHM,3465729,2023-10-23 00:00:00+05:30,1115.7,1122.4,1050.9,1072.9
TECHM,3465729,2023-10-30 00:00:00+05:30,1072.9,1091.0,1066.3,1085.3
TECHM,3465729,2023-11-06 00:00:00+05:30,1089.6,1104.7,1069.7,1094.2
TECHM,3465729,2023-11-13 00:00:00+05:30,1092.6,1165.7,1080.3,1153.7
TECHM,3465729,2023-11-20 00:00:00+05:30,1155.8,1173.1,1146.2,1148.9
TECHM,3465729,2023-11-28 00:00:00+05:30,1146.2,1184.9,1137.2,1171.2
TECHM,3465729,2023-12-04 00:00:00+05:30,1188.3,1199.3,1159.7,1175.8
TECHM,3465729,2023-12-11 00:00:00+05:30,1181.4,1273.5,1148.1,1255.2
TECHM,3465729,2023-12-18 00:00:00+05:30,1254.1,1281.6,1176.5,1224.8
TECHM,3465729,2023-12-26 00:00:00+05:30,1224.6,1241.3,1210.4,1222.3
TECHM,3465729,2024-01-01 00:00:00+05:30,1222.7,1252.9,1182.1,1198.4
TECHM,3465729,2024-01-08 00:00:00+05:30,1200.3,1260.7,1172.0,1257.1
TECHM,3465729,2024-01-15 00:00:00+05:30,1283.5,1353.5,1254.3,1333.2
TECHM,3465729,2024-01-23 00:00:00+05:30,1343.9,1363.4,1261.0,1270.8
TECHM,3465729,2024-01-29 00:00:00+05:30,1286.5,1302.2,1258.8,1286.6
TECHM,3465729,2024-02-05 00:00:00+05:30,1294.2,1310.5,1251.1,1260.0
TECHM,3465729,2024-02-12 00:00:00+05:30,1267.2,1283.4,1232.1,1251.7
TECHM,3465729,2024-02-19 00:00:00+05:30,1252.1,1291.0,1236.9,1271.0
TECHM,3465729,2024-02-26 00:00:00+05:30,1271.0,1273.6,1214.1,1222.2
TECHM,3465729,2024-03-04 00:00:00+05:30,1225.2,1242.4,1200.2,1237.5
TECHM,3465729,2024-03-11 00:00:00+05:30,1237.5,1256.7,1208.0,1231.7
TECHM,3465729,2024-03-18 00:00:00+05:30,1231.5,1236.9,1186.4,1212.5
TECHM,3465729,2024-03-26 00:00:00+05:30,1212.1,1221.3,1192.2,1198.2
TECHM,3465729,2024-04-01 00:00:00+05:30,1202.1,1238.4,1185.4,1213.2
TECHM,3465729,2024-04-08 00:00:00+05:30,1219.7,1230.5,1188.3,1192.3
TECHM,3465729,2024-04-15 00:00:00+05:30,1185.3,1190.9,1114.6,1144.7
TECHM,3465729,2024-04-22 00:00:00+05:30,1147.1,1295.3,1124.3,1228.3
TECHM,3465729,2024-04-29 00:00:00+05:30,1239.4,1260.0,1193.2,1200.5
TECHM,3465729,2024-05-06 00:00:00+05:30,1207.9,1249.2,1195.3,1214.2
TECHM,3465729,2024-05-13 00:00:00+05:30,1214.2,1268.8,1200.1,1254.7
TECHM,3465729,2024-05-21 00:00:00+05:30,1256.0,1293.4,1253.2,1270.5
TECHM,3465729,2024-05-27 00:00:00+05:30,1271.8,1291.2,1174.6,1178.9
TECHM,3465729,2024-06-03 00:00:00+05:30,1205.0,1328.7,1144.7,1325.4
TECHM,3465729,2024-06-10 00:00:00+05:30,1325.4,1344.3,1283.7,1319.3
TECHM,3465729,2024-06-18 00:00:00+05:30,1328.2,1387.0,1309.1,1347.2
TECHM,3465729,2024-06-24 00:00:00+05:30,1337.6,1399.4,1328.7,1377.2
TECHM,3465729,2024-07-01 00:00:00+05:30,1377.2,1443.6,1371.1,1407.6
TECHM,3465729,2024-07-08 00:00:00+05:30,1407.6,1457.2,1387.9,1450.5
TECHM,3465729,2024-07-15 00:00:00+05:30,1465.3,1512.3,1434.9,1464.6
TECHM,3465729,2024-07-22 00:00:00+05:30,1453.4,1519.8,1418.3,1513.5
TECHM,3465729,2024-07-29 00:00:00+05:30,1517.9,1540.8,1475.3,1480.6
TECHM,3465729,2024-08-05 00:00:00+05:30,1443.6,1488.1,1401.1,1479.7
TECHM,3465729,2024-08-12 00:00:00+05:30,1479.7,1560.5,1462.7,1556.9
TECHM,3465729,2024-08-19 00:00:00+05:30,1559.4,1604.3,1547.6,1569.7
TECHM,3465729,2024-08-26 00:00:00+05:30,1581.1,1635.1,1580.1,1607.1
TECHM,3465729,2024-09-02 00:00:00+05:30,1607.1,1632.2,1580.0,1594.1
TECHM,3465729,2024-09-09 00:00:00+05:30,1594.1,1630.1,1546.5,1626.3
TECHM,3465729,2024-09-16 00:00:00+05:30,1621.5,1642.0,1554.0,1592.9
TECHM,3465729,2024-09-23 00:00:00+05:30,1595.8,1634.9,1561.5,1580.4
TECHM,3465729,2024-09-30 00:00:00+05:30,1577.2,1618.8,1539.7,1587.4
TECHM,3465729,2024-10-07 00:00:00+05:30,1595.8,1645.9,1571.5,1617.5
TECHM,3465729,2024-10-14 00:00:00+05:30,1618.4,1679.2,1616.1,1657.6
TECHM,3465729,2024-10-21 00:00:00+05:30,1713.7,1730.2,1655.4,1685.6
TECHM,3465729,2024-10-28 00:00:00+05:30,1679.3,1696.9,1566.9,1574.9
TECHM,3465729,2024-11-04 00:00:00+05:30,1585.0,1684.7,1579.2,1651.2
TECHM,3465729,2024-11-11 00:00:00+05:30,1642.8,1684.7,1633.2,1657.2
TECHM,3465729,2024-11-18 00:00:00+05:30,1654.5,1718.5,1603.9,1716.1
TECHM,3465729,2024-11-25 00:00:00+05:30,1728.4,1736.1,1670.0,1681.6
TECHM,3465729,2024-12-02 00:00:00+05:30,1679.3,1764.8,1675.3,1750.8
TECHM,3465729,2024-12-09 00:00:00+05:30,1747.2,1775.3,1718.6,1764.2
TECHM,3465729,2024-12-16 00:00:00+05:30,1761.3,1761.3,1650.0,1655.8
TECHM,3465729,2024-12-23 00:00:00+05:30,1660.6,1694.4,1655.6,1680.9
TECHM,3465729,2024-12-30 00:00:00+05:30,1684.2,1741.8,1651.2,1659.1
TECHM,3465729,2025-01-06 00:00:00+05:30,1674.2,1683.2,1604.7,1675.0
TECHM,3465729,2025-01-13 00:00:00+05:30,1667.6,1691.9,1592.2,1630.5
TECHM,3465729,2025-01-20 00:00:00+05:30,1633.2,1705.2,1595.8,1692.1
TECHM,3465729,2025-01-27 00:00:00+05:30,1679.3,1683.1,1607.3,1616.9
TECHM,3465729,2025-02-03 00:00:00+05:30,1600.8,1665.2,1576.3,1661.7
TECHM,3465729,2025-02-10 00:00:00+05:30,1652.8,1678.3,1611.1,1629.3
TECHM,3465729,2025-02-17 00:00:00+05:30,1626.2,1681.7,1601.7,1619.9
TECHM,3465729,2025-02-24 00:00:00+05:30,1600.8,1614.5,1451.9,1461.2
TECHM,3465729,2025-03-03 00:00:00+05:30,1473.1,1523.0,1407.3,1465.6
TECHM,3465729,2025-03-10 00:00:00+05:30,1465.6,1473.1,1383.5,1414.8
TECHM,3465729,2025-03-17 00:00:00+05:30,1417.1,1426.9,1357.3,1384.0
TECHM,3465729,2025-03-24 00:00:00+05:30,1390.4,1457.3,1380.8,1392.8
TECHM,3465729,2025-04-01 00:00:00+05:30,1376.8,1400.5,1295.2,1297.2
TECHM,3465729,2025-04-07 00:00:00+05:30,1222.7,1318.0,1187.7,1259.2
TECHM,3465729,2025-04-15 00:00:00+05:30,1290.6,1291.0,1253.0,1283.4
TECHM,3465729,2025-04-21 00:00:00+05:30,1280.6,1447.5,1279.6,1435.8
TECHM,3465729,2025-04-28 00:00:00+05:30,1442.9,1491.7,1411.2,1469.5
TECHM,3465729,2025-05-05 00:00:00+05:30,1472.1,1491.3,1451.6,1466.9
TECHM,3465729,2025-05-12 00:00:00+05:30,1494.7,1607.0,1490.2,1588.0
TECHM,3465729,2025-05-19 00:00:00+05:30,1588.0,1597.0,1530.0,1551.9
TECHM,3465729,2025-05-26 00:00:00+05:30,1554.6,1576.1,1539.9,1545.7
TECHM,3465729,2025-06-02 00:00:00+05:30,1536.9,1545.3,1506.4,1542.9
TECHM,3465729,2025-06-09 00:00:00+05:30,1546.7,1639.1,1542.9,1629.2
TECHM,3465729,2025-06-16 00:00:00+05:30,1628.2,1701.7,1621.6,1665.7
TECHM,3465729,2025-06-23 00:00:00+05:30,1649.9,1683.2,1632.8,1644.4
TECHM,3465729,2025-06-30 00:00:00+05:30,1650.4,1668.5,1630.2,1655.2
TECHM,3465729,2025-07-07 00:00:00+05:30,1647.9,1647.9,1577.8,1602.5
TECHM,3465729,2025-07-14 00:00:00+05:30,1598.0,1611.0,1538.0,1548.9
TECHM,3465729,2025-07-21 00:00:00+05:30,1551.0,1554.0,1455.7,1461.9
TECHM,3465729,2025-07-28 00:00:00+05:30,1462.0,1473.3,1432.4,1438.8
TECHM,3465729,2025-08-04 00:00:00+05:30,1435.0,1496.0,1419.1,1480.4
TECHM,3465729,2025-08-11 00:00:00+05:30,1480.4,1529.9,1469.7,1486.7
TECHM,3465729,2025-08-18 00:00:00+05:30,1500.0,1532.0,1464.4,1505.0
TECHM,3465729,2025-08-25 00:00:00+05:30,1516.0,1539.7,1478.7,1481.4
TECHM,3465729,2025-09-01 00:00:00+05:30,1485.0,1519.9,1462.1,1477.9
TECHM,3465729,2025-09-08 00:00:00+05:30,1482.4,1536.0,1459.0,1525.5
TECHM,3465729,2025-09-15 00:00:00+05:30,1527.9,1566.9,1505.6,1553.8
TECHM,3465729,2025-09-22 00:00:00+05:30,1499.0,1511.7,1403.5,1407.7
TECHM,3465729,2025-09-29 00:00:00+05:30,1415.0,1426.7,1391.9,1400.6
TECHM,3465729,2025-10-06 00:00:00+05:30,1404.9,1477.7,1397.1,1457.2
TECHM,3465729,2025-10-13 00:00:00+05:30,1455.0,1479.8,1439.2,1447.6
TECHM,3465729,2025-10-20 00:00:00+05:30,1440.0,1487.5,1439.0,1453.7
TECHM,3465729,2025-10-27 00:00:00+05:30,1457.9,1475.6,1420.3,1424.4
TECHM,3465729,2025-11-03 00:00:00+05:30,1419.1,1425.3,1385.0,1386.7
TECHM,3465729,2025-11-10 00:00:00+05:30,1386.7,1463.8,1383.6,1439.2
TECHM,3465729,2025-11-17 00:00:00+05:30,1440.0,1469.0,1417.8,1461.5
TECHM,3465729,2025-11-24 00:00:00+05:30,1470.0,1532.0,1461.8,1517.3
TECHM,3465729,2025-12-01 00:00:00+05:30,1515.3,1577.9,1509.7,1562.3
TECHM,3465729,2025-12-05 09:15:00+05:30,1567.1,1583.0,1556.6,1569.0
LTIM,4561409,2022-12-05 00:00:00+05:30,5080.0,5107.75,4393.15,4401.75
LTIM,4561409,2022-12-12 00:00:00+05:30,4380.0,4465.0,4229.05,4336.35
LTIM,4561409,2022-12-19 00:00:00+05:30,4261.0,4474.0,4225.0,4266.55
LTIM,4561409,2022-12-26 00:00:00+05:30,4261.0,4469.95,4242.6,4365.4
LTIM,4561409,2023-01-02 00:00:00+05:30,4365.4,4385.85,4180.0,4197.6
LTIM,4561409,2023-01-09 00:00:00+05:30,4230.15,4327.0,4146.5,4287.45
LTIM,4561409,2023-01-16 00:00:00+05:30,4298.5,4347.0,4205.05,4268.05
LTIM,4561409,2023-01-23 00:00:00+05:30,4139.95,4544.95,4121.0,4399.05
LTIM,4561409,2023-01-30 00:00:00+05:30,4399.0,4640.0,4331.05,4502.2
LTIM,4561409,2023-02-06 00:00:00+05:30,4490.0,4741.5,4440.25,4691.6
LTIM,4561409,2023-02-13 00:00:00+05:30,4690.0,4975.05,4552.0,4858.3
LTIM,4561409,2023-02-20 00:00:00+05:30,4858.3,4955.5,4758.0,4853.55
LTIM,4561409,2023-02-27 00:00:00+05:30,4803.55,4855.0,4650.0,4710.35
LTIM,4561409,2023-03-06 00:00:00+05:30,4760.95,4845.0,4600.1,4640.1
LTIM,4561409,2023-03-13 00:00:00+05:30,4642.95,4785.0,4480.0,4673.95
LTIM,4561409,2023-03-20 00:00:00+05:30,4561.0,4795.0,4542.5,4601.45
LTIM,4561409,2023-03-27 00:00:00+05:30,4620.0,4777.7,4516.1,4759.65
LTIM,4561409,2023-04-03 00:00:00+05:30,4760.0,4848.0,4700.0,4773.25
LTIM,4561409,2023-04-10 00:00:00+05:30,4784.0,4837.0,4615.55,4646.4
LTIM,4561409,2023-04-17 00:00:00+05:30,4482.0,4490.0,4132.2,4170.85
LTIM,4561409,2023-04-24 00:00:00+05:30,4199.0,4443.45,4148.2,4419.45
LTIM,4561409,2023-05-02 00:00:00+05:30,4430.95,4615.0,4424.05,4487.85
LTIM,4561409,2023-05-08 00:00:00+05:30,4520.0,4721.95,4490.0,4687.2
LTIM,4561409,2023-05-15 00:00:00+05:30,4682.0,4843.25,4657.0,4803.0
LTIM,4561409,2023-05-22 00:00:00+05:30,4817.0,5019.0,4781.8,5001.1
LTIM,4561409,2023-05-29 00:00:00+05:30,5043.0,5054.7,4951.45,4994.15
LTIM,4561409,2023-06-05 00:00:00+05:30,5010.0,5029.95,4776.1,4823.05
LTIM,4561409,2023-06-12 00:00:00+05:30,4823.05,5093.0,4790.85,5010.6
LTIM,4561409,2023-06-19 00:00:00+05:30,5011.0,5144.0,4910.85,4956.65
LTIM,4561409,2023-06-26 00:00:00+05:30,4954.9,5230.0,4926.05,5197.2
LTIM,4561409,2023-07-03 00:00:00+05:30,5226.0,5430.0,5101.2,5114.55
LTIM,4561409,2023-07-10 00:00:00+05:30,5099.0,5114.4,4776.2,5093.1
LTIM,4561409,2023-07-17 00:00:00+05:30,5125.0,5296.0,4855.0,4922.75
LTIM,4561409,2023-07-24 00:00:00+05:30,4922.75,4962.6,4813.1,4844.05
LTIM,4561409,2023-07-31 00:00:00+05:30,4840.4,4998.7,4801.0,4940.9
LTIM,4561409,2023-08-07 00:00:00+05:30,4956.0,5171.95,4930.85,5107.35
LTIM,4561409,2023-08-14 00:00:00+05:30,5090.0,5238.7,5011.6,5085.15
LTIM,4561409,2023-08-21 00:00:00+05:30,5086.0,5245.9,5056.0,5127.4
LTIM,4561409,2023-08-28 00:00:00+05:30,5150.0,5314.0,5095.5,5303.35
LTIM,4561409,2023-09-04 00:00:00+05:30,5315.05,5501.0,5272.85,5478.5
LTIM,4561409,2023-09-11 00:00:00+05:30,5480.0,5593.4,5416.0,5532.8
LTIM,4561409,2023-09-18 00:00:00+05:30,5520.0,5527.7,5350.0,5427.5
LTIM,4561409,2023-09-25 00:00:00+05:30,5449.0,5462.0,5128.0,5209.85
LTIM,4561409,2023-10-03 00:00:00+05:30,5195.0,5264.95,5126.65,5239.2
LTIM,4561409,2023-10-09 00:00:00+05:30,5215.95,5342.95,5075.0,5095.15
LTIM,4561409,2023-10-16 00:00:00+05:30,5118.45,5513.0,5037.65,5416.2
LTIM,4561409,2023-10-23 00:00:00+05:30,5407.0,5407.0,5066.6,5171.0
LTIM,4561409,2023-10-30 00:00:00+05:30,5171.0,5177.8,4989.05,5134.95
LTIM,4561409,2023-11-06 00:00:00+05:30,5174.0,5300.0,5115.0,5263.9
LTIM,4561409,2023-11-13 00:00:00+05:30,5259.0,5548.45,5216.4,5518.5
LTIM,4561409,2023-11-20 00:00:00+05:30,5518.5,5637.65,5437.75,5472.6
LTIM,4561409,2023-11-28 00:00:00+05:30,5478.95,5615.95,5407.6,5577.05
LTIM,4561409,2023-12-04 00:00:00+05:30,5610.0,5754.0,5454.0,5708.7
LTIM,4561409,2023-12-11 00:00:00+05:30,5736.0,6215.0,5614.0,6129.3
LTIM,4561409,2023-12-18 00:00:00+05:30,6140.0,6289.0,5950.05,6229.1
LTIM,4561409,2023-12-26 00:00:00+05:30,6240.0,6356.0,6200.25,6294.95
LTIM,4561409,2024-01-01 00:00:00+05:30,6308.8,6318.75,5851.7,5947.65
LTIM,4561409,2024-01-08 00:00:00+05:30,5988.0,6245.0,5835.05,6237.05
LTIM,4561409,2024-01-15 00:00:00+05:30,6343.95,6442.0,5411.75,5656.75
LTIM,4561409,2024-01-23 00:00:00+05:30,5630.0,5724.0,5457.3,5494.65
LTIM,4561409,2024-01-29 00:00:00+05:30,5497.0,5541.0,5310.3,5485.85
LTIM,4561409,2024-02-05 00:00:00+05:30,5540.0,5540.0,5362.0,5453.3
LTIM,4561409,2024-02-12 00:00:00+05:30,5469.95,5594.95,5404.65,5580.4
LTIM,4561409,2024-02-19 00:00:00+05:30,5566.0,5590.0,5406.05,5542.65
LTIM,4561409,2024-02-26 00:00:00+05:30,5537.9,5537.9,5257.0,5294.9
LTIM,4561409,2024-03-04 00:00:00+05:30,5300.0,5319.85,5073.25,5122.7
LTIM,4561409,2024-03-11 00:00:00+05:30,5118.0,5275.2,5057.0,5194.35
LTIM,4561409,2024-03-18 00:00:00+05:30,5200.0,5219.95,4945.05,5005.0
LTIM,4561409,2024-03-26 00:00:00+05:30,5005.0,5045.35,4908.05,4938.4
LTIM,4561409,2024-04-01 00:00:00+05:30,4955.0,4979.75,4864.05,4927.5
LTIM,4561409,2024-04-08 00:00:00+05:30,4940.0,4973.1,4875.35,4888.9
LTIM,4561409,2024-04-15 00:00:00+05:30,4855.0,4891.45,4596.35,4660.55
LTIM,4561409,2024-04-22 00:00:00+05:30,4699.0,4823.55,4591.5,4788.05
LTIM,4561409,2024-04-29 00:00:00+05:30,4801.1,4809.95,4640.55,4651.95
LTIM,4561409,2024-05-06 00:00:00+05:30,4675.0,4739.0,4565.6,4607.65
LTIM,4561409,2024-05-13 00:00:00+05:30,4607.8,4790.0,4565.5,4751.1
LTIM,4561409,2024-05-21 00:00:00+05:30,4750.0,4860.0,4711.0,4839.75
LTIM,4561409,2024-05-27 00:00:00+05:30,4849.95,4933.45,4680.0,4701.9
LTIM,4561409,2024-06-03 00:00:00+05:30,4825.0,5007.95,4513.55,4977.2
LTIM,4561409,2024-06-10 00:00:00+05:30,4977.25,5092.15,4865.0,5032.55
LTIM,4561409,2024-06-18 00:00:00+05:30,5056.0,5273.85,4970.5,5125.45
LTIM,4561409,2024-06-24 00:00:00+05:30,5100.0,5450.0,5060.0,5385.05
LTIM,4561409,2024-07-01 00:00:00+05:30,5372.45,5550.0,5352.15,5421.7
LTIM,4561409,2024-07-08 00:00:00+05:30,5421.7,5659.7,5320.35,5572.65
LTIM,4561409,2024-07-15 00:00:00+05:30,5612.0,5879.15,5438.3,5762.75
LTIM,4561409,2024-07-22 00:00:00+05:30,5733.0,5811.9,5547.55,5788.45
LTIM,4561409,2024-07-29 00:00:00+05:30,5811.95,5858.7,5480.0,5509.9
LTIM,4561409,2024-08-05 00:00:00+05:30,5258.0,5587.0,5257.05,5373.55
LTIM,4561409,2024-08-12 00:00:00+05:30,5373.55,5600.0,5302.8,5563.75
LTIM,4561409,2024-08-19 00:00:00+05:30,5567.95,5769.0,5567.95,5641.6
LTIM,4561409,2024-08-26 00:00:00+05:30,5660.0,6198.9,5649.75,6156.05
LTIM,4561409,2024-09-02 00:00:00+05:30,6102.0,6317.95,5989.75,6165.4
LTIM,4561409,2024-09-09 00:00:00+05:30,6135.0,6447.25,6105.0,6416.2
LTIM,4561409,2024-09-16 00:00:00+05:30,6446.0,6574.95,6232.0,6373.1
LTIM,4561409,2024-09-23 00:00:00+05:30,6400.0,6410.0,6090.55,6136.1
LTIM,4561409,2024-09-30 00:00:00+05:30,6100.0,6305.0,6023.0,6114.1
LTIM,4561409,2024-10-07 00:00:00+05:30,6169.9,6488.0,6150.0,6410.95
LTIM,4561409,2024-10-14 00:00:00+05:30,6412.0,6551.7,5960.0,5991.7
LTIM,4561409,2024-10-21 00:00:00+05:30,6029.0,6068.55,5827.5,5903.2
LTIM,4561409,2024-10-28 00:00:00+05:30,5909.8,5962.05,5621.2,5731.6
LTIM,4561409,2024-11-04 00:00:00+05:30,5700.0,6002.55,5572.65,5926.95
LTIM,4561409,2024-11-11 00:00:00+05:30,5890.0,6037.0,5858.9,5994.65
LTIM,4561409,2024-11-18 00:00:00+05:30,5955.0,6148.25,5711.5,6133.7
LTIM,4561409,2024-11-25 00:00:00+05:30,6150.0,6301.55,6085.55,6172.4
LTIM,4561409,2024-12-02 00:00:00+05:30,6172.4,6398.85,6125.75,6378.9
LTIM,4561409,2024-12-09 00:00:00+05:30,6378.9,6738.0,6330.0,6714.45
LTIM,4561409,2024-12-16 00:00:00+05:30,6700.0,6767.95,5801.0,5824.3
LTIM,4561409,2024-12-23 00:00:00+05:30,5877.9,5895.0,5650.7,5678.0
LTIM,4561409,2024-12-30 00:00:00+05:30,5680.45,5780.0,5510.0,5733.4
LTIM,4561409,2025-01-06 00:00:00+05:30,5843.95,6152.8,5661.5,6124.4
LTIM,4561409,2025-01-13 00:00:00+05:30,6094.0,6157.95,5691.0,5890.3
LTIM,4561409,2025-01-20 00:00:00+05:30,5885.0,6059.7,5692.0,5998.15
LTIM,4561409,2025-01-27 00:00:00+05:30,5855.55,5955.0,5610.0,5906.3
LTIM,4561409,2025-02-03 00:00:00+05:30,5850.0,6096.95,5733.45,5956.6
LTIM,4561409,2025-02-10 00:00:00+05:30,5966.0,6000.0,5476.05,5511.6
LTIM,4561409,2025-02-17 00:00:00+05:30,5485.05,5685.0,5267.0,5298.5
LTIM,4561409,2025-02-24 00:00:00+05:30,5235.0,5283.0,4650.45,4665.95
LTIM,4561409,2025-03-03 00:00:00+05:30,4667.9,4853.65,4631.05,4721.95
LTIM,4561409,2025-03-10 00:00:00+05:30,4732.95,4780.0,4437.45,4467.05
LTIM,4561409,2025-03-17 00:00:00+05:30,4428.2,4532.7,4239.0,4520.25
LTIM,4561409,2025-03-24 00:00:00+05:30,4559.0,4679.0,4475.0,4491.35
LTIM,4561409,2025-04-01 00:00:00+05:30,4474.6,4508.95,4101.0,4136.25
LTIM,4561409,2025-04-07 00:00:00+05:30,3900.0,4253.25,3802.0,4240.8
LTIM,4561409,2025-04-15 00:00:00+05:30,4326.0,4329.5,4040.1,4191.9
LTIM,4561409,2025-04-21 00:00:00+05:30,4210.0,4599.8,4200.0,4498.3
LTIM,4561409,2025-04-28 00:00:00+05:30,4510.0,4715.0,4412.2,4579.9
LTIM,4561409,2025-05-05 00:00:00+05:30,4599.9,4699.0,4478.8,4621.6
LTIM,4561409,2025-05-12 00:00:00+05:30,4750.0,5088.8,4702.1,5047.8
LTIM,4561409,2025-05-19 00:00:00+05:30,5047.3,5130.0,4970.2,5045.8
LTIM,4561409,2025-05-26 00:00:00+05:30,5054.5,5276.8,5041.2,5068.9
LTIM,4561409,2025-06-02 00:00:00+05:30,5056.0,5219.0,5001.0,5204.0
LTIM,4561409,2025-06-09 00:00:00+05:30,5210.5,5499.0,5210.5,5429.0
LTIM,4561409,2025-06-16 00:00:00+05:30,5420.0,5554.5,5244.5,5376.5
LTIM,4561409,2025-06-23 00:00:00+05:30,5325.0,5464.5,5280.0,5293.0
LTIM,4561409,2025-06-30 00:00:00+05:30,5319.5,5388.0,5241.0,5316.0
LTIM,4561409,2025-07-07 00:00:00+05:30,5317.0,5414.5,5170.5,5206.0
LTIM,4561409,2025-07-14 00:00:00+05:30,5201.0,5338.0,5070.5,5124.0
LTIM,4561409,2025-07-21 00:00:00+05:30,5125.0,5310.0,5070.5,5096.0
LTIM,4561409,2025-07-28 00:00:00+05:30,5090.0,5150.0,5006.0,5017.5
LTIM,4561409,2025-08-04 00:00:00+05:30,5014.5,5149.5,4939.5,5012.0
LTIM,4561409,2025-08-11 00:00:00+05:30,5012.0,5272.0,4987.0,5108.0
LTIM,4561409,2025-08-18 00:00:00+05:30,5149.0,5257.5,5024.5,5224.5
LTIM,4561409,2025-08-25 00:00:00+05:30,5253.0,5350.0,5067.5,5133.5
LTIM,4561409,2025-09-01 00:00:00+05:30,5121.0,5269.5,5069.0,5195.5
LTIM,4561409,2025-09-08 00:00:00+05:30,5202.0,5399.0,5072.5,5332.5
LTIM,4561409,2025-09-15 00:00:00+05:30,5340.0,5619.0,5295.0,5509.5
LTIM,4561409,2025-09-22 00:00:00+05:30,5355.0,5380.0,5042.0,5075.0
LTIM,4561409,2025-09-29 00:00:00+05:30,5100.0,5187.5,5010.0,5120.0
LTIM,4561409,2025-10-06 00:00:00+05:30,5125.5,5505.5,5121.5,5471.5
LTIM,4561409,2025-10-13 00:00:00+05:30,5450.0,5752.0,5414.0,5605.0
LTIM,4561409,2025-10-20 00:00:00+05:30,5613.5,5699.0,5520.5,5546.0
LTIM,4561409,2025-10-27 00:00:00+05:30,5574.0,5750.0,5557.5,5684.5
LTIM,4561409,2025-11-03 00:00:00+05:30,5684.5,5728.0,5508.5,5567.5
LTIM,4561409,2025-11-10 00:00:00+05:30,5575.0,5910.0,5575.0,5809.0
LTIM,4561409,2025-11-17 00:00:00+05:30,5826.0,6091.0,5749.0,5926.0
LTIM,4561409,2025-11-24 00:00:00+05:30,5930.0,6124.0,5805.0,6096.5
LTIM,4561409,2025-12-01 00:00:00+05:30,6122.0,6289.5,6091.5,6266.0
LTIM,4561409,2025-12-05 09:15:00+05:30,6266.0,6380.0,6240.5,6296.5
PERSISTENT,4701441,2022-12-05 00:00:00+05:30,2155.15,2163.95,1969.0,1977.8
PERSISTENT,4701441,2022-12-12 00:00:00+05:30,1968.5,2112.5,1945.5,1984.2
PERSISTENT,4701441,2022-12-19 00:00:00+05:30,1990.5,1993.4,1892.0,1917.2
PERSISTENT,4701441,2022-12-26 00:00:00+05:30,1910.0,1973.9,1895.0,1935.45
PERSISTENT,4701441,2023-01-02 00:00:00+05:30,1944.5,2045.7,1920.0,1925.95
PERSISTENT,4701441,2023-01-09 00:00:00+05:30,1949.5,2042.25,1937.5,2002.95
PERSISTENT,4701441,2023-01-16 00:00:00+05:30,2012.75,2180.0,1953.7,2161.75
PERSISTENT,4701441,2023-01-23 00:00:00+05:30,2165.0,2352.5,2136.0,2288.5
PERSISTENT,4701441,2023-01-30 00:00:00+05:30,2295.0,2444.0,2256.3,2425.5
PERSISTENT,4701441,2023-02-06 00:00:00+05:30,2422.5,2475.0,2387.5,2445.35
PERSISTENT,4701441,2023-02-13 00:00:00+05:30,2446.5,2492.1,2347.9,2455.2
PERSISTENT,4701441,2023-02-20 00:00:00+05:30,2460.0,2567.5,2441.8,2447.5
PERSISTENT,4701441,2023-02-27 00:00:00+05:30,2437.3,2474.45,2369.3,2433.1
PERSISTENT,4701441,2023-03-06 00:00:00+05:30,2450.0,2475.0,2343.0,2374.7
PERSISTENT,4701441,2023-03-13 00:00:00+05:30,2384.25,2399.1,2225.45,2326.0
PERSISTENT,4701441,2023-03-20 00:00:00+05:30,2310.0,2328.1,2158.0,2162.4
PERSISTENT,4701441,2023-03-27 00:00:00+05:30,2173.2,2325.0,2150.05,2304.75
PERSISTENT,4701441,2023-04-03 00:00:00+05:30,2315.0,2317.1,2231.0,2273.65
PERSISTENT,4701441,2023-04-10 00:00:00+05:30,2274.0,2291.75,2175.5,2195.9
PERSISTENT,4701441,2023-04-17 00:00:00+05:30,2100.0,2195.0,1981.0,2150.7
PERSISTENT,4701441,2023-04-24 00:00:00+05:30,2170.0,2384.9,2167.5,2368.6
PERSISTENT,4701441,2023-05-02 00:00:00+05:30,2378.5,2411.2,2310.0,2319.9
PERSISTENT,4701441,2023-05-08 00:00:00+05:30,2336.5,2383.0,2313.4,2325.95
PERSISTENT,4701441,2023-05-15 00:00:00+05:30,2330.0,2448.0,2308.5,2444.1
PERSISTENT,4701441,2023-05-22 00:00:00+05:30,2450.0,2580.0,2445.0,2544.5
PERSISTENT,4701441,2023-05-29 00:00:00+05:30,2566.8,2639.5,2513.1,2613.25
PERSISTENT,4701441,2023-06-05 00:00:00+05:30,2634.0,2638.0,2410.0,2443.4
PERSISTENT,4701441,2023-06-12 00:00:00+05:30,2460.0,2542.5,2419.5,2479.4
PERSISTENT,4701441,2023-06-19 00:00:00+05:30,2470.0,2500.0,2390.7,2402.4
PERSISTENT,4701441,2023-06-26 00:00:00+05:30,2397.4,2519.3,2385.5,2505.5
PERSISTENT,4701441,2023-07-03 00:00:00+05:30,2527.5,2527.5,2401.5,2414.8
PERSISTENT,4701441,2023-07-10 00:00:00+05:30,2414.8,2469.5,2323.2,2462.0
PERSISTENT,4701441,2023-07-17 00:00:00+05:30,2474.0,2578.8,2358.0,2374.8
PERSISTENT,4701441,2023-07-24 00:00:00+05:30,2385.0,2409.35,2321.4,2348.4
PERSISTENT,4701441,2023-07-31 00:00:00+05:30,2367.5,2417.75,2317.2,2392.9
PERSISTENT,4701441,2023-08-07 00:00:00+05:30,2400.0,2475.0,2386.0,2446.3
PERSISTENT,4701441,2023-08-14 00:00:00+05:30,2446.3,2500.0,2379.0,2425.85
PERSISTENT,4701441,2023-08-21 00:00:00+05:30,2442.0,2587.5,2427.0,2568.95
PERSISTENT,4701441,2023-08-28 00:00:00+05:30,2575.0,2786.45,2517.3,2771.65
PERSISTENT,4701441,2023-09-04 00:00:00+05:30,2784.0,2999.0,2775.6,2985.5
PERSISTENT,4701441,2023-09-11 00:00:00+05:30,2987.0,3017.5,2857.0,2982.8
PERSISTENT,4701441,2023-09-18 00:00:00+05:30,2989.5,2992.5,2853.0,2924.7
PERSISTENT,4701441,2023-09-25 00:00:00+05:30,2945.0,2978.8,2803.8,2898.35
PERSISTENT,4701441,2023-10-03 00:00:00+05:30,2887.4,2904.5,2815.0,2874.0
PERSISTENT,4701441,2023-10-09 00:00:00+05:30,2867.5,2942.5,2788.4,2882.7
PERSISTENT,4701441,2023-10-16 00:00:00+05:30,2892.4,2974.5,2812.9,2953.65
PERSISTENT,4701441,2023-10-23 00:00:00+05:30,2953.0,3072.75,2840.0,3041.9
PERSISTENT,4701441,2023-10-30 00:00:00+05:30,3068.7,3159.0,3020.6,3143.1
PERSISTENT,4701441,2023-11-06 00:00:00+05:30,3152.5,3173.25,3063.8,3131.35
PERSISTENT,4701441,2023-11-13 00:00:00+05:30,3123.0,3240.2,3071.45,3193.4
PERSISTENT,4701441,2023-11-20 00:00:00+05:30,3204.5,3312.3,3163.35,3195.2
PERSISTENT,4701441,2023-11-28 00:00:00+05:30,3212.5,3255.0,3138.0,3216.65
PERSISTENT,4701441,2023-12-04 00:00:00+05:30,3250.5,3268.0,3135.4,3232.25
PERSISTENT,4701441,2023-12-11 00:00:00+05:30,3250.0,3700.1,3213.1,3612.4
PERSISTENT,4701441,2023-12-18 00:00:00+05:30,3612.4,3745.5,3459.5,3715.7
PERSISTENT,4701441,2023-12-26 00:00:00+05:30,3725.0,3780.0,3662.5,3694.7
PERSISTENT,4701441,2024-01-01 00:00:00+05:30,3712.5,3712.5,3580.2,3675.4
PERSISTENT,4701441,2024-01-08 00:00:00+05:30,3682.5,3872.45,3605.05,3827.5
PERSISTENT,4701441,2024-01-15 00:00:00+05:30,3880.0,3982.5,3762.5,3960.8
PERSISTENT,4701441,2024-01-23 00:00:00+05:30,4119.5,4356.85,4060.0,4189.4
PERSISTENT,4701441,2024-01-29 00:00:00+05:30,4225.0,4415.0,4101.55,4251.3
PERSISTENT,4701441,2024-02-05 00:00:00+05:30,4262.5,4359.75,4215.45,4319.4
PERSISTENT,4701441,2024-02-12 00:00:00+05:30,4346.0,4450.0,4257.95,4434.8
PERSISTENT,4701441,2024-02-19 00:00:00+05:30,4450.0,4450.0,4245.0,4326.15
PERSISTENT,4701441,2024-02-26 00:00:00+05:30,4325.0,4363.55,4150.0,4287.9
PERSISTENT,4701441,2024-03-04 00:00:00+05:30,4287.5,4299.0,4012.55,4186.05
PERSISTENT,4701441,2024-03-11 00:00:00+05:30,4220.0,4227.4,3963.1,4216.2
PERSISTENT,4701441,2024-03-18 00:00:00+05:30,4203.0,4211.2,3931.0,3985.7
PERSISTENT,4701441,2024-03-26 00:00:00+05:30,3997.5,4096.65,3947.45,3984.55
PERSISTENT,4701441,2024-04-01 00:00:00+05:30,4069.9,4085.05,3931.25,3996.75
PERSISTENT,4701441,2024-04-08 00:00:00+05:30,4005.95,4040.0,3731.65,3977.95
PERSISTENT,4701441,2024-04-15 00:00:00+05:30,3970.0,3993.1,3790.0,3884.7
PERSISTENT,4701441,2024-04-22 00:00:00+05:30,3882.0,3882.0,3316.0,3397.45
PERSISTENT,4701441,2024-04-29 00:00:00+05:30,3402.1,3445.35,3341.0,3366.85
PERSISTENT,4701441,2024-05-06 00:00:00+05:30,3371.0,3434.4,3254.0,3367.5
PERSISTENT,4701441,2024-05-13 00:00:00+05:30,3352.0,3559.75,3271.4,3527.3
PERSISTENT,4701441,2024-05-21 00:00:00+05:30,3527.0,3588.65,3465.5,3555.2
PERSISTENT,4701441,2024-05-27 00:00:00+05:30,3585.0,3796.95,3400.0,3410.5
PERSISTENT,4701441,2024-06-03 00:00:00+05:30,3510.5,3873.45,3232.05,3850.25
PERSISTENT,4701441,2024-06-10 00:00:00+05:30,3855.0,3888.0,3678.0,3772.8
PERSISTENT,4701441,2024-06-18 00:00:00+05:30,3773.0,4102.3,3765.0,3944.45
PERSISTENT,4701441,2024-06-24 00:00:00+05:30,3939.95,4285.0,3892.95,4241.45
PERSISTENT,4701441,2024-07-01 00:00:00+05:30,4245.0,4845.7,4227.2,4771.25
PERSISTENT,4701441,2024-07-08 00:00:00+05:30,4779.8,4928.95,4520.5,4808.5
PERSISTENT,4701441,2024-07-15 00:00:00+05:30,4875.0,4916.95,4535.0,4583.45
PERSISTENT,4701441,2024-07-22 00:00:00+05:30,4583.45,4847.0,4492.0,4772.95
PERSISTENT,4701441,2024-07-29 00:00:00+05:30,4823.65,4964.8,4626.95,4636.35
PERSISTENT,4701441,2024-08-05 00:00:00+05:30,4444.0,4741.9,4409.1,4699.05
PERSISTENT,4701441,2024-08-12 00:00:00+05:30,4660.0,4938.8,4600.0,4857.15
PERSISTENT,4701441,2024-08-19 00:00:00+05:30,4905.0,4997.7,4818.9,4882.5
PERSISTENT,4701441,2024-08-26 00:00:00+05:30,4960.0,5264.95,4840.1,5170.85
PERSISTENT,4701441,2024-09-02 00:00:00+05:30,5214.5,5333.15,5146.65,5189.95
PERSISTENT,4701441,2024-09-09 00:00:00+05:30,5199.0,5387.85,5131.55,5359.9
PERSISTENT,4701441,2024-09-16 00:00:00+05:30,5370.0,5439.9,5115.0,5355.05
PERSISTENT,4701441,2024-09-23 00:00:00+05:30,5322.0,5585.95,5280.2,5437.0
PERSISTENT,4701441,2024-09-30 00:00:00+05:30,5420.0,5499.0,5078.5,5141.3
PERSISTENT,4701441,2024-10-07 00:00:00+05:30,5141.3,5490.2,5106.2,5469.55
PERSISTENT,4701441,2024-10-14 00:00:00+05:30,5477.0,5689.95,5403.1,5506.15
PERSISTENT,4701441,2024-10-21 00:00:00+05:30,5508.0,5798.7,5136.0,5670.9
PERSISTENT,4701441,2024-10-28 00:00:00+05:30,5655.0,5737.95,5300.05,5389.0
PERSISTENT,4701441,2024-11-04 00:00:00+05:30,5387.0,5830.0,5298.0,5668.7
PERSISTENT,4701441,2024-11-11 00:00:00+05:30,5690.0,5783.9,5589.0,5713.8
PERSISTENT,4701441,2024-11-18 00:00:00+05:30,5728.8,5868.75,5582.0,5796.25
PERSISTENT,4701441,2024-11-25 00:00:00+05:30,5875.0,6042.0,5802.05,5905.65
PERSISTENT,4701441,2024-12-02 00:00:00+05:30,5905.65,6188.95,5853.65,6174.25
PERSISTENT,4701441,2024-12-09 00:00:00+05:30,6178.8,6509.0,6178.8,6477.65
PERSISTENT,4701441,2024-12-16 00:00:00+05:30,6492.95,6788.9,6331.0,6368.7
PERSISTENT,4701441,2024-12-23 00:00:00+05:30,6413.15,6491.5,6275.85,6393.6
PERSISTENT,4701441,2024-12-30 00:00:00+05:30,6410.05,6768.8,6273.8,6405.95
PERSISTENT,4701441,2025-01-06 00:00:00+05:30,6405.95,6488.85,6092.1,6319.65
PERSISTENT,4701441,2025-01-13 00:00:00+05:30,6289.25,6306.65,5850.0,5961.2
PERSISTENT,4701441,2025-01-20 00:00:00+05:30,5994.0,6501.0,5445.0,6360.65
PERSISTENT,4701441,2025-01-27 00:00:00+05:30,6298.8,6338.6,5833.1,5933.55
PERSISTENT,4701441,2025-02-03 00:00:00+05:30,5830.0,6303.95,5477.55,6254.1
PERSISTENT,4701441,2025-02-10 00:00:00+05:30,6280.0,6284.9,5490.1,5562.7
PERSISTENT,4701441,2025-02-17 00:00:00+05:30,5562.7,5969.65,5388.5,5710.3
PERSISTENT,4701441,2025-02-24 00:00:00+05:30,5628.0,5690.0,5149.2,5303.9
PERSISTENT,4701441,2025-03-03 00:00:00+05:30,5303.9,5492.7,5085.05,5278.8
PERSISTENT,4701441,2025-03-10 00:00:00+05:30,5279.45,5309.0,4989.95,5125.75
PERSISTENT,4701441,2025-03-17 00:00:00+05:30,5125.75,5428.0,5028.2,5275.55
PERSISTENT,4701441,2025-03-24 00:00:00+05:30,5306.0,5700.45,5232.25,5513.75
PERSISTENT,4701441,2025-04-01 00:00:00+05:30,5494.0,5509.65,4498.6,4609.95
PERSISTENT,4701441,2025-04-07 00:00:00+05:30,4148.95,4920.0,4148.95,4544.6
PERSISTENT,4701441,2025-04-15 00:00:00+05:30,4641.5,4855.0,4555.0,4836.0
PERSISTENT,4701441,2025-04-21 00:00:00+05:30,4818.5,5387.5,4715.0,5273.5
PERSISTENT,4701441,2025-04-28 00:00:00+05:30,5293.5,5487.0,5172.5,5425.5
PERSISTENT,4701441,2025-05-05 00:00:00+05:30,5490.0,5630.5,5310.5,5443.0
PERSISTENT,4701441,2025-05-12 00:00:00+05:30,5640.0,5955.0,5552.0,5699.0
PERSISTENT,4701441,2025-05-19 00:00:00+05:30,5650.0,5815.0,5487.0,5662.0
PERSISTENT,4701441,2025-05-26 00:00:00+05:30,5690.0,5725.0,5571.0,5638.0
PERSISTENT,4701441,2025-06-02 00:00:00+05:30,5632.0,5693.0,5449.0,5676.5
PERSISTENT,4701441,2025-06-09 00:00:00+05:30,5725.0,6050.0,5694.0,5882.5
PERSISTENT,4701441,2025-06-16 00:00:00+05:30,5911.0,6145.0,5841.0,6106.5
PERSISTENT,4701441,2025-06-23 00:00:00+05:30,6066.0,6180.0,5984.5,6010.5
PERSISTENT,4701441,2025-06-30 00:00:00+05:30,6025.0,6113.0,5838.5,5896.0
PERSISTENT,4701441,2025-07-07 00:00:00+05:30,5885.0,5950.0,5560.0,5578.5
PERSISTENT,4701441,2025-07-14 00:00:00+05:30,5550.0,5665.0,5415.0,5547.5
PERSISTENT,4701441,2025-07-21 00:00:00+05:30,5560.0,5849.0,5086.0,5150.5
PERSISTENT,4701441,2025-07-28 00:00:00+05:30,5149.5,5209.5,5040.0,5061.5
PERSISTENT,4701441,2025-08-04 00:00:00+05:30,5055.0,5202.0,5008.5,5105.5
PERSISTENT,4701441,2025-08-11 00:00:00+05:30,5090.5,5330.0,5066.0,5289.0
PERSISTENT,4701441,2025-08-18 00:00:00+05:30,5324.0,5420.0,5180.0,5369.0
PERSISTENT,4701441,2025-08-25 00:00:00+05:30,5401.0,5509.5,5228.0,5305.5
PERSISTENT,4701441,2025-09-01 00:00:00+05:30,5335.5,5449.0,5090.0,5132.0
PERSISTENT,4701441,2025-09-08 00:00:00+05:30,5132.0,5450.5,5002.5,5411.0
PERSISTENT,4701441,2025-09-15 00:00:00+05:30,5461.0,5690.0,5331.5,5506.0
PERSISTENT,4701441,2025-09-22 00:00:00+05:30,5350.0,5360.5,4936.5,4951.0
PERSISTENT,4701441,2025-09-29 00:00:00+05:30,4980.0,5077.1,4785.0,5068.8
PERSISTENT,4701441,2025-10-06 00:00:00+05:30,5094.0,5403.5,5090.0,5357.7
PERSISTENT,4701441,2025-10-13 00:00:00+05:30,5327.9,5850.0,5202.0,5755.7
PERSISTENT,4701441,2025-10-20 00:00:00+05:30,5783.4,5977.0,5768.7,5826.0
PERSISTENT,4701441,2025-10-27 00:00:00+05:30,5880.0,5967.0,5782.0,5916.6
PERSISTENT,4701441,2025-11-03 00:00:00+05:30,5920.0,5955.0,5699.0,5781.0
PERSISTENT,4701441,2025-11-10 00:00:00+05:30,5789.0,6185.5,5766.5,6101.0
PERSISTENT,4701441,2025-11-17 00:00:00+05:30,6129.0,6419.0,6062.0,6296.5
PERSISTENT,4701441,2025-11-24 00:00:00+05:30,6300.0,6478.0,6297.0,6353.0
PERSISTENT,4701441,2025-12-01 00:00:00+05:30,6375.5,6528.5,6295.0,6452.0
PERSISTENT,4701441,2025-12-05 09:15:00+05:30,6453.0,6531.5,6428.0,6519.0
