,instrument_token,exchange_token,tradingsymbol,name,last_price,expiry,strike,tick_size,lot_size,instrument_type,segment,exchange
0,256265,1001,NIFTY 50,NIFTY 50,0.0,,0.0,0.0,0,EQ,INDICES,NSE
1,256777,1003,NIFTY MIDCAP 100,NIFTY MIDCAP 100,0.0,,0.0,0.0,0,EQ,INDICES,NSE
2,260105,1016,NIFTY BANK,NIFTY BANK,0.0,,0.0,0.0,0,EQ,INDICES,NSE
3,260617,1018,NIFTY 100,NIFTY 100,0.0,,0.0,0.0,0,EQ,INDICES,NSE
4,257033,1004,NIFTY DIV OPPS 50,NIFTY DIV OPPS 50,0.0,,0.0,0.0,0,EQ,INDICES,NSE
5,257289,1005,NIFTY COMMODITIES,NIFTY COMMODITIES,0.0,,0.0,0.0,0,EQ,INDICES,NSE
6,257545,1006,NIFTY CONSUMPTION,NIFTY CONSUMPTION,0.0,,0.0,0.0,0,EQ,INDICES,NSE
7,257801,1007,NIFTY FIN SERVICE,NIFTY FIN SERVICE,0.0,,0.0,0.0,0,EQ,INDICES,NSE
8,258825,1011,NIFTY50 PR 2X LEV,NIFTY50 PR 2X LEV,0.0,,0.0,0.0,0,EQ,INDICES,NSE
9,259081,1012,NIFTY50 PR 1X INV,NIFTY50 PR 1X INV,0.0,,0.0,0.0,0,EQ,INDICES,NSE
10,259337,1013,NIFTY50 TR 2X LEV,NIFTY50 TR 2X LEV,0.0,,0.0,0.0,0,EQ,INDICES,NSE
11,259593,1014,NIFTY50 TR 1X INV,NIFTY50 TR 1X INV,0.0,,0.0,0.0,0,EQ,INDICES,NSE
12,259849,1015,NIFTY IT,NIFTY IT,0.0,,0.0,0.0,0,EQ,INDICES,NSE
13,260873,1019,NIFTY MIDCAP 50,NIFTY MIDCAP 50,0.0,,0.0,0.0,0,EQ,INDICES,NSE
14,261129,1020,NIFTY REALTY,NIFTY REALTY,0.0,,0.0,0.0,0,EQ,INDICES,NSE
15,261385,1021,NIFTY INFRA,NIFTY INFRA,0.0,,0.0,0.0,0,EQ,INDICES,NSE
16,261641,1022,NIFTY ENERGY,NIFTY ENERGY,0.0,,0.0,0.0,0,EQ,INDICES,NSE
17,261897,1023,NIFTY FMCG,NIFTY FMCG,0.0,,0.0,0.0,0,EQ,INDICES,NSE
18,262153,1024,NIFTY MNC,NIFTY MNC,0.0,,0.0,0.0,0,EQ,INDICES,NSE
19,262409,1025,NIFTY PHARMA,NIFTY PHARMA,0.0,,0.0,0.0,0,EQ,INDICES,NSE
20,262665,1026,NIFTY PSE,NIFTY PSE,0.0,,0.0,0.0,0,EQ,INDICES,NSE
21,262921,1027,NIFTY PSU BANK,NIFTY PSU BANK,0.0,,0.0,0.0,0,EQ,INDICES,NSE
22,263177,1028,NIFTY SERV SECTOR,NIFTY SERV SECTOR,0.0,,0.0,0.0,0,EQ,INDICES,NSE
23,263433,1029,NIFTY AUTO,NIFTY AUTO,0.0,,0.0,0.0,0,EQ,INDICES,NSE
24,263689,1030,NIFTY METAL,NIFTY METAL,0.0,,0.0,0.0,0,EQ,INDICES,NSE
25,263945,1031,NIFTY MEDIA,NIFTY MEDIA,0.0,,0.0,0.0,0,EQ,INDICES,NSE
26,264457,1033,NIFTY 200,NIFTY 200,0.0,,0.0,0.0,0,EQ,INDICES,NSE
27,264713,1034,HANGSENG BEES-NAV,HANGSENG BEES-NAV,0.0,,0.0,0.0,0,EQ,INDICES,NSE
28,264969,1035,INDIA VIX,INDIA VIX,0.0,,0.0,0.0,0,EQ,INDICES,NSE
29,265225,1036,NIFTY50 DIV POINT,NIFTY50 DIV POINT,0.0,,0.0,0.0,0,EQ,INDICES,NSE
30,265737,1038,NIFTY200 QUALTY30,NIFTY200 QUALTY30,0.0,,0.0,0.0,0,EQ,INDICES,NSE
31,265993,1039,NIFTY ALPHA 50,NIFTY ALPHA 50,0.0,,0.0,0.0,0,EQ,INDICES,NSE
32,266249,1040,NIFTY MIDCAP 150,NIFTY MIDCAP 150,0.0,,0.0,0.0,0,EQ,INDICES,NSE
33,266505,1041,NIFTY MIDSML 400,NIFTY MIDSML 400,0.0,,0.0,0.0,0,EQ,INDICES,NSE
34,266761,1042,NIFTY SMLCAP 50,NIFTY SMLCAP 50,0.0,,0.0,0.0,0,EQ,INDICES,NSE
35,267017,1043,NIFTY SMLCAP 100,NIFTY SMLCAP 100,0.0,,0.0,0.0,0,EQ,INDICES,NSE
36,267273,1044,NIFTY SMLCAP 250,NIFTY SMLCAP 250,0.0,,0.0,0.0,0,EQ,INDICES,NSE
37,267529,1045,NIFTY50 VALUE 20,NIFTY50 VALUE 20,0.0,,0.0,0.0,0,EQ,INDICES,NSE
38,267785,1046,NIFTY100 LIQ 15,NIFTY100 LIQ 15,0.0,,0.0,0.0,0,EQ,INDICES,NSE
39,268041,1047,NIFTY 500,NIFTY 500,0.0,,0.0,0.0,0,EQ,INDICES,NSE
40,268297,1048,NIFTY CPSE,NIFTY CPSE,0.0,,0.0,0.0,0,EQ,INDICES,NSE
41,268553,1049,NIFTY GS 4 8YR,NIFTY GS 4 8YR,0.0,,0.0,0.0,0,EQ,INDICES,NSE
42,268809,1050,NIFTY GS 8 13YR,NIFTY GS 8 13YR,0.0,,0.0,0.0,0,EQ,INDICES,NSE
43,269065,1051,NIFTY GS 10YR,NIFTY GS 10YR,0.0,,0.0,0.0,0,EQ,INDICES,NSE
44,269321,1052,NIFTY GS 10YR CLN,NIFTY GS 10YR CLN,0.0,,0.0,0.0,0,EQ,INDICES,NSE
45,269577,1053,NIFTY GS 11 15YR,NIFTY GS 11 15YR,0.0,,0.0,0.0,0,EQ,INDICES,NSE
46,269833,1054,NIFTY GS 15YRPLUS,NIFTY GS 15YRPLUS,0.0,,0.0,0.0,0,EQ,INDICES,NSE
47,270089,1055,NIFTY GS COMPSITE,NIFTY GS COMPSITE,0.0,,0.0,0.0,0,EQ,INDICES,NSE
48,270345,1056,NIFTY GROWSECT 15,NIFTY GROWSECT 15,0.0,,0.0,0.0,0,EQ,INDICES,NSE
49,270601,1057,NIFTY MID LIQ 15,NIFTY MID LIQ 15,0.0,,0.0,0.0,0,EQ,INDICES,NSE
50,270857,1058,NIFTY NEXT 50,NIFTY NEXT 50,0.0,,0.0,0.0,0,EQ,INDICES,NSE
51,271113,1059,NIFTY PVT BANK,NIFTY PVT BANK,0.0,,0.0,0.0,0,EQ,INDICES,NSE
52,271625,1061,NIFTY50 EQL WGT,NIFTY50 EQL WGT,0.0,,0.0,0.0,0,EQ,INDICES,NSE
53,271881,1062,NIFTY100 EQL WGT,NIFTY100 EQL WGT,0.0,,0.0,0.0,0,EQ,INDICES,NSE
54,272137,1063,NIFTY100 LOWVOL30,NIFTY100 LOWVOL30,0.0,,0.0,0.0,0,EQ,INDICES,NSE
55,272393,1064,NIFTY100 QUALTY30,NIFTY100 QUALTY30,0.0,,0.0,0.0,0,EQ,INDICES,NSE
56,273673,1069,NIFTY ALPHALOWVOL,NIFTY ALPHALOWVOL,0.0,,0.0,0.0,0,EQ,INDICES,NSE
57,288009,1125,NIFTY MID SELECT,NIFTY MIDCAP SELECT (MIDCPNIFTY),0.0,,0.0,0.0,0,EQ,INDICES,NSE
58,288265,1126,NIFTY FINSRV25 50,NIFTY FINSRV25 50,0.0,,0.0,0.0,0,EQ,INDICES,NSE
59,288521,1127,NIFTY HEALTHCARE,NIFTY HEALTHCARE,0.0,,0.0,0.0,0,EQ,INDICES,NSE
60,288777,1128,NIFTY CONSR DURBL,NIFTY CONSR DURBL,0.0,,0.0,0.0,0,EQ,INDICES,NSE
61,289033,1129,NIFTY OIL AND GAS,NIFTY OIL AND GAS,0.0,,0.0,0.0,0,EQ,INDICES,NSE
62,289289,1130,NIFTY500 MULTICAP,NIFTY500 MULTICAP,0.0,,0.0,0.0,0,EQ,INDICES,NSE
63,289545,1131,NIFTY LARGEMID250,NIFTY LARGEMID250,0.0,,0.0,0.0,0,EQ,INDICES,NSE
64,289801,1132,NIFTY100ESGSECLDR,NIFTY100ESGSECLDR,0.0,,0.0,0.0,0,EQ,INDICES,NSE
65,290057,1133,NIFTY200MOMENTM30,NIFTY200MOMENTM30,0.0,,0.0,0.0,0,EQ,INDICES,NSE
66,290313,1134,NIFTY TOTAL MKT,NIFTY TOTAL MKT,0.0,,0.0,0.0,0,EQ,INDICES,NSE
67,290569,1135,NIFTY MICROCAP250,NIFTY MICROCAP250,0.0,,0.0,0.0,0,EQ,INDICES,NSE
68,290825,1136,NIFTY M150 QLTY50,NIFTY M150 QLTY50,0.0,,0.0,0.0,0,EQ,INDICES,NSE
69,291081,1137,NIFTY INDIA MFG,NIFTY INDIA MFG,0.0,,0.0,0.0,0,EQ,INDICES,NSE
70,291337,1138,NIFTY IND DIGITAL,NIFTY IND DIGITAL,0.0,,0.0,0.0,0,EQ,INDICES,NSE
71,291593,1139,NIFTY100 ESG,NIFTY100 ESG,0.0,,0.0,0.0,0,EQ,INDICES,NSE
72,294409,1150,NIFTY200 ALPHA 30,NIFTY200 ALPHA 30,0.0,,0.0,0.0,0,EQ,INDICES,NSE
73,294665,1151,NIFTYM150MOMNTM50,NIFTYM150MOMNTM50,0.0,,0.0,0.0,0,EQ,INDICES,NSE
74,294921,1152,NIFTY TATA 25 CAP,NIFTY TATA 25 CAP,0.0,,0.0,0.0,0,EQ,INDICES,NSE
75,295177,1153,NIFTY MULTI MFG,NIFTY MULTI MFG,0.0,,0.0,0.0,0,EQ,INDICES,NSE
76,295433,1154,NIFTY MULTI INFRA,NIFTY MULTI INFRA,0.0,,0.0,0.0,0,EQ,INDICES,NSE
77,295689,1155,NIFTY MIDSML HLTH,NIFTY MIDSML HLTH,0.0,,0.0,0.0,0,EQ,INDICES,NSE
78,404745,1581,NIFTY AQL 30,NIFTY ALPHA QUALITY LOW-VOLATILITY 30,0.0,,0.0,0.0,0,EQ,INDICES,NSE
79,405001,1582,NIFTY AQLV 30,NIFTY ALPHA QUALITY VALUE LOW VOLATILITY 30,0.0,,0.0,0.0,0,EQ,INDICES,NSE
80,405257,1583,NIFTY CORP MAATR,NIFTY INDIA SELECT 5 CORPORATE GROUPS,0.0,,0.0,0.0,0,EQ,INDICES,NSE
81,405513,1584,NIFTY EV,NIFTY EV & NEW AGE AUTOMOTIVE,0.0,,0.0,0.0,0,EQ,INDICES,NSE
82,405769,1585,NIFTY HIGHBETA 50,NIFTY HIGHBETA 50,0.0,,0.0,0.0,0,EQ,INDICES,NSE
83,406025,1586,NIFTY LOW VOL 50,NIFTY LOW VOLATILITY 50,0.0,,0.0,0.0,0,EQ,INDICES,NSE
84,406281,1587,NIFTY MOBILITY,NIFTY MOBILITY,0.0,,0.0,0.0,0,EQ,INDICES,NSE
85,406537,1588,NIFTY MULTI MQ 50,NIFTY500 MULTICAP MOMENTUM QUALITY 50,0.0,,0.0,0.0,0,EQ,INDICES,NSE
86,406793,1589,NIFTY NEW CONSUMP,NIFTY INDIA NEW AGE CONSUMPTION,0.0,,0.0,0.0,0,EQ,INDICES,NSE
87,407049,1590,NIFTY QLTY LV 30,NIFTY QUALITY LOW VOLATILITY 30,0.0,,0.0,0.0,0,EQ,INDICES,NSE
88,407305,1591,NIFTY SML250 Q50,NIFTY SMALLCAP250 QUALITY 50,0.0,,0.0,0.0,0,EQ,INDICES,NSE
89,407561,1592,NIFTY TOP 10 EW,NIFTY TOP 10 EQUAL WEIGHT,0.0,,0.0,0.0,0,EQ,INDICES,NSE
90,407817,1593,NIFTY TOP 15 EW,NIFTY TOP 15 EQUAL WEIGHT,0.0,,0.0,0.0,0,EQ,INDICES,NSE
91,408073,1594,NIFTY TOP 20 EW,NIFTY TOP 20 EQUAL WEIGHT,0.0,,0.0,0.0,0,EQ,INDICES,NSE
92,408329,1595,NIFTY100 ALPHA 30,NIFTY100 ALPHA 30,0.0,,0.0,0.0,0,EQ,INDICES,NSE
93,408585,1596,NIFTY100 ENH ESG,NIFTY100 ENHANCED ESG,0.0,,0.0,0.0,0,EQ,INDICES,NSE
94,408841,1597,NIFTY200 VALUE 30,NIFTY200 VALUE 30,0.0,,0.0,0.0,0,EQ,INDICES,NSE
95,409097,1598,NIFTY500 EW,NIFTY500 EQUAL WEIGHT,0.0,,0.0,0.0,0,EQ,INDICES,NSE
96,409353,1599,NIFTY500 VALUE 50,NIFTY500 VALUE 50,0.0,,0.0,0.0,0,EQ,INDICES,NSE
97,409609,1600,NIFTY500MOMENTM50,NIFTY500 MOMENTUM 50,0.0,,0.0,0.0,0,EQ,INDICES,NSE
98,409865,1601,NIFTYMS400 MQ 100,NIFTY MIDSMALLCAP400 MOMENTUM QUALITY 100,0.0,,0.0,0.0,0,EQ,INDICES,NSE
99,410121,1602,NIFTYSML250MQ 100,NIFTY SMALLCAP250 MOMENTUM QUALITY 100,0.0,,0.0,0.0,0,EQ,INDICES,NSE
100,410377,1603,NIFTY COREHOUSING,NIFTY CORE HOUSING,0.0,,0.0,0.0,0,EQ,INDICES,NSE
101,410633,1604,NIFTY FINSEREXBNK,NIFTY FINANCIAL SERVICES,0.0,,0.0,0.0,0,EQ,INDICES,NSE
102,410889,1605,NIFTY HOUSING,NIFTY HOUSING,0.0,,0.0,0.0,0,EQ,INDICES,NSE
103,411145,1606,NIFTY IPO,NIFTY IPO,0.0,,0.0,0.0,0,EQ,INDICES,NSE
104,411401,1607,NIFTY MS FIN SERV,NIFTY MIDSMALL FINANCIAL SERVICES,0.0,,0.0,0.0,0,EQ,INDICES,NSE
105,411657,1608,NIFTY MS IND CONS,NIFTY MIDSMALL INDIA CONSUMPTION,0.0,,0.0,0.0,0,EQ,INDICES,NSE
106,411913,1609,NIFTY MS IT TELCM,NIFTY MIDSMALL IT & TELECOM,0.0,,0.0,0.0,0,EQ,INDICES,NSE
107,412169,1610,NIFTY NONCYC CONS,NIFTY NON-CYCLICAL CONSUMER,0.0,,0.0,0.0,0,EQ,INDICES,NSE
108,412425,1611,NIFTY RURAL,NIFTY RURAL,0.0,,0.0,0.0,0,EQ,INDICES,NSE
109,412681,1612,NIFTY SHARIAH 25,NIFTY SHARIAH 25,0.0,,0.0,0.0,0,EQ,INDICES,NSE
110,412937,1613,NIFTY TRANS LOGIS,NIFTY TRANSPORTATION & LOGISTICS,0.0,,0.0,0.0,0,EQ,INDICES,NSE
111,413193,1614,NIFTY50 SHARIAH,NIFTY50 SHARIAH,0.0,,0.0,0.0,0,EQ,INDICES,NSE
112,413449,1615,NIFTY500 LMS EQL,NIFTY500 LARGEMIDSMALL EQUAL CAP WEIGHTED,0.0,,0.0,0.0,0,EQ,INDICES,NSE
113,413705,1616,NIFTY500 SHARIAH,NIFTY500 SHARIAH,0.0,,0.0,0.0,0,EQ,INDICES,NSE
114,413961,1617,NIFTY IND DEFENCE,NIFTY INDIA DEFENCE,0.0,,0.0,0.0,0,EQ,INDICES,NSE
115,414217,1618,NIFTY IND TOURISM,NIFTY INDIA TOURISM,0.0,,0.0,0.0,0,EQ,INDICES,NSE
116,414473,1619,NIFTY CAPITAL MKT,NIFTY CAPITAL MARKETS,0.0,,0.0,0.0,0,EQ,INDICES,NSE
117,416521,1627,Nifty BHARATBondIndex-Apr2025,NSE INDEX NIFTY BHARATBONDINDEX-APR2025,0.0,,0.0,0.0,0,EQ,INDICES,NSE
118,416777,1628,BHARATBOND-APR33,NSE INDEX BHARATBOND-APR33,0.0,,0.0,0.0,0,EQ,INDICES,NSE
119,417033,1629,BHARATBOND-APR32,NSE INDEX BHARATBOND-APR32,0.0,,0.0,0.0,0,EQ,INDICES,NSE
120,417289,1630,BHARATBOND-APR31,NSE INDEX BHARATBOND-APR31,0.0,,0.0,0.0,0,EQ,INDICES,NSE
121,417545,1631,BHARATBOND-APR30,NSE INDEX BHARATBOND-APR30,0.0,,0.0,0.0,0,EQ,INDICES,NSE
122,417801,1632,Nifty500 LowVol50,NSE INDEX NIFTY500 LOWVOL50,0.0,,0.0,0.0,0,EQ,INDICES,NSE
123,418057,1633,Nifty500 MQVLv50,NSE INDEX NIFTY500 MQVLV50,0.0,,0.0,0.0,0,EQ,INDICES,NSE
124,418313,1634,Nifty500 Qlty50,NSE INDEX NIFTY500 QLTY50,0.0,,0.0,0.0,0,EQ,INDICES,NSE
125,418569,1635,NIFTY50 USD,NSE INDEX NIFTY50 USD,0.0,,0.0,0.0,0,EQ,INDICES,NSE
126,418825,1636,NIFTY INDIA FPI 150,NSE INDEX NIFTY INDIA FPI 150,0.0,,0.0,0.0,0,EQ,INDICES,NSE
127,419081,1637,NIFTY500 FLEXICAP Q30,NSE INDEX NIFTY500 FLEXICAP Q30,0.0,,0.0,0.0,0,EQ,INDICES,NSE
128,419337,1638,NIFTY TOTAL MKT MOM QLTY 50,NSE INDEX NIFTY TOTAL MKT MOM QLTY 50,0.0,,0.0,0.0,0,EQ,INDICES,NSE
129,419593,1639,NIFTY SME EMERGE,NSE INDEX NIFTY SME EMERGE,0.0,,0.0,0.0,0,EQ,INDICES,NSE
130,419849,1640,NIFTY INDIA INTERNET,NSE INDEX NIFTY INDIA INTERNET,0.0,,0.0,0.0,0,EQ,INDICES,NSE
131,420105,1641,NIFTY CHEMICALS,NSE INDEX NIFTY CHEMICALS,0.0,,0.0,0.0,0,EQ,INDICES,NSE
132,420361,1642,NIFTY WAVES,NSE INDEX NIFTY WAVES,0.0,,0.0,0.0,0,EQ,INDICES,NSE
133,420617,1643,NIFTY INFRALOG,NSE INDEX NIFTY INFRALOG,0.0,,0.0,0.0,0,EQ,INDICES,NSE
134,420873,1644,NIFTY500 HEALTHCARE,NSE INDEX NIFTY500 HEALTHCARE,0.0,,0.0,0.0,0,EQ,INDICES,NSE
135,257,1,GOLDSTAR-SM,GOLDSTAR POWER,0.0,,0.0,0.05,11250,EQ,NSE,NSE
136,1025,4,21STCENMGM,21ST CENTURY MGMT SERVICE,0.0,,0.0,0.01,1,EQ,NSE,NSE
137,1793,7,AARTIIND,AARTI INDUSTRIES,0.0,,0.0,0.05,1,EQ,NSE,NSE
138,3329,13,ABB,ABB INDIA,0.0,,0.0,0.5,1,EQ,NSE,NSE
139,3585,14,656KA30-SG,SDL KA 6.56% 2030,0.0,,0.0,0.01,100,EQ,NSE,NSE
140,4353,17,GATECHDVR,GACM TECHNOLOGIES,0.0,,0.0,0.01,1,EQ,NSE,NSE
141,4609,18,66RJ30-SG,SDL RJ 6.6% 2030,0.0,,0.0,0.01,100,EQ,NSE,NSE
142,4865,19,STYRENIX,STYRENIX PERFORMANCE,0.0,,0.0,0.1,1,EQ,NSE,NSE
143,5121,20,66GA30A-SG,SDL GA 6.6% 2030,0.0,,0.0,0.01,100,EQ,NSE,NSE
144,5377,21,664UP30-SG,SDL UP 6.64% 2030,0.0,,0.0,0.01,100,EQ,NSE,NSE
145,5633,22,ACC,ACC,0.0,,0.0,0.1,1,EQ,NSE,NSE
146,5889,23,67JK30-SG,SDL JK 6.7% 2030,0.0,,0.0,0.01,100,EQ,NSE,NSE
147,6401,25,ADANIENT,ADANI ENTERPRISES,0.0,,0.0,0.1,1,EQ,NSE,NSE
148,6657,26,67HR30-SG,SDL HR 6.7% 2030,0.0,,0.0,0.01,100,EQ,NSE,NSE
149,7425,29,667MH31-SG,SDL MH 6.67% 2031,0.0,,0.0,0.01,100,EQ,NSE,NSE
150,8193,32,679MP33-SG,SDL MP 6.79% 2033,0.0,,0.0,0.01,100,EQ,NSE,NSE
151,8705,34,ADOR,ADOR WELDING,0.0,,0.0,0.1,1,EQ,NSE,NSE
152,8961,35,677KA34-SG,SDL KA 6.77% 2034,0.0,,0.0,0.01,100,EQ,NSE,NSE
153,9729,38,685AP36-SG,SDL AP 6.85% 2036,0.0,,0.0,0.01,100,EQ,NSE,NSE
154,10241,40,AEGISLOG,AEGIS LOGISTICS,0.0,,0.0,0.05,1,EQ,NSE,NSE
155,10497,41,687AP38-SG,SDL AP 6.87% 2038,0.0,,0.0,0.01,100,EQ,NSE,NSE
156,10753,42,677WB40-SG,SDL WB 6.77% 2040,0.0,,0.0,0.01,100,EQ,NSE,NSE
157,11777,46,SANWARIA-BZ,SANWARIA CONSUMER,0.0,,0.0,0.01,1,EQ,NSE,NSE
158,12289,48,HAPPSTMNDS,HAPPIEST MINDS TECHNO,0.0,,0.0,0.05,1,EQ,NSE,NSE
159,16641,65,663GJ29-SG,SDL GJ 6.63% 2029,0.0,,0.0,0.01,100,EQ,NSE,NSE
160,17409,68,684TS40-SG,SDL TS 6.84% 2040,0.0,,0.0,0.01,100,EQ,NSE,NSE
161,18433,72,665KA30-SG,SDL KA 6.65% 2030,0.0,,0.0,0.01,100,EQ,NSE,NSE
162,18945,74,675KA33-SG,SDL KA 6.75% 2033,0.0,,0.0,0.01,100,EQ,NSE,NSE
163,19457,76,667UK30-SG,SDL UK 6.67% 2030,0.0,,0.0,0.01,100,EQ,NSE,NSE
164,20225,79,ALEMBICLTD,ALEMBIC,0.0,,0.0,0.01,1,EQ,NSE,NSE
165,21249,83,67ML30-SG,SDL ML 6.7% 2030,0.0,,0.0,0.01,100,EQ,NSE,NSE
166,22017,86,67NL30-SG,SDL NL 6.7% 2030,0.0,,0.0,0.01,100,EQ,NSE,NSE
167,22273,87,667RJ30-SG,SDL RJ 6.67% 2030,0.0,,0.0,0.01,100,EQ,NSE,NSE
168,22785,89,67TR30-SG,SDL TR 6.7% 2030,0.0,,0.0,0.01,100,EQ,NSE,NSE
169,23553,92,668UP30-SG,SDL UP 6.68% 2030,0.0,,0.0,0.01,100,EQ,NSE,NSE
170,24321,95,676MP33-SG,SDL MP 6.76% 2033,0.0,,0.0,0.01,100,EQ,NSE,NSE
171,25601,100,ARE&M,AMARA RAJA ENERGY MOB,0.0,,0.0,0.05,1,EQ,NSE,NSE
172,26625,104,SHAREINDIA,SHARE IND. SECURITIES,0.0,,0.0,0.01,1,EQ,NSE,NSE
173,29953,117,OMFURN-SM,OMFURN INDIA,0.0,,0.0,0.05,1200,EQ,NSE,NSE
174,32769,128,ROUTE,ROUTE MOBILE,0.0,,0.0,0.05,1,EQ,NSE,NSE
175,34817,136,ANDHRSUGAR,ANDHRA SUGARS,0.0,,0.0,0.01,1,EQ,NSE,NSE
176,36865,144,GODREJAGRO,GODREJ AGROVET,0.0,,0.0,0.05,1,EQ,NSE,NSE
177,38145,149,SGBSEP28VI-GB,2.50%GOLDBONDS2028SR-VI,0.0,,0.0,0.01,1,EQ,NSE,NSE
178,39425,154,APCOTEXIND,APCOTEX INDUSTRIES LIMITE,0.0,,0.0,0.05,1,EQ,NSE,NSE
179,40193,157,APOLLOHOSP,APOLLO HOSPITALS ENTER. L,0.0,,0.0,0.5,1,EQ,NSE,NSE
180,40449,158,67MH28-SG,SDL MH 6.7% 2028,0.0,,0.0,0.01,100,EQ,NSE,NSE
181,40705,159,MILTON-SM,MILTON INDUSTRIES,0.0,,0.0,0.05,4400,EQ,NSE,NSE
182,41217,161,674UP30-SG,SDL UP 6.74% 2030,0.0,,0.0,0.01,100,EQ,NSE,NSE
183,41729,163,APOLLOTYRE,APOLLO TYRES,0.0,,0.0,0.05,1,EQ,NSE,NSE
184,41985,164,68AS30-SG,SDL AS 6.8% 2030,0.0,,0.0,0.01,100,EQ,NSE,NSE
185,42241,165,674GA30-SG,SDL GA 6.74% 2030,0.0,,0.0,0.01,100,EQ,NSE,NSE
186,42497,166,ANDHRAPAP,ANDHRA PAPER,0.0,,0.0,0.01,1,EQ,NSE,NSE
187,42753,167,67GJ30-SG,SDL GJ 6.7% 2030,0.0,,0.0,0.01,100,EQ,NSE,NSE
188,43521,170,67KA30-SG,SDL KA 6.7% 2030,0.0,,0.0,0.01,100,EQ,NSE,NSE
189,43777,171,672RJ30-SG,SDL RJ 6.72% 2030,0.0,,0.0,0.01,100,EQ,NSE,NSE
190,44289,173,673SK30-SG,SDL SK 6.73% 2030,0.0,,0.0,0.01,100,EQ,NSE,NSE
191,45825,179,669TN30-SG,SDL TN 6.69% 2030,0.0,,0.0,0.01,100,EQ,NSE,NSE
192,46337,181,ARENTERP,RAJDARSHAN INDUSTRIES,0.0,,0.0,0.01,1,EQ,NSE,NSE
193,46593,182,678KA32-SG,SDL KA 6.78% 2032,0.0,,0.0,0.01,100,EQ,NSE,NSE
194,47105,184,TCPLPACK,TCPL PACKAGING,0.0,,0.0,0.1,1,EQ,NSE,NSE
195,47361,185,678MH32-SG,SDL MH 6.78% 2032,0.0,,0.0,0.01,100,EQ,NSE,NSE
196,47617,186,850NHAI29-N5,,0.0,,0.0,0.01,1,EQ,NSE,NSE
197,49153,192,875NHAI29-N6,,0.0,,0.0,0.01,1,EQ,NSE,NSE
198,49409,193,ARVIND,ARVIND,0.0,,0.0,0.05,1,EQ,NSE,NSE
199,50945,199,MASFIN,MAS FINANCIAL SERV,0.0,,0.0,0.05,1,EQ,NSE,NSE
200,51457,201,UNIDT,UNITED DRILLING TOOLS,0.0,,0.0,0.01,1,EQ,NSE,NSE
201,51969,203,ASHAPURMIN,ASHAPURA MINECHEM,0.0,,0.0,0.05,1,EQ,NSE,NSE
202,52737,206,ASHIMASYN,ASHIMA,0.0,,0.0,0.01,1,EQ,NSE,NSE
203,54273,212,ASHOKLEY,ASHOK LEYLAND,0.0,,0.0,0.01,1,EQ,NSE,NSE
204,56321,220,IEX,INDIAN ENERGY EXC,0.0,,0.0,0.01,1,EQ,NSE,NSE
205,60161,235,AAKASH,AAKASH EXPLORATION SER L,0.0,,0.0,0.01,1,EQ,NSE,NSE
206,60417,236,ASIANPAINT,ASIAN PAINTS,0.0,,0.0,0.1,1,EQ,NSE,NSE
207,62721,245,ADL,ARCHIDPLY DECOR,0.0,,0.0,0.01,1,EQ,NSE,NSE
208,65281,255,NIRAJ,NIRAJ CEMENT STRUC,0.0,,0.0,0.01,1,EQ,NSE,NSE
209,67329,263,ATUL,ATUL,0.0,,0.0,0.5,1,EQ,NSE,NSE
210,69121,270,CHEMCON,CHEMCON SPECIAL CHEM,0.0,,0.0,0.01,1,EQ,NSE,NSE
211,70401,275,AUROPHARMA,AUROBINDO PHARMA,0.0,,0.0,0.1,1,EQ,NSE,NSE
212,70913,277,GICRE,GENERAL INS CORP OF INDIA,0.0,,0.0,0.05,1,EQ,NSE,NSE
213,71169,278,AUTOAXLES,AUTOMOTIVE AXLES,0.0,,0.0,0.1,1,EQ,NSE,NSE
214,74497,291,69PY29-SG,SDL PY 6.9% 2029,0.0,,0.0,0.01,100,EQ,NSE,NSE
215,75265,294,69AS30A-SG,SDL AS 6.9% 2030,0.0,,0.0,0.01,100,EQ,NSE,NSE
216,76033,297,683GJ30-SG,SDL GJ 6.83% 2030,0.0,,0.0,0.01,100,EQ,NSE,NSE
217,76801,300,685KA30-SG,SDL KA 6.85% 2030,0.0,,0.0,0.01,100,EQ,NSE,NSE
218,77313,302,685RJ30-SG,SDL RJ 6.85% 2030,0.0,,0.0,0.01,100,EQ,NSE,NSE
219,77569,303,689GA30-SG,SDL GA 6.89% 2030,0.0,,0.0,0.01,100,EQ,NSE,NSE
220,78081,305,BAJAJHLDNG,BAJAJ HOLDINGS & INVS,0.0,,0.0,1.0,1,EQ,NSE,NSE
221,78337,306,69ML30-SG,SDL ML 6.9% 2030,0.0,,0.0,0.01,100,EQ,NSE,NSE
222,78593,307,69UP30-SG,SDL UP 6.9% 2030,0.0,,0.0,0.01,100,EQ,NSE,NSE
223,78849,308,BAJAJHIND,BAJAJ HINDUSTHAN SUGAR LT,0.0,,0.0,0.01,1,EQ,NSE,NSE
224,79105,309,69UK30A-SG,SDL UK 6.9% 2030,0.0,,0.0,0.01,100,EQ,NSE,NSE
225,79617,311,697KA31-SG,SDL KA 6.97% 2031,0.0,,0.0,0.01,100,EQ,NSE,NSE
226,79873,312,TIINDIA,TUBE INVEST OF INDIA,0.0,,0.0,0.1,1,EQ,NSE,NSE
227,80129,313,71MH32-SG,SDL MH 7.1% 2032,0.0,,0.0,0.01,100,EQ,NSE,NSE
228,80385,314,696JK35-SG,SDL JK 6.96% 2035,0.0,,0.0,0.01,100,EQ,NSE,NSE
229,80641,315,704WB35-SG,SDL WB 7.04% 2035,0.0,,0.0,0.01,100,EQ,NSE,NSE
230,80897,316,705MZ35-SG,SDL MZ 7.05% 2035,0.0,,0.0,0.01,100,EQ,NSE,NSE
231,81153,317,BAJFINANCE,BAJAJ FINANCE,0.0,,0.0,0.1,1,EQ,NSE,NSE
232,81409,318,70AP39-SG,SDL AP 7.0% 2039,0.0,,0.0,0.01,100,EQ,NSE,NSE
233,81665,319,695PN40-SG,SDL PN 6.95% 2040,0.0,,0.0,0.01,100,EQ,NSE,NSE
234,82177,321,705HR40-SG,SDL HR 7.05% 2040,0.0,,0.0,0.01,100,EQ,NSE,NSE
235,82433,322,694TS50-SG,SDL TS 6.94% 2050,0.0,,0.0,0.01,100,EQ,NSE,NSE
236,82945,324,ANGELONE,ANGEL ONE,0.0,,0.0,0.1,1,EQ,NSE,NSE
237,84481,330,VALIANTORG,VALIANT ORGANICS,0.0,,0.0,0.05,1,EQ,NSE,NSE
238,85761,335,BALKRISIND,BALKRISHNA IND.,0.0,,0.0,0.1,1,EQ,NSE,NSE
239,86529,338,BALMLAWRIE,BALMER LAWRIE & CO,0.0,,0.0,0.01,1,EQ,NSE,NSE
240,87297,341,BALRAMCHIN,BALRAMPUR CHINI MILLS,0.0,,0.0,0.05,1,EQ,NSE,NSE
241,87553,342,CAMS,COMPUTER AGE MNGT SER,0.0,,0.0,0.1,1,EQ,NSE,NSE
242,88833,347,BANARBEADS,BANARAS BEADS,0.0,,0.0,0.01,1,EQ,NSE,NSE
243,89601,350,BANARISUG,BANNARI AMMAN SUGARS,0.0,,0.0,0.1,1,EQ,NSE,NSE
244,91393,357,NAM-INDIA,NIPPON L I A M,0.0,,0.0,0.05,1,EQ,NSE,NSE
245,91905,359,ROML,RAJ OIL MILLS,0.0,,0.0,0.01,1,EQ,NSE,NSE
246,94209,368,BASF,BASF INDIA,0.0,,0.0,0.1,1,EQ,NSE,NSE
247,94977,371,BATAINDIA,BATA INDIA,0.0,,0.0,0.05,1,EQ,NSE,NSE
248,97281,380,BBTC,BOMBAY BURMAH TRADING COR,0.0,,0.0,0.1,1,EQ,NSE,NSE
249,97537,381,SINTERCOM,SINTERCOM INDIA,0.0,,0.0,0.01,1,EQ,NSE,NSE
250,98049,383,BEL,BHARAT ELECTRONICS,0.0,,0.0,0.05,1,EQ,NSE,NSE
251,98561,385,MAHLOG,MAHINDRA LOGISTIC,0.0,,0.0,0.05,1,EQ,NSE,NSE
252,100609,393,GLOBE,GLOBE ENTERPRISE (I),0.0,,0.0,0.01,1,EQ,NSE,NSE
253,101121,395,BEML,BEML,0.0,,0.0,0.1,1,EQ,NSE,NSE
254,102145,399,NIACL,THE NEW INDIA ASSU CO,0.0,,0.0,0.01,1,EQ,NSE,NSE
255,103425,404,BERGEPAINT,BERGER PAINTS (I),0.0,,0.0,0.05,1,EQ,NSE,NSE
256,107265,419,BEPL,BHANSALI ENG. POLYMERS LT,0.0,,0.0,0.01,1,EQ,NSE,NSE
257,107521,420,672TN27-SG,SDL TN 6.72% 2027,0.0,,0.0,0.01,100,EQ,NSE,NSE
258,108033,422,BHARATFORG,BHARAT FORGE,0.0,,0.0,0.1,1,EQ,NSE,NSE
259,108801,425,KHADIM,KHADIM INDIA,0.0,,0.0,0.01,1,EQ,NSE,NSE
260,109313,427,681MH28-SG,SDL MH 6.81% 2028,0.0,,0.0,0.01,100,EQ,NSE,NSE
261,109569,428,693JH30-SG,SDL JH 6.93% 2030,0.0,,0.0,0.01,100,EQ,NSE,NSE
262,110081,430,692RJ30-SG,SDL RJ 6.92% 2030,0.0,,0.0,0.01,100,EQ,NSE,NSE
263,110337,431,691AS30-SG,SDL AS 6.91% 2030,0.0,,0.0,0.01,100,EQ,NSE,NSE
264,111617,436,IFGLEXPOR,IFGL REFRACTORIES,0.0,,0.0,0.01,1,EQ,NSE,NSE
265,111873,437,691NL30-SG,SDL NL 6.91% 2030,0.0,,0.0,0.01,100,EQ,NSE,NSE
266,112129,438,BHEL,BHEL,0.0,,0.0,0.05,1,EQ,NSE,NSE
267,112385,439,691UP30A-SG,SDL UP 6.91% 2030,0.0,,0.0,0.01,100,EQ,NSE,NSE
268,112641,440,69GA30A-SG,SDL GA 6.9% 2030,0.0,,0.0,0.01,100,EQ,NSE,NSE
269,113921,445,5PAISA,5PAISA CAPITAL,0.0,,0.0,0.05,1,EQ,NSE,NSE
270,114177,446,69HP30-SG,SDL HP 6.9% 2030,0.0,,0.0,0.01,100,EQ,NSE,NSE
271,114689,448,687MH30-SG,SDL MH 6.87% 2030,0.0,,0.0,0.01,100,EQ,NSE,NSE
272,114945,449,686KA30-SG,SDL KA 6.86% 2030,0.0,,0.0,0.01,100,EQ,NSE,NSE
273,116225,454,684GJ30-SG,SDL GJ 6.84% 2030,0.0,,0.0,0.01,100,EQ,NSE,NSE
274,116993,457,715JK32-SG,SDL JK 7.15% 2032,0.0,,0.0,0.01,100,EQ,NSE,NSE
275,117761,460,707MP32-SG,SDL MP 7.07% 2032,0.0,,0.0,0.01,100,EQ,NSE,NSE
276,119297,466,705MH32-SG,SDL MH 7.05% 2032,0.0,,0.0,0.01,100,EQ,NSE,NSE
277,119553,467,HDFCLIFE,HDFC LIFE INS CO,0.0,,0.0,0.05,1,EQ,NSE,NSE
278,119809,468,708KA34-SG,SDL KA 7.08% 2034,0.0,,0.0,0.01,100,EQ,NSE,NSE
279,120065,469,71AP37-SG,SDL AP 7.1% 2037,0.0,,0.0,0.01,100,EQ,NSE,NSE
280,120577,471,OSWALGREEN,OSWAL GREENTECH,0.0,,0.0,0.01,1,EQ,NSE,NSE
281,120833,472,709WB40-SG,SDL WB 7.09% 2040,0.0,,0.0,0.01,100,EQ,NSE,NSE
282,121345,474,3MINDIA,3M INDIA,0.0,,0.0,5.0,1,EQ,NSE,NSE
283,121601,475,703AP40-SG,SDL AP 7.03% 2040,0.0,,0.0,0.01,100,EQ,NSE,NSE
284,122113,477,BIRLACABLE,BIRLA CABLE,0.0,,0.0,0.01,1,EQ,NSE,NSE
285,122881,480,BIRLACORPN,BIRLA CORPORATION,0.0,,0.0,0.1,1,EQ,NSE,NSE
286,123393,482,AISL-SM,ANI INTEGRATED SERV,0.0,,0.0,0.05,600,EQ,NSE,NSE
287,125185,489,ICEMAKE,ICE MAKE REFRIGERAT,0.0,,0.0,0.05,1,EQ,NSE,NSE
288,126721,495,BLUEDART,BLUE DART EXPRESS,0.0,,0.0,0.5,1,EQ,NSE,NSE
289,127489,498,903SFL28-YI,,0.0,,0.0,0.01,1,EQ,NSE,NSE
290,129793,507,PULZ-SM,PULZ ELECTRONICS,0.0,,0.0,0.05,2000,EQ,NSE,NSE
291,130305,509,MAZDOCK,MAZAGON DOCK SHIPBUIL,0.0,,0.0,0.1,1,EQ,NSE,NSE
292,131329,513,BOMDYEING,BOMBAY DYEING & MFG. CO L,0.0,,0.0,0.01,1,EQ,NSE,NSE
293,133633,522,ICICIB22,ICICIPRAMC - BHARATIWIN,0.0,,0.0,0.01,1,EQ,NSE,NSE
294,134657,526,BPCL,BHARAT PETROLEUM CORP  LT,0.0,,0.0,0.05,1,EQ,NSE,NSE
295,134913,527,UTIAMC,UTI ASSET MNGMT CO,0.0,,0.0,0.1,1,EQ,NSE,NSE
296,135681,530,BPL,BPL,0.0,,0.0,0.01,1,EQ,NSE,NSE
297,140033,547,BRITANNIA,BRITANNIA INDUSTRIES,0.0,,0.0,0.5,1,EQ,NSE,NSE
298,143105,559,BSL,BSL,0.0,,0.0,0.01,1,EQ,NSE,NSE
299,146689,573,FELIX-SM,FELIX INDUSTRIES,0.0,,0.0,0.05,500,EQ,NSE,NSE
300,147969,578,LIKHITHA,LIKHITHA INFRASTRUC,0.0,,0.0,0.01,1,EQ,NSE,NSE
301,149249,583,CANFINHOME,CAN FIN HOMES,0.0,,0.0,0.05,1,EQ,NSE,NSE
302,151041,590,669PN30-SG,SDL PN 6.69% 2030,0.0,,0.0,0.01,100,EQ,NSE,NSE
303,151297,591,840IRFC29-N8,,0.0,,0.0,0.01,1,EQ,NSE,NSE
304,151553,592,GRAPHITE,GRAPHITE INDIA,0.0,,0.0,0.05,1,EQ,NSE,NSE
305,151809,593,661KA30-SG,SDL KA 6.61% 2030,0.0,,0.0,0.01,100,EQ,NSE,NSE
306,152321,595,CARBORUNIV,CARBORUNDUM UNIVERSAL,0.0,,0.0,0.05,1,EQ,NSE,NSE
307,152577,596,663MH30-SG,SDL MH 6.63% 2030,0.0,,0.0,0.01,100,EQ,NSE,NSE
308,153345,599,645MH27-SG,SDL MH 6.45% 2027,0.0,,0.0,0.01,100,EQ,NSE,NSE
309,154369,603,865IRFC29-NA,,0.0,,0.0,0.01,1,EQ,NSE,NSE
310,154881,605,655MH28-SG,SDL MH 6.55% 2028,0.0,,0.0,0.01,100,EQ,NSE,NSE
311,155905,609,665ML30-SG,SDL ML 6.65% 2030,0.0,,0.0,0.01,100,EQ,NSE,NSE
312,156417,611,66RJ30A-SG,SDL RJ 6.6% 2030,0.0,,0.0,0.01,100,EQ,NSE,NSE
313,157185,614,663UP30-SG,SDL UP 6.63% 2030,0.0,,0.0,0.01,100,EQ,NSE,NSE
314,157953,617,662UK30-SG,SDL UK 6.62% 2030,0.0,,0.0,0.01,100,EQ,NSE,NSE
315,158209,618,675KA33A-SG,SDL KA 6.75% 2033,0.0,,0.0,0.01,100,EQ,NSE,NSE
316,158465,619,CENTENKA,CENTURY ENKA,0.0,,0.0,0.05,1,EQ,NSE,NSE
317,158721,620,699WB35-SG,SDL WB 6.99% 2035,0.0,,0.0,0.01,100,EQ,NSE,NSE
318,159489,623,SGBDEC25-GB,2.50%GOLDBONDS 2025 SR-X,0.0,,0.0,0.01,1,EQ,NSE,NSE
319,160001,625,ABREL,ADITYA BIRLA REAL EST,0.0,,0.0,0.1,1,EQ,NSE,NSE
320,160257,626,691AP39-SG,SDL AP 6.91% 2039,0.0,,0.0,0.01,100,EQ,NSE,NSE
321,160769,628,CESC,CESC,0.0,,0.0,0.01,1,EQ,NSE,NSE
322,161025,629,691MP40-SG,SDL MP 6.91% 2040,0.0,,0.0,0.01,100,EQ,NSE,NSE
323,161281,630,694TS50A-SG,SDL TS 6.94% 2050,0.0,,0.0,0.01,100,EQ,NSE,NSE
324,162305,634,IGARASHI,IGARASHI MOTORS INDIA,0.0,,0.0,0.05,1,EQ,NSE,NSE
325,163073,637,CHAMBLFERT,CHAMBAL FERTILIZERS,0.0,,0.0,0.05,1,EQ,NSE,NSE
326,164097,641,DNAMEDIA,DILIGENT MEDIA CORP,0.0,,0.0,0.01,1,EQ,NSE,NSE
327,173057,676,EXIDEIND,EXIDE INDUSTRIES,0.0,,0.0,0.05,1,EQ,NSE,NSE
328,175361,685,CHOLAFIN,CHOLAMANDALAM IN & FIN CO,0.0,,0.0,0.1,1,EQ,NSE,NSE
329,177665,694,CIPLA,CIPLA,0.0,,0.0,0.1,1,EQ,NSE,NSE
330,179457,701,HEMIPROP,HEMISPHERE PROP IND,0.0,,0.0,0.01,1,EQ,NSE,NSE
331,179969,703,DICIND,DIC INDIA,0.0,,0.0,0.05,1,EQ,NSE,NSE
332,181249,708,SHRADHA,SHRADHA INFRAPROJECTS,0.0,,0.0,0.01,1,EQ,NSE,NSE
333,182785,714,SHALBY,SHALBY,0.0,,0.0,0.01,1,EQ,NSE,NSE
334,183041,715,HEUBACHIND,HEUBACH COLORANTS IND,0.0,,0.0,0.05,1,EQ,NSE,NSE
335,184833,722,SBIETFPB,SBIAMC - SBIETFPB,0.0,,0.0,0.01,1,EQ,NSE,NSE
336,186625,729,SGBDEC25XI-GB,2.50%GOLDBONDS 2025 SR-XI,0.0,,0.0,0.01,1,EQ,NSE,NSE
337,189185,739,COROMANDEL,COROMANDEL INTERNTL.,0.0,,0.0,0.1,1,EQ,NSE,NSE
338,189441,740,SBIETFIT,SBIAMC - SBIETFIT,0.0,,0.0,0.01,1,EQ,NSE,NSE
339,189953,742,COSMOFIRST,COSMO FIRST,0.0,,0.0,0.05,1,EQ,NSE,NSE
340,190977,746,687AP35-SG,SDL AP 6.87% 2035,0.0,,0.0,0.01,100,EQ,NSE,NSE
341,193025,754,656AS30-SG,SDL AS 6.56% 2030,0.0,,0.0,0.01,100,EQ,NSE,NSE
342,193793,757,CRISIL,CRISIL,0.0,,0.0,0.1,1,EQ,NSE,NSE
343,194049,758,651KA30-SG,SDL KA 6.51% 2030,0.0,,0.0,0.01,100,EQ,NSE,NSE
344,194561,760,CGPOWER,CG POWER AND IND SOL,0.0,,0.0,0.05,1,EQ,NSE,NSE
345,194817,761,662JH30-SG,SDL JH 6.62% 2030,0.0,,0.0,0.01,100,EQ,NSE,NSE
346,196353,767,689MP40-SG,SDL MP 6.89% 2040,0.0,,0.0,0.01,100,EQ,NSE,NSE
347,197633,772,DABUR,DABUR INDIA,0.0,,0.0,0.05,1,EQ,NSE,NSE
348,197889,773,647MH28-SG,SDL MH 6.47% 2028,0.0,,0.0,0.01,100,EQ,NSE,NSE
349,198657,776,656MH30-SG,SDL MH 6.56% 2030,0.0,,0.0,0.01,100,EQ,NSE,NSE
350,199169,778,KEEPLEARN,DSJ KEEP LEARNING,0.0,,0.0,0.01,1,EQ,NSE,NSE
351,199425,779,654UP30-SG,SDL UP 6.54% 2030,0.0,,0.0,0.01,100,EQ,NSE,NSE
352,199937,781,DALMIASUG,DALMIA BHARAT SUG IN,0.0,,0.0,0.05,1,EQ,NSE,NSE
353,200193,782,662KA32-SG,SDL KA 6.62% 2032,0.0,,0.0,0.01,100,EQ,NSE,NSE
354,203521,795,SGBDEC2512-GB,2.50%GOLDBONDS2025 SR-XII,0.0,,0.0,0.01,1,EQ,NSE,NSE
355,205825,804,SHIVATEX,SHIVA TEXYARN,0.0,,0.0,0.01,1,EQ,NSE,NSE
356,206081,805,DCM,DCM,0.0,,0.0,0.01,1,EQ,NSE,NSE
357,207105,809,BSHSL,BOMBAY SUPER HYBRID SEEDS,0.0,,0.0,0.01,1,EQ,NSE,NSE
358,207617,811,DCMSHRIRAM,DCM SHRIRAM,0.0,,0.0,0.1,1,EQ,NSE,NSE
359,209153,817,DCW,DCW,0.0,,0.0,0.01,1,EQ,NSE,NSE
360,210433,822,BANKA,BANKA BIOLOO,0.0,,0.0,0.01,1,EQ,NSE,NSE
361,211713,827,DEEPAKFERT,DEEPAK FERTILIZERS & PETR,0.0,,0.0,0.1,1,EQ,NSE,NSE
362,213505,834,SGBOC28VII-GB,2.50%GOLDBONDS2028SR-VII,0.0,,0.0,0.01,1,EQ,NSE,NSE
363,214017,836,575PY26-SG,SDL PY 5.75% 2026,0.0,,0.0,0.01,100,EQ,NSE,NSE
364,214273,837,61RJ27-SG,SDL RJ 6.1% 2027,0.0,,0.0,0.01,100,EQ,NSE,NSE
365,214529,838,645HP29-SG,SDL HP 6.45% 2029,0.0,,0.0,0.01,100,EQ,NSE,NSE
366,215041,840,651HP30-SG,SDL HP 6.51% 2030,0.0,,0.0,0.01,100,EQ,NSE,NSE
367,215809,843,64KA30B-SG,SDL KA 6.4% 2030,0.0,,0.0,0.01,100,EQ,NSE,NSE
368,216577,846,64GJ30A-SG,SDL GJ 6.4% 2030,0.0,,0.0,0.01,100,EQ,NSE,NSE
369,216833,847,SMVD-SM,SMVD POLY PACK,0.0,,0.0,0.05,4040,EQ,NSE,NSE
370,217345,849,642UP30-SG,SDL UP 6.42% 2030,0.0,,0.0,0.01,100,EQ,NSE,NSE
371,218113,852,642GA30-SG,SDL GA 6.42% 2030,0.0,,0.0,0.01,100,EQ,NSE,NSE
372,218369,853,644UK30-SG,SDL UK 6.44% 2030,0.0,,0.0,0.01,100,EQ,NSE,NSE
373,218881,855,645RJ30-SG,SDL RJ 6.45% 2030,0.0,,0.0,0.01,100,EQ,NSE,NSE
374,219393,857,DHAMPURSUG,DHAMPUR SUGAR MILLS,0.0,,0.0,0.01,1,EQ,NSE,NSE
375,219649,858,655TR30-SG,SDL TR 6.55% 2030,0.0,,0.0,0.01,100,EQ,NSE,NSE
376,220417,861,648KA31-SG,SDL KA 6.48% 2031,0.0,,0.0,0.01,100,EQ,NSE,NSE
377,220673,862,SGBDEC2513-GB,2.50%GOLDBONDS2025SR-XIII,0.0,,0.0,0.01,1,EQ,NSE,NSE
378,221185,864,655AP33-SG,SDL AP 6.55% 2033,0.0,,0.0,0.01,100,EQ,NSE,NSE
379,221953,867,672HR35-SG,SDL HR 6.72% 2035,0.0,,0.0,0.01,100,EQ,NSE,NSE
380,223745,874,ASTRON,ASTRON PAPER BORD MIL,0.0,,0.0,0.01,1,EQ,NSE,NSE
381,224257,876,677AP38-SG,SDL AP 6.77% 2038,0.0,,0.0,0.01,100,EQ,NSE,NSE
382,224513,877,676PN40-SG,SDL PN 6.76% 2040,0.0,,0.0,0.01,100,EQ,NSE,NSE
383,224769,878,678TS50-SG,SDL TS 6.78% 2050,0.0,,0.0,0.01,100,EQ,NSE,NSE
384,225537,881,DRREDDY,DR. REDDY S LABORATORIES,0.0,,0.0,0.1,1,EQ,NSE,NSE
385,229377,896,KHAICHEM,KHAITAN CHEM & FERT,0.0,,0.0,0.01,1,EQ,NSE,NSE
386,232961,910,EICHERMOT,EICHER MOTORS,0.0,,0.0,0.5,1,EQ,NSE,NSE
387,233729,913,EQUITASBNK,EQUITAS SMALL FIN BNK,0.0,,0.0,0.01,1,EQ,NSE,NSE
388,234497,916,EIDPARRY,EID PARRY INDIA,0.0,,0.0,0.1,1,EQ,NSE,NSE
389,235265,919,EIHOTEL,EIH - OBEROI HOTELS,0.0,,0.0,0.05,1,EQ,NSE,NSE
390,237057,926,ORCHPHARMA,ORCHID PHARMA,0.0,,0.0,0.05,1,EQ,NSE,NSE
391,237569,928,ELECTCAST,ELECTROSTEEL CASTINGS,0.0,,0.0,0.01,1,EQ,NSE,NSE
392,239617,936,DPABHUSHAN,D. P. ABHUSHAN,0.0,,0.0,0.1,1,EQ,NSE,NSE
393,239873,937,ELGIEQUIP,ELGI EQUIPMENTS,0.0,,0.0,0.05,1,EQ,NSE,NSE
394,240641,940,PGHL,PROCTER & GAMBLE HEALTH L,0.0,,0.0,0.5,1,EQ,NSE,NSE
395,241921,945,SGBJAN26-GB,2.50%GOLDBONDS2026SR-XIV,0.0,,0.0,0.01,1,EQ,NSE,NSE
396,243969,953,622GS2035-GS,GOI LOAN  6.22% 2035,0.0,,0.0,0.01,1,EQ,NSE,NSE
397,244481,955,ESABINDIA,ESAB INDIA,0.0,,0.0,0.5,1,EQ,NSE,NSE
398,244737,956,667GS2050-GS,GOI LOAN  6.67% 2050,0.0,,0.0,0.01,1,EQ,NSE,NSE
399,245249,958,ESCORTS,ESCORTS KUBOTA,0.0,,0.0,0.1,1,EQ,NSE,NSE
400,247553,967,SUBEXLTD,SUBEX,0.0,,0.0,0.01,1,EQ,NSE,NSE
401,248065,969,675RJ30-SG,SDL RJ 6.75% 2030,0.0,,0.0,0.01,100,EQ,NSE,NSE
402,248833,972,64KA30C-SG,SDL KA 6.4% 2030,0.0,,0.0,0.01,100,EQ,NSE,NSE
403,249089,973,64MH30-SG,SDL MH 6.4% 2030,0.0,,0.0,0.01,100,EQ,NSE,NSE
404,249857,976,643AP30-SG,SDL AP 6.43% 2030,0.0,,0.0,0.01,100,EQ,NSE,NSE
405,251137,981,EPL,EPL,0.0,,0.0,0.01,1,EQ,NSE,NSE
406,251393,982,646GJ30-SG,SDL GJ 6.46% 2030,0.0,,0.0,0.01,100,EQ,NSE,NSE
407,252161,985,648AS30-SG,SDL AS 6.48% 2030,0.0,,0.0,0.01,100,EQ,NSE,NSE
408,252929,988,648MZ30-SG,SDL MZ 6.48% 2030,0.0,,0.0,0.01,100,EQ,NSE,NSE
409,253697,991,65NL30-SG,SDL NL 6.5% 2030,0.0,,0.0,0.01,100,EQ,NSE,NSE
410,254209,993,EVERESTIND,EVEREST INDUSTRIES,0.0,,0.0,0.05,1,EQ,NSE,NSE
411,254465,994,652PY30-SG,SDL PY 6.52% 2030,0.0,,0.0,0.01,100,EQ,NSE,NSE
412,255233,997,659UP30-SG,SDL UP 6.59% 2030,0.0,,0.0,0.01,100,EQ,NSE,NSE
413,256001,1000,656MH32-SG,SDL MH 6.56% 2032,0.0,,0.0,0.01,100,EQ,NSE,NSE
414,256257,1001,94SFL28-YL,,0.0,,0.0,0.01,1,EQ,NSE,NSE
415,257025,1004,679AP34-SG,SDL AP 6.79% 2034,0.0,,0.0,0.01,100,EQ,NSE,NSE
416,257537,1006,675KA35-SG,SDL KA 6.75% 2035,0.0,,0.0,0.01,100,EQ,NSE,NSE
417,257793,1007,679PN35-SG,SDL PN 6.79% 2035,0.0,,0.0,0.01,100,EQ,NSE,NSE
418,258049,1008,FACT,FACT,0.0,,0.0,0.05,1,EQ,NSE,NSE
419,258305,1009,68JK35-SG,SDL JK 6.8% 2035,0.0,,0.0,0.01,100,EQ,NSE,NSE
420,258817,1011,SCHAEFFLER,SCHAEFFLER INDIA,0.0,,0.0,0.1,1,EQ,NSE,NSE
421,259073,1012,676MP40-SG,SDL MP 6.76% 2040,0.0,,0.0,0.01,100,EQ,NSE,NSE
422,259841,1015,688WB40-SG,SDL WB 6.88% 2040,0.0,,0.0,0.01,100,EQ,NSE,NSE
423,260609,1018,68TS50-SG,SDL TS 6.8% 2050,0.0,,0.0,0.01,100,EQ,NSE,NSE
424,261889,1023,FEDERALBNK,FEDERAL BANK,0.0,,0.0,0.05,1,EQ,NSE,NSE
425,263681,1030,AARON,AARON INDUSTRIES,0.0,,0.0,0.01,1,EQ,NSE,NSE
426,265729,1038,FINCABLES,FINOLEX CABLES,0.0,,0.0,0.05,1,EQ,NSE,NSE
427,266497,1041,FINPIPE,FINOLEX INDUSTRIES,0.0,,0.0,0.01,1,EQ,NSE,NSE
428,267265,1044,AXISBNKETF,AXISAMC - AXISBNKETF,0.0,,0.0,0.01,1,EQ,NSE,NSE
429,269569,1053,UFLEX,UFLEX,0.0,,0.0,0.05,1,EQ,NSE,NSE
430,274689,1073,FOSECOIND,FOSECO INDIA,0.0,,0.0,0.5,1,EQ,NSE,NSE
431,274945,1074,655GA30-SG,SDL GA 6.55% 2030,0.0,,0.0,0.01,100,EQ,NSE,NSE
432,275201,1075,65GJ30-SG,SDL GJ 6.5% 2030,0.0,,0.0,0.01,100,EQ,NSE,NSE
433,275457,1076,ZENSARTECH,ZENSAR TECHNOLOGIES ,0.0,,0.0,0.05,1,EQ,NSE,NSE
434,275713,1077,659HR30-SG,SDL HR 6.59% 2030,0.0,,0.0,0.01,100,EQ,NSE,NSE
435,276481,1080,647KA30-SG,SDL KA 6.47% 2030,0.0,,0.0,0.01,100,EQ,NSE,NSE
436,277249,1083,661RJ30-SG,SDL RJ 6.61% 2030,0.0,,0.0,0.01,100,EQ,NSE,NSE
437,277505,1084,66SK30-SG,SDL SK 6.6% 2030,0.0,,0.0,0.01,100,EQ,NSE,NSE
438,277761,1085,GABRIEL,GABRIEL INDIA,0.0,,0.0,0.1,1,EQ,NSE,NSE
439,278017,1086,66UP30-SG,SDL UP 6.6% 2030,0.0,,0.0,0.01,100,EQ,NSE,NSE
440,279041,1090,684MZ34-SG,SDL MZ 6.84% 2034,0.0,,0.0,0.01,100,EQ,NSE,NSE
441,279553,1092,675KA34-SG,SDL KA 6.75% 2034,0.0,,0.0,0.01,100,EQ,NSE,NSE
442,280321,1095,679MP40-SG,SDL MP 6.79% 2040,0.0,,0.0,0.01,100,EQ,NSE,NSE
443,281089,1098,68TS50A-SG,SDL TS 6.8% 2050,0.0,,0.0,0.01,100,EQ,NSE,NSE
444,281601,1100,GARFIBRES,GARWARE TECH FIBRES,0.0,,0.0,0.05,1,EQ,NSE,NSE
445,284161,1110,DANGEE,DANGEE DUMS,0.0,,0.0,0.01,1,EQ,NSE,NSE
446,288513,1127,GHCL,GHCL,0.0,,0.0,0.05,1,EQ,NSE,NSE
447,289025,1129,GTECJAINX,G-TEC JAINX EDUCATION,0.0,,0.0,0.01,1,EQ,NSE,NSE
448,290305,1134,APOLLO,APOLLO MICRO SYSTEMS,0.0,,0.0,0.05,1,EQ,NSE,NSE
449,291585,1139,GICHSGFIN,GIC HOUSING FINANCE,0.0,,0.0,0.01,1,EQ,NSE,NSE
450,292353,1142,GINNIFILA,GINNI FILAMENTS,0.0,,0.0,0.01,1,EQ,NSE,NSE
451,293121,1145,GIPCL,GUJ IND POW CO.,0.0,,0.0,0.01,1,EQ,NSE,NSE
452,295169,1153,GLAXO,GLAXOSMITHKLINE PHARMA LT,0.0,,0.0,0.1,1,EQ,NSE,NSE
453,296193,1157,654AR30-SG,SDL AR 6.54% 2030,0.0,,0.0,0.01,100,EQ,NSE,NSE
454,296449,1158,649KA30A-SG,SDL KA 6.49% 2030,0.0,,0.0,0.01,100,EQ,NSE,NSE
455,296961,1160,654RJ30A-SG,SDL RJ 6.54% 2030,0.0,,0.0,0.01,100,EQ,NSE,NSE
456,297473,1162,GTL,GTL,0.0,,0.0,0.01,1,EQ,NSE,NSE
457,297729,1163,66AS30-SG,SDL AS 6.6% 2030,0.0,,0.0,0.01,100,EQ,NSE,NSE
458,297985,1164,NEWGEN,NEWGEN SOFTWARE TECH,0.0,,0.0,0.05,1,EQ,NSE,NSE
459,298241,1165,66PN30-SG,SDL PN 6.6% 2030,0.0,,0.0,0.01,100,EQ,NSE,NSE
460,298497,1166,672KA33-SG,SDL KA 6.72% 2033,0.0,,0.0,0.01,100,EQ,NSE,NSE
461,299009,1168,GMBREW,G M BREWERIES,0.0,,0.0,0.1,1,EQ,NSE,NSE
462,299265,1169,678WB35-SG,SDL WB 6.78% 2035,0.0,,0.0,0.01,100,EQ,NSE,NSE
463,300033,1172,681TR35-SG,SDL TR 6.81% 2035,0.0,,0.0,0.01,100,EQ,NSE,NSE
464,300545,1174,GNFC,GUJ NAR VAL FER & CHEM L,0.0,,0.0,0.05,1,EQ,NSE,NSE
465,302337,1181,GODFRYPHLP,GODFREY PHILLIPS INDIA LT,0.0,,0.0,0.1,1,EQ,NSE,NSE
466,303361,1185,AMBER,AMBER ENTERPRISES (I),0.0,,0.0,0.5,1,EQ,NSE,NSE
467,303617,1186,GLAND,GLAND PHARMA,0.0,,0.0,0.1,1,EQ,NSE,NSE
468,304641,1190,FMGOETZE,FEDERAL-MOGUL GOETZE (IND,0.0,,0.0,0.05,1,EQ,NSE,NSE
469,306177,1196,KANSAINER,KANSAI NEROLAC PAINTS,0.0,,0.0,0.01,1,EQ,NSE,NSE
470,307201,1200,ESG,MIRAEAMC - MAESGETF,0.0,,0.0,0.01,1,EQ,NSE,NSE
471,310273,1212,635MH28-SG,SDL MH 6.35% 2028,0.0,,0.0,0.01,100,EQ,NSE,NSE
472,310785,1214,DELTAMAGNT,DELTA MANUFACTURING,0.0,,0.0,0.01,1,EQ,NSE,NSE
473,311041,1215,653HP29-SG,SDL HP 6.53% 2029,0.0,,0.0,0.01,100,EQ,NSE,NSE
474,311297,1216,PRAXIS-BE,PRAXIS HOME RETAIL,0.0,,0.0,0.01,1,EQ,NSE,NSE
475,312577,1221,66HP30-SG,SDL HP 6.6% 2030,0.0,,0.0,0.01,100,EQ,NSE,NSE
476,314113,1227,65KA30A-SG,SDL KA 6.5% 2030,0.0,,0.0,0.01,100,EQ,NSE,NSE
477,315393,1232,GRASIM,GRASIM INDUSTRIES,0.0,,0.0,0.1,1,EQ,NSE,NSE
478,315649,1233,65GJ30A-SG,SDL GJ 6.5% 2030,0.0,,0.0,0.01,100,EQ,NSE,NSE
479,316161,1235,GREAVESCOT,GREAVES COTTON,0.0,,0.0,0.01,1,EQ,NSE,NSE
480,316417,1236,652MH30-SG,SDL MH 6.52% 2030,0.0,,0.0,0.01,100,EQ,NSE,NSE
481,316673,1237,657GA30-SG,SDL GA 6.57% 2030,0.0,,0.0,0.01,100,EQ,NSE,NSE
482,317185,1239,658UP30-SG,SDL UP 6.58% 2030,0.0,,0.0,0.01,100,EQ,NSE,NSE
483,317697,1241,659RJ30A-SG,SDL RJ 6.59% 2030,0.0,,0.0,0.01,100,EQ,NSE,NSE
484,318977,1246,664AS30-SG,SDL AS 6.64% 2030,0.0,,0.0,0.01,100,EQ,NSE,NSE
485,319233,1247,GSFC,GUJ STATE FERT & CHEM,0.0,,0.0,0.01,1,EQ,NSE,NSE
486,319489,1248,666KA32-SG,SDL KA 6.66% 2032,0.0,,0.0,0.01,100,EQ,NSE,NSE
487,320001,1250,CASTROLIND,CASTROL INDIA,0.0,,0.0,0.01,1,EQ,NSE,NSE
488,320257,1251,667MH32-SG,SDL MH 6.67% 2032,0.0,,0.0,0.01,100,EQ,NSE,NSE
489,320769,1253,67JK32-SG,SDL JK 6.7% 2032,0.0,,0.0,0.01,100,EQ,NSE,NSE
490,321025,1254,673TN40-SG,SDL TN 6.73% 2040,0.0,,0.0,0.01,100,EQ,NSE,NSE
491,321537,1256,673TS50-SG,SDL TS 6.73% 2050,0.0,,0.0,0.01,100,EQ,NSE,NSE
492,324353,1267,GUJALKALI,GUJARAT ALKALIES & CHEM,0.0,,0.0,0.05,1,EQ,NSE,NSE
493,325121,1270,AMBUJACEM,AMBUJA CEMENTS,0.0,,0.0,0.05,1,EQ,NSE,NSE
494,326145,1274,VASA-SM,VASA RETAIL & OVERSEA,0.0,,0.0,0.05,4000,EQ,NSE,NSE
495,329985,1289,GFLLIMITED,GFL,0.0,,0.0,0.01,1,EQ,NSE,NSE
496,336129,1313,HARRMALAYA,HARRISON MALAYALAM,0.0,,0.0,0.01,1,EQ,NSE,NSE
497,336641,1315,GALAXYSURF,GALAXY SURFACTANTS,0.0,,0.0,0.1,1,EQ,NSE,NSE
498,339713,1327,HCL-INSYS,HCL INFOSYSTEMS,0.0,,0.0,0.01,1,EQ,NSE,NSE
499,339969,1328,MARINE,MARINE ELECTRICAL (I),0.0,,0.0,0.01,1,EQ,NSE,NSE
500,341249,1333,HDFCBANK,HDFC BANK,0.0,,0.0,0.1,1,EQ,NSE,NSE
501,342017,1336,HEG,HEG,0.0,,0.0,0.05,1,EQ,NSE,NSE
502,342529,1338,SDBL,SOM DIST & BREW,0.0,,0.0,0.01,1,EQ,NSE,NSE
503,343297,1341,585GS2030-GS,GOI LOAN  5.85% 2030,0.0,,0.0,0.01,1,EQ,NSE,NSE
504,343553,1342,SGBN28VIII-GB,2.5%GOLDBONDS2028SR-VIII,0.0,,0.0,0.01,1,EQ,NSE,NSE
505,345089,1348,HEROMOTOCO,HERO MOTOCORP,0.0,,0.0,0.5,1,EQ,NSE,NSE
506,346369,1353,AMJUMBO-SM,A AND M JUMBO BAGS,0.0,,0.0,0.05,8000,EQ,NSE,NSE
507,348161,1360,HIMATSEIDE,HIMATSINGKA SEIDE,0.0,,0.0,0.01,1,EQ,NSE,NSE
508,348417,1361,622KL27-SG,SDL KL 6.22% 2027,0.0,,0.0,0.01,100,EQ,NSE,NSE
509,348673,1362,64AP28-SG,SDL AP 6.4% 2028,0.0,,0.0,0.01,100,EQ,NSE,NSE
510,348929,1363,HINDALCO,HINDALCO  INDUSTRIES ,0.0,,0.0,0.05,1,EQ,NSE,NSE
511,349185,1364,649GJ29-SG,SDL GJ 6.49% 2029,0.0,,0.0,0.01,100,EQ,NSE,NSE
512,349441,1365,653KA30-SG,SDL KA 6.53% 2030,0.0,,0.0,0.01,100,EQ,NSE,NSE
513,350209,1368,66MN30-SG,SDL MN 6.6% 2030,0.0,,0.0,0.01,100,EQ,NSE,NSE
514,350465,1369,662RJ30-SG,SDL RJ 6.62% 2030,0.0,,0.0,0.01,100,EQ,NSE,NSE
515,351233,1372,HINDCOMPOS,HINDUSTAN COMPOSITES,0.0,,0.0,0.05,1,EQ,NSE,NSE
516,351489,1373,665JK30-SG,SDL JK 6.65% 2030,0.0,,0.0,0.01,100,EQ,NSE,NSE
517,352001,1375,HCC,HINDUSTAN CONSTRUCTION CO,0.0,,0.0,0.01,1,EQ,NSE,NSE
518,352257,1376,668JH32-SG,SDL JH 6.68% 2032,0.0,,0.0,0.01,100,EQ,NSE,NSE
519,352769,1378,668AP33-SG,SDL AP 6.68% 2033,0.0,,0.0,0.01,100,EQ,NSE,NSE
520,353025,1379,669KA37-SG,SDL KA 6.69% 2037,0.0,,0.0,0.01,100,EQ,NSE,NSE
521,353281,1380,855IREDA29-N2,,0.0,,0.0,0.01,1,EQ,NSE,NSE
522,353793,1382,673PN40-SG,SDL PN 6.73% 2040,0.0,,0.0,0.01,100,EQ,NSE,NSE
523,354049,1383,855IREDA34-N3,,0.0,,0.0,0.01,1,EQ,NSE,NSE
524,354817,1386,674TS50-SG,SDL TS 6.74% 2050,0.0,,0.0,0.01,100,EQ,NSE,NSE
525,356097,1391,880IREDA29-N5,,0.0,,0.0,0.01,1,EQ,NSE,NSE
526,356609,1393,880IREDA34-N6,,0.0,,0.0,0.01,1,EQ,NSE,NSE
527,356865,1394,HINDUNILVR,HINDUSTAN UNILEVER,0.0,,0.0,0.1,1,EQ,NSE,NSE
528,359169,1403,HINDOILEXP,HINDUSTAN OIL EXPLORATION,0.0,,0.0,0.01,1,EQ,NSE,NSE
529,359937,1406,HINDPETRO,HINDUSTAN PETROLEUM CORP,0.0,,0.0,0.05,1,EQ,NSE,NSE
530,361473,1412,AGI,AGI GREENPAC,0.0,,0.0,0.05,1,EQ,NSE,NSE
531,362241,1415,GLOBAL,GLOBAL EDUCATION,0.0,,0.0,0.01,1,EQ,NSE,NSE
532,364033,1422,66RJ30B-SG,SDL RJ 6.6% 2030,0.0,,0.0,0.01,100,EQ,NSE,NSE
533,364545,1424,HINDZINC,HINDUSTAN ZINC,0.0,,0.0,0.05,1,EQ,NSE,NSE
534,364801,1425,662AS30-SG,SDL AS 6.62% 2030,0.0,,0.0,0.01,100,EQ,NSE,NSE
535,365057,1426,MHHL-SM,MOHINI HEALTH&HYGIENE,0.0,,0.0,0.05,1500,EQ,NSE,NSE
536,365569,1428,662NL30-SG,SDL NL 6.62% 2030,0.0,,0.0,0.01,100,EQ,NSE,NSE
537,366081,1430,668MZ31-SG,SDL MZ 6.68% 2031,0.0,,0.0,0.01,100,EQ,NSE,NSE
538,366593,1432,668AP35A-SG,SDL AP 6.68% 2035,0.0,,0.0,0.01,100,EQ,NSE,NSE
539,367873,1437,668KA36-SG,SDL KA 6.68% 2036,0.0,,0.0,0.01,100,EQ,NSE,NSE
540,369153,1442,SANOFI,SANOFI INDIA,0.0,,0.0,0.1,1,EQ,NSE,NSE
541,369409,1443,671WB40-SG,SDL WB 6.71% 2040,0.0,,0.0,0.01,100,EQ,NSE,NSE
542,370177,1446,671TS40-SG,SDL TS 6.71% 2040,0.0,,0.0,0.01,100,EQ,NSE,NSE
543,370689,1448,HLVLTD,HLV,0.0,,0.0,0.01,1,EQ,NSE,NSE
544,370945,1449,593CG26-SG,SDL CG 5.93% 2026,0.0,,0.0,0.01,100,EQ,NSE,NSE
545,371969,1453,654KA30-SG,SDL KA 6.54% 2030,0.0,,0.0,0.01,100,EQ,NSE,NSE
546,372225,1454,655GA30A-SG,SDL GA 6.55% 2030,0.0,,0.0,0.01,100,EQ,NSE,NSE
547,372481,1455,BIRLANU,BIRLANU,0.0,,0.0,0.1,1,EQ,NSE,NSE
548,375041,1465,ACCURACY,ACCURACY SHIPPING,0.0,,0.0,0.01,1,EQ,NSE,NSE
549,375553,1467,AKZOINDIA,AKZO NOBEL INDIA,0.0,,0.0,0.1,1,EQ,NSE,NSE
550,377857,1476,IDBI,IDBI BANK,0.0,,0.0,0.01,1,EQ,NSE,NSE
551,378881,1480,REPL,RUDRABHISHEK ENTERP,0.0,,0.0,0.01,1,EQ,NSE,NSE
552,379393,1482,IFBAGRO,IFB AGRO INDUSTRIES,0.0,,0.0,0.1,1,EQ,NSE,NSE
553,380161,1485,IFBIND,IFB INDUSTRIES,0.0,,0.0,0.1,1,EQ,NSE,NSE
554,381697,1491,IFCI,IFCI,0.0,,0.0,0.01,1,EQ,NSE,NSE
555,382465,1494,RBA,RESTAURANT BRAND ASIA,0.0,,0.0,0.01,1,EQ,NSE,NSE
556,383233,1497,SHIVAMILLS,SHIVA MILLS,0.0,,0.0,0.01,1,EQ,NSE,NSE
557,385793,1507,MOGSEC,MOTILALAMC - G5,0.0,,0.0,0.01,1,EQ,NSE,NSE
558,386049,1508,ASTERDM,ASTER DM HEALTHCARE,0.0,,0.0,0.05,1,EQ,NSE,NSE
559,387073,1512,INDHOTEL,THE INDIAN HOTELS CO.,0.0,,0.0,0.05,1,EQ,NSE,NSE
560,387329,1513,535RJ25-SG,SDL RJ 5.35% 2025,0.0,,0.0,0.01,100,EQ,NSE,NSE
561,387841,1515,INDIACEM,THE INDIA CEMENTS,0.0,,0.0,0.05,1,EQ,NSE,NSE
562,388097,1516,654GA30A-SG,SDL GA 6.54% 2030,0.0,,0.0,0.01,100,EQ,NSE,NSE
563,389377,1521,INDIAGLYCO,INDIA GLYCOLS,0.0,,0.0,0.1,1,EQ,NSE,NSE
564,389633,1522,652KA30-SG,SDL KA 6.52% 2030,0.0,,0.0,0.01,100,EQ,NSE,NSE
565,390401,1525,656UP30-SG,SDL UP 6.56% 2030,0.0,,0.0,0.01,100,EQ,NSE,NSE
566,391169,1528,66ML30-SG,SDL ML 6.6% 2030,0.0,,0.0,0.01,100,EQ,NSE,NSE
567,391681,1530,INDIANHUME,INDIAN HUME PIPE CO.,0.0,,0.0,0.05,1,EQ,NSE,NSE
568,391937,1531,665KA35-SG,SDL KA 6.65% 2035,0.0,,0.0,0.01,100,EQ,NSE,NSE
569,392193,1532,668WB35-SG,SDL WB 6.68% 2035,0.0,,0.0,0.01,100,EQ,NSE,NSE
570,392961,1535,667TS50-SG,SDL TS 6.67% 2050,0.0,,0.0,0.01,100,EQ,NSE,NSE
571,396033,1547,RKEC,RKEC PROJECTS,0.0,,0.0,0.01,1,EQ,NSE,NSE
572,401921,1570,GMMPFAUDLR,GMM PFAUDLER,0.0,,0.0,0.1,1,EQ,NSE,NSE
573,402433,1572,RVHL-BE,RAVINDER HEIGHTS,0.0,,0.0,0.01,1,EQ,NSE,NSE
574,403457,1576,GILLETTE,GILLETTE INDIA,0.0,,0.0,0.5,1,EQ,NSE,NSE
575,404737,1581,TARC,TARC,0.0,,0.0,0.01,1,EQ,NSE,NSE
576,407809,1593,MGEL,MANGALAM GLOBAL ENT,0.0,,0.0,0.01,1,EQ,NSE,NSE
577,408065,1594,INFY,INFOSYS,0.0,,0.0,0.1,1,EQ,NSE,NSE
578,408833,1597,INGERRAND,INGERSOLL-RAND INDIA,0.0,,0.0,0.1,1,EQ,NSE,NSE
579,411393,1607,AURIGROW,AURI GROW INDIA,0.0,,0.0,0.01,1,EQ,NSE,NSE
580,413185,1614,FAIRCHEMOR,FAIRCHEM ORGANICS,0.0,,0.0,0.05,1,EQ,NSE,NSE
581,414977,1621,TATAINVEST,TATA INVESTMENT CORP,0.0,,0.0,0.05,1,EQ,NSE,NSE
582,415745,1624,IOC,INDIAN OIL CORP,0.0,,0.0,0.01,1,EQ,NSE,NSE
583,416513,1627,LINDEINDIA,LINDE INDIA,0.0,,0.0,0.5,1,EQ,NSE,NSE
584,416769,1628,BECTORFOOD,MRS BECTORS FOOD SPE,0.0,,0.0,0.1,1,EQ,NSE,NSE
585,417281,1630,IONEXCHANG,ION EXCHANGE (INDIA),0.0,,0.0,0.05,1,EQ,NSE,NSE
586,418049,1633,IPCALAB,IPCA LABORATORIES,0.0,,0.0,0.1,1,EQ,NSE,NSE
587,420865,1644,657HP30-SG,SDL HP 6.57% 2030,0.0,,0.0,0.01,100,EQ,NSE,NSE
588,421121,1645,66AS30A-SG,SDL AS 6.6% 2030,0.0,,0.0,0.01,100,EQ,NSE,NSE
589,421377,1646,658GA30A-SG,SDL GA 6.58% 2030,0.0,,0.0,0.01,100,EQ,NSE,NSE
590,421633,1647,657HP30A-SG,SDL HP 6.57% 2030,0.0,,0.0,0.01,100,EQ,NSE,NSE
591,422145,1649,66UP30A-SG,SDL UP 6.6% 2030,0.0,,0.0,0.01,100,EQ,NSE,NSE
592,422401,1650,651KA30B-SG,SDL KA 6.51% 2030,0.0,,0.0,0.01,100,EQ,NSE,NSE
593,422657,1651,663KA34-SG,SDL KA 6.63% 2034,0.0,,0.0,0.01,100,EQ,NSE,NSE
594,422913,1652,663TN35-SG,SDL TN 6.63% 2035,0.0,,0.0,0.01,100,EQ,NSE,NSE
595,423681,1655,669TS40-SG,SDL TS 6.69% 2040,0.0,,0.0,0.01,100,EQ,NSE,NSE
596,424961,1660,ITC,ITC,0.0,,0.0,0.05,1,EQ,NSE,NSE
597,425729,1663,SUNDROP,SUNDROP BRANDS,0.0,,0.0,0.05,1,EQ,NSE,NSE
598,428033,1672,HGINFRA,H.G.INFRA ENGINEERING,0.0,,0.0,0.05,1,EQ,NSE,NSE
599,428801,1675,ITI,ITI,0.0,,0.0,0.05,1,EQ,NSE,NSE
600,430337,1681,IVP,IVP,0.0,,0.0,0.01,1,EQ,NSE,NSE
601,433921,1695,662UP30-SG,SDL UP 6.62% 2030,0.0,,0.0,0.01,100,EQ,NSE,NSE
602,434433,1697,541GA25-SG,SDL GA 5.41% 2025,0.0,,0.0,0.01,100,EQ,NSE,NSE
603,435201,1700,532RJ25-SG,SDL RJ 5.32% 2025,0.0,,0.0,0.01,100,EQ,NSE,NSE
604,435969,1703,588CG26-SG,SDL CG 5.88% 2026,0.0,,0.0,0.01,100,EQ,NSE,NSE
605,437249,1708,JAYBARMARU,JAY BHARAT MARUTI,0.0,,0.0,0.01,1,EQ,NSE,NSE
606,437505,1709,617KL27-SG,SDL KL 6.17% 2027,0.0,,0.0,0.01,100,EQ,NSE,NSE
607,438273,1712,66ML30A-SG,SDL ML 6.6% 2030,0.0,,0.0,0.01,100,EQ,NSE,NSE
608,439041,1715,66RJ30C-SG,SDL RJ 6.6% 2030,0.0,,0.0,0.01,100,EQ,NSE,NSE
609,440321,1720,JAYSREETEA,JAYSHREE TEA & INDUSTRIES,0.0,,0.0,0.01,1,EQ,NSE,NSE
610,440577,1721,66WB30-SG,SDL WB 6.6% 2030,0.0,,0.0,0.01,100,EQ,NSE,NSE
611,441857,1726,JBCHEPHARM,J B CHEMICALS AND PHARMA,0.0,,0.0,0.1,1,EQ,NSE,NSE
612,442113,1727,651KA30C-SG,SDL KA 6.51% 2030,0.0,,0.0,0.01,100,EQ,NSE,NSE
613,442881,1730,664PY32-SG,SDL PY 6.64% 2032,0.0,,0.0,0.01,100,EQ,NSE,NSE
614,443649,1733,662KA32A-SG,SDL KA 6.62% 2032,0.0,,0.0,0.01,100,EQ,NSE,NSE
615,444929,1738,665TR35-SG,SDL TR 6.65% 2035,0.0,,0.0,0.01,100,EQ,NSE,NSE
616,445185,1739,665AP36-SG,SDL AP 6.65% 2036,0.0,,0.0,0.01,100,EQ,NSE,NSE
617,445953,1742,665TS40-SG,SDL TS 6.65% 2040,0.0,,0.0,0.01,100,EQ,NSE,NSE
618,446721,1745,665AP40-SG,SDL AP 6.65% 2040,0.0,,0.0,0.01,100,EQ,NSE,NSE
619,449537,1756,JINDALPOLY,JINDAL POLY FILMS,0.0,,0.0,0.05,1,EQ,NSE,NSE
620,449793,1757,665PN50A-SG,SDL PN 6.65% 2050,0.0,,0.0,0.01,100,EQ,NSE,NSE
621,450049,1758,868NHB29-N3,,0.0,,0.0,0.01,1,EQ,NSE,NSE
622,450817,1761,865NHB34-N4,,0.0,,0.0,0.01,1,EQ,NSE,NSE
623,451841,1765,893NHB29-N6,,0.0,,0.0,0.01,1,EQ,NSE,NSE
624,452353,1767,890NHB34-N7,,0.0,,0.0,0.01,1,EQ,NSE,NSE
625,456193,1782,KANPRPLA,KANPUR PLASTIPACK,0.0,,0.0,0.01,1,EQ,NSE,NSE
626,460033,1797,AWHCL,ANTONY WASTE HDG CELL,0.0,,0.0,0.05,1,EQ,NSE,NSE
627,461313,1802,JYOTISTRUC,JYOTI STRUCTURES,0.0,,0.0,0.01,1,EQ,NSE,NSE
628,462081,1805,KABRAEXTRU,KABRA EXTRUSION TECHNIK L,0.0,,0.0,0.01,1,EQ,NSE,NSE
629,462849,1808,KAJARIACER,KAJARIA CERAMICS,0.0,,0.0,0.1,1,EQ,NSE,NSE
630,463617,1811,KAKATCEM,KAKATIYA CEM SUGAR &IND L,0.0,,0.0,0.01,1,EQ,NSE,NSE
631,464385,1814,KPIL,KALPATARU PROJECT INT,0.0,,0.0,0.1,1,EQ,NSE,NSE
632,466177,1821,532AS26-SG,SDL AS 5.32% 2026,0.0,,0.0,0.01,100,EQ,NSE,NSE
633,466945,1824,582RJ27-SG,SDL RJ 5.82% 2027,0.0,,0.0,0.01,100,EQ,NSE,NSE
634,467457,1826,KAMATHOTEL,KAMAT HOTELS (I),0.0,,0.0,0.01,1,EQ,NSE,NSE
635,467713,1827,645GJ30A-SG,SDL GJ 6.45% 2030,0.0,,0.0,0.01,100,EQ,NSE,NSE
636,468481,1830,658GA31-SG,SDL GA 6.58% 2031,0.0,,0.0,0.01,100,EQ,NSE,NSE
637,469249,1833,663MN31-SG,SDL MN 6.63% 2031,0.0,,0.0,0.01,100,EQ,NSE,NSE
638,469761,1835,KANORICHEM,KANORIA CHEMICALS & INDUS,0.0,,0.0,0.01,1,EQ,NSE,NSE
639,470017,1836,659RJ31-SG,SDL RJ 6.59% 2031,0.0,,0.0,0.01,100,EQ,NSE,NSE
640,470529,1838,KARURVYSYA,KARUR VYSYA BANK,0.0,,0.0,0.01,1,EQ,NSE,NSE
641,470785,1839,653TN31-SG,SDL TN 6.53% 2031,0.0,,0.0,0.01,100,EQ,NSE,NSE
642,471297,1841,KCP,KCP,0.0,,0.0,0.01,1,EQ,NSE,NSE
643,471553,1842,66UP31-SG,SDL UP 6.6% 2031,0.0,,0.0,0.01,100,EQ,NSE,NSE
644,474625,1854,66UK31-SG,SDL UK 6.6% 2031,0.0,,0.0,0.01,100,EQ,NSE,NSE
645,475905,1859,KESORAMIND,KESORAM INDUSTRIES,0.0,,0.0,0.01,1,EQ,NSE,NSE
646,476161,1860,666JH34-SG,SDL JH 6.66% 2034,0.0,,0.0,0.01,100,EQ,NSE,NSE
647,476929,1863,664JK36-SG,SDL JK 6.64% 2036,0.0,,0.0,0.01,100,EQ,NSE,NSE
648,477697,1866,664AP39-SG,SDL AP 6.64% 2039,0.0,,0.0,0.01,100,EQ,NSE,NSE
649,478977,1871,665AP41-SG,SDL AP 6.65% 2041,0.0,,0.0,0.01,100,EQ,NSE,NSE
650,479233,1872,664TS51-SG,SDL TS 6.64% 2051,0.0,,0.0,0.01,100,EQ,NSE,NSE
651,481025,1879,CARYSIL,CARYSIL,0.0,,0.0,0.1,1,EQ,NSE,NSE
652,482817,1886,572BR26-SG,SDL BR 5.72% 2026,0.0,,0.0,0.01,100,EQ,NSE,NSE
653,483073,1887,597CG27-SG,SDL CG 5.97% 2027,0.0,,0.0,0.01,100,EQ,NSE,NSE
654,483329,1888,664SK31-SG,SDL SK 6.64% 2031,0.0,,0.0,0.01,100,EQ,NSE,NSE
655,483841,1890,657TN31-SG,SDL TN 6.57% 2031,0.0,,0.0,0.01,100,EQ,NSE,NSE
656,484097,1891,661UP31-SG,SDL UP 6.61% 2031,0.0,,0.0,0.01,100,EQ,NSE,NSE
657,485377,1896,661RJ31-SG,SDL RJ 6.61% 2031,0.0,,0.0,0.01,100,EQ,NSE,NSE
658,486145,1899,664MZ32-SG,SDL MZ 6.64% 2032,0.0,,0.0,0.01,100,EQ,NSE,NSE
659,486657,1901,CUMMINSIND,CUMMINS INDIA,0.0,,0.0,0.1,1,EQ,NSE,NSE
660,486913,1902,663WB41-SG,SDL WB 6.63% 2041,0.0,,0.0,0.01,100,EQ,NSE,NSE
661,487681,1905,663AP37-SG,SDL AP 6.63% 2037,0.0,,0.0,0.01,100,EQ,NSE,NSE
662,488961,1910,663PN51-SG,SDL PN 6.63% 2051,0.0,,0.0,0.01,100,EQ,NSE,NSE
663,491265,1919,KOPRAN,KOPRAN,0.0,,0.0,0.01,1,EQ,NSE,NSE
664,491521,1920,SGBJAN29IX-GB,2.50%GOLDBONDS2029SR-IX,0.0,,0.0,0.01,1,EQ,NSE,NSE
665,492033,1922,KOTAKBANK,KOTAK MAHINDRA BANK,0.0,,0.0,0.1,1,EQ,NSE,NSE
666,492289,1923,WEALTH,WEALTH FRST PORT. MG.,0.0,,0.0,0.05,1,EQ,NSE,NSE
667,493313,1927,LIQUIDETF,DSP LIQUID ETF,0.0,,0.0,0.01,1,EQ,NSE,NSE
668,495617,1936,582BR26-SG,SDL BR 5.82% 2026,0.0,,0.0,0.01,100,EQ,NSE,NSE
669,495873,1937,KREBSBIO,KREBS BIOCHEMICALS & IND,0.0,,0.0,0.01,1,EQ,NSE,NSE
670,496129,1938,662UP31-SG,SDL UP 6.62% 2031,0.0,,0.0,0.01,100,EQ,NSE,NSE
671,496385,1939,662GA31-SG,SDL GA 6.62% 2031,0.0,,0.0,0.01,100,EQ,NSE,NSE
672,496641,1940,663ML31-SG,SDL ML 6.63% 2031,0.0,,0.0,0.01,100,EQ,NSE,NSE
673,497665,1944,661KA33-SG,SDL KA 6.61% 2033,0.0,,0.0,0.01,100,EQ,NSE,NSE
674,498433,1947,661WB36-SG,SDL WB 6.61% 2036,0.0,,0.0,0.01,100,EQ,NSE,NSE
675,498945,1949,KSB,KSB,0.0,,0.0,0.05,1,EQ,NSE,NSE
676,499201,1950,66KA37-SG,SDL KA 6.6% 2037,0.0,,0.0,0.01,100,EQ,NSE,NSE
677,499969,1953,661MP37-SG,SDL MP 6.61% 2037,0.0,,0.0,0.01,100,EQ,NSE,NSE
678,501505,1959,662TS41-SG,SDL TS 6.62% 2041,0.0,,0.0,0.01,100,EQ,NSE,NSE
679,502785,1964,TRENT,TRENT,0.0,,0.0,0.1,1,EQ,NSE,NSE
680,506625,1979,LMW,LMW,0.0,,0.0,1.0,1,EQ,NSE,NSE
681,509697,1991,863IRFC29-NC,,0.0,,0.0,0.01,1,EQ,NSE,NSE
682,510465,1994,LIBERTSHOE,LIBERTY SHOES,0.0,,0.0,0.05,1,EQ,NSE,NSE
683,511233,1997,LICHSGFIN,LIC HOUSING FINANCE,0.0,,0.0,0.05,1,EQ,NSE,NSE
684,511745,1999,888IRFC29-NE,,0.0,,0.0,0.01,1,EQ,NSE,NSE
685,512769,2003,SGBJAN29X-GB,2.50%GOLDBONDS2029SR-X,0.0,,0.0,0.01,1,EQ,NSE,NSE
686,513025,2004,AHLADA,AHLADA ENGINEERS,0.0,,0.0,0.01,1,EQ,NSE,NSE
687,515329,2013,61CG27-SG,SDL CG 6.1% 2027,0.0,,0.0,0.01,100,EQ,NSE,NSE
688,515585,2014,657GJ31-SG,SDL GJ 6.57% 2031,0.0,,0.0,0.01,100,EQ,NSE,NSE
689,516097,2016,661RJ31A-SG,SDL RJ 6.61% 2031,0.0,,0.0,0.01,100,EQ,NSE,NSE
690,516353,2017,661TS51-SG,SDL TS 6.61% 2051,0.0,,0.0,0.01,100,EQ,NSE,NSE
691,516609,2018,LUMAXIND,LUMAX INDUSTRIES,0.0,,0.0,0.5,1,EQ,NSE,NSE
692,516865,2019,662HR41-SG,SDL HR 6.62% 2041,0.0,,0.0,0.01,100,EQ,NSE,NSE
693,517121,2020,662RJ41-SG,SDL RJ 6.62% 2041,0.0,,0.0,0.01,100,EQ,NSE,NSE
694,517377,2021,663HP31-SG,SDL HP 6.63% 2031,0.0,,0.0,0.01,100,EQ,NSE,NSE
695,517633,2022,663WB31-SG,SDL WB 6.63% 2031,0.0,,0.0,0.01,100,EQ,NSE,NSE
696,517889,2023,663HP33-SG,SDL HP 6.63% 2033,0.0,,0.0,0.01,100,EQ,NSE,NSE
697,518145,2024,664UP31-SG,SDL UP 6.64% 2031,0.0,,0.0,0.01,100,EQ,NSE,NSE
698,519169,2028,LYKALABS,LYKA LABS,0.0,,0.0,0.01,1,EQ,NSE,NSE
699,519425,2029,IRFC,INDIAN RAILWAY FIN CORP L,0.0,,0.0,0.01,1,EQ,NSE,NSE
700,519937,2031,M&M,MAHINDRA & MAHINDRA,0.0,,0.0,0.1,1,EQ,NSE,NSE
701,523009,2043,RAMCOCEM,THE RAMCO CEMENTS,0.0,,0.0,0.1,1,EQ,NSE,NSE
702,524289,2048,INDIGOPNTS,INDIGO PAINTS,0.0,,0.0,0.1,1,EQ,NSE,NSE
703,524545,2049,CHENNPETRO,CHENNAI PETROLEUM CORP LT,0.0,,0.0,0.05,1,EQ,NSE,NSE
704,526337,2056,HOMEFIRST,HOME FIRST FIN CO IND,0.0,,0.0,0.1,1,EQ,NSE,NSE
705,528641,2065,689BR28-SG,SDL BR 6.89% 2028,0.0,,0.0,0.01,100,EQ,NSE,NSE
706,530177,2071,645RJ27-SG,SDL RJ 6.45% 2027,0.0,,0.0,0.01,100,EQ,NSE,NSE
707,530689,2073,VTL,VARDHMAN TEXTILES,0.0,,0.0,0.05,1,EQ,NSE,NSE
708,530945,2074,699JK31-SG,SDL JK 6.99% 2031,0.0,,0.0,0.01,100,EQ,NSE,NSE
709,531713,2077,685GA31-SG,SDL GA 6.85% 2031,0.0,,0.0,0.01,100,EQ,NSE,NSE
710,531969,2078,688MN31-SG,SDL MN 6.88% 2031,0.0,,0.0,0.01,100,EQ,NSE,NSE
711,532225,2079,685RJ31-SG,SDL RJ 6.85% 2031,0.0,,0.0,0.01,100,EQ,NSE,NSE
712,532481,2080,688UP31-SG,SDL UP 6.88% 2031,0.0,,0.0,0.01,100,EQ,NSE,NSE
713,532737,2081,69AP32-SG,SDL AP 6.9% 2032,0.0,,0.0,0.01,100,EQ,NSE,NSE
714,533761,2085,MAHSCOOTER,MAHARASHTRA SCOOTERS,0.0,,0.0,1.0,1,EQ,NSE,NSE
715,534017,2086,689AP35-SG,SDL AP 6.89% 2035,0.0,,0.0,0.01,100,EQ,NSE,NSE
716,534529,2088,MAHSEAMLES,MAHARASHTRA SEAMLESS,0.0,,0.0,0.05,1,EQ,NSE,NSE
717,534785,2089,688RJ46-SG,SDL RJ 6.88% 2046,0.0,,0.0,0.01,100,EQ,NSE,NSE
718,535553,2092,689WB41-SG,SDL WB 6.89% 2041,0.0,,0.0,0.01,100,EQ,NSE,NSE
719,536321,2095,686TS41-SG,SDL TS 6.86% 2041,0.0,,0.0,0.01,100,EQ,NSE,NSE
720,536577,2096,687AP37-SG,SDL AP 6.87% 2037,0.0,,0.0,0.01,100,EQ,NSE,NSE
721,536833,2097,685TN51-SG,SDL TN 6.85% 2051,0.0,,0.0,0.01,100,EQ,NSE,NSE
722,539137,2106,MANGLMCEM,MANGALAM CEMENT,0.0,,0.0,0.05,1,EQ,NSE,NSE
723,539393,2107,STOVEKRAFT,STOVE KRAFT,0.0,,0.0,0.05,1,EQ,NSE,NSE
724,540673,2112,MARALOVER,MARAL OVERSEAS,0.0,,0.0,0.01,1,EQ,NSE,NSE
725,543489,2123,619AS26-SG,SDL AS 6.19% 2026,0.0,,0.0,0.01,100,EQ,NSE,NSE
726,543745,2124,MASTEK,MASTEK,0.0,,0.0,0.1,1,EQ,NSE,NSE
727,544001,2125,609RJ26-SG,SDL RJ 6.09% 2026,0.0,,0.0,0.01,100,EQ,NSE,NSE
728,545793,2132,MDL-SM,MARVEL DECOR,0.0,,0.0,0.05,1000,EQ,NSE,NSE
729,546305,2134,698AS31-SG,SDL AS 6.98% 2031,0.0,,0.0,0.01,100,EQ,NSE,NSE
730,546561,2135,705PN31-SG,SDL PN 7.05% 2031,0.0,,0.0,0.01,100,EQ,NSE,NSE
731,547073,2137,695RJ31-SG,SDL RJ 6.95% 2031,0.0,,0.0,0.01,100,EQ,NSE,NSE
732,547841,2140,694UP31-SG,SDL UP 6.94% 2031,0.0,,0.0,0.01,100,EQ,NSE,NSE
733,548353,2142,MFSL,MAX FINANCIAL SERV,0.0,,0.0,0.1,1,EQ,NSE,NSE
734,548609,2143,704MZ33-SG,SDL MZ 7.04% 2033,0.0,,0.0,0.01,100,EQ,NSE,NSE
735,548865,2144,BDL,BHARAT DYNAMICS,0.0,,0.0,0.1,1,EQ,NSE,NSE
736,549377,2146,698HR41-SG,SDL HR 6.98% 2041,0.0,,0.0,0.01,100,EQ,NSE,NSE
737,549633,2147,696RJ41-SG,SDL RJ 6.96% 2041,0.0,,0.0,0.01,100,EQ,NSE,NSE
738,550145,2149,697WB36-SG,SDL WB 6.97% 2036,0.0,,0.0,0.01,100,EQ,NSE,NSE
739,550401,2150,697RJ51-SG,SDL RJ 6.97% 2051,0.0,,0.0,0.01,100,EQ,NSE,NSE
740,555009,2168,RAJMET,RAJNANDINI METAL,0.0,,0.0,0.01,1,EQ,NSE,NSE
741,557057,2176,AKG,AKG EXIM,0.0,,0.0,0.01,1,EQ,NSE,NSE
742,558337,2181,BOSCHLTD,BOSCH,0.0,,0.0,5.0,1,EQ,NSE,NSE
743,558849,2183,TSFINV,TSF INVESTMENTS,0.0,,0.0,0.05,1,EQ,NSE,NSE
744,560129,2188,GENCON,GENERIC ENG CONS PROJ,0.0,,0.0,0.01,1,EQ,NSE,NSE
745,563201,2200,SGBFEB29XI-GB,2.50%GOLDBONDS2029SR-XI,0.0,,0.0,0.01,1,EQ,NSE,NSE
746,563969,2203,BIRET-RR,BROOKFIELD INDIA RET,0.0,,0.0,0.01,1,EQ,NSE,NSE
747,569345,2224,621AS26-SG,SDL AS 6.21% 2026,0.0,,0.0,0.01,100,EQ,NSE,NSE
748,570113,2227,70TS51-SG,SDL TS 7.0% 2051,0.0,,0.0,0.01,100,EQ,NSE,NSE
749,570625,2229,MODIRUBBER,MODI RUBBER,0.0,,0.0,0.01,1,EQ,NSE,NSE
750,570881,2230,693GJ31-SG,SDL GJ 6.93% 2031,0.0,,0.0,0.01,100,EQ,NSE,NSE
751,571649,2233,705HP35-SG,SDL HP 7.05% 2035,0.0,,0.0,0.01,100,EQ,NSE,NSE
752,572417,2236,702HP36-SG,SDL HP 7.02% 2036,0.0,,0.0,0.01,100,EQ,NSE,NSE
753,573185,2239,703MP31-SG,SDL MP 7.03% 2031,0.0,,0.0,0.01,100,EQ,NSE,NSE
754,573697,2241,MODTHREAD,MODERN THREADS INDIA,0.0,,0.0,0.01,1,EQ,NSE,NSE
755,573953,2242,705NL31-SG,SDL NL 7.05% 2031,0.0,,0.0,0.01,100,EQ,NSE,NSE
756,574721,2245,705RJ31-SG,SDL RJ 7.05% 2031,0.0,,0.0,0.01,100,EQ,NSE,NSE
757,575489,2248,703RJ36-SG,SDL RJ 7.03% 2036,0.0,,0.0,0.01,100,EQ,NSE,NSE
758,576257,2251,699RJ41-SG,SDL RJ 6.99% 2041,0.0,,0.0,0.01,100,EQ,NSE,NSE
759,577537,2256,PENINLAND,PENINSULA LAND,0.0,,0.0,0.01,1,EQ,NSE,NSE
760,577793,2257,697RJ51A-SG,SDL RJ 6.97% 2051,0.0,,0.0,0.01,100,EQ,NSE,NSE
761,578305,2259,MOREPENLAB,MOREPEN LAB.,0.0,,0.0,0.01,1,EQ,NSE,NSE
762,578561,2260,695TN31-SG,SDL TN 6.95% 2031,0.0,,0.0,0.01,100,EQ,NSE,NSE
763,579329,2263,BANDHANBNK,BANDHAN BANK,0.0,,0.0,0.01,1,EQ,NSE,NSE
764,579585,2264,708UP31-SG,SDL UP 7.08% 2031,0.0,,0.0,0.01,100,EQ,NSE,NSE
765,579841,2265,705WB31-SG,SDL WB 7.05% 2031,0.0,,0.0,0.01,100,EQ,NSE,NSE
766,580097,2266,707AS31-SG,SDL AS 7.07% 2031,0.0,,0.0,0.01,100,EQ,NSE,NSE
767,580609,2268,MOTOGENFIN,MOTOR & GENERAL FINANCE L,0.0,,0.0,0.01,1,EQ,NSE,NSE
768,582401,2275,IRISDOREME,IRIS CLOTHINGS,0.0,,0.0,0.01,1,EQ,NSE,NSE
769,582913,2277,MRF,MRF,0.0,,0.0,5.0,1,EQ,NSE,NSE
770,584449,2283,MRPL,MRPL,0.0,,0.0,0.01,1,EQ,NSE,NSE
771,585985,2289,HLEGLAS,HLE GLASCOAT,0.0,,0.0,0.05,1,EQ,NSE,NSE
772,587265,2294,MTNL,MAHANAGAR TELEPHONE NIGAM,0.0,,0.0,0.01,1,EQ,NSE,NSE
773,589569,2303,HAL,HINDUSTAN AERONAUTICS,0.0,,0.0,0.1,1,EQ,NSE,NSE
774,590337,2306,BESTAGRO,BEST AGROLIFE,0.0,,0.0,0.05,1,EQ,NSE,NSE
775,590593,2307,MUNJALSHOW,MUNJAL SHOWA,0.0,,0.0,0.01,1,EQ,NSE,NSE
776,592129,2313,MURUDCERA,MURUDESHWAR CERAMICS,0.0,,0.0,0.01,1,EQ,NSE,NSE
777,592897,2316,HEIDELBERG,HEIDELBERGCEMENT (I),0.0,,0.0,0.01,1,EQ,NSE,NSE
778,593153,2317,676GS2061-GS,GOI LOAN  6.76% 2061,0.0,,0.0,0.01,1,EQ,NSE,NSE
779,593665,2319,NCC,NCC,0.0,,0.0,0.01,1,EQ,NSE,NSE
780,593921,2320,SMCGLOBAL,SMC GLOBAL SECURITIES,0.0,,0.0,0.01,1,EQ,NSE,NSE
781,595969,2328,CPSEETF,CPSE ETF,0.0,,0.0,0.01,1,EQ,NSE,NSE
782,596737,2331,JAYNECOIND,JAYASWAL NECO INDUSTR,0.0,,0.0,0.01,1,EQ,NSE,NSE
783,602369,2353,NURECA-BE,NURECA,0.0,,0.0,0.05,1,EQ,NSE,NSE
784,605441,2365,GIRIRAJ-SM,GIRIRAJ CIVIL DEVP,0.0,,0.0,0.05,250,EQ,NSE,NSE
785,607233,2372,63PY26-SG,SDL PY 6.3% 2026,0.0,,0.0,0.01,100,EQ,NSE,NSE
786,607745,2374,67AS27-SG,SDL AS 6.7% 2027,0.0,,0.0,0.01,100,EQ,NSE,NSE
787,609281,2380,708CG29-SG,SDL CG 7.08% 2029,0.0,,0.0,0.01,100,EQ,NSE,NSE
788,609537,2381,707GJ31-SG,SDL GJ 7.07% 2031,0.0,,0.0,0.01,100,EQ,NSE,NSE
789,610049,2383,708MH31-SG,SDL MH 7.08% 2031,0.0,,0.0,0.01,100,EQ,NSE,NSE
790,610305,2384,719SK31-SG,SDL SK 7.19% 2031,0.0,,0.0,0.01,100,EQ,NSE,NSE
791,610561,2385,NAVNETEDUL,NAVNEET EDUCATION,0.0,,0.0,0.01,1,EQ,NSE,NSE
792,610817,2386,72GA31-SG,SDL GA 7.2% 2031,0.0,,0.0,0.01,100,EQ,NSE,NSE
793,611073,2387,72UP31-SG,SDL UP 7.2% 2031,0.0,,0.0,0.01,100,EQ,NSE,NSE
794,611329,2388,NELCO,NELCO,0.0,,0.0,0.05,1,EQ,NSE,NSE
795,611585,2389,724AS31-SG,SDL AS 7.24% 2031,0.0,,0.0,0.01,100,EQ,NSE,NSE
796,612097,2391,72JH35-SG,SDL JH 7.2% 2035,0.0,,0.0,0.01,100,EQ,NSE,NSE
797,612865,2394,734TR36-SG,SDL TR 7.34% 2036,0.0,,0.0,0.01,100,EQ,NSE,NSE
798,613121,2395,722AP37-SG,SDL AP 7.22% 2037,0.0,,0.0,0.01,100,EQ,NSE,NSE
799,613633,2397,SANDHAR,SANDHAR TECHNOLOGIES,0.0,,0.0,0.05,1,EQ,NSE,NSE
800,613889,2398,722KA38-SG,SDL KA 7.22% 2038,0.0,,0.0,0.01,100,EQ,NSE,NSE
801,614401,2400,735KA39-SG,SDL KA 7.35% 2039,0.0,,0.0,0.01,100,EQ,NSE,NSE
802,615425,2404,735KA40-SG,SDL KA 7.35% 2040,0.0,,0.0,0.01,100,EQ,NSE,NSE
803,615937,2406,NEULANDLAB,NEULAND LAB,0.0,,0.0,1.0,1,EQ,NSE,NSE
804,616193,2407,718HR41-SG,SDL HR 7.18% 2041,0.0,,0.0,0.01,100,EQ,NSE,NSE
805,617729,2413,722RJ41-SG,SDL RJ 7.22% 2041,0.0,,0.0,0.01,100,EQ,NSE,NSE
806,617985,2414,723WB41-SG,SDL WB 7.23% 2041,0.0,,0.0,0.01,100,EQ,NSE,NSE
807,619777,2421,NILKAMAL,NILKAMAL,0.0,,0.0,0.1,1,EQ,NSE,NSE
808,622337,2431,RAILTEL,RAILTEL CORP OF IND,0.0,,0.0,0.05,1,EQ,NSE,NSE
809,623361,2435,CONSUMBEES,NIP IND ETF CONSUMPTION,0.0,,0.0,0.01,1,EQ,NSE,NSE
810,624385,2439,NKIND,NK INDUSTRIES,0.0,,0.0,0.01,1,EQ,NSE,NSE
811,625153,2442,NOCIL,NOCIL,0.0,,0.0,0.01,1,EQ,NSE,NSE
812,628225,2454,CENTRUM,CENTRUM CAPITAL,0.0,,0.0,0.01,1,EQ,NSE,NSE
813,630529,2463,MIDHANI,MISHRA DHATU NIGAM,0.0,,0.0,0.05,1,EQ,NSE,NSE
814,632833,2472,OILCOUNTUB,OIL COUNTRY TUBULAR,0.0,,0.0,0.01,1,EQ,NSE,NSE
815,633601,2475,ONGC,OIL AND NATURAL GAS CORP.,0.0,,0.0,0.01,1,EQ,NSE,NSE
816,635137,2481,ONWARDTEC,ONWARD TECHNOLOGIES,0.0,,0.0,0.05,1,EQ,NSE,NSE
817,638209,2493,ORIENTHOT,ORIENT HOTELS,0.0,,0.0,0.01,1,EQ,NSE,NSE
818,638721,2495,SILGO-BE,SILGO RETAIL,0.0,,0.0,0.01,1,EQ,NSE,NSE
819,638977,2496,ORIENTPPR,ORIENT PAPER AND INDS,0.0,,0.0,0.01,1,EQ,NSE,NSE
820,643329,2513,BCLIND,BCL INDUSTRIES,0.0,,0.0,0.01,1,EQ,NSE,NSE
821,643585,2514,OSWALAGRO,OSWAL AGRO MILLS,0.0,,0.0,0.01,1,EQ,NSE,NSE
822,647937,2531,CONTI-SM,CONTINENTAL SEED CHEM,0.0,,0.0,0.05,3333,EQ,NSE,NSE
823,648961,2535,PGHH,P&G HYGIENE & HEALTH CARE,0.0,,0.0,1.0,1,EQ,NSE,NSE
824,649473,2537,702KL28-SG,SDL KL 7.02% 2028,0.0,,0.0,0.01,100,EQ,NSE,NSE
825,649985,2539,702HR29-SG,SDL HR 7.02% 2029,0.0,,0.0,0.01,100,EQ,NSE,NSE
826,650753,2542,704MH29-SG,SDL MH 7.04% 2029,0.0,,0.0,0.01,100,EQ,NSE,NSE
827,651521,2545,715RJ31-SG,SDL RJ 7.15% 2031,0.0,,0.0,0.01,100,EQ,NSE,NSE
828,652289,2548,717AS31-SG,SDL AS 7.17% 2031,0.0,,0.0,0.01,100,EQ,NSE,NSE
829,653057,2551,717ML31-SG,SDL ML 7.17% 2031,0.0,,0.0,0.01,100,EQ,NSE,NSE
830,653313,2552,719UP31-SG,SDL UP 7.19% 2031,0.0,,0.0,0.01,100,EQ,NSE,NSE
831,654593,2557,723PN31-SG,SDL PN 7.23% 2031,0.0,,0.0,0.01,100,EQ,NSE,NSE
832,655361,2560,724RJ36-SG,SDL RJ 7.24% 2036,0.0,,0.0,0.01,100,EQ,NSE,NSE
833,655873,2562,HUHTAMAKI,HUHTAMAKI INDIA,0.0,,0.0,0.01,1,EQ,NSE,NSE
834,656129,2563,724JK36-SG,SDL JK 7.24% 2036,0.0,,0.0,0.01,100,EQ,NSE,NSE
835,656897,2566,729KA36-SG,SDL KA 7.29% 2036,0.0,,0.0,0.01,100,EQ,NSE,NSE
836,659201,2575,729KA37-SG,SDL KA 7.29% 2037,0.0,,0.0,0.01,100,EQ,NSE,NSE
837,659969,2578,722KA38A-SG,SDL KA 7.22% 2038,0.0,,0.0,0.01,100,EQ,NSE,NSE
838,660737,2581,725TS41-SG,SDL TS 7.25% 2041,0.0,,0.0,0.01,100,EQ,NSE,NSE
839,661505,2584,72RJ46-SG,SDL RJ 7.2% 2046,0.0,,0.0,0.01,100,EQ,NSE,NSE
840,664321,2595,3PLAND,3P LAND HOLDINGS,0.0,,0.0,0.01,1,EQ,NSE,NSE
841,665089,2598,AMJLAND,AMJ LAND HOLDINGS,0.0,,0.0,0.01,1,EQ,NSE,NSE
842,665345,2599,PARTYCRUS-SM,PARTY CRUISERS,0.0,,0.0,0.05,1000,EQ,NSE,NSE
843,667137,2606,LEMONTREE,LEMON TREE HOTELS,0.0,,0.0,0.01,1,EQ,NSE,NSE
844,668161,2610,PEARLPOLY,PEARL POLYMERS,0.0,,0.0,0.01,1,EQ,NSE,NSE
845,669185,2614,HERANBA,HERANBA INDUSTRIES,0.0,,0.0,0.05,1,EQ,NSE,NSE
846,669697,2616,SEAMECLTD,SEAMEC,0.0,,0.0,0.05,1,EQ,NSE,NSE
847,672513,2627,IT,KOTAKMAMC - KOTAKIT,0.0,,0.0,0.01,1,EQ,NSE,NSE
848,674817,2636,DIVOPPBEES,NIP IND ETF DIV OPP,0.0,,0.0,0.01,1,EQ,NSE,NSE
849,676609,2643,PFIZER,PFIZER,0.0,,0.0,0.1,1,EQ,NSE,NSE
850,677121,2645,DRCSYSTEMS,DRC SYSTEMS INDIA,0.0,,0.0,0.01,1,EQ,NSE,NSE
851,678145,2649,PCBL,PCBL CHEMICAL,0.0,,0.0,0.05,1,EQ,NSE,NSE
852,679937,2656,729KA39-SG,SDL KA 7.29% 2039,0.0,,0.0,0.01,100,EQ,NSE,NSE
853,680193,2657,725WB41-SG,SDL WB 7.25% 2041,0.0,,0.0,0.01,100,EQ,NSE,NSE
854,680705,2659,72TS51-SG,SDL TS 7.2% 2051,0.0,,0.0,0.01,100,EQ,NSE,NSE
855,681985,2664,PIDILITIND,PIDILITE INDUSTRIES,0.0,,0.0,0.1,1,EQ,NSE,NSE
856,682497,2666,VERA-SM,VERA SYNTHETIC,0.0,,0.0,0.05,1500,EQ,NSE,NSE
857,683009,2668,702PN28-SG,SDL PN 7.02% 2028,0.0,,0.0,0.01,100,EQ,NSE,NSE
858,683521,2670,702MH29-SG,SDL MH 7.02% 2029,0.0,,0.0,0.01,100,EQ,NSE,NSE
859,683777,2671,708GJ31-SG,SDL GJ 7.08% 2031,0.0,,0.0,0.01,100,EQ,NSE,NSE
860,684289,2673,713RJ31-SG,SDL RJ 7.13% 2031,0.0,,0.0,0.01,100,EQ,NSE,NSE
861,685057,2676,717UP31-SG,SDL UP 7.17% 2031,0.0,,0.0,0.01,100,EQ,NSE,NSE
862,685825,2679,718MN31-SG,SDL MN 7.18% 2031,0.0,,0.0,0.01,100,EQ,NSE,NSE
863,686337,2681,718SK31-SG,SDL SK 7.18% 2031,0.0,,0.0,0.01,100,EQ,NSE,NSE
864,686849,2683,727MZ33-SG,SDL MZ 7.27% 2033,0.0,,0.0,0.01,100,EQ,NSE,NSE
865,687873,2687,POLYPLEX,POLYPLEX CORPORATION,0.0,,0.0,0.05,1,EQ,NSE,NSE
866,688129,2688,728JH36-SG,SDL JH 7.28% 2036,0.0,,0.0,0.01,100,EQ,NSE,NSE
867,688641,2690,729TR36-SG,SDL TR 7.29% 2036,0.0,,0.0,0.01,100,EQ,NSE,NSE
868,688897,2691,724KA37-SG,SDL KA 7.24% 2037,0.0,,0.0,0.01,100,EQ,NSE,NSE
869,689409,2693,724KA38-SG,SDL KA 7.24% 2038,0.0,,0.0,0.01,100,EQ,NSE,NSE
870,692481,2705,PRAJIND,PRAJ INDUSTRIES,0.0,,0.0,0.05,1,EQ,NSE,NSE
871,693249,2708,PRAKASH,PRAKASH INDUSTRIES,0.0,,0.0,0.01,1,EQ,NSE,NSE
872,693505,2709,MTARTECH,MTAR TECHNOLOGIES,0.0,,0.0,0.1,1,EQ,NSE,NSE
873,694017,2711,PRECOT,PRECOT,0.0,,0.0,0.05,1,EQ,NSE,NSE
874,695297,2716,BUTTERFLY,BTRFLY GANDHI APPL,0.0,,0.0,0.05,1,EQ,NSE,NSE
875,695553,2717,PRECWIRE,PRECISION WIRES INDIA,0.0,,0.0,0.05,1,EQ,NSE,NSE
876,696577,2721,711GJ31-SG,SDL GJ 7.11% 2031,0.0,,0.0,0.01,100,EQ,NSE,NSE
877,699649,2733,643AS26-SG,SDL AS 6.43% 2026,0.0,,0.0,0.01,100,EQ,NSE,NSE
878,700161,2735,699KA28-SG,SDL KA 6.99% 2028,0.0,,0.0,0.01,100,EQ,NSE,NSE
879,701185,2739,PRSMJOHNSN,PRISM JOHNSON,0.0,,0.0,0.01,1,EQ,NSE,NSE
880,701441,2740,706CG29-SG,SDL CG 7.06% 2029,0.0,,0.0,0.01,100,EQ,NSE,NSE
881,702209,2743,714HR31-SG,SDL HR 7.14% 2031,0.0,,0.0,0.01,100,EQ,NSE,NSE
882,702465,2744,715RJ31A-SG,SDL RJ 7.15% 2031,0.0,,0.0,0.01,100,EQ,NSE,NSE
883,702977,2746,716GA31-SG,SDL GA 7.16% 2031,0.0,,0.0,0.01,100,EQ,NSE,NSE
884,705537,2756,716ML31-SG,SDL ML 7.16% 2031,0.0,,0.0,0.01,100,EQ,NSE,NSE
885,706305,2759,716UP31-SG,SDL UP 7.16% 2031,0.0,,0.0,0.01,100,EQ,NSE,NSE
886,707073,2762,719WB36-SG,SDL WB 7.19% 2036,0.0,,0.0,0.01,100,EQ,NSE,NSE
887,708609,2768,719KA39-SG,SDL KA 7.19% 2039,0.0,,0.0,0.01,100,EQ,NSE,NSE
888,709377,2771,719KA40-SG,SDL KA 7.19% 2040,0.0,,0.0,0.01,100,EQ,NSE,NSE
889,712449,2783,JUBLINGREA,JUBILANT INGREVIA,0.0,,0.0,0.05,1,EQ,NSE,NSE
890,714753,2792,EASEMYTRIP,EASY TRIP PLANNERS,0.0,,0.0,0.01,1,EQ,NSE,NSE
891,715265,2794,RSWM,RSWM,0.0,,0.0,0.01,1,EQ,NSE,NSE
892,716545,2799,CHEMFAB,CHEMFAB ALKALIS,0.0,,0.0,0.05,1,EQ,NSE,NSE
893,719105,2809,RAJSREESUG,RAJSHREE SUGAR & CHEMICAL,0.0,,0.0,0.01,1,EQ,NSE,NSE
894,719361,2810,SGBMR29XII-GB,2.50%GOLDBONDS2029SR-XII,0.0,,0.0,0.01,1,EQ,NSE,NSE
895,720385,2814,ARVEE,ARVEE LABORATORIES I,0.0,,0.0,0.01,1,EQ,NSE,NSE
896,720897,2816,RALLIS,RALLIS INDIA,0.0,,0.0,0.05,1,EQ,NSE,NSE
897,724225,2829,ANURAS,ANUPAM RASAYAN INDIA,0.0,,0.0,0.1,1,EQ,NSE,NSE
898,726273,2837,RANASUG,RANA SUGARS,0.0,,0.0,0.01,1,EQ,NSE,NSE
899,726785,2839,MAHICKRA-SM,MAHICKRA CHEMICAL,0.0,,0.0,0.05,750,EQ,NSE,NSE
900,727297,2841,LXCHEM,LAXMI ORGANIC INDUS,0.0,,0.0,0.01,1,EQ,NSE,NSE
901,728065,2844,RANEHOLDIN,RANE HOLDINGS,0.0,,0.0,0.1,1,EQ,NSE,NSE
902,730625,2854,CRAFTSMAN,CRAFTSMAN AUTOMATION,0.0,,0.0,0.5,1,EQ,NSE,NSE
903,731905,2859,RAYMOND,RAYMOND,0.0,,0.0,0.05,1,EQ,NSE,NSE
904,733697,2866,RCF,RASHTRIYA CHEMICALS & FER,0.0,,0.0,0.01,1,EQ,NSE,NSE
905,734209,2868,HITECH,HI-TECH PIPES,0.0,,0.0,0.01,1,EQ,NSE,NSE
906,734977,2871,10IIFL28A-NE,,0.0,,0.0,0.01,1,EQ,NSE,NSE
907,736513,2877,96IIFL28A-NF,,0.0,,0.0,0.01,1,EQ,NSE,NSE
908,738049,2883,IIFLZC28-NG,,0.0,,0.0,0.01,1,EQ,NSE,NSE
909,738561,2885,RELIANCE,RELIANCE INDUSTRIES,0.0,,0.0,0.1,1,EQ,NSE,NSE
910,740097,2891,SGBMAY26-GB,2.50%GOLDBONDS2026SR-I,0.0,,0.0,0.01,1,EQ,NSE,NSE
911,740353,2892,INTERISE-IV,INTERISE TRUST,0.0,,0.0,0.01,25000,EQ,NSE,NSE
912,742657,2901,672KL27-SG,SDL KL 6.72% 2027,0.0,,0.0,0.01,100,EQ,NSE,NSE
913,744193,2907,694CG29-SG,SDL CG 6.94% 2029,0.0,,0.0,0.01,100,EQ,NSE,NSE
914,744705,2909,RICOAUTO,RICO AUTO INDUSTRIES,0.0,,0.0,0.01,1,EQ,NSE,NSE
915,744961,2910,685GA31A-SG,SDL GA 6.85% 2031,0.0,,0.0,0.01,100,EQ,NSE,NSE
916,745473,2912,RIIL,RELIANCE INDUSTRIAL INFRA,0.0,,0.0,0.05,1,EQ,NSE,NSE
917,745729,2913,693SK31-SG,SDL SK 6.93% 2031,0.0,,0.0,0.01,100,EQ,NSE,NSE
918,746497,2916,686JH36-SG,SDL JH 6.86% 2036,0.0,,0.0,0.01,100,EQ,NSE,NSE
919,747265,2919,684UK31-SG,SDL UK 6.84% 2031,0.0,,0.0,0.01,100,EQ,NSE,NSE
920,748033,2922,685AR31-SG,SDL AR 6.85% 2031,0.0,,0.0,0.01,100,EQ,NSE,NSE
921,748801,2925,683WB31-SG,SDL WB 6.83% 2031,0.0,,0.0,0.01,100,EQ,NSE,NSE
922,749569,2928,684GJ31-SG,SDL GJ 6.84% 2031,0.0,,0.0,0.01,100,EQ,NSE,NSE
923,750081,2930,685AS31-SG,SDL AS 6.85% 2031,0.0,,0.0,0.01,100,EQ,NSE,NSE
924,750849,2933,863REC29-NC,,0.0,,0.0,0.01,1,EQ,NSE,NSE
925,751361,2935,861REC34-ND,,0.0,,0.0,0.01,1,EQ,NSE,NSE
926,751873,2937,685ML31-SG,SDL ML 6.85% 2031,0.0,,0.0,0.01,100,EQ,NSE,NSE
927,752385,2939,RUBYMILLS,THE RUBY MILLS,0.0,,0.0,0.01,1,EQ,NSE,NSE
928,752641,2940,686PN33-SG,SDL PN 6.86% 2033,0.0,,0.0,0.01,100,EQ,NSE,NSE
929,753409,2943,686PY34-SG,SDL PY 6.86% 2034,0.0,,0.0,0.01,100,EQ,NSE,NSE
930,754433,2947,888REC29-NF,,0.0,,0.0,0.01,1,EQ,NSE,NSE
931,755457,2951,S&SPOWER,S&S POWER SWITCHGEARS,0.0,,0.0,0.01,1,EQ,NSE,NSE
932,755969,2953,886REC34-NG,,0.0,,0.0,0.01,1,EQ,NSE,NSE
933,756481,2955,KALYANKJIL,KALYAN JEWELLERS IND,0.0,,0.0,0.05,1,EQ,NSE,NSE
934,758529,2963,SAIL,STEEL AUTHORITY OF INDIA,0.0,,0.0,0.01,1,EQ,NSE,NSE
935,760065,2969,SAKHTISUG,SAKTHI SUGARS,0.0,,0.0,0.01,1,EQ,NSE,NSE
936,760321,2970,SURYODAY,SURYODAY SMALL FIN BK,0.0,,0.0,0.01,1,EQ,NSE,NSE
937,760833,2972,ORIENTELEC,ORIENT ELECTRIC,0.0,,0.0,0.01,1,EQ,NSE,NSE
938,762625,2979,ORTINGLOBE,ORTIN GLOBAL,0.0,,0.0,0.01,1,EQ,NSE,NSE
939,764673,2987,NAZARA,NAZARA TECHNOLOGIES,0.0,,0.0,0.05,1,EQ,NSE,NSE
940,764929,2988,SANDESH,SANDESH,0.0,,0.0,0.1,1,EQ,NSE,NSE
941,767233,2997,SANGHIIND,SANGHI INDUSTRIES,0.0,,0.0,0.01,1,EQ,NSE,NSE
942,767489,2998,SUVIDHAA,SUVIDHAA INFOSERVE,0.0,,0.0,0.01,1,EQ,NSE,NSE
943,768257,3001,BSE500IETF,ICICIPRAMC - ICICI500,0.0,,0.0,0.01,1,EQ,NSE,NSE
944,768513,3002,WONDERLA,WONDERLA HOLIDAYS,0.0,,0.0,0.05,1,EQ,NSE,NSE
945,770305,3009,KOHINOOR,KOHINOOR FOODS,0.0,,0.0,0.01,1,EQ,NSE,NSE
946,770561,3010,AXISTECETF,AXISAMC - AXISTECETF,0.0,,0.0,0.01,1,EQ,NSE,NSE
947,772609,3018,SAURASHCEM,SAURASHTRA CEMENT,0.0,,0.0,0.01,1,EQ,NSE,NSE
948,773377,3021,SOTL,SAVITA OIL TECHNOLO.,0.0,,0.0,0.05,1,EQ,NSE,NSE
949,773633,3022,SDL26BEES,RELCAPAMC-NETFSDL26,0.0,,0.0,0.01,1,EQ,NSE,NSE
950,774145,3024,JINDALSAW,JINDAL SAW,0.0,,0.0,0.01,1,EQ,NSE,NSE
951,779521,3045,SBIN,STATE BANK OF INDIA,0.0,,0.0,0.05,1,EQ,NSE,NSE
952,780289,3048,SCI,SHIPPING CORP OF INDIA LT,0.0,,0.0,0.01,1,EQ,NSE,NSE
953,782849,3058,618GJ26-SG,SDL GJ 6.18% 2026,0.0,,0.0,0.01,100,EQ,NSE,NSE
954,783617,3061,658GJ27-SG,SDL GJ 6.58% 2027,0.0,,0.0,0.01,100,EQ,NSE,NSE
955,784129,3063,VEDL,VEDANTA,0.0,,0.0,0.05,1,EQ,NSE,NSE
956,784385,3064,69GJ30-SG,SDL GJ 6.9% 2030,0.0,,0.0,0.01,100,EQ,NSE,NSE
957,784897,3066,SESHAPAPER,SESHASAYEE PAPER & BOARDS,0.0,,0.0,0.01,1,EQ,NSE,NSE
958,785153,3067,68UK31-SG,SDL UK 6.8% 2031,0.0,,0.0,0.01,100,EQ,NSE,NSE
959,785921,3070,68KL31-SG,SDL KL 6.8% 2031,0.0,,0.0,0.01,100,EQ,NSE,NSE
960,786689,3073,684JK31-SG,SDL JK 6.84% 2031,0.0,,0.0,0.01,100,EQ,NSE,NSE
961,787457,3076,684GA31-SG,SDL GA 6.84% 2031,0.0,,0.0,0.01,100,EQ,NSE,NSE
962,787713,3077,682KL32-SG,SDL KL 6.82% 2032,0.0,,0.0,0.01,100,EQ,NSE,NSE
963,787969,3078,SHANTIGEAR,SHANTHI GEARS,0.0,,0.0,0.05,1,EQ,NSE,NSE
964,788225,3079,698PY33-SG,SDL PY 6.98% 2033,0.0,,0.0,0.01,100,EQ,NSE,NSE
965,788993,3082,682JH34-SG,SDL JH 6.82% 2034,0.0,,0.0,0.01,100,EQ,NSE,NSE
966,789249,3083,682KL35-SG,SDL KL 6.82% 2035,0.0,,0.0,0.01,100,EQ,NSE,NSE
967,789761,3085,682PN36-SG,SDL PN 6.82% 2036,0.0,,0.0,0.01,100,EQ,NSE,NSE
968,790529,3088,INDOSTAR,INDOSTAR CAPITAL FIN,0.0,,0.0,0.01,1,EQ,NSE,NSE
969,790785,3089,699WB36-SG,SDL WB 6.99% 2036,0.0,,0.0,0.01,100,EQ,NSE,NSE
970,793345,3099,SHREDIGCEM,SHREE DIGVIJAY CEM CO,0.0,,0.0,0.01,1,EQ,NSE,NSE
971,794369,3103,SHREECEM,SHREE CEMENT,0.0,,0.0,5.0,1,EQ,NSE,NSE
972,800257,3126,SHREYANIND,SHREYANS INDUSTRIES,0.0,,0.0,0.01,1,EQ,NSE,NSE
973,800513,3127,UFBL,UNITED FOODBRANDS,0.0,,0.0,0.01,1,EQ,NSE,NSE
974,801025,3129,TRANSWORLD,TRANSWORLD SHIP LINES,0.0,,0.0,0.01,1,EQ,NSE,NSE
975,803329,3138,HONDAPOWER,HONDA I POWER PRODUCT,0.0,,0.0,0.1,1,EQ,NSE,NSE
976,805889,3148,SIDDHIKA-SM,SIDDHIKA COATINGS,0.0,,0.0,0.05,1000,EQ,NSE,NSE
977,806145,3149,BORORENEW,BOROSIL RENEWABLES,0.0,,0.0,0.05,1,EQ,NSE,NSE
978,806401,3150,SIEMENS,SIEMENS,0.0,,0.0,0.1,1,EQ,NSE,NSE
979,809473,3162,SIMPLEXINF,SIMPLEX INFRASTRUCTURES L,0.0,,0.0,0.05,1,EQ,NSE,NSE
980,812033,3172,GILT5YBEES,RELCAPAMC - NETFGILT5Y,0.0,,0.0,0.01,1,EQ,NSE,NSE
981,815617,3186,SKFINDIA,SKF INDIA,0.0,,0.0,0.1,1,EQ,NSE,NSE
982,816129,3188,VMARCIND-SM,V MARC INDIA,0.0,,0.0,0.05,250,EQ,NSE,NSE
983,817921,3195,675RJ31-SG,SDL RJ 6.75% 2031,0.0,,0.0,0.01,100,EQ,NSE,NSE
984,818177,3196,678AP38-SG,SDL AP 6.78% 2038,0.0,,0.0,0.01,100,EQ,NSE,NSE
985,819201,3200,678AP39-SG,SDL AP 6.78% 2039,0.0,,0.0,0.01,100,EQ,NSE,NSE
986,819713,3202,563GS2026-GS,GOI LOAN  5.63% 2026,0.0,,0.0,0.01,1,EQ,NSE,NSE
987,820225,3204,664GS2035-GS,GOI LOAN  6.64% 2035,0.0,,0.0,0.01,1,EQ,NSE,NSE
988,824321,3220,LODHA,LODHA DEVELOPERS,0.0,,0.0,0.1,1,EQ,NSE,NSE
989,828673,3237,JTEKTINDIA,JTEKT INDIA,0.0,,0.0,0.01,1,EQ,NSE,NSE
990,828929,3238,682ML31-SG,SDL ML 6.82% 2031,0.0,,0.0,0.01,100,EQ,NSE,NSE
991,829697,3241,678RJ31-SG,SDL RJ 6.78% 2031,0.0,,0.0,0.01,100,EQ,NSE,NSE
992,830465,3244,678JK33-SG,SDL JK 6.78% 2033,0.0,,0.0,0.01,100,EQ,NSE,NSE
993,831233,3247,NITIRAJ,NITIRAJ ENGINEERS,0.0,,0.0,0.01,1,EQ,NSE,NSE
994,832513,3252,SPIC,SPIC,0.0,,0.0,0.01,1,EQ,NSE,NSE
995,833793,3257,684AR31-SG,SDL AR 6.84% 2031,0.0,,0.0,0.01,100,EQ,NSE,NSE
996,834305,3259,682RJ31-SG,SDL RJ 6.82% 2031,0.0,,0.0,0.01,100,EQ,NSE,NSE
997,835841,3265,685NL31-SG,SDL NL 6.85% 2031,0.0,,0.0,0.01,100,EQ,NSE,NSE
998,836097,3266,689TS51-SG,SDL TS 6.89% 2051,0.0,,0.0,0.01,100,EQ,NSE,NSE
999,837889,3273,SRF,SRF,0.0,,0.0,0.1,1,EQ,NSE,NSE
1000,838401,3275,TEMBO,TEMBO GLOBAL IND,0.0,,0.0,0.05,1,EQ,NSE,NSE
1001,842497,3291,STARPAPER,STAR PAPER MILLS,0.0,,0.0,0.01,1,EQ,NSE,NSE
1002,842753,3292,DEEPINDS,DEEP INDUSTRIES,0.0,,0.0,0.05,1,EQ,NSE,NSE
1003,845825,3304,678MN31-SG,SDL MN 6.78% 2031,0.0,,0.0,0.01,100,EQ,NSE,NSE
1004,848897,3316,MODISONLTD,MODISON,0.0,,0.0,0.01,1,EQ,NSE,NSE
1005,850177,3321,SPMLINFRA,SPML INFRA,0.0,,0.0,0.01,1,EQ,NSE,NSE
1006,850945,3324,SUBROS,SUBROS,0.0,,0.0,0.05,1,EQ,NSE,NSE
1007,851713,3327,SUDARSCHEM,SUDARSHAN CHEMICAL INDS L,0.0,,0.0,0.1,1,EQ,NSE,NSE
1008,852225,3329,ISGEC,ISGEC HEAVY ENG,0.0,,0.0,0.05,1,EQ,NSE,NSE
1009,854785,3339,SUNDARMFIN,SUNDARAM FINANCE,0.0,,0.0,0.1,1,EQ,NSE,NSE
1010,856321,3345,SUNDRMFAST,SUNDRAM FASTENERS,0.0,,0.0,0.05,1,EQ,NSE,NSE
1011,857089,3348,SUNFLAG,SUNFLAG IRON AND STEEL CO,0.0,,0.0,0.05,1,EQ,NSE,NSE
1012,857857,3351,SUNPHARMA,SUN PHARMACEUTICAL IND L,0.0,,0.0,0.1,1,EQ,NSE,NSE
1013,859393,3357,SUPERSPIN,SUPER SPINNING MILLS,0.0,,0.0,0.01,1,EQ,NSE,NSE
1014,860929,3363,SUPREMEIND,SUPREME INDUSTRIES,0.0,,0.0,0.1,1,EQ,NSE,NSE
1015,861185,3364,677TN31-SG,SDL TN 6.77% 2031,0.0,,0.0,0.01,100,EQ,NSE,NSE
1016,863489,3373,678RJ31A-SG,SDL RJ 6.78% 2031,0.0,,0.0,0.01,100,EQ,NSE,NSE
1017,864001,3375,SURYAROSNI,SURYA ROSHNI,0.0,,0.0,0.05,1,EQ,NSE,NSE
1018,864257,3376,682MH32-SG,SDL MH 6.82% 2032,0.0,,0.0,0.01,100,EQ,NSE,NSE
1019,865025,3379,687MH33-SG,SDL MH 6.87% 2033,0.0,,0.0,0.01,100,EQ,NSE,NSE
1020,865793,3382,692HR36-SG,SDL HR 6.92% 2036,0.0,,0.0,0.01,100,EQ,NSE,NSE
1021,866305,3384,SWARAJENG,SWARAJ ENGINES,0.0,,0.0,0.1,1,EQ,NSE,NSE
1022,866561,3385,69AP39-SG,SDL AP 6.9% 2039,0.0,,0.0,0.01,100,EQ,NSE,NSE
1023,867073,3387,SMLMAH,SML MAHINDRA,0.0,,0.0,0.1,1,EQ,NSE,NSE
1024,867329,3388,691AP40-SG,SDL AP 6.91% 2040,0.0,,0.0,0.01,100,EQ,NSE,NSE
1025,867585,3389,AGARIND,AGARWAL INDS CORP,0.0,,0.0,0.05,1,EQ,NSE,NSE
1026,868097,3391,696TS51-SG,SDL TS 6.96% 2051,0.0,,0.0,0.01,100,EQ,NSE,NSE
1027,868353,3392,69JK33-SG,SDL JK 6.9% 2033,0.0,,0.0,0.01,100,EQ,NSE,NSE
1028,869377,3396,TAINWALCHM,TAINWALA CHEMICAL AND PLA,0.0,,0.0,0.01,1,EQ,NSE,NSE
1029,871169,3403,AJOONI,AJOONI BIOTECH,0.0,,0.0,0.01,1,EQ,NSE,NSE
1030,871681,3405,TATACHEM,TATA CHEMICALS,0.0,,0.0,0.05,1,EQ,NSE,NSE
1031,873217,3411,TATAELXSI,TATA ELXSI,0.0,,0.0,0.5,1,EQ,NSE,NSE
1032,874753,3417,HONAUT,HONEYWELL AUTOMATION IND,0.0,,0.0,5.0,1,EQ,NSE,NSE
1033,876033,3422,745IGT26-NC,,0.0,,0.0,0.01,1,EQ,NSE,NSE
1034,876801,3425,76IGT26-ND,,0.0,,0.0,0.01,1,EQ,NSE,NSE
1035,877057,3426,TATAPOWER,TATA POWER CO,0.0,,0.0,0.05,1,EQ,NSE,NSE
1036,877569,3428,77IGT28-NE,,0.0,,0.0,0.01,1,EQ,NSE,NSE
1037,878593,3432,TATACONSUM,TATA CONSUMER PRODUCT,0.0,,0.0,0.1,1,EQ,NSE,NSE
1038,878849,3433,79IGT28-NF,,0.0,,0.0,0.01,1,EQ,NSE,NSE
1039,879361,3435,BBOX,BLACK BOX,0.0,,0.0,0.05,1,EQ,NSE,NSE
1040,881153,3442,749IGT28-NG,,0.0,,0.0,0.01,1,EQ,NSE,NSE
1041,883457,3451,769IGT28-NH,,0.0,,0.0,0.01,1,EQ,NSE,NSE
1042,883969,3453,TECILCHEM,TECIL CHEMICALS,0.0,,0.0,0.01,1,EQ,NSE,NSE
1043,884737,3456,TMPV,TATA MOTORS PASS VEH,0.0,,0.0,0.05,1,EQ,NSE,NSE
1044,884993,3457,795IGT31-NI,,0.0,,0.0,0.01,1,EQ,NSE,NSE
1045,886785,3464,82IGT31-NJ,,0.0,,0.0,0.01,1,EQ,NSE,NSE
1046,887297,3466,TFCILTD,TOURISM FINANCE CORP. OF,0.0,,0.0,0.01,1,EQ,NSE,NSE
1047,888321,3470,772IGT31-NK,,0.0,,0.0,0.01,1,EQ,NSE,NSE
1048,889601,3475,THERMAX,THERMAX,0.0,,0.0,0.1,1,EQ,NSE,NSE
1049,889857,3476,797IGT31-NL,,0.0,,0.0,0.01,1,EQ,NSE,NSE
1050,891137,3481,THOMASCOOK,THOMAS COOK (INDIA),0.0,,0.0,0.01,1,EQ,NSE,NSE
1051,891393,3482,CLSEL,CHAMAN LAL SETIA EXP,0.0,,0.0,0.05,1,EQ,NSE,NSE
1052,891905,3484,TIL,TIL,0.0,,0.0,0.05,1,EQ,NSE,NSE
1053,894465,3494,PGINVIT-IV,POWERGRID INFRA. INVITS,0.0,,0.0,0.01,1,EQ,NSE,NSE
1054,894977,3496,TIRUMALCHM,THIRUMALAI CHEMICALS,0.0,,0.0,0.01,1,EQ,NSE,NSE
1055,895745,3499,TATASTEEL,TATA STEEL,0.0,,0.0,0.01,1,EQ,NSE,NSE
1056,897537,3506,TITAN,TITAN COMPANY,0.0,,0.0,0.1,1,EQ,NSE,NSE
1057,897793,3507,MAFANG,MIRAEAMC - MAFANG,0.0,,0.0,0.01,1,EQ,NSE,NSE
1058,898305,3509,TNPETRO,TAMILNADU PETROPRODUCTS L,0.0,,0.0,0.01,1,EQ,NSE,NSE
1059,898817,3511,677RJ31-SG,SDL RJ 6.77% 2031,0.0,,0.0,0.01,100,EQ,NSE,NSE
1060,899073,3512,TNTELE,TAMILNADU TELECOMMUNICATI,0.0,,0.0,0.01,1,EQ,NSE,NSE
1061,899329,3513,694AP37-SG,SDL AP 6.94% 2037,0.0,,0.0,0.01,100,EQ,NSE,NSE
1062,899585,3514,694AP38-SG,SDL AP 6.94% 2038,0.0,,0.0,0.01,100,EQ,NSE,NSE
1063,900097,3516,613RJ26-SG,SDL RJ 6.13% 2026,0.0,,0.0,0.01,100,EQ,NSE,NSE
1064,900353,3517,679HR31-SG,SDL HR 6.79% 2031,0.0,,0.0,0.01,100,EQ,NSE,NSE
1065,900609,3518,TORNTPHARM,TORRENT PHARMACEUTICALS L,0.0,,0.0,0.1,1,EQ,NSE,NSE
1066,900865,3519,683WB31A-SG,SDL WB 6.83% 2031,0.0,,0.0,0.01,100,EQ,NSE,NSE
1067,901121,3520,684MH32-SG,SDL MH 6.84% 2032,0.0,,0.0,0.01,100,EQ,NSE,NSE
1068,901633,3522,688MH33-SG,SDL MH 6.88% 2033,0.0,,0.0,0.01,100,EQ,NSE,NSE
1069,901889,3523,69MZ33-SG,SDL MZ 6.9% 2033,0.0,,0.0,0.01,100,EQ,NSE,NSE
1070,903681,3530,AXISBPSETF,AXISAMC - AXISBPSETF,0.0,,0.0,0.01,1,EQ,NSE,NSE
1071,907777,3546,TTKPRESTIG,TTK PRESTIGE,0.0,,0.0,0.05,1,EQ,NSE,NSE
1072,909569,3553,EQUIPPP-BE,EQUIPPP SOC IMP TECH,0.0,,0.0,0.01,1,EQ,NSE,NSE
1073,912129,3563,ADANIGREEN,ADANI GREEN ENERGY,0.0,,0.0,0.1,1,EQ,NSE,NSE
1074,913153,3567,683MH32-SG,SDL MH 6.83% 2032,0.0,,0.0,0.01,100,EQ,NSE,NSE
1075,913921,3570,UCAL,UCAL,0.0,,0.0,0.01,1,EQ,NSE,NSE
1076,914177,3571,684HR32-SG,SDL HR 6.84% 2032,0.0,,0.0,0.01,100,EQ,NSE,NSE
1077,914945,3574,687MH33A-SG,SDL MH 6.87% 2033,0.0,,0.0,0.01,100,EQ,NSE,NSE
1078,915201,3575,696AP35-SG,SDL AP 6.96% 2035,0.0,,0.0,0.01,100,EQ,NSE,NSE
1079,915457,3576,696AP36-SG,SDL AP 6.96% 2036,0.0,,0.0,0.01,100,EQ,NSE,NSE
1080,915713,3577,698TS41-SG,SDL TS 6.98% 2041,0.0,,0.0,0.01,100,EQ,NSE,NSE
1081,915969,3578,696TN51-SG,SDL TN 6.96% 2051,0.0,,0.0,0.01,100,EQ,NSE,NSE
1082,916225,3579,UNICHEMLAB,UNICHEM LABORATORIES,0.0,,0.0,0.05,1,EQ,NSE,NSE
1083,916481,3580,696TN56-SG,SDL TN 6.96% 2056,0.0,,0.0,0.01,100,EQ,NSE,NSE
1084,918017,3586,MOKSH,MOKSH ORNAMENTS,0.0,,0.0,0.01,1,EQ,NSE,NSE
1085,920065,3594,UNITECH,UNITECH,0.0,,0.0,0.01,1,EQ,NSE,NSE
1086,923393,3607,UNIVCABLES,UNIVERSAL CABLES,0.0,,0.0,0.05,1,EQ,NSE,NSE
1087,923649,3608,AXISHCETF,AXISAMC - AXISHCETF,0.0,,0.0,0.01,1,EQ,NSE,NSE
1088,928257,3626,HEALTHIETF,ICICIPRAMC - ICICIPHARM,0.0,,0.0,0.01,1,EQ,NSE,NSE
1089,931073,3637,JUBLPHARMA,JUBILANT PHARMOVA,0.0,,0.0,0.1,1,EQ,NSE,NSE
1090,931329,3638,61RJ26-SG,SDL RJ 6.1% 2026,0.0,,0.0,0.01,100,EQ,NSE,NSE
1091,932097,3641,676RJ31-SG,SDL RJ 6.76% 2031,0.0,,0.0,0.01,100,EQ,NSE,NSE
1092,932609,3643,678SK31-SG,SDL SK 6.78% 2031,0.0,,0.0,0.01,100,EQ,NSE,NSE
1093,933121,3645,699TN41-SG,SDL TN 6.99% 2041,0.0,,0.0,0.01,100,EQ,NSE,NSE
1094,933377,3646,VARDMNPOLY,VARDHMAN POLYTEX,0.0,,0.0,0.01,1,EQ,NSE,NSE
1095,933633,3647,697TN46-SG,SDL TN 6.97% 2046,0.0,,0.0,0.01,100,EQ,NSE,NSE
1096,934401,3650,639BR27-SG,SDL BR 6.39% 2027,0.0,,0.0,0.01,100,EQ,NSE,NSE
1097,935681,3655,678KL31-SG,SDL KL 6.78% 2031,0.0,,0.0,0.01,100,EQ,NSE,NSE
1098,935937,3656,684KL33-SG,SDL KL 6.84% 2033,0.0,,0.0,0.01,100,EQ,NSE,NSE
1099,936705,3659,678MH31-SG,SDL MH 6.78% 2031,0.0,,0.0,0.01,100,EQ,NSE,NSE
1100,938241,3665,683MH32A-SG,SDL MH 6.83% 2032,0.0,,0.0,0.01,100,EQ,NSE,NSE
1101,940033,3672,SOLARA,SOLARA ACTIVE PHA SCI,0.0,,0.0,0.05,1,EQ,NSE,NSE
1102,941057,3676,VESUVIUS,VESUVIUS INDIA,0.0,,0.0,0.05,1,EQ,NSE,NSE
1103,944385,3689,704AP40-SG,SDL AP 7.04% 2040,0.0,,0.0,0.01,100,EQ,NSE,NSE
1104,945153,3692,704AP41-SG,SDL AP 7.04% 2041,0.0,,0.0,0.01,100,EQ,NSE,NSE
1105,945665,3694,VINDHYATEL,VINDHYA TELELINKS,0.0,,0.0,0.1,1,EQ,NSE,NSE
1106,945921,3695,645BR27-SG,SDL BR 6.45% 2027,0.0,,0.0,0.01,100,EQ,NSE,NSE
1107,946177,3696,695HR33-SG,SDL HR 6.95% 2033,0.0,,0.0,0.01,100,EQ,NSE,NSE
1108,946433,3697,704JK36-SG,SDL JK 7.04% 2036,0.0,,0.0,0.01,100,EQ,NSE,NSE
1109,946945,3699,GAYAHWS-BE,GAYATRI HIGHWAYS,0.0,,0.0,0.01,1,EQ,NSE,NSE
1110,947457,3701,696KL34-SG,SDL KL 6.96% 2034,0.0,,0.0,0.01,100,EQ,NSE,NSE
1111,947969,3703,VIPIND,VIP INDUSTRIES,0.0,,0.0,0.05,1,EQ,NSE,NSE
1112,948225,3704,681MH31-SG,SDL MH 6.81% 2031,0.0,,0.0,0.01,100,EQ,NSE,NSE
1113,948993,3707,686MH32-SG,SDL MH 6.86% 2032,0.0,,0.0,0.01,100,EQ,NSE,NSE
1114,949761,3710,685NL31A-SG,SDL NL 6.85% 2031,0.0,,0.0,0.01,100,EQ,NSE,NSE
1115,950529,3713,684RJ31-SG,SDL RJ 6.84% 2031,0.0,,0.0,0.01,100,EQ,NSE,NSE
1116,951041,3715,VLSFINANCE,VLS FINANCE,0.0,,0.0,0.05,1,EQ,NSE,NSE
1117,951297,3716,705RJ41-SG,SDL RJ 7.05% 2041,0.0,,0.0,0.01,100,EQ,NSE,NSE
1118,951809,3718,VOLTAS,VOLTAS,0.0,,0.0,0.1,1,EQ,NSE,NSE
1119,952065,3719,703TN46-SG,SDL TN 7.03% 2046,0.0,,0.0,0.01,100,EQ,NSE,NSE
1120,952577,3721,TATACOMM,TATA COMMUNICATIONS,0.0,,0.0,0.1,1,EQ,NSE,NSE
1121,952833,3722,703TN51-SG,SDL TN 7.03% 2051,0.0,,0.0,0.01,100,EQ,NSE,NSE
1122,953345,3724,VSTIND,VST INDUSTRIES,0.0,,0.0,0.05,1,EQ,NSE,NSE
1123,953601,3725,705TS41-SG,SDL TS 7.05% 2041,0.0,,0.0,0.01,100,EQ,NSE,NSE
1124,953857,3726,665WB28-SG,SDL WB 6.65% 2028,0.0,,0.0,0.01,100,EQ,NSE,NSE
1125,954113,3727,ANMOL,ANMOL INDIA,0.0,,0.0,0.01,1,EQ,NSE,NSE
1126,956417,3736,WALCHANNAG,WALCHANDNAGAR INDUSTRIES,0.0,,0.0,0.01,1,EQ,NSE,NSE
1127,957953,3742,SGBMAY29I-GB,2.5%GOLDBONDS2029SR-I,0.0,,0.0,0.01,1,EQ,NSE,NSE
1128,958209,3743,SGBJUN29II-GB,2.5%GOLDBONDS2029SR-II,0.0,,0.0,0.01,1,EQ,NSE,NSE
1129,958465,3744,FINEORG,FINE ORGANIC IND.,0.0,,0.0,0.1,1,EQ,NSE,NSE
1130,959489,3748,WEIZMANIND,WEIZMANN,0.0,,0.0,0.01,1,EQ,NSE,NSE
1131,960001,3750,672GJ30-SG,SDL GJ 6.72% 2030,0.0,,0.0,0.01,100,EQ,NSE,NSE
1132,960513,3752,68RJ31-SG,SDL RJ 6.8% 2031,0.0,,0.0,0.01,100,EQ,NSE,NSE
1133,961281,3755,681PN31-SG,SDL PN 6.81% 2031,0.0,,0.0,0.01,100,EQ,NSE,NSE
1134,961793,3757,VENKEYS,VENKY S (INDIA),0.0,,0.0,0.1,1,EQ,NSE,NSE
1135,962049,3758,70AP38-SG,SDL AP 7.0% 2038,0.0,,0.0,0.01,100,EQ,NSE,NSE
1136,962817,3761,RITES,RITES,0.0,,0.0,0.01,1,EQ,NSE,NSE
1137,963073,3762,701AP39-SG,SDL AP 7.01% 2039,0.0,,0.0,0.01,100,EQ,NSE,NSE
1138,963329,3763,707RJ46-SG,SDL RJ 7.07% 2046,0.0,,0.0,0.01,100,EQ,NSE,NSE
1139,964097,3766,WHEELS,WHEELS INDIA,0.0,,0.0,0.05,1,EQ,NSE,NSE
1140,964353,3767,704TS51-SG,SDL TS 7.04% 2051,0.0,,0.0,0.01,100,EQ,NSE,NSE
1141,965633,3772,WILLAMAGOR,WILLIAMSON MAGOR,0.0,,0.0,0.01,1,EQ,NSE,NSE
1142,969473,3787,WIPRO,WIPRO,0.0,,0.0,0.01,1,EQ,NSE,NSE
1143,972545,3799,WSTCSTPAPR,WEST COAST PAPER MILLS LT,0.0,,0.0,0.05,1,EQ,NSE,NSE
1144,972801,3800,SGBJU29III-GB,2.5%GOLDBONDS2029SR-III,0.0,,0.0,0.01,1,EQ,NSE,NSE
1145,974593,3807,VINEETLAB,VINEET LABORATORIES,0.0,,0.0,0.01,1,EQ,NSE,NSE
1146,975873,3812,ZEEL,ZEE ENTERTAINMENT ENT,0.0,,0.0,0.01,1,EQ,NSE,NSE
1147,976129,3813,ARIHANTCAP,ARIHANT CAPITAL MKTS,0.0,,0.0,0.01,1,EQ,NSE,NSE
1148,978177,3821,ZODIACLOTH,ZODIAC CLOTHING CO.,0.0,,0.0,0.01,1,EQ,NSE,NSE
1149,979713,3827,ZUARIIND,ZUARI INDUSTRIES,0.0,,0.0,0.05,1,EQ,NSE,NSE
1150,981505,3834,BHARATRAS,BHARAT RASAYAN,0.0,,0.0,1.0,1,EQ,NSE,NSE
1151,982273,3837,TOKYOPLAST,TOKYO PLAST INTL,0.0,,0.0,0.01,1,EQ,NSE,NSE
1152,987393,3857,VARROC,VARROC ENGINEERING,0.0,,0.0,0.05,1,EQ,NSE,NSE
1153,993281,3880,SOMANYCERA,SOMANY CERAMICS,0.0,,0.0,0.05,1,EQ,NSE,NSE
1154,996353,3892,HATSUN,HATSUN AGRO PRODUCT,0.0,,0.0,0.1,1,EQ,NSE,NSE
1155,999937,3906,CAPLIPOINT,CAPLIN POINT LAB,0.0,,0.0,0.1,1,EQ,NSE,NSE
1156,1000449,3908,PREMIERPOL,PREMIER POLYFILM,0.0,,0.0,0.01,1,EQ,NSE,NSE
1157,1001473,3912,KHAITANLTD,KHAITAN (INDIA)LTD.,0.0,,0.0,0.01,1,EQ,NSE,NSE
1158,1003009,3918,NATCOPHARM,NATCO PHARMA,0.0,,0.0,0.05,1,EQ,NSE,NSE
1159,1011201,3950,JAKHARIA-ST,JAKHARIA FABRIC,0.0,,0.0,0.05,2400,EQ,NSE,NSE
1160,1014529,3963,GOCLCORP,GOCL CORPORATION,0.0,,0.0,0.05,1,EQ,NSE,NSE
1161,1015041,3965,REMSONSIND,REMSONS INDUSTRIES,0.0,,0.0,0.01,1,EQ,NSE,NSE
1162,1016833,3972,PARASPETRO,PARAS PETROFILS,0.0,,0.0,0.01,1,EQ,NSE,NSE
1163,1018881,3980,TNPL,TAMILNADU NEWSPRT & PAPER,0.0,,0.0,0.01,1,EQ,NSE,NSE
1164,1020673,3987,GREENPLY,GREENPLY INDUSTRIES,0.0,,0.0,0.05,1,EQ,NSE,NSE
1165,1025793,4007,CORALFINAC,CORAL INDIA FIN & HOUS LT,0.0,,0.0,0.01,1,EQ,NSE,NSE
1166,1027585,4014,NAVA,NAVA,0.0,,0.0,0.05,1,EQ,NSE,NSE
1167,1033473,4037,AUSOMENT,AUSOM ENTERPRISE,0.0,,0.0,0.01,1,EQ,NSE,NSE
1168,1034241,4040,EIMCOELECO,EIMCO ELECON (INDIA),0.0,,0.0,0.1,1,EQ,NSE,NSE
1169,1034497,4041,JAYAGROGN,JAYANT AGRO ORGANICS,0.0,,0.0,0.01,1,EQ,NSE,NSE
1170,1038081,4055,PANACEABIO,PANACEA BIOTEC,0.0,,0.0,0.05,1,EQ,NSE,NSE
1171,1039361,4060,ALPSINDUS,ALPS INDUSTRIES,0.0,,0.0,0.01,1,EQ,NSE,NSE
1172,1040385,4064,CUBEXTUB,CUBEX TUBINGS,0.0,,0.0,0.01,1,EQ,NSE,NSE
1173,1041153,4067,MARICO,MARICO,0.0,,0.0,0.05,1,EQ,NSE,NSE
1174,1045249,4083,AMBANIORGO-SM,AMBANI ORGOCHEM,0.0,,0.0,0.05,1000,EQ,NSE,NSE
1175,1050881,4105,SILINV,SIL INVESTMENTS,0.0,,0.0,0.05,1,EQ,NSE,NSE
1176,1054209,4118,HBSL-BE,HB STOCKHOLDINGS,0.0,,0.0,0.01,1,EQ,NSE,NSE
1177,1057281,4130,REGENCERAM,REGENCY CERAMICS,0.0,,0.0,0.01,1,EQ,NSE,NSE
1178,1058817,4136,BIOFILCHEM,BIOFIL CHEM & PHARMA,0.0,,0.0,0.01,1,EQ,NSE,NSE
1179,1064193,4157,KEYFINSERV,KEYNOTE FIN SERV,0.0,,0.0,0.05,1,EQ,NSE,NSE
1180,1069057,4176,ZENITHEXPO,ZENITH EXPORTS,0.0,,0.0,0.05,1,EQ,NSE,NSE
1181,1069825,4179,SUNDRMBRAK,SUNDARAM BRAK LININGS,0.0,,0.0,0.05,1,EQ,NSE,NSE
1182,1071105,4184,SANGAMIND,SANGAM (INDIA),0.0,,0.0,0.05,1,EQ,NSE,NSE
1183,1076225,4204,MOTHERSON,SAMVRDHNA MTHRSN INTL,0.0,,0.0,0.01,1,EQ,NSE,NSE
1184,1078273,4212,UCL-SM,USHANTI COLOUR CHEM,0.0,,0.0,0.05,2000,EQ,NSE,NSE
1185,1080577,4221,VISAKAIND,VISAKA INDUSTRIES,0.0,,0.0,0.01,1,EQ,NSE,NSE
1186,1084161,4235,WENDT,WENDT (INDIA),0.0,,0.0,0.5,1,EQ,NSE,NSE
1187,1086465,4244,HDFCAMC,HDFC AMC,0.0,,0.0,0.1,1,EQ,NSE,NSE
1188,1088001,4250,GS071225C-GS,GOI STRIPS C 071225,0.0,,0.0,0.01,100,EQ,NSE,NSE
1189,1089025,4254,GS121225C-GS,GOI STRIPS C 121225,0.0,,0.0,0.01,100,EQ,NSE,NSE
1190,1095425,4279,DENORA,DE NORA INDIA,0.0,,0.0,0.05,1,EQ,NSE,NSE
1191,1097729,4288,943ECL28-NJ,,0.0,,0.0,0.01,1,EQ,NSE,NSE
1192,1098753,4292,985ECL28-NK,,0.0,,0.0,0.01,1,EQ,NSE,NSE
1193,1099265,4294,BDR-IT,BDR BUILDCON,0.0,,0.0,0.05,16667,EQ,NSE,NSE
1194,1100545,4299,STERTOOLS,STERLING TOOLS,0.0,,0.0,0.05,1,EQ,NSE,NSE
1195,1102337,4306,SHRIRAMFIN,SHRIRAM FINANCE,0.0,,0.0,0.05,1,EQ,NSE,NSE
1196,1104385,4314,GS151225C-GS,GOI STRIPS C 151225,0.0,,0.0,0.01,100,EQ,NSE,NSE
1197,1106689,4323,GS171225C-GS,GOI STRIPS C 171225,0.0,,0.0,0.01,100,EQ,NSE,NSE
1198,1107201,4325,GS231225C-GS,GOI STRIPS C 231225,0.0,,0.0,0.01,100,EQ,NSE,NSE
1199,1108481,4330,GS311225C-GS,GOI STRIPS C 311225,0.0,,0.0,0.01,100,EQ,NSE,NSE
1200,1108993,4332,GS020126C-GS,GOI STRIPS C 020126,0.0,,0.0,0.01,100,EQ,NSE,NSE
1201,1111297,4341,GS100226C-GS,GOI STRIPS C 100226,0.0,,0.0,0.01,100,EQ,NSE,NSE
1202,1111809,4343,GS220226C-GS,GOI STRIPS C 220226,0.0,,0.0,0.01,100,EQ,NSE,NSE
1203,1112065,4344,PUNJABCHEM,PUNJAB CHEM & CROP PROT L,0.0,,0.0,0.1,1,EQ,NSE,NSE
1204,1117185,4364,GS090326C-GS,GOI STRIPS C 090326,0.0,,0.0,0.01,100,EQ,NSE,NSE
1205,1117697,4366,GS150326C-GS,GOI STRIPS C 150326,0.0,,0.0,0.01,100,EQ,NSE,NSE
1206,1118209,4368,GS200326C-GS,GOI STRIPS C 200326,0.0,,0.0,0.01,100,EQ,NSE,NSE
1207,1120769,4378,SENSEXIETF,ICICI PRUD SENSEX ETF,0.0,,0.0,0.01,1,EQ,NSE,NSE
1208,1121537,4381,GS100426C-GS,GOI STRIPS C 100426,0.0,,0.0,0.01,100,EQ,NSE,NSE
1209,1121793,4382,GS260426C-GS,GOI STRIPS C 260426,0.0,,0.0,0.01,100,EQ,NSE,NSE
1210,1122305,4384,GS100526C-GS,GOI STRIPS C 100526,0.0,,0.0,0.01,100,EQ,NSE,NSE
1211,1123073,4387,GS070626C-GS,GOI STRIPS C 070626,0.0,,0.0,0.01,100,EQ,NSE,NSE
1212,1123585,4389,GS120626C-GS,GOI STRIPS C 120626,0.0,,0.0,0.01,100,EQ,NSE,NSE
1213,1124097,4391,GULFOILLUB,GULF OIL LUB. IND.,0.0,,0.0,0.1,1,EQ,NSE,NSE
1214,1124609,4393,GS150626C-GS,GOI STRIPS C 150626,0.0,,0.0,0.01,100,EQ,NSE,NSE
1215,1124865,4394,MIRZAINT,MIRZA INTERNATIONAL LIMIT,0.0,,0.0,0.01,1,EQ,NSE,NSE
1216,1125121,4395,GS220261P-GS,GOI STRIPS P 220261,0.0,,0.0,0.01,100,EQ,NSE,NSE
1217,1128705,4409,GS151226C-GS,GOI STRIPS C 151226,0.0,,0.0,0.01,100,EQ,NSE,NSE
1218,1128961,4410,JAGSNPHARM,JAGSONPAL PHARMACEUTICALS,0.0,,0.0,0.01,1,EQ,NSE,NSE
1219,1131777,4421,CREDITACC,CREDITACCESS GRAMEEN,0.0,,0.0,0.1,1,EQ,NSE,NSE
1220,1132033,4422,INDIANCARD,INDIAN CARD CLOTHING CO.,0.0,,0.0,0.05,1,EQ,NSE,NSE
1221,1132289,4423,GS220230C-GS,GOI STRIPS C 220230,0.0,,0.0,0.01,100,EQ,NSE,NSE
1222,1133313,4427,GS220830C-GS,GOI STRIPS C 220830,0.0,,0.0,0.01,100,EQ,NSE,NSE
1223,1133825,4429,GS220231C-GS,GOI STRIPS C 220231,0.0,,0.0,0.01,100,EQ,NSE,NSE
1224,1134337,4431,GS220831C-GS,GOI STRIPS C 220831,0.0,,0.0,0.01,100,EQ,NSE,NSE
1225,1134593,4432,GS220236C-GS,GOI STRIPS C 220236,0.0,,0.0,0.01,100,EQ,NSE,NSE
1226,1144065,4469,ELECTHERM,ELECTROTHERM (I),0.0,,0.0,0.05,1,EQ,NSE,NSE
1227,1147137,4481,AARTIDRUGS,AARTI DRUGS,0.0,,0.0,0.05,1,EQ,NSE,NSE
1228,1148673,4487,ALKYLAMINE,ALKYL AMINES CHEM.,0.0,,0.0,0.1,1,EQ,NSE,NSE
1229,1149697,4491,JCHAC,JOHNSON CONTROLS HITACHI,0.0,,0.0,0.1,1,EQ,NSE,NSE
1230,1150465,4494,GS220836C-GS,GOI STRIPS C 220836,0.0,,0.0,0.01,100,EQ,NSE,NSE
1231,1152769,4503,MPHASIS,MPHASIS,0.0,,0.0,0.1,1,EQ,NSE,NSE
1232,1157121,4520,GS220240C-GS,GOI STRIPS C 220240,0.0,,0.0,0.01,100,EQ,NSE,NSE
1233,1157633,4522,SIGIND,SIGNET INDUSTRIES,0.0,,0.0,0.01,1,EQ,NSE,NSE
1234,1158401,4525,DYNAMATECH,DYNAMATIC TECHNOLOGIES,0.0,,0.0,0.5,1,EQ,NSE,NSE
1235,1159425,4529,NEXT50IETF,ICICIPRAMC - ICICINXT50,0.0,,0.0,0.01,1,EQ,NSE,NSE
1236,1163777,4546,GS220840C-GS,GOI STRIPS C 220840,0.0,,0.0,0.01,100,EQ,NSE,NSE
1237,1165313,4552,GS220250C-GS,GOI STRIPS C 220250,0.0,,0.0,0.01,100,EQ,NSE,NSE
1238,1165569,4553,GS220850C-GS,GOI STRIPS C 220850,0.0,,0.0,0.01,100,EQ,NSE,NSE
1239,1166081,4555,GS220261C-GS,GOI STRIPS C 220261,0.0,,0.0,0.01,100,EQ,NSE,NSE
1240,1166337,4556,703TS51-SG,SDL TS 7.03% 2051,0.0,,0.0,0.01,100,EQ,NSE,NSE
1241,1168897,4566,RUCHINFRA,RUCHI INFRASTRUCTURE,0.0,,0.0,0.01,1,EQ,NSE,NSE
1242,1169409,4568,ATLASCYCLE,ATLAS CYCLE (HARYANA),0.0,,0.0,0.01,1,EQ,NSE,NSE
1243,1169921,4570,605RJ26-SG,SDL RJ 6.05% 2026,0.0,,0.0,0.01,100,EQ,NSE,NSE
1244,1170177,4571,684RJ31A-SG,SDL RJ 6.84% 2031,0.0,,0.0,0.01,100,EQ,NSE,NSE
1245,1171201,4575,675GJ31-SG,SDL GJ 6.75% 2031,0.0,,0.0,0.01,100,EQ,NSE,NSE
1246,1171969,4578,678GA31-SG,SDL GA 6.78% 2031,0.0,,0.0,0.01,100,EQ,NSE,NSE
1247,1172225,4579,68MH31-SG,SDL MH 6.8% 2031,0.0,,0.0,0.01,100,EQ,NSE,NSE
1248,1172481,4580,683MH32B-SG,SDL MH 6.83% 2032,0.0,,0.0,0.01,100,EQ,NSE,NSE
1249,1172737,4581,681KL31-SG,SDL KL 6.81% 2031,0.0,,0.0,0.01,100,EQ,NSE,NSE
1250,1174273,4587,RAMCOIND,RAMCO INDUSTRIES,0.0,,0.0,0.05,1,EQ,NSE,NSE
1251,1176065,4594,KOTHARIPET,KOTHARI PETROCHEM,0.0,,0.0,0.01,1,EQ,NSE,NSE
1252,1177089,4598,HERITGFOOD,HERITAGE FOODS,0.0,,0.0,0.05,1,EQ,NSE,NSE
1253,1180673,4612,692HR36A-SG,SDL HR 6.92% 2036,0.0,,0.0,0.01,100,EQ,NSE,NSE
1254,1184257,4626,AILIMITED-SM,ABHISHEK INTEGRATIONS,0.0,,0.0,0.05,1500,EQ,NSE,NSE
1255,1191937,4656,SBCL,SHIVALIK BIMETAL CON.,0.0,,0.0,0.05,1,EQ,NSE,NSE
1256,1195009,4668,BANKBARODA,BANK OF BARODA,0.0,,0.0,0.05,1,EQ,NSE,NSE
1257,1199105,4684,SONACOMS,SONA BLW PRECISION FRGS L,0.0,,0.0,0.05,1,EQ,NSE,NSE
1258,1201409,4693,SHYAMMETL,SHYAM METALICS AND ENGY L,0.0,,0.0,0.05,1,EQ,NSE,NSE
1259,1207553,4717,GAIL,GAIL (INDIA),0.0,,0.0,0.01,1,EQ,NSE,NSE
1260,1211393,4732,SKMEGGPROD,SKM EGG PROD EXPORT(I) LT,0.0,,0.0,0.05,1,EQ,NSE,NSE
1261,1214721,4745,BANKINDIA,BANK OF INDIA,0.0,,0.0,0.01,1,EQ,NSE,NSE
1262,1215233,4747,INDNIPPON,INDIA NIPPON ELECT ,0.0,,0.0,0.05,1,EQ,NSE,NSE
1263,1215489,4748,709KL36-SG,SDL KL 7.09% 2036,0.0,,0.0,0.01,100,EQ,NSE,NSE
1264,1215745,4749,CONCOR,CONTAINER CORP OF IND,0.0,,0.0,0.05,1,EQ,NSE,NSE
1265,1216001,4750,689GA31-SG,SDL GA 6.89% 2031,0.0,,0.0,0.01,100,EQ,NSE,NSE
1266,1216257,4751,INDRAMEDCO,INDRAPRASTHA MEDICAL CORP,0.0,,0.0,0.05,1,EQ,NSE,NSE
1267,1216513,4752,683MH31-SG,SDL MH 6.83% 2031,0.0,,0.0,0.01,100,EQ,NSE,NSE
1268,1217281,4755,683TN31-SG,SDL TN 6.83% 2031,0.0,,0.0,0.01,100,EQ,NSE,NSE
1269,1217793,4757,688UP31A-SG,SDL UP 6.88% 2031,0.0,,0.0,0.01,100,EQ,NSE,NSE
1270,1218561,4760,689MH32-SG,SDL MH 6.89% 2032,0.0,,0.0,0.01,100,EQ,NSE,NSE
1271,1219585,4764,69RJ32-SG,SDL RJ 6.9% 2032,0.0,,0.0,0.01,100,EQ,NSE,NSE
1272,1220097,4766,713AP36-SG,SDL AP 7.13% 2036,0.0,,0.0,0.01,100,EQ,NSE,NSE
1273,1221377,4771,TCIFINANCE,TCI FINANCE,0.0,,0.0,0.01,1,EQ,NSE,NSE
1274,1222145,4774,LAKPRE-BZ,LAKSHMI PRE SCRE,0.0,,0.0,0.01,1,EQ,NSE,NSE
1275,1222401,4775,DCMFINSERV,DCM FINANCIAL SERVICES LT,0.0,,0.0,0.01,1,EQ,NSE,NSE
1276,1223681,4780,704RJ36-SG,SDL RJ 7.04% 2036,0.0,,0.0,0.01,100,EQ,NSE,NSE
1277,1224193,4782,706WB36-SG,SDL WB 7.06% 2036,0.0,,0.0,0.01,100,EQ,NSE,NSE
1278,1224705,4784,707HR37-SG,SDL HR 7.07% 2037,0.0,,0.0,0.01,100,EQ,NSE,NSE
1279,1225985,4789,712AP37-SG,SDL AP 7.12% 2037,0.0,,0.0,0.01,100,EQ,NSE,NSE
1280,1226241,4790,706KL38-SG,SDL KL 7.06% 2038,0.0,,0.0,0.01,100,EQ,NSE,NSE
1281,1226497,4791,RELINFRA-BE,RELIANCE INFRASTRUCTU,0.0,,0.0,0.01,1,EQ,NSE,NSE
1282,1226753,4792,706TS41-SG,SDL TS 7.06% 2041,0.0,,0.0,0.01,100,EQ,NSE,NSE
1283,1227009,4793,706KL41-SG,SDL KL 7.06% 2041,0.0,,0.0,0.01,100,EQ,NSE,NSE
1284,1231105,4809,KCPSUGIND,KCP SUGAR IND CORP,0.0,,0.0,0.01,1,EQ,NSE,NSE
1285,1234433,4822,DODLA,DODLA DAIRY,0.0,,0.0,0.1,1,EQ,NSE,NSE
1286,1238529,4838,LIQUIDIETF,ICICIPRAMC - ICICILIQ,0.0,,0.0,0.01,1,EQ,NSE,NSE
1287,1239809,4843,SNOWMAN,SNOWMAN LOGISTICS,0.0,,0.0,0.01,1,EQ,NSE,NSE
1288,1240833,4847,KIMS,KRISHNA INST OF MED SCI L,0.0,,0.0,0.05,1,EQ,NSE,NSE
1289,1244929,4863,624RJ26-SG,SDL RJ 6.24% 2026,0.0,,0.0,0.01,100,EQ,NSE,NSE
1290,1245697,4866,691RJ31-SG,SDL RJ 6.91% 2031,0.0,,0.0,0.01,100,EQ,NSE,NSE
1291,1246465,4869,713RJ41-SG,SDL RJ 7.13% 2041,0.0,,0.0,0.01,100,EQ,NSE,NSE
1292,1246721,4870,INDSWFTLAB,IND SWIFT LABORATORIES LT,0.0,,0.0,0.01,1,EQ,NSE,NSE
1293,1248513,4877,679WB28-SG,SDL WB 6.79% 2028,0.0,,0.0,0.01,100,EQ,NSE,NSE
1294,1249281,4880,696GA31-SG,SDL GA 6.96% 2031,0.0,,0.0,0.01,100,EQ,NSE,NSE
1295,1249537,4881,689MH31-SG,SDL MH 6.89% 2031,0.0,,0.0,0.01,100,EQ,NSE,NSE
1296,1250049,4883,695MH32-SG,SDL MH 6.95% 2032,0.0,,0.0,0.01,100,EQ,NSE,NSE
1297,1250561,4885,70MN31-SG,SDL MN 7.0% 2031,0.0,,0.0,0.01,100,EQ,NSE,NSE
1298,1251073,4887,695PN31-SG,SDL PN 6.95% 2031,0.0,,0.0,0.01,100,EQ,NSE,NSE
1299,1251585,4889,694UP31A-SG,SDL UP 6.94% 2031,0.0,,0.0,0.01,100,EQ,NSE,NSE
1300,1252097,4891,694UK31-SG,SDL UK 6.94% 2031,0.0,,0.0,0.01,100,EQ,NSE,NSE
1301,1252353,4892,SAREGAMA,SAREGAMA INDIA,0.0,,0.0,0.05,1,EQ,NSE,NSE
1302,1252609,4893,688GJ31-SG,SDL GJ 6.88% 2031,0.0,,0.0,0.01,100,EQ,NSE,NSE
1303,1252865,4894,71JK33-SG,SDL JK 7.1% 2033,0.0,,0.0,0.01,100,EQ,NSE,NSE
1304,1253121,4895,719ML41-SG,SDL ML 7.19% 2041,0.0,,0.0,0.01,100,EQ,NSE,NSE
1305,1253633,4897,713KL46-SG,SDL KL 7.13% 2046,0.0,,0.0,0.01,100,EQ,NSE,NSE
1306,1253889,4898,FDC,FDC,0.0,,0.0,0.05,1,EQ,NSE,NSE
1307,1254145,4899,72KL56-SG,SDL KL 7.2% 2056,0.0,,0.0,0.01,100,EQ,NSE,NSE
1308,1254401,4900,718TS51-SG,SDL TS 7.18% 2051,0.0,,0.0,0.01,100,EQ,NSE,NSE
1309,1256193,4907,ENGINERSIN,ENGINEERS INDIA,0.0,,0.0,0.01,1,EQ,NSE,NSE
1310,1257217,4911,MADRASFERT,MADRAS FERTILISERS,0.0,,0.0,0.01,1,EQ,NSE,NSE
1311,1259521,4920,HINDCON,HINDCON CHEMICALS,0.0,,0.0,0.01,1,EQ,NSE,NSE
1312,1261057,4926,931SFIL26A-NA,,0.0,,0.0,0.01,1,EQ,NSE,NSE
1313,1262081,4930,96SFIL24A-NB,,0.0,,0.0,0.01,1,EQ,NSE,NSE
1314,1263105,4934,IPL,INDIA PESTICIDES,0.0,,0.0,0.01,1,EQ,NSE,NSE
1315,1263617,4936,97SFIL26A-NC,,0.0,,0.0,0.01,1,EQ,NSE,NSE
1316,1265153,4942,92SFIL28-ND,,0.0,,0.0,0.01,1,EQ,NSE,NSE
1317,1267969,4953,ADROITINFO,ADROIT INFOTECH,0.0,,0.0,0.01,1,EQ,NSE,NSE
1318,1268993,4957,GANGAFORGE,GANGA FORGING,0.0,,0.0,0.01,1,EQ,NSE,NSE
1319,1270529,4963,ICICIBANK,ICICI BANK,0.0,,0.0,0.1,1,EQ,NSE,NSE
1320,1273089,4973,PHARMABEES,NIPPONAMC - NETFPHARMA,0.0,,0.0,0.01,1,EQ,NSE,NSE
1321,1274881,4980,675BR27-SG,SDL BR 6.75% 2027,0.0,,0.0,0.01,100,EQ,NSE,NSE
1322,1275393,4982,633AS26-SG,SDL AS 6.33% 2026,0.0,,0.0,0.01,100,EQ,NSE,NSE
1323,1275905,4984,682CG28-SG,SDL CG 6.82% 2028,0.0,,0.0,0.01,100,EQ,NSE,NSE
1324,1276417,4986,IRCON,IRCON INTERNATIONAL,0.0,,0.0,0.01,1,EQ,NSE,NSE
1325,1277185,4989,683WB28-SG,SDL WB 6.83% 2028,0.0,,0.0,0.01,100,EQ,NSE,NSE
1326,1277697,4991,691GJ30-SG,SDL GJ 6.91% 2030,0.0,,0.0,0.01,100,EQ,NSE,NSE
1327,1277953,4992,SHARDACROP,SHARDA CROPCHEM,0.0,,0.0,0.05,1,EQ,NSE,NSE
1328,1278209,4993,694MH31-SG,SDL MH 6.94% 2031,0.0,,0.0,0.01,100,EQ,NSE,NSE
1329,1278465,4994,695TN31A-SG,SDL TN 6.95% 2031,0.0,,0.0,0.01,100,EQ,NSE,NSE
1330,1279233,4997,697RJ31-SG,SDL RJ 6.97% 2031,0.0,,0.0,0.01,100,EQ,NSE,NSE
1331,1279489,4998,699GA31-SG,SDL GA 6.99% 2031,0.0,,0.0,0.01,100,EQ,NSE,NSE
1332,1280513,5002,701MH32-SG,SDL MH 7.01% 2032,0.0,,0.0,0.01,100,EQ,NSE,NSE
1333,1280769,5003,712MZ34-SG,SDL MZ 7.12% 2034,0.0,,0.0,0.01,100,EQ,NSE,NSE
1334,1281025,5004,715AP37-SG,SDL AP 7.15% 2037,0.0,,0.0,0.01,100,EQ,NSE,NSE
1335,1281281,5005,719AP38-SG,SDL AP 7.19% 2038,0.0,,0.0,0.01,100,EQ,NSE,NSE
1336,1282561,5010,GOENKA-BZ,GOENKA DIAMOND&JEWELS,0.0,,0.0,0.01,1,EQ,NSE,NSE
1337,1283073,5012,610GS2031-GS,GOI LOAN  6.10% 2031,0.0,,0.0,0.01,1,EQ,NSE,NSE
1338,1283329,5013,WALPAR-SM,WALPAR NUTRITIONS,0.0,,0.0,0.05,2000,EQ,NSE,NSE
1339,1285889,5023,SVPGLOB-BE,SVP GLOBAL TEXTILES,0.0,,0.0,0.01,1,EQ,NSE,NSE
1340,1286401,5025,629RJ26-SG,SDL RJ 6.29% 2026,0.0,,0.0,0.01,100,EQ,NSE,NSE
1341,1286657,5026,682BR28-SG,SDL BR 6.82% 2028,0.0,,0.0,0.01,100,EQ,NSE,NSE
1342,1286913,5027,699GA31A-SG,SDL GA 6.99% 2031,0.0,,0.0,0.01,100,EQ,NSE,NSE
1343,1288449,5033,695GJ31-SG,SDL GJ 6.95% 2031,0.0,,0.0,0.01,100,EQ,NSE,NSE
1344,1288705,5034,70MP31-SG,SDL MP 7.0% 2031,0.0,,0.0,0.01,100,EQ,NSE,NSE
1345,1288961,5035,695MH31-SG,SDL MH 6.95% 2031,0.0,,0.0,0.01,100,EQ,NSE,NSE
1346,1289217,5036,70RJ31-SG,SDL RJ 7.0% 2031,0.0,,0.0,0.01,100,EQ,NSE,NSE
1347,1289473,5037,698TN31-SG,SDL TN 6.98% 2031,0.0,,0.0,0.01,100,EQ,NSE,NSE
1348,1289729,5038,699UP31-SG,SDL UP 6.99% 2031,0.0,,0.0,0.01,100,EQ,NSE,NSE
1349,1289985,5039,702WB31-SG,SDL WB 7.02% 2031,0.0,,0.0,0.01,100,EQ,NSE,NSE
1350,1290241,5040,70UK31-SG,SDL UK 7.0% 2031,0.0,,0.0,0.01,100,EQ,NSE,NSE
1351,1290497,5041,712AP35-SG,SDL AP 7.12% 2035,0.0,,0.0,0.01,100,EQ,NSE,NSE
1352,1291265,5044,714AP36-SG,SDL AP 7.14% 2036,0.0,,0.0,0.01,100,EQ,NSE,NSE
1353,1291521,5045,724TS51-SG,SDL TS 7.24% 2051,0.0,,0.0,0.01,100,EQ,NSE,NSE
1354,1292545,5049,CLEAN,CLEAN SCIENCE & TECH,0.0,,0.0,0.05,1,EQ,NSE,NSE
1355,1293825,5054,GRINFRA,G R INFRAPROJECTS,0.0,,0.0,0.1,1,EQ,NSE,NSE
1356,1297409,5068,SHEMAROO,SHEMAROO ENTER.,0.0,,0.0,0.01,1,EQ,NSE,NSE
1357,1299969,5078,627RJ26-SG,SDL RJ 6.27% 2026,0.0,,0.0,0.01,100,EQ,NSE,NSE
1358,1302017,5086,697TN31-SG,SDL TN 6.97% 2031,0.0,,0.0,0.01,100,EQ,NSE,NSE
1359,1302273,5087,701MN31-SG,SDL MN 7.01% 2031,0.0,,0.0,0.01,100,EQ,NSE,NSE
1360,1302785,5089,701UP31-SG,SDL UP 7.01% 2031,0.0,,0.0,0.01,100,EQ,NSE,NSE
1361,1303041,5090,717TS41-SG,SDL TS 7.17% 2041,0.0,,0.0,0.01,100,EQ,NSE,NSE
1362,1303297,5091,724TN51-SG,SDL TN 7.24% 2051,0.0,,0.0,0.01,100,EQ,NSE,NSE
1363,1304833,5097,ETERNAL,ETERNAL - ZOMATO,0.0,,0.0,0.05,1,EQ,NSE,NSE
1364,1307649,5108,KPIGREEN,KPI GREEN ENERGY,0.0,,0.0,0.05,1,EQ,NSE,NSE
1365,1308929,5113,SGBJUL29IV-GB,2.50%GOLDBONDS2029SR-IV,0.0,,0.0,0.01,1,EQ,NSE,NSE
1366,1309185,5114,SGIL,SYNERGY GREEN IND.,0.0,,0.0,0.05,1,EQ,NSE,NSE
1367,1316353,5142,CIGNITITEC,CIGNITI TECHNOLOGIES,0.0,,0.0,0.1,1,EQ,NSE,NSE
1368,1316609,5143,JAICORPLTD,JAI CORP,0.0,,0.0,0.01,1,EQ,NSE,NSE
1369,1317121,5145,85PCHFL26-N7,,0.0,,0.0,0.01,1,EQ,NSE,NSE
1370,1318657,5151,875PCHFL26-N8,,0.0,,0.0,0.01,1,EQ,NSE,NSE
1371,1319681,5155,875PCHFL31-N9,,0.0,,0.0,0.01,1,EQ,NSE,NSE
1372,1320961,5160,9PCHFL31A-NA,,0.0,,0.0,0.01,1,EQ,NSE,NSE
1373,1321473,5162,TATVA,TATVA CHIN PHARM CHEM,0.0,,0.0,0.1,1,EQ,NSE,NSE
1374,1323009,5168,SBIETFCON,SBIAMC - SBIETFCON,0.0,,0.0,0.01,1,EQ,NSE,NSE
1375,1324033,5172,699WB30-SG,SDL WB 6.99% 2030,0.0,,0.0,0.01,100,EQ,NSE,NSE
1376,1324289,5173,697TN31A-SG,SDL TN 6.97% 2031,0.0,,0.0,0.01,100,EQ,NSE,NSE
1377,1324545,5174,699UP31A-SG,SDL UP 6.99% 2031,0.0,,0.0,0.01,100,EQ,NSE,NSE
1378,1327617,5186,STYLAMIND,STYLAM INDUSTRIES,0.0,,0.0,0.1,1,EQ,NSE,NSE
1379,1329665,5194,ANTGRAPHIC,ANTARCTICA,0.0,,0.0,0.01,1,EQ,NSE,NSE
1380,1332225,5204,GMDCLTD,GUJARAT MINERAL DEV CORP,0.0,,0.0,0.05,1,EQ,NSE,NSE
1381,1334273,5212,10IIFL28-N4,,0.0,,0.0,0.01,1,EQ,NSE,NSE
1382,1334785,5214,96IIFL28-N5,,0.0,,0.0,0.01,1,EQ,NSE,NSE
1383,1335553,5217,IIFLZC28C-N6,,0.0,,0.0,0.01,1,EQ,NSE,NSE
1384,1336321,5220,BFSI,MIRAEAMC - MAFSETF,0.0,,0.0,0.01,1,EQ,NSE,NSE
1385,1337857,5226,625AS26-SG,SDL AS 6.25% 2026,0.0,,0.0,0.01,100,EQ,NSE,NSE
1386,1338113,5227,677BR28-SG,SDL BR 6.77% 2028,0.0,,0.0,0.01,100,EQ,NSE,NSE
1387,1338625,5229,698HR31-SG,SDL HR 6.98% 2031,0.0,,0.0,0.01,100,EQ,NSE,NSE
1388,1338881,5230,698TN31A-SG,SDL TN 6.98% 2031,0.0,,0.0,0.01,100,EQ,NSE,NSE
1389,1339137,5231,70WB31-SG,SDL WB 7.0% 2031,0.0,,0.0,0.01,100,EQ,NSE,NSE
1390,1339393,5232,71MH36-SG,SDL MH 7.1% 2036,0.0,,0.0,0.01,100,EQ,NSE,NSE
1391,1339905,5234,714AP37-SG,SDL AP 7.14% 2037,0.0,,0.0,0.01,100,EQ,NSE,NSE
1392,1340417,5236,714AP41-SG,SDL AP 7.14% 2041,0.0,,0.0,0.01,100,EQ,NSE,NSE
1393,1340673,5237,714TS41-SG,SDL TS 7.14% 2041,0.0,,0.0,0.01,100,EQ,NSE,NSE
1394,1341185,5239,MAHAPEXLTD,MAHA RASHTRA APEX COPR. L,0.0,,0.0,0.01,1,EQ,NSE,NSE
1395,1343489,5248,AAREYDRUGS-BE,AAREY DRUGS & PHARM,0.0,,0.0,0.01,1,EQ,NSE,NSE
1396,1346049,5258,INDUSINDBK,INDUSIND BANK,0.0,,0.0,0.05,1,EQ,NSE,NSE
1397,1347585,5264,PDSL,PDS,0.0,,0.0,0.05,1,EQ,NSE,NSE
1398,1347841,5265,ALIVUS,ALIVUS LIFE SCIENCES,0.0,,0.0,0.05,1,EQ,NSE,NSE
1399,1351425,5279,ROLEXRINGS,ROLEX RINGS,0.0,,0.0,0.01,1,EQ,NSE,NSE
1400,1354753,5292,PRITIKAUTO,PRITIKA AUTO INDUS,0.0,,0.0,0.01,1,EQ,NSE,NSE
1401,1358337,5306,FMCGIETF,ICICIPRAMC - ICICIFMCG,0.0,,0.0,0.01,1,EQ,NSE,NSE
1402,1359105,5309,REXPIPES-SM,REX PIPES AND CABLES,0.0,,0.0,0.05,1000,EQ,NSE,NSE
1403,1360129,5313,UGROCAP,UGRO CAPITAL,0.0,,0.0,0.01,1,EQ,NSE,NSE
1404,1364481,5330,624MH26-SG,SDL MH 6.24% 2026,0.0,,0.0,0.01,100,EQ,NSE,NSE
1405,1365249,5333,699GA31B-SG,SDL GA 6.99% 2031,0.0,,0.0,0.01,100,EQ,NSE,NSE
1406,1365505,5334,698GJ31-SG,SDL GJ 6.98% 2031,0.0,,0.0,0.01,100,EQ,NSE,NSE
1407,1365761,5335,702UP31-SG,SDL UP 7.02% 2031,0.0,,0.0,0.01,100,EQ,NSE,NSE
1408,1366017,5336,70TN31-SG,SDL TN 7.0% 2031,0.0,,0.0,0.01,100,EQ,NSE,NSE
1409,1367553,5342,71JK33A-SG,SDL JK 7.1% 2033,0.0,,0.0,0.01,100,EQ,NSE,NSE
1410,1367809,5343,709TS34-SG,SDL TS 7.09% 2034,0.0,,0.0,0.01,100,EQ,NSE,NSE
1411,1368065,5344,679WB28A-SG,SDL WB 6.79% 2028,0.0,,0.0,0.01,100,EQ,NSE,NSE
1412,1370369,5353,EXXARO-BE,EXXARO TILES,0.0,,0.0,0.01,1,EQ,NSE,NSE
1413,1371905,5359,KRSNAA,KRSNAA DIAGNOSTICS,0.0,,0.0,0.05,1,EQ,NSE,NSE
1414,1373697,5366,WINDLAS,WINDLAS BIOTECH,0.0,,0.0,0.05,1,EQ,NSE,NSE
1415,1375489,5373,DEVYANI,DEVYANI INTERNATIONAL,0.0,,0.0,0.01,1,EQ,NSE,NSE
1416,1376769,5378,ASAHIINDIA,ASAHI INDIA GLASS,0.0,,0.0,0.1,1,EQ,NSE,NSE
1417,1377793,5382,EPIGRAL,EPIGRAL,0.0,,0.0,0.1,1,EQ,NSE,NSE
1418,1378561,5385,AAVAS,AAVAS FINANCIERS,0.0,,0.0,0.1,1,EQ,NSE,NSE
1419,1380865,5394,MOL,MEGHMANI ORGANICS,0.0,,0.0,0.01,1,EQ,NSE,NSE
1420,1382657,5401,NGIL,NAKODA GROUP OF IND.,0.0,,0.0,0.01,1,EQ,NSE,NSE
1421,1384193,5407,CARTRADE,CARTRADE TECH,0.0,,0.0,0.1,1,EQ,NSE,NSE
1422,1385985,5414,643MH27-SG,SDL MH 6.43% 2027,0.0,,0.0,0.01,100,EQ,NSE,NSE
1423,1386241,5415,692HR30-SG,SDL HR 6.92% 2030,0.0,,0.0,0.01,100,EQ,NSE,NSE
1424,1386497,5416,697AS31-SG,SDL AS 6.97% 2031,0.0,,0.0,0.01,100,EQ,NSE,NSE
1425,1386753,5417,697TN31B-SG,SDL TN 6.97% 2031,0.0,,0.0,0.01,100,EQ,NSE,NSE
1426,1387009,5418,697NL31-SG,SDL NL 6.97% 2031,0.0,,0.0,0.01,100,EQ,NSE,NSE
1427,1387265,5419,697PN31-SG,SDL PN 6.97% 2031,0.0,,0.0,0.01,100,EQ,NSE,NSE
1428,1387777,5421,697UP31-SG,SDL UP 6.97% 2031,0.0,,0.0,0.01,100,EQ,NSE,NSE
1429,1389057,5426,NUVOCO,NUVOCO VISTAS CORP,0.0,,0.0,0.05,1,EQ,NSE,NSE
1430,1391361,5435,APTUS,APTUS VALUE HSG FIN I,0.0,,0.0,0.05,1,EQ,NSE,NSE
1431,1394945,5449,CHEMPLASTS,CHEMPLAST SANMAR,0.0,,0.0,0.05,1,EQ,NSE,NSE
1432,1396481,5455,SGBAUG29V-GB,2.50%GOLDBONDS2029SR-V,0.0,,0.0,0.01,1,EQ,NSE,NSE
1433,1396993,5457,DUGLOBAL-SM,DUDIGITAL GLOBAL,0.0,,0.0,0.05,2500,EQ,NSE,NSE
1434,1399041,5465,PARIN-ST,PARIN ENTERPRISES,0.0,,0.0,0.05,250,EQ,NSE,NSE
1435,1399553,5467,638MH27-SG,SDL MH 6.38% 2027,0.0,,0.0,0.01,100,EQ,NSE,NSE
1436,1399809,5468,698AS31A-SG,SDL AS 6.98% 2031,0.0,,0.0,0.01,100,EQ,NSE,NSE
1437,1400065,5469,697GA31-SG,SDL GA 6.97% 2031,0.0,,0.0,0.01,100,EQ,NSE,NSE
1438,1400321,5470,699WB31-SG,SDL WB 6.99% 2031,0.0,,0.0,0.01,100,EQ,NSE,NSE
1439,1400577,5471,695TN31B-SG,SDL TN 6.95% 2031,0.0,,0.0,0.01,100,EQ,NSE,NSE
1440,1401089,5473,698UP31-SG,SDL UP 6.98% 2031,0.0,,0.0,0.01,100,EQ,NSE,NSE
1441,1401345,5474,697KL31-SG,SDL KL 6.97% 2031,0.0,,0.0,0.01,100,EQ,NSE,NSE
1442,1401601,5475,GRSE,GARDEN REACH SHIP&ENG,0.0,,0.0,0.1,1,EQ,NSE,NSE
1443,1402625,5479,719KL51-SG,SDL KL 7.19% 2051,0.0,,0.0,0.01,100,EQ,NSE,NSE
1444,1408257,5501,YUKEN,YUKEN INDIA,0.0,,0.0,0.05,1,EQ,NSE,NSE
1445,1409793,5507,SERVOTECH,SERVOTECH REN POW SYS,0.0,,0.0,0.01,1,EQ,NSE,NSE
1446,1412097,5516,JAIPURKURT,NANDANI CREATION,0.0,,0.0,0.01,1,EQ,NSE,NSE
1447,1414145,5524,628GJ27-SG,SDL GJ 6.28% 2027,0.0,,0.0,0.01,100,EQ,NSE,NSE
1448,1414401,5525,599MP26-SG,SDL MP 5.99% 2026,0.0,,0.0,0.01,100,EQ,NSE,NSE
1449,1414657,5526,705TS35-SG,SDL TS 7.05% 2035,0.0,,0.0,0.01,100,EQ,NSE,NSE
1450,1414913,5527,705AP35-SG,SDL AP 7.05% 2035,0.0,,0.0,0.01,100,EQ,NSE,NSE
1451,1415169,5528,KOTHARIPRO,KOTHARI PRODUCTS,0.0,,0.0,0.01,1,EQ,NSE,NSE
1452,1417217,5536,687HR31-SG,SDL HR 6.87% 2031,0.0,,0.0,0.01,100,EQ,NSE,NSE
1453,1417473,5537,693HP31-SG,SDL HP 6.93% 2031,0.0,,0.0,0.01,100,EQ,NSE,NSE
1454,1417729,5538,698HP32-SG,SDL HP 6.98% 2032,0.0,,0.0,0.01,100,EQ,NSE,NSE
1455,1417985,5539,704KL34-SG,SDL KL 7.04% 2034,0.0,,0.0,0.01,100,EQ,NSE,NSE
1456,1418497,5541,691RJ31A-SG,SDL RJ 6.91% 2031,0.0,,0.0,0.01,100,EQ,NSE,NSE
1457,1418753,5542,712WB51-SG,SDL WB 7.12% 2051,0.0,,0.0,0.01,100,EQ,NSE,NSE
1458,1419265,5544,708JK36-SG,SDL JK 7.08% 2036,0.0,,0.0,0.01,100,EQ,NSE,NSE
1459,1419521,5545,706KL39-SG,SDL KL 7.06% 2039,0.0,,0.0,0.01,100,EQ,NSE,NSE
1460,1421057,5551,ABMINTLLTD-BE,ABM INTERNATIONAL,0.0,,0.0,0.01,1,EQ,NSE,NSE
1461,1422337,5556,685BR30-SG,SDL BR 6.85% 2030,0.0,,0.0,0.01,100,EQ,NSE,NSE
1462,1422593,5557,688GA31-SG,SDL GA 6.88% 2031,0.0,,0.0,0.01,100,EQ,NSE,NSE
1463,1422849,5558,684GJ31A-SG,SDL GJ 6.84% 2031,0.0,,0.0,0.01,100,EQ,NSE,NSE
1464,1423105,5559,70MZ34-SG,SDL MZ 7.0% 2034,0.0,,0.0,0.01,100,EQ,NSE,NSE
1465,1423361,5560,689PN31-SG,SDL PN 6.89% 2031,0.0,,0.0,0.01,100,EQ,NSE,NSE
1466,1423617,5561,687RJ31-SG,SDL RJ 6.87% 2031,0.0,,0.0,0.01,100,EQ,NSE,NSE
1467,1424641,5565,689UP31-SG,SDL UP 6.89% 2031,0.0,,0.0,0.01,100,EQ,NSE,NSE
1468,1424897,5566,685WB31-SG,SDL WB 6.85% 2031,0.0,,0.0,0.01,100,EQ,NSE,NSE
1469,1425153,5567,70AP39A-SG,SDL AP 7.0% 2039,0.0,,0.0,0.01,100,EQ,NSE,NSE
1470,1425409,5568,70TS36-SG,SDL TS 7.0% 2036,0.0,,0.0,0.01,100,EQ,NSE,NSE
1471,1425665,5569,702AP41-SG,SDL AP 7.02% 2041,0.0,,0.0,0.01,100,EQ,NSE,NSE
1472,1425921,5570,702ML41-SG,SDL ML 7.02% 2041,0.0,,0.0,0.01,100,EQ,NSE,NSE
1473,1427201,5575,SGBSEP29VI-GB,2.5%GOLDBONDS2029SR-VI,0.0,,0.0,0.01,1,EQ,NSE,NSE
1474,1427713,5577,667GS2035-GS,GOI LOAN  6.67% 2035,0.0,,0.0,0.01,1,EQ,NSE,NSE
1475,1427969,5578,ACUTAAS,ACUTAAS CHEMICALS,0.0,,0.0,0.1,1,EQ,NSE,NSE
1476,1429761,5585,VIJAYA,VIJAYA DIAGNOSTIC CEN,0.0,,0.0,0.05,1,EQ,NSE,NSE
1477,1435137,5606,INTLCONV,INTL CONVEYORS,0.0,,0.0,0.01,1,EQ,NSE,NSE
1478,1436161,5610,ASTRAZEN,ASTRAZENECA PHARMA IND LT,0.0,,0.0,0.5,1,EQ,NSE,NSE
1479,1437185,5614,GANESHBE,GANESH BENZOPLAST,0.0,,0.0,0.01,1,EQ,NSE,NSE
1480,1439233,5622,CEMPRO,CEMINDIA PROJECTS,0.0,,0.0,0.05,1,EQ,NSE,NSE
1481,1441537,5631,PAR,PAR DRUGS AND CHEM,0.0,,0.0,0.01,1,EQ,NSE,NSE
1482,1442049,5633,J&KBANK,J & K BANK,0.0,,0.0,0.01,1,EQ,NSE,NSE
1483,1446401,5650,SHANTI,SHANTI OVERSEAS INDIA,0.0,,0.0,0.01,1,EQ,NSE,NSE
1484,1449473,5662,BEWLTD-SM,BEW ENGINEERING,0.0,,0.0,0.05,500,EQ,NSE,NSE
1485,1451009,5668,698AP36-SG,SDL AP 6.98% 2036,0.0,,0.0,0.01,100,EQ,NSE,NSE
1486,1451521,5670,687AS31-SG,SDL AS 6.87% 2031,0.0,,0.0,0.01,100,EQ,NSE,NSE
1487,1451777,5671,653CG28-SG,SDL CG 6.53% 2028,0.0,,0.0,0.01,100,EQ,NSE,NSE
1488,1452545,5674,685GA31B-SG,SDL GA 6.85% 2031,0.0,,0.0,0.01,100,EQ,NSE,NSE
1489,1453057,5676,687JH31-SG,SDL JH 6.87% 2031,0.0,,0.0,0.01,100,EQ,NSE,NSE
1490,1453313,5677,685MP31-SG,SDL MP 6.85% 2031,0.0,,0.0,0.01,100,EQ,NSE,NSE
1491,1453569,5678,691MH33-SG,SDL MH 6.91% 2033,0.0,,0.0,0.01,100,EQ,NSE,NSE
1492,1453825,5679,691MH34-SG,SDL MH 6.91% 2034,0.0,,0.0,0.01,100,EQ,NSE,NSE
1493,1456129,5688,ARCHIES,ARCHIES,0.0,,0.0,0.01,1,EQ,NSE,NSE
1494,1456897,5691,687MN31-SG,SDL MN 6.87% 2031,0.0,,0.0,0.01,100,EQ,NSE,NSE
1495,1457921,5695,687UP31-SG,SDL UP 6.87% 2031,0.0,,0.0,0.01,100,EQ,NSE,NSE
1496,1458433,5697,698WB36-SG,SDL WB 6.98% 2036,0.0,,0.0,0.01,100,EQ,NSE,NSE
1497,1459457,5701,CUB,CITY UNION BANK,0.0,,0.0,0.05,1,EQ,NSE,NSE
1498,1463809,5718,SHREMINVIT-IV,SHREM INVIT,0.0,,0.0,0.01,25000,EQ,NSE,NSE
1499,1467393,5732,AXISCETF,AXISAMC - AXISCETF,0.0,,0.0,0.01,1,EQ,NSE,NSE
1500,1468417,5736,686AP35-SG,SDL AP 6.86% 2035,0.0,,0.0,0.01,100,EQ,NSE,NSE
1501,1468673,5737,686KL35-SG,SDL KL 6.86% 2035,0.0,,0.0,0.01,100,EQ,NSE,NSE
1502,1469441,5740,686RJ36-SG,SDL RJ 6.86% 2036,0.0,,0.0,0.01,100,EQ,NSE,NSE
1503,1469697,5741,687AP40-SG,SDL AP 6.87% 2040,0.0,,0.0,0.01,100,EQ,NSE,NSE
1504,1469953,5742,676TN31-SG,SDL TN 6.76% 2031,0.0,,0.0,0.01,100,EQ,NSE,NSE
1505,1470209,5743,677RJ31A-SG,SDL RJ 6.77% 2031,0.0,,0.0,0.01,100,EQ,NSE,NSE
1506,1470465,5744,68NL31-SG,SDL NL 6.8% 2031,0.0,,0.0,0.01,100,EQ,NSE,NSE
1507,1470721,5745,68SK31-SG,SDL SK 6.8% 2031,0.0,,0.0,0.01,100,EQ,NSE,NSE
1508,1471489,5748,CYIENT,CYIENT,0.0,,0.0,0.1,1,EQ,NSE,NSE
1509,1472257,5751,SANSERA,SANSERA ENGINEERING,0.0,,0.0,0.1,1,EQ,NSE,NSE
1510,1480193,5782,MASPTOP50,MIRAEAMC - MASPTOP50,0.0,,0.0,0.01,1,EQ,NSE,NSE
1511,1497601,5850,925SCL26-NR,,0.0,,0.0,0.01,1,EQ,NSE,NSE
1512,1497857,5851,BANKNIFTY1,KOTAKMAMC-KOTAKBKETF,0.0,,0.0,0.01,1,EQ,NSE,NSE
1513,1498881,5855,889SCL26-NS,,0.0,,0.0,0.01,1,EQ,NSE,NSE
1514,1499393,5857,975SCL28-NT,,0.0,,0.0,0.01,1,EQ,NSE,NSE
1515,1499905,5859,889SCL28-NU,,0.0,,0.0,0.01,1,EQ,NSE,NSE
1516,1500417,5861,935SCL28-NV,,0.0,,0.0,0.01,1,EQ,NSE,NSE
1517,1500929,5863,850SCL25A-NW,,0.0,,0.0,0.01,1,EQ,NSE,NSE
1518,1501441,5865,LAGNAM,LAGNAM SPINTEX,0.0,,0.0,0.01,1,EQ,NSE,NSE
1519,1502721,5870,QUADPRO-SM,QUADPRO ITES,0.0,,0.0,0.05,12000,EQ,NSE,NSE
1520,1504513,5877,623RJ27-SG,SDL RJ 6.23% 2027,0.0,,0.0,0.01,100,EQ,NSE,NSE
1521,1505281,5880,596PY26-SG,SDL PY 5.96% 2026,0.0,,0.0,0.01,100,EQ,NSE,NSE
1522,1505537,5881,685AS31A-SG,SDL AS 6.85% 2031,0.0,,0.0,0.01,100,EQ,NSE,NSE
1523,1505793,5882,683GA31-SG,SDL GA 6.83% 2031,0.0,,0.0,0.01,100,EQ,NSE,NSE
1524,1506049,5883,684PN31-SG,SDL PN 6.84% 2031,0.0,,0.0,0.01,100,EQ,NSE,NSE
1525,1506561,5885,698PN33-SG,SDL PN 6.98% 2033,0.0,,0.0,0.01,100,EQ,NSE,NSE
1526,1506817,5886,694RJ33-SG,SDL RJ 6.94% 2033,0.0,,0.0,0.01,100,EQ,NSE,NSE
1527,1507073,5887,684UP31-SG,SDL UP 6.84% 2031,0.0,,0.0,0.01,100,EQ,NSE,NSE
1528,1507585,5889,693AP38-SG,SDL AP 6.93% 2038,0.0,,0.0,0.01,100,EQ,NSE,NSE
1529,1507841,5890,698JK36-SG,SDL JK 6.98% 2036,0.0,,0.0,0.01,100,EQ,NSE,NSE
1530,1508097,5891,699KL36-SG,SDL KL 6.99% 2036,0.0,,0.0,0.01,100,EQ,NSE,NSE
1531,1508353,5892,699TR36-SG,SDL TR 6.99% 2036,0.0,,0.0,0.01,100,EQ,NSE,NSE
1532,1509121,5895,699WB36A-SG,SDL WB 6.99% 2036,0.0,,0.0,0.01,100,EQ,NSE,NSE
1533,1509377,5896,693TS37-SG,SDL TS 6.93% 2037,0.0,,0.0,0.01,100,EQ,NSE,NSE
1534,1509633,5897,694AP41-SG,SDL AP 6.94% 2041,0.0,,0.0,0.01,100,EQ,NSE,NSE
1535,1510401,5900,AXISBANK,AXIS BANK,0.0,,0.0,0.1,1,EQ,NSE,NSE
1536,1513217,5911,PARAS,PARAS DEF AND SPCE TECH L,0.0,,0.0,0.05,1,EQ,NSE,NSE
1537,1517057,5926,INTELLECT,INTELLECT DESIGN ARENA,0.0,,0.0,0.1,1,EQ,NSE,NSE
1538,1520129,5938,MONTECARLO,MONTE CARLO FASHIONS,0.0,,0.0,0.05,1,EQ,NSE,NSE
1539,1521921,5945,UWCSL-SM,ULTRA WIRING CONN SYS,0.0,,0.0,0.05,1000,EQ,NSE,NSE
1540,1522689,5948,SOUTHBANK,THE SOUTH INDIAN BANK,0.0,,0.0,0.01,1,EQ,NSE,NSE
1541,1524993,5957,BSLSENETFG,BIRLASLAMC - BSLSENETFG,0.0,,0.0,0.01,1,EQ,NSE,NSE
1542,1525761,5960,SGBOCT26-GB,2.50%GOLDBONDS2026SR-II,0.0,,0.0,0.01,1,EQ,NSE,NSE
1543,1527553,5967,704AP34-SG,SDL AP 7.04% 2034,0.0,,0.0,0.01,100,EQ,NSE,NSE
1544,1527809,5968,709AP39-SG,SDL AP 7.09% 2039,0.0,,0.0,0.01,100,EQ,NSE,NSE
1545,1528065,5969,691AS31-SG,SDL AS 6.91% 2031,0.0,,0.0,0.01,100,EQ,NSE,NSE
1546,1528321,5970,687BR30-SG,SDL BR 6.87% 2030,0.0,,0.0,0.01,100,EQ,NSE,NSE
1547,1528577,5971,659CG28-SG,SDL CG 6.59% 2028,0.0,,0.0,0.01,100,EQ,NSE,NSE
1548,1528833,5972,689GA31A-SG,SDL GA 6.89% 2031,0.0,,0.0,0.01,100,EQ,NSE,NSE
1549,1530113,5977,689GJ31-SG,SDL GJ 6.89% 2031,0.0,,0.0,0.01,100,EQ,NSE,NSE
1550,1531649,5983,70JH33-SG,SDL JH 7.0% 2033,0.0,,0.0,0.01,100,EQ,NSE,NSE
1551,1532417,5986,688KA31-SG,SDL KA 6.88% 2031,0.0,,0.0,0.01,100,EQ,NSE,NSE
1552,1532673,5987,693KA32-SG,SDL KA 6.93% 2032,0.0,,0.0,0.01,100,EQ,NSE,NSE
1553,1533697,5991,705KL36-SG,SDL KL 7.05% 2036,0.0,,0.0,0.01,100,EQ,NSE,NSE
1554,1533953,5992,706MZ34-SG,SDL MZ 7.06% 2034,0.0,,0.0,0.01,100,EQ,NSE,NSE
1555,1534465,5994,601RJ26-SG,SDL RJ 6.01% 2026,0.0,,0.0,0.01,100,EQ,NSE,NSE
1556,1534721,5995,691RJ31B-SG,SDL RJ 6.91% 2031,0.0,,0.0,0.01,100,EQ,NSE,NSE
1557,1535233,5997,69TN31-SG,SDL TN 6.9% 2031,0.0,,0.0,0.01,100,EQ,NSE,NSE
1558,1535489,5998,709TS40-SG,SDL TS 7.09% 2040,0.0,,0.0,0.01,100,EQ,NSE,NSE
1559,1536001,6000,692UP31-SG,SDL UP 6.92% 2031,0.0,,0.0,0.01,100,EQ,NSE,NSE
1560,1536257,6001,705WB36-SG,SDL WB 7.05% 2036,0.0,,0.0,0.01,100,EQ,NSE,NSE
1561,1537537,6006,COASTCORP,COASTAL CORPORATION,0.0,,0.0,0.01,1,EQ,NSE,NSE
1562,1539073,6012,JAINAM-SM,JAINAM FER ALLOYS (I),0.0,,0.0,0.05,500,EQ,NSE,NSE
1563,1540609,6018,ABSLAMC,ADIT BIRL SUN LIF AMC,0.0,,0.0,0.05,1,EQ,NSE,NSE
1564,1546241,6040,EIFFL,EURO (I) FRESH FOODS,0.0,,0.0,0.01,1,EQ,NSE,NSE
1565,1547521,6045,PASUPTAC,PASUPATI ACRYLON,0.0,,0.0,0.01,1,EQ,NSE,NSE
1566,1549313,6052,BMETRICS-SM,BOMBAY METRICS S C,0.0,,0.0,0.05,800,EQ,NSE,NSE
1567,1549825,6054,CYBERTECH-BE,CYBERTECH SYSTEMS & SOFTW,0.0,,0.0,0.01,1,EQ,NSE,NSE
1568,1551873,6062,LICNETFGSC,LICNAMC - LICNMFET,0.0,,0.0,0.01,1,EQ,NSE,NSE
1569,1552897,6066,ATGL,ADANI TOTAL GAS,0.0,,0.0,0.05,1,EQ,NSE,NSE
1570,1553409,6068,AIROLAM,AIRO LAM,0.0,,0.0,0.01,1,EQ,NSE,NSE
1571,1556225,6079,DYNAMIC-SM,DYNAMIC SRVCS & SEC,0.0,,0.0,0.05,500,EQ,NSE,NSE
1572,1558273,6087,DESTINY-SM,DESTINY LOGISTICS & I,0.0,,0.0,0.05,1500,EQ,NSE,NSE
1573,1559809,6093,675GJ29-SG,SDL GJ 6.75% 2029,0.0,,0.0,0.01,100,EQ,NSE,NSE
1574,1560321,6095,696KA31-SG,SDL KA 6.96% 2031,0.0,,0.0,0.01,100,EQ,NSE,NSE
1575,1560577,6096,697TN31C-SG,SDL TN 6.97% 2031,0.0,,0.0,0.01,100,EQ,NSE,NSE
1576,1561345,6099,697UP31A-SG,SDL UP 6.97% 2031,0.0,,0.0,0.01,100,EQ,NSE,NSE
1577,1561601,6100,698RJ31-SG,SDL RJ 6.98% 2031,0.0,,0.0,0.01,100,EQ,NSE,NSE
1578,1561857,6101,70MN31A-SG,SDL MN 7.0% 2031,0.0,,0.0,0.01,100,EQ,NSE,NSE
1579,1562369,6103,70NL31-SG,SDL NL 7.0% 2031,0.0,,0.0,0.01,100,EQ,NSE,NSE
1580,1562625,6104,703KA32-SG,SDL KA 7.03% 2032,0.0,,0.0,0.01,100,EQ,NSE,NSE
1581,1564673,6112,713AP36A-SG,SDL AP 7.13% 2036,0.0,,0.0,0.01,100,EQ,NSE,NSE
1582,1565441,6115,714AP41A-SG,SDL AP 7.14% 2041,0.0,,0.0,0.01,100,EQ,NSE,NSE
1583,1568001,6125,GOODLUCK,GOODLUCK INDIA,0.0,,0.0,0.1,1,EQ,NSE,NSE
1584,1570817,6136,DIGJAMLMTD-BE,DIGJAM,0.0,,0.0,0.01,1,EQ,NSE,NSE
1585,1572097,6141,PANSARI,PANSARI DEVELOPERS,0.0,,0.0,0.05,1,EQ,NSE,NSE
1586,1574145,6149,930SFL28-YP,,0.0,,0.0,0.01,1,EQ,NSE,NSE
1587,1575937,6156,ARTNIRMAN,ART NIRMAN,0.0,,0.0,0.01,1,EQ,NSE,NSE
1588,1577985,6164,BHAGCHEM,BHAGIRADHA CHEM & INDS L,0.0,,0.0,0.01,1,EQ,NSE,NSE
1589,1579009,6168,97SFL28-YS,,0.0,,0.0,0.01,1,EQ,NSE,NSE
1590,1586433,6197,842IIFL26-NL,,0.0,,0.0,0.01,1,EQ,NSE,NSE
1591,1586689,6198,FCL,FINEOTEX CHEMICAL,0.0,,0.0,0.01,1,EQ,NSE,NSE
1592,1587201,6200,875IIFL26-NM,,0.0,,0.0,0.01,1,EQ,NSE,NSE
1593,1588993,6207,IIFLZC26-NN,,0.0,,0.0,0.01,1,EQ,NSE,NSE
1594,1589505,6209,604GJ26-SG,SDL GJ 6.04% 2026,0.0,,0.0,0.01,100,EQ,NSE,NSE
1595,1589761,6210,695KA31-SG,SDL KA 6.95% 2031,0.0,,0.0,0.01,100,EQ,NSE,NSE
1596,1590017,6211,699HR31-SG,SDL HR 6.99% 2031,0.0,,0.0,0.01,100,EQ,NSE,NSE
1597,1590273,6212,708KA34A-SG,SDL KA 7.08% 2034,0.0,,0.0,0.01,100,EQ,NSE,NSE
1598,1591297,6216,CAMLINFINE,CAMLIN FINE SCIENCES,0.0,,0.0,0.01,1,EQ,NSE,NSE
1599,1593857,6226,SIKKO-BE,SIKKO INDUSTRIES,0.0,,0.0,0.01,1,EQ,NSE,NSE
1600,1594113,6227,DTIL,DHUNSERI TEA & IND.,0.0,,0.0,0.01,1,EQ,NSE,NSE
1601,1595393,6232,3IINFOLTD,3I INFOTECH,0.0,,0.0,0.01,1,EQ,NSE,NSE
1602,1599489,6248,PREMIER-BE,PREMIER,0.0,,0.0,0.01,1,EQ,NSE,NSE
1603,1599745,6249,DKEGL-SM,D K ENTERPRISES GLOBAL L,0.0,,0.0,0.05,1500,EQ,NSE,NSE
1604,1602049,6258,ROLTA-BZ,ROLTA INDIA,0.0,,0.0,0.01,1,EQ,NSE,NSE
1605,1602305,6259,RAJVIR-BZ,RAJVIR INDUSTRIES,0.0,,0.0,0.01,1,EQ,NSE,NSE
1606,1605889,6273,PVP-BE,PVP VENTURES,0.0,,0.0,0.01,1,EQ,NSE,NSE
1607,1606145,6274,SELMC-BE,SEL MANUFACTURING CO,0.0,,0.0,0.01,1,EQ,NSE,NSE
1608,1607169,6278,MEDICAMEQ,MEDICAMEN BIOTECH,0.0,,0.0,0.05,1,EQ,NSE,NSE
1609,1609217,6286,GULPOLY,GULSHAN POLYOLS,0.0,,0.0,0.01,1,EQ,NSE,NSE
1610,1612033,6297,HEALTHY,BIRLASLAMC - HEALTHY,0.0,,0.0,0.01,1,EQ,NSE,NSE
1611,1613313,6302,APOLSINHOT,APOLLO SINDOORI HOTEL,0.0,,0.0,0.1,1,EQ,NSE,NSE
1612,1613825,6304,609AS26-SG,SDL AS 6.09% 2026,0.0,,0.0,0.01,100,EQ,NSE,NSE
1613,1614593,6307,634RJ27-SG,SDL RJ 6.34% 2027,0.0,,0.0,0.01,100,EQ,NSE,NSE
1614,1616641,6315,662CG28-SG,SDL CG 6.62% 2028,0.0,,0.0,0.01,100,EQ,NSE,NSE
1615,1617153,6317,663HR28-SG,SDL HR 6.63% 2028,0.0,,0.0,0.01,100,EQ,NSE,NSE
1616,1617409,6318,695BR30-SG,SDL BR 6.95% 2030,0.0,,0.0,0.01,100,EQ,NSE,NSE
1617,1617921,6320,693GJ31A-SG,SDL GJ 6.93% 2031,0.0,,0.0,0.01,100,EQ,NSE,NSE
1618,1619713,6327,696RJ31-SG,SDL RJ 6.96% 2031,0.0,,0.0,0.01,100,EQ,NSE,NSE
1619,1620481,6330,699AS31-SG,SDL AS 6.99% 2031,0.0,,0.0,0.01,100,EQ,NSE,NSE
1620,1625601,6350,699UP31B-SG,SDL UP 6.99% 2031,0.0,,0.0,0.01,100,EQ,NSE,NSE
1621,1625857,6351,702AP36-SG,SDL AP 7.02% 2036,0.0,,0.0,0.01,100,EQ,NSE,NSE
1622,1626113,6352,702AP37-SG,SDL AP 7.02% 2037,0.0,,0.0,0.01,100,EQ,NSE,NSE
1623,1626369,6353,NIFTYETF,MIRAEAMC - MAN50ETF,0.0,,0.0,0.01,1,EQ,NSE,NSE
1624,1626881,6355,SGBNOV26-GB,2.50%GOLDBONDS2026SR-III,0.0,,0.0,0.01,1,EQ,NSE,NSE
1625,1628417,6361,708WB41-SG,SDL WB 7.08% 2041,0.0,,0.0,0.01,100,EQ,NSE,NSE
1626,1629185,6364,NATIONALUM,NATIONAL ALUMINIUM CO,0.0,,0.0,0.05,1,EQ,NSE,NSE
1627,1634561,6385,CCHHL,COUNTRY CLUB HOSP HOL,0.0,,0.0,0.01,1,EQ,NSE,NSE
1628,1640193,6407,LAMBODHARA,LAMBODHARA TEXTILES,0.0,,0.0,0.01,1,EQ,NSE,NSE
1629,1642753,6417,KRITI,KRITI INDUSTRIES IND,0.0,,0.0,0.01,1,EQ,NSE,NSE
1630,1644033,6422,MANORG,MANGALAM ORGANICS,0.0,,0.0,0.05,1,EQ,NSE,NSE
1631,1645825,6429,RSSOFTWARE,R. S. SOFTWARE (INDIA) LI,0.0,,0.0,0.01,1,EQ,NSE,NSE
1632,1647361,6435,AIRTELPP-E1,AIRTEL RS. 1.25 PPD UP,0.0,,0.0,0.05,1,EQ,NSE,NSE
1633,1648897,6441,KOTYARK-SM,KOTYARK INDUSTRIES,0.0,,0.0,0.05,100,EQ,NSE,NSE
1634,1649921,6445,TECHNOE,TECHNO ELEC & ENG CO.,0.0,,0.0,0.1,1,EQ,NSE,NSE
1635,1650177,6446,CONSUMIETF,ICICIPRAMC - ICICICONSU,0.0,,0.0,0.01,1,EQ,NSE,NSE
1636,1653761,6460,SHUBHLAXMI-ST,SHUBHLAXMI JEWEL ART,0.0,,0.0,0.05,1000,EQ,NSE,NSE
1637,1654273,6462,TECH,BIRLASLAMC - TECH,0.0,,0.0,0.01,1,EQ,NSE,NSE
1638,1658369,6478,698BR30-SG,SDL BR 6.98% 2030,0.0,,0.0,0.01,100,EQ,NSE,NSE
1639,1658625,6479,703MN31-SG,SDL MN 7.03% 2031,0.0,,0.0,0.01,100,EQ,NSE,NSE
1640,1658881,6480,698RJ31A-SG,SDL RJ 6.98% 2031,0.0,,0.0,0.01,100,EQ,NSE,NSE
1641,1659137,6481,696TN31-SG,SDL TN 6.96% 2031,0.0,,0.0,0.01,100,EQ,NSE,NSE
1642,1659393,6482,70WB31A-SG,SDL WB 7.0% 2031,0.0,,0.0,0.01,100,EQ,NSE,NSE
1643,1659649,6483,70GA31-SG,SDL GA 7.0% 2031,0.0,,0.0,0.01,100,EQ,NSE,NSE
1644,1659905,6484,706JK33-SG,SDL JK 7.06% 2033,0.0,,0.0,0.01,100,EQ,NSE,NSE
1645,1660161,6485,708AP35-SG,SDL AP 7.08% 2035,0.0,,0.0,0.01,100,EQ,NSE,NSE
1646,1660673,6487,708AP40-SG,SDL AP 7.08% 2040,0.0,,0.0,0.01,100,EQ,NSE,NSE
1647,1660929,6488,708TS42-SG,SDL TS 7.08% 2042,0.0,,0.0,0.01,100,EQ,NSE,NSE
1648,1661185,6489,IRIS,IRIS BUSINESS SERV,0.0,,0.0,0.05,1,EQ,NSE,NSE
1649,1668609,6518,SGBNV29VII-GB,2.5%GOLDBONDS2029SR-VII,0.0,,0.0,0.01,1,EQ,NSE,NSE
1650,1671937,6531,NHIT-IV,NATIONAL HIGHW INFRA TRUS,0.0,,0.0,0.01,25000,EQ,NSE,NSE
1651,1675009,6543,GRPLTD,GRP,0.0,,0.0,0.1,1,EQ,NSE,NSE
1652,1675521,6545,NYKAA,FSN E COMMERCE VENTURES,0.0,,0.0,0.05,1,EQ,NSE,NSE
1653,1678337,6556,694AS31-SG,SDL AS 6.94% 2031,0.0,,0.0,0.01,100,EQ,NSE,NSE
1654,1678593,6557,692RJ31-SG,SDL RJ 6.92% 2031,0.0,,0.0,0.01,100,EQ,NSE,NSE
1655,1678849,6558,693UP31-SG,SDL UP 6.93% 2031,0.0,,0.0,0.01,100,EQ,NSE,NSE
1656,1680129,6563,70AP38A-SG,SDL AP 7.0% 2038,0.0,,0.0,0.01,100,EQ,NSE,NSE
1657,1680385,6564,70AP39B-SG,SDL AP 7.0% 2039,0.0,,0.0,0.01,100,EQ,NSE,NSE
1658,1681409,6568,LAXMICOT,LAXMI COTSPIN,0.0,,0.0,0.01,1,EQ,NSE,NSE
1659,1684225,6579,FINOPB,FINO PAYMENTS BANK,0.0,,0.0,0.05,1,EQ,NSE,NSE
1660,1687553,6592,NIDAN-SM,NIDAN LABS AND HEALTH,0.0,,0.0,0.05,1000,EQ,NSE,NSE
1661,1688577,6596,SONATSOFTW,SONATA SOFTWARE,0.0,,0.0,0.05,1,EQ,NSE,NSE
1662,1689601,6600,GENUSPAPER,GENUS P&B,0.0,,0.0,0.01,1,EQ,NSE,NSE
1663,1691137,6606,EQUAL50ADD,DSPAMC - DSPNEWETF,0.0,,0.0,0.01,1,EQ,NSE,NSE
1664,1700609,6643,SJS,SJS ENTERPRISES,0.0,,0.0,0.1,1,EQ,NSE,NSE
1665,1703937,6656,POLICYBZR,PB FINTECH,0.0,,0.0,0.1,1,EQ,NSE,NSE
1666,1705729,6663,SIGACHI,SIGACHI INDUSTRIES,0.0,,0.0,0.01,1,EQ,NSE,NSE
1667,1708289,6673,FOODSIN,FOODS & INNS,0.0,,0.0,0.01,1,EQ,NSE,NSE
1668,1711617,6686,DRSDILIP-SM,DRS DILIP ROADLINES,0.0,,0.0,0.05,800,EQ,NSE,NSE
1669,1713921,6695,574GS2026-GS,GOI LOAN  5.74% 2026,0.0,,0.0,0.01,1,EQ,NSE,NSE
1670,1714177,6696,699GS2051-GS,GOI LOAN  6.99% 2051,0.0,,0.0,0.01,1,EQ,NSE,NSE
1671,1716481,6705,PAYTM,ONE 97 COMMUNICATIONS,0.0,,0.0,0.1,1,EQ,NSE,NSE
1672,1718017,6711,IVC,IL&FS INVESTMENT MANAGERS,0.0,,0.0,0.01,1,EQ,NSE,NSE
1673,1718529,6713,MOLDTKPAC,MOLD-TEK PACKAGING,0.0,,0.0,0.05,1,EQ,NSE,NSE
1674,1719809,6718,SAPPHIRE,SAPPHIRE FOODS INDIA,0.0,,0.0,0.01,1,EQ,NSE,NSE
1675,1723649,6733,JINDALSTEL,JINDAL STEEL,0.0,,0.0,0.1,1,EQ,NSE,NSE
1676,1725697,6741,671TN29-SG,SDL TN 6.71% 2029,0.0,,0.0,0.01,100,EQ,NSE,NSE
1677,1726209,6743,69KA31-SG,SDL KA 6.9% 2031,0.0,,0.0,0.01,100,EQ,NSE,NSE
1678,1726465,6744,693UP31A-SG,SDL UP 6.93% 2031,0.0,,0.0,0.01,100,EQ,NSE,NSE
1679,1727745,6749,698WB37-SG,SDL WB 6.98% 2037,0.0,,0.0,0.01,100,EQ,NSE,NSE
1680,1728001,6750,699MP41-SG,SDL MP 6.99% 2041,0.0,,0.0,0.01,100,EQ,NSE,NSE
1681,1728513,6752,699TS43-SG,SDL TS 6.99% 2043,0.0,,0.0,0.01,100,EQ,NSE,NSE
1682,1736193,6782,NIPPOBATRY,INDO-NATIONAL,0.0,,0.0,0.05,1,EQ,NSE,NSE
1683,1738753,6792,SBC,SBC EXPORTS,0.0,,0.0,0.01,1,EQ,NSE,NSE
1684,1741569,6803,STEELCAS,STEELCAST,0.0,,0.0,0.01,1,EQ,NSE,NSE
1685,1745153,6817,695GS2061-GS,GOI LOAN  6.95% 2061,0.0,,0.0,0.01,1,EQ,NSE,NSE
1686,1745409,6818,LATENTVIEW,LATENT VIEW ANALYTICS,0.0,,0.0,0.05,1,EQ,NSE,NSE
1687,1749249,6833,1018GS2026-GS,GOI LOAN 10.18% 2026,0.0,,0.0,0.01,1,EQ,NSE,NSE
1688,1749761,6835,795GS2032-GS,GOI LOAN 7.95% 2032,0.0,,0.0,0.01,1,EQ,NSE,NSE
1689,1750017,6836,FOCUS,FOCUS LIGHTG & FIXTRS,0.0,,0.0,0.01,1,EQ,NSE,NSE
1690,1751809,6843,SMLT,SARTHAK METALS,0.0,,0.0,0.01,1,EQ,NSE,NSE
1691,1753089,6848,GREENLAM,GREENLAM INDUSTRIES,0.0,,0.0,0.05,1,EQ,NSE,NSE
1692,1754369,6853,MIRCELECTR-BE,MIRCELECTR-DEPO,0.0,,0.0,0.01,1,EQ,NSE,NSE
1693,1755649,6858,DHRUV,DHRUV CONSULTANCY SER,0.0,,0.0,0.01,1,EQ,NSE,NSE
1694,1756929,6863,BAJAJHCARE,BAJAJ HEALTHCARE,0.0,,0.0,0.05,1,EQ,NSE,NSE
1695,1757697,6866,601GS2028-GS,GOI LOAN 6.01% 2028,0.0,,0.0,0.01,1,EQ,NSE,NSE
1696,1758209,6868,613GS2028-GS,GOI LOAN 6.13% 2028,0.0,,0.0,0.01,1,EQ,NSE,NSE
1697,1759489,6873,75GS2034-GS,GOI LOAN 7.50% 2034,0.0,,0.0,0.01,1,EQ,NSE,NSE
1698,1759745,6874,74GS2035-GS,GOI LOAN 7.40% 2035,0.0,,0.0,0.01,1,EQ,NSE,NSE
1699,1760513,6877,687BR30A-SG,SDL BR 6.87% 2030,0.0,,0.0,0.01,100,EQ,NSE,NSE
1700,1760769,6878,686HP30-SG,SDL HP 6.86% 2030,0.0,,0.0,0.01,100,EQ,NSE,NSE
1701,1761025,6879,691HP31-SG,SDL HP 6.91% 2031,0.0,,0.0,0.01,100,EQ,NSE,NSE
1702,1761281,6880,693HP32-SG,SDL HP 6.93% 2032,0.0,,0.0,0.01,100,EQ,NSE,NSE
1703,1761537,6881,692HP33-SG,SDL HP 6.92% 2033,0.0,,0.0,0.01,100,EQ,NSE,NSE
1704,1762049,6883,833GS2036-GS,GOI LOAN 8.33% 2036,0.0,,0.0,0.01,1,EQ,NSE,NSE
1705,1762305,6884,824GS2027-GS,GOI LOAN 8.24%2027,0.0,,0.0,0.01,1,EQ,NSE,NSE
1706,1762561,6885,828GS2032-GS,GOI LOAN 8.28%2032,0.0,,0.0,0.01,1,EQ,NSE,NSE
1707,1763073,6887,687KA31-SG,SDL KA 6.87% 2031,0.0,,0.0,0.01,100,EQ,NSE,NSE
1708,1765121,6895,662PY28-SG,SDL PY 6.62% 2028,0.0,,0.0,0.01,100,EQ,NSE,NSE
1709,1765633,6897,691WB31-SG,SDL WB 6.91% 2031,0.0,,0.0,0.01,100,EQ,NSE,NSE
1710,1765889,6898,826GS2027-GS,GOI LOAN 8.26% 2027,0.0,,0.0,0.01,1,EQ,NSE,NSE
1711,1766145,6899,832GS2032-GS,GOI LOAN 8.32% 2032,0.0,,0.0,0.01,1,EQ,NSE,NSE
1712,1768449,6908,VISHNU,VISHNU CHEMICALS,0.0,,0.0,0.05,1,EQ,NSE,NSE
1713,1769729,6913,RPPL,RAJSHREE POLYPACK,0.0,,0.0,0.01,1,EQ,NSE,NSE
1714,1771777,6921,828GS2027-GS,GOI LOAN 8.28% 2027,0.0,,0.0,0.01,1,EQ,NSE,NSE
1715,1772033,6922,833GS2032-GS,GOI LOAN 8.33% 2032,0.0,,0.0,0.01,1,EQ,NSE,NSE
1716,1775361,6935,683GS2039-GS,GOI 6.83% 2039,0.0,,0.0,0.01,1,EQ,NSE,NSE
1717,1777409,6943,TARSONS,TARSONS PRODUCTS,0.0,,0.0,0.01,1,EQ,NSE,NSE
1718,1777665,6944,GANECOS,GANESHA ECOSPHERE,0.0,,0.0,0.05,1,EQ,NSE,NSE
1719,1779457,6951,LINC,LINC,0.0,,0.0,0.01,1,EQ,NSE,NSE
1720,1782017,6961,MENONBE,MENON BEARINGS,0.0,,0.0,0.01,1,EQ,NSE,NSE
1721,1782785,6964,GOCOLORS,GO FASHION INDIA,0.0,,0.0,0.05,1,EQ,NSE,NSE
1722,1785089,6973,DMCC,DMCC SPECIALITY CHEMICALS,0.0,,0.0,0.05,1,EQ,NSE,NSE
1723,1787137,6981,83GS2040-GS,GOI LOAN 8.30% 2040,0.0,,0.0,0.01,1,EQ,NSE,NSE
1724,1788673,6987,607RJ26-SG,SDL RJ 6.07% 2026,0.0,,0.0,0.01,100,EQ,NSE,NSE
1725,1788929,6988,683KA31-SG,SDL KA 6.83% 2031,0.0,,0.0,0.01,100,EQ,NSE,NSE
1726,1789441,6990,684RJ31B-SG,SDL RJ 6.84% 2031,0.0,,0.0,0.01,100,EQ,NSE,NSE
1727,1789697,6991,687SK31-SG,SDL SK 6.87% 2031,0.0,,0.0,0.01,100,EQ,NSE,NSE
1728,1789953,6992,692AP41-SG,SDL AP 6.92% 2041,0.0,,0.0,0.01,100,EQ,NSE,NSE
1729,1790209,6993,692TN46-SG,SDL TN 6.92% 2046,0.0,,0.0,0.01,100,EQ,NSE,NSE
1730,1790465,6994,BSOFT,BIRLASOFT,0.0,,0.0,0.05,1,EQ,NSE,NSE
1731,1794817,7011,897GS2030-GS,GOI LOAN 8.97% 2030,0.0,,0.0,0.01,1,EQ,NSE,NSE
1732,1795329,7013,883GS2041-GS,GOI LOAN 8.83% 2041,0.0,,0.0,0.01,1,EQ,NSE,NSE
1733,1796097,7016,SHIVALIK,SHIVALIK RASAYAN,0.0,,0.0,0.05,1,EQ,NSE,NSE
1734,1796865,7019,833GS2026-GS,GOI LOAN 8.33% 2026,0.0,,0.0,0.01,1,EQ,NSE,NSE
1735,1799681,7030,ASIANENE,ASIAN ENERGY SERVICES,0.0,,0.0,0.05,1,EQ,NSE,NSE
1736,1800705,7034,83GS2042-GS,GOI LOAN 8.30% 2042,0.0,,0.0,0.01,1,EQ,NSE,NSE
1737,1801729,7038,604AS26-SG,SDL AS 6.04% 2026,0.0,,0.0,0.01,100,EQ,NSE,NSE
1738,1801985,7039,92GS2030-GS,GOI LOAN 9.20% 2030,0.0,,0.0,0.01,1,EQ,NSE,NSE
1739,1802497,7041,687AS31A-SG,SDL AS 6.87% 2031,0.0,,0.0,0.01,100,EQ,NSE,NSE
1740,1803009,7043,683BR30-SG,SDL BR 6.83% 2030,0.0,,0.0,0.01,100,EQ,NSE,NSE
1741,1803265,7044,694JK36-SG,SDL JK 6.94% 2036,0.0,,0.0,0.01,100,EQ,NSE,NSE
1742,1803521,7045,683KA31A-SG,SDL KA 6.83% 2031,0.0,,0.0,0.01,100,EQ,NSE,NSE
1743,1804033,7047,688KA32-SG,SDL KA 6.88% 2032,0.0,,0.0,0.01,100,EQ,NSE,NSE
1744,1804289,7048,HESTERBIO,HESTER BIOSCIENCES,0.0,,0.0,0.1,1,EQ,NSE,NSE
1745,1804801,7050,666TN29-SG,SDL TN 6.66% 2029,0.0,,0.0,0.01,100,EQ,NSE,NSE
1746,1805569,7053,ACCELYA,ACCELYA SOLN INDIA,0.0,,0.0,0.1,1,EQ,NSE,NSE
1747,1806081,7055,696TS45-SG,SDL TS 6.96% 2045,0.0,,0.0,0.01,100,EQ,NSE,NSE
1748,1810945,7074,MAHKTECH,MIRAEAMC - MAHKTECH,0.0,,0.0,0.01,1,EQ,NSE,NSE
1749,1813249,7083,STARHEALTH,STAR HEALTH & AL INS CO L,0.0,,0.0,0.05,1,EQ,NSE,NSE
1750,1814273,7087,923GS2043-GS,GOI LOAN 9.23% 2043,0.0,,0.0,0.01,1,EQ,NSE,NSE
1751,1814529,7088,86GS2028-GS,GOI LOAN 8.6% 2028,0.0,,0.0,0.01,1,EQ,NSE,NSE
1752,1816065,7094,SEJALLTD-BE,SEJAL GLASS,0.0,,0.0,0.05,1,EQ,NSE,NSE
1753,1817089,7098,SGBD29VIII-GB,2.50%GOLDBONDS2029SR-VIII,0.0,,0.0,0.01,1,EQ,NSE,NSE
1754,1818881,7105,TEGA,TEGA INDUSTRIES,0.0,,0.0,0.1,1,EQ,NSE,NSE
1755,1819137,7106,824GS2033-GS,GOI LOAN 8.24% 2033,0.0,,0.0,0.01,1,EQ,NSE,NSE
1756,1819905,7109,JMA,JULLUNDUR MOT AGENCY,0.0,,0.0,0.01,1,EQ,NSE,NSE
1757,1821185,7114,815GS2026-GS,GOI LOAN 8.15% 2026,0.0,,0.0,0.01,1,EQ,NSE,NSE
1758,1821441,7115,817GS2044-GS,GOI LOAN 8.17% 2044,0.0,,0.0,0.01,1,EQ,NSE,NSE
1759,1823233,7122,788GS2030-GS,GOI LOAN 7.88% 2030,0.0,,0.0,0.01,1,EQ,NSE,NSE
1760,1823745,7124,813GS2045-GS,GOI LOAN 8.13% 2045,0.0,,0.0,0.01,1,EQ,NSE,NSE
1761,1824513,7127,773GS2034-GS,GOI LOAN 7.73% 2034,0.0,,0.0,0.01,1,EQ,NSE,NSE
1762,1825025,7129,ZODIAC,ZODIAC ENERGY,0.0,,0.0,0.05,1,EQ,NSE,NSE
1763,1825281,7130,759GS2029-GS,GOI LOAN 7.59% 2029,0.0,,0.0,0.01,1,EQ,NSE,NSE
1764,1826817,7136,772GS2055-GS,GOI LOAN 7.72% 2055,0.0,,0.0,0.01,1,EQ,NSE,NSE
1765,1827585,7139,759GS2026-GS,GOI LOAN 7.59% 2026,0.0,,0.0,0.01,1,EQ,NSE,NSE
1766,1828353,7142,761GS2030-GS,GOI LOAN 7.61% 2030,0.0,,0.0,0.01,1,EQ,NSE,NSE
1767,1829121,7145,ANANDRATHI,ANAND RATHI WEALTH,0.0,,0.0,0.1,1,EQ,NSE,NSE
1768,1830913,7152,684BR30-SG,SDL BR 6.84% 2030,0.0,,0.0,0.01,100,EQ,NSE,NSE
1769,1831169,7153,63PY27-SG,SDL PY 6.3% 2027,0.0,,0.0,0.01,100,EQ,NSE,NSE
1770,1831425,7154,685GA31C-SG,SDL GA 6.85% 2031,0.0,,0.0,0.01,100,EQ,NSE,NSE
1771,1831681,7155,683KA31B-SG,SDL KA 6.83% 2031,0.0,,0.0,0.01,100,EQ,NSE,NSE
1772,1831937,7156,683TN31A-SG,SDL TN 6.83% 2031,0.0,,0.0,0.01,100,EQ,NSE,NSE
1773,1832449,7158,697GS2026-GS,GOI LOAN 6.97% 2026,0.0,,0.0,0.01,1,EQ,NSE,NSE
1774,1832705,7159,689KA33-SG,SDL KA 6.89% 2033,0.0,,0.0,0.01,100,EQ,NSE,NSE
1775,1832961,7160,694WB36-SG,SDL WB 6.94% 2036,0.0,,0.0,0.01,100,EQ,NSE,NSE
1776,1835265,7169,MICEL,MIC ELECTRONICS,0.0,,0.0,0.01,1,EQ,NSE,NSE
1777,1837313,7177,RATEGAIN,RATEGAIN TRAVEL TECHN,0.0,,0.0,0.05,1,EQ,NSE,NSE
1778,1839105,7184,706GS2046-GS,GOI LOAN 7.06% 2046,0.0,,0.0,0.01,1,EQ,NSE,NSE
1779,1841409,7193,662GS2051-GS,GOI LOAN 6.62% 2051,0.0,,0.0,0.01,1,EQ,NSE,NSE
1780,1841665,7194,657GS2033-GS,GOI LOAN 6.57% 2033,0.0,,0.0,0.01,1,EQ,NSE,NSE
1781,1841921,7195,679GS2029-GS,GOI LOAN 6.79% 2029,0.0,,0.0,0.01,1,EQ,NSE,NSE
1782,1842177,7196,BBETF0432,EDELAMC - BBETF0432,0.0,,0.0,0.01,1,EQ,NSE,NSE
1783,1843201,7200,SHRIRAMPPS,SHRIRAM PROPERTIES,0.0,,0.0,0.01,1,EQ,NSE,NSE
1784,1843713,7202,679GS2027-GS,GOI LOAN 6.79% 2027,0.0,,0.0,0.01,1,EQ,NSE,NSE
1785,1844481,7205,668GS2031-GS,GOI LOAN 6.68% 2031,0.0,,0.0,0.01,1,EQ,NSE,NSE
1786,1845249,7208,717GS2028-GS,GOI LOAN 7.17% 2028,0.0,,0.0,0.01,1,EQ,NSE,NSE
1787,1846017,7211,JETFREIGHT,JET FREIGHT LOGISTICS,0.0,,0.0,0.01,1,EQ,NSE,NSE
1788,1847809,7218,SBIETFQLTY,SBIAMC - SBIETFQLTY,0.0,,0.0,0.01,1,EQ,NSE,NSE
1789,1850113,7227,MAPMYINDIA,C.E. INFO SYSTEMS,0.0,,0.0,0.1,1,EQ,NSE,NSE
1790,1850625,7229,HCLTECH,HCL TECHNOLOGIES,0.0,,0.0,0.1,1,EQ,NSE,NSE
1791,1853953,7242,METROBRAND,METRO BRANDS,0.0,,0.0,0.1,1,EQ,NSE,NSE
1792,1857025,7254,MEDPLUS,MEDPLUS HEALTH SERV,0.0,,0.0,0.05,1,EQ,NSE,NSE
1793,1865473,7287,JTLIND,JTL INDUSTRIES,0.0,,0.0,0.01,1,EQ,NSE,NSE
1794,1867521,7295,697AS31A-SG,SDL AS 6.97% 2031,0.0,,0.0,0.01,100,EQ,NSE,NSE
1795,1867777,7296,698GA31-SG,SDL GA 6.98% 2031,0.0,,0.0,0.01,100,EQ,NSE,NSE
1796,1869825,7304,696KA31A-SG,SDL KA 6.96% 2031,0.0,,0.0,0.01,100,EQ,NSE,NSE
1797,1870081,7305,702KA33-SG,SDL KA 7.02% 2033,0.0,,0.0,0.01,100,EQ,NSE,NSE
1798,1870593,7307,70JK33-SG,SDL JK 7.0% 2033,0.0,,0.0,0.01,100,EQ,NSE,NSE
1799,1872385,7314,696UP31-SG,SDL UP 6.96% 2031,0.0,,0.0,0.01,100,EQ,NSE,NSE
1800,1872641,7315,704TS32-SG,SDL TS 7.04% 2032,0.0,,0.0,0.01,100,EQ,NSE,NSE
1801,1872897,7316,70NL31A-SG,SDL NL 7.0% 2031,0.0,,0.0,0.01,100,EQ,NSE,NSE
1802,1873409,7318,707TN38-SG,SDL TN 7.07% 2038,0.0,,0.0,0.01,100,EQ,NSE,NSE
1803,1873665,7319,705WB36A-SG,SDL WB 7.05% 2036,0.0,,0.0,0.01,100,EQ,NSE,NSE
1804,1875201,7325,DCMSRIND,DCM SHRIRAM IND,0.0,,0.0,0.01,1,EQ,NSE,NSE
1805,1878785,7339,ABSLNN50ET,BIRLASLAMC - ABSLNN50ET,0.0,,0.0,0.01,1,EQ,NSE,NSE
1806,1882369,7353,SETFNN50,SBI-ETF NIFTY NEXT 50,0.0,,0.0,0.01,1,EQ,NSE,NSE
1807,1883649,7358,DATAPATTNS,DATA PATTERNS INDIA,0.0,,0.0,0.1,1,EQ,NSE,NSE
1808,1884417,7361,SETFNIFBK,SBI-ETF NIFTY BANK,0.0,,0.0,0.01,1,EQ,NSE,NSE
1809,1885697,7366,TRIGYN-BE,TRIGYN TECHNOLOGIES,0.0,,0.0,0.01,1,EQ,NSE,NSE
1810,1887745,7374,STAR,STRIDES PHARMA SCI,0.0,,0.0,0.05,1,EQ,NSE,NSE
1811,1888257,7376,HPAL,HP ADHESIVES,0.0,,0.0,0.01,1,EQ,NSE,NSE
1812,1890561,7385,FOCE-SM,FOCE INDIA,0.0,,0.0,0.05,100,EQ,NSE,NSE
1813,1891841,7390,SUPRIYA,SUPRIYA LIFESCIENCE,0.0,,0.0,0.05,1,EQ,NSE,NSE
1814,1894657,7401,RAJESHEXPO,RAJESH EXPORTS,0.0,,0.0,0.01,1,EQ,NSE,NSE
1815,1895937,7406,GLENMARK,GLENMARK PHARMACEUTICALS,0.0,,0.0,0.1,1,EQ,NSE,NSE
1816,1897473,7412,ALPHA,KOTAKMAMC - KOTAKALPHA,0.0,,0.0,0.01,1,EQ,NSE,NSE
1817,1897729,7413,MANAKCOAT,MAN COAT METAL & IND,0.0,,0.0,0.01,1,EQ,NSE,NSE
1818,1900033,7422,MONQ50,MOTILALAMC - MONQ50,0.0,,0.0,0.01,1,EQ,NSE,NSE
1819,1900801,7425,HECPROJECT,HEC INFRA PROJECTS,0.0,,0.0,0.01,1,EQ,NSE,NSE
1820,1901313,7427,MANAKALUCO-BE,MANAK ALUMINIUM CO.,0.0,,0.0,0.01,1,EQ,NSE,NSE
1821,1907201,7450,NILASPACES-BE,NILA SPACES,0.0,,0.0,0.01,1,EQ,NSE,NSE
1822,1907457,7451,NIFTY50ADD,DSPAMC - DSPN50ETF,0.0,,0.0,0.01,1,EQ,NSE,NSE
1823,1908737,7456,MIDQ50ADD,DSPAMC - DSPQ50ETF,0.0,,0.0,0.01,1,EQ,NSE,NSE
1824,1908993,7457,HAVISHA,SRI HAVISHA HOSP & INFR L,0.0,,0.0,0.01,1,EQ,NSE,NSE
1825,1910529,7463,MANAKSTEEL,MANAKSIA STEELS,0.0,,0.0,0.01,1,EQ,NSE,NSE
1826,1918721,7495,633AS26A-SG,SDL AS 6.33% 2026,0.0,,0.0,0.01,100,EQ,NSE,NSE
1827,1920001,7500,629RJ26A-SG,SDL RJ 6.29% 2026,0.0,,0.0,0.01,100,EQ,NSE,NSE
1828,1921537,7506,WOCKPHARMA,WOCKHARDT,0.0,,0.0,0.1,1,EQ,NSE,NSE
1829,1922049,7508,ZENTEC,ZEN TECHNOLOGIES,0.0,,0.0,0.1,1,EQ,NSE,NSE
1830,1922817,7511,696PY30-SG,SDL PY 6.96% 2030,0.0,,0.0,0.01,100,EQ,NSE,NSE
1831,1923073,7512,703AS31-SG,SDL AS 7.03% 2031,0.0,,0.0,0.01,100,EQ,NSE,NSE
1832,1923329,7513,70GA31A-SG,SDL GA 7.0% 2031,0.0,,0.0,0.01,100,EQ,NSE,NSE
1833,1924865,7519,703HP31-SG,SDL HP 7.03% 2031,0.0,,0.0,0.01,100,EQ,NSE,NSE
1834,1926145,7524,702KA31-SG,SDL KA 7.02% 2031,0.0,,0.0,0.01,100,EQ,NSE,NSE
1835,1927681,7530,70MN31B-SG,SDL MN 7.0% 2031,0.0,,0.0,0.01,100,EQ,NSE,NSE
1836,1927937,7531,703RJ31-SG,SDL RJ 7.03% 2031,0.0,,0.0,0.01,100,EQ,NSE,NSE
1837,1928449,7533,702TN31-SG,SDL TN 7.02% 2031,0.0,,0.0,0.01,100,EQ,NSE,NSE
1838,1928705,7534,704UP31-SG,SDL UP 7.04% 2031,0.0,,0.0,0.01,100,EQ,NSE,NSE
1839,1928961,7535,705UK31-SG,SDL UK 7.05% 2031,0.0,,0.0,0.01,100,EQ,NSE,NSE
1840,1929217,7536,714HP33-SG,SDL HP 7.14% 2033,0.0,,0.0,0.01,100,EQ,NSE,NSE
1841,1929473,7537,LCCINFOTEC-BE,LCC INFOTECH,0.0,,0.0,0.01,1,EQ,NSE,NSE
1842,1929729,7538,714TS33-SG,SDL TS 7.14% 2033,0.0,,0.0,0.01,100,EQ,NSE,NSE
1843,1929985,7539,712KA34-SG,SDL KA 7.12% 2034,0.0,,0.0,0.01,100,EQ,NSE,NSE
1844,1930241,7540,714AP35-SG,SDL AP 7.14% 2035,0.0,,0.0,0.01,100,EQ,NSE,NSE
1845,1930497,7541,714KL35-SG,SDL KL 7.14% 2035,0.0,,0.0,0.01,100,EQ,NSE,NSE
1846,1931009,7543,714JK36-SG,SDL JK 7.14% 2036,0.0,,0.0,0.01,100,EQ,NSE,NSE
1847,1931265,7544,714PN36-SG,SDL PN 7.14% 2036,0.0,,0.0,0.01,100,EQ,NSE,NSE
1848,1932289,7548,712WB36-SG,SDL WB 7.12% 2036,0.0,,0.0,0.01,100,EQ,NSE,NSE
1849,1932545,7549,714AP40-SG,SDL AP 7.14% 2040,0.0,,0.0,0.01,100,EQ,NSE,NSE
1850,1932801,7550,714AP41B-SG,SDL AP 7.14% 2041,0.0,,0.0,0.01,100,EQ,NSE,NSE
1851,1933569,7553,NRBBEARING,NRB BEARING,0.0,,0.0,0.05,1,EQ,NSE,NSE
1852,1936385,7564,UNITEDPOLY-BE,UNITED POLYFAB GUJ.,0.0,,0.0,0.01,1,EQ,NSE,NSE
1853,1946369,7603,CMSINFO,CMS INFO SYSTEMS,0.0,,0.0,0.05,1,EQ,NSE,NSE
1854,1946881,7605,TREJHARA-BE,TREJHARA SOLUTIONS,0.0,,0.0,0.05,1,EQ,NSE,NSE
1855,1948161,7610,VIVO-SM,VIVO COLLAB SOLUTIONS,0.0,,0.0,0.05,1600,EQ,NSE,NSE
1856,1954305,7634,SHREERAMA-BE,SHREE RAMA MULTI TECH,0.0,,0.0,0.01,1,EQ,NSE,NSE
1857,1957889,7648,820IIFL27-N9,,0.0,,0.0,0.01,1,EQ,NSE,NSE
1858,1959425,7654,SGBDEC26-GB,2.50%GOLDBONDS2026SR-IV,0.0,,0.0,0.01,1,EQ,NSE,NSE
1859,1961473,7662,850IIFL27-NA,,0.0,,0.0,0.01,1,EQ,NSE,NSE
1860,1962497,7666,IIFLHFZC27-NB,,0.0,,0.0,0.01,1,EQ,NSE,NSE
1861,1963009,7668,843IHFL29-NC,,0.0,,0.0,0.01,1,EQ,NSE,NSE
1862,1963777,7671,875IHFL29-ND,,0.0,,0.0,0.01,1,EQ,NSE,NSE
1863,1964033,7672,IMAGICAA,IMAGICAAWORLD ENT,0.0,,0.0,0.01,1,EQ,NSE,NSE
1864,1964545,7674,IIFLHF29-NE,,0.0,,0.0,0.01,1,EQ,NSE,NSE
1865,1965825,7679,MONARCH,MONARCH NETWORTH CAP,0.0,,0.0,0.05,1,EQ,NSE,NSE
1866,1968641,7690,718TS33-SG,SDL TS 7.18% 2033,0.0,,0.0,0.01,100,EQ,NSE,NSE
1867,1968897,7691,712AS32-SG,SDL AS 7.12% 2032,0.0,,0.0,0.01,100,EQ,NSE,NSE
1868,1969153,7692,713HR32-SG,SDL HR 7.13% 2032,0.0,,0.0,0.01,100,EQ,NSE,NSE
1869,1969409,7693,71KA32-SG,SDL KA 7.1% 2032,0.0,,0.0,0.01,100,EQ,NSE,NSE
1870,1969665,7694,718KA33-SG,SDL KA 7.18% 2033,0.0,,0.0,0.01,100,EQ,NSE,NSE
1871,1972993,7707,722KA35-SG,SDL KA 7.22% 2035,0.0,,0.0,0.01,100,EQ,NSE,NSE
1872,1973249,7708,714PN32-SG,SDL PN 7.14% 2032,0.0,,0.0,0.01,100,EQ,NSE,NSE
1873,1973505,7709,712UP32-SG,SDL UP 7.12% 2032,0.0,,0.0,0.01,100,EQ,NSE,NSE
1874,1973761,7710,714WB32-SG,SDL WB 7.14% 2032,0.0,,0.0,0.01,100,EQ,NSE,NSE
1875,1974017,7711,724AP38-SG,SDL AP 7.24% 2038,0.0,,0.0,0.01,100,EQ,NSE,NSE
1876,1974529,7713,718AP40-SG,SDL AP 7.18% 2040,0.0,,0.0,0.01,100,EQ,NSE,NSE
1877,1974785,7714,719PN37-SG,SDL PN 7.19% 2037,0.0,,0.0,0.01,100,EQ,NSE,NSE
1878,1975041,7715,722AP42-SG,SDL AP 7.22% 2042,0.0,,0.0,0.01,100,EQ,NSE,NSE
1879,1986305,7759,ABAN-BE,ABAN OFFSHORE,0.0,,0.0,0.01,1,EQ,NSE,NSE
1880,1987841,7765,875SCFL27-Y9,,0.0,,0.0,0.01,1,EQ,NSE,NSE
1881,1988865,7769,925SCFL27-YA,,0.0,,0.0,0.01,1,EQ,NSE,NSE
1882,1989633,7772,843SCFL27-YB,,0.0,,0.0,0.01,1,EQ,NSE,NSE
1883,1990913,7777,889SCFL27-YC,,0.0,,0.0,0.01,1,EQ,NSE,NSE
1884,1992449,7783,BCONCEPTS-BE,BRAND CONCEPTS,0.0,,0.0,0.05,1,EQ,NSE,NSE
1885,1994497,7791,UNIINFO,UNIINFO TELECOM SERVI,0.0,,0.0,0.01,1,EQ,NSE,NSE
1886,1996801,7800,TIMESCAN-SM,TIMESCAN LOGISTICS IND L,0.0,,0.0,0.05,2000,EQ,NSE,NSE
1887,1999873,7812,704TN30-SG,SDL TN 7.04% 2030,0.0,,0.0,0.01,100,EQ,NSE,NSE
1888,2000129,7813,714KA32-SG,SDL KA 7.14% 2032,0.0,,0.0,0.01,100,EQ,NSE,NSE
1889,2000641,7815,728TS35-SG,SDL TS 7.28% 2035,0.0,,0.0,0.01,100,EQ,NSE,NSE
1890,2000897,7816,731KA35-SG,SDL KA 7.31% 2035,0.0,,0.0,0.01,100,EQ,NSE,NSE
1891,2001665,7819,714RJ32-SG,SDL RJ 7.14% 2032,0.0,,0.0,0.01,100,EQ,NSE,NSE
1892,2002177,7821,715UP32-SG,SDL UP 7.15% 2032,0.0,,0.0,0.01,100,EQ,NSE,NSE
1893,2002433,7822,731PY35-SG,SDL PY 7.31% 2035,0.0,,0.0,0.01,100,EQ,NSE,NSE
1894,2002689,7823,729KA34-SG,SDL KA 7.29% 2034,0.0,,0.0,0.01,100,EQ,NSE,NSE
1895,2005761,7835,WEL,WONDER ELECTRICALS,0.0,,0.0,0.01,1,EQ,NSE,NSE
1896,2006529,7838,NETF,TATAAML - NETF,0.0,,0.0,0.01,1,EQ,NSE,NSE
1897,2007809,7843,654GS2032-GS,GOI LOAN  6.54% 2032,0.0,,0.0,0.01,1,EQ,NSE,NSE
1898,2008065,7844,AUTOIETF,ICICIPRAMC - ICICIAUTO,0.0,,0.0,0.01,1,EQ,NSE,NSE
1899,2009089,7848,BIL,BHARTIYA INTERNATIONAL,0.0,,0.0,0.05,1,EQ,NSE,NSE
1900,2009857,7851,RAMCOSYS,RAMCO SYSTEMS,0.0,,0.0,0.05,1,EQ,NSE,NSE
1901,2010113,7852,INOXWIND,INOX WIND,0.0,,0.0,0.01,1,EQ,NSE,NSE
1902,2010881,7855,723MN32-SG,SDL MN 7.23% 2032,0.0,,0.0,0.01,100,EQ,NSE,NSE
1903,2011137,7856,724UP32-SG,SDL UP 7.24% 2032,0.0,,0.0,0.01,100,EQ,NSE,NSE
1904,2011393,7857,723WB32-SG,SDL WB 7.23% 2032,0.0,,0.0,0.01,100,EQ,NSE,NSE
1905,2011649,7858,733KA37-SG,SDL KA 7.33% 2037,0.0,,0.0,0.01,100,EQ,NSE,NSE
1906,2011905,7859,733KA40-SG,SDL KA 7.33% 2040,0.0,,0.0,0.01,100,EQ,NSE,NSE
1907,2012417,7861,733MP42-SG,SDL MP 7.33% 2042,0.0,,0.0,0.01,100,EQ,NSE,NSE
1908,2012673,7862,GVPIL,GE POWER INDIA,0.0,,0.0,0.05,1,EQ,NSE,NSE
1909,2013953,7867,643RJ27-SG,SDL RJ 6.43% 2027,0.0,,0.0,0.01,100,EQ,NSE,NSE
1910,2014721,7870,724BR32-SG,SDL BR 7.24% 2032,0.0,,0.0,0.01,100,EQ,NSE,NSE
1911,2014977,7871,723GA32-SG,SDL GA 7.23% 2032,0.0,,0.0,0.01,100,EQ,NSE,NSE
1912,2015233,7872,735KA36-SG,SDL KA 7.35% 2036,0.0,,0.0,0.01,100,EQ,NSE,NSE
1913,2015745,7874,734TS34-SG,SDL TS 7.34% 2034,0.0,,0.0,0.01,100,EQ,NSE,NSE
1914,2017025,7879,SGBJAN30IX-GB,2.50%GOLDBONDS2030SR-IX,0.0,,0.0,0.01,1,EQ,NSE,NSE
1915,2017281,7880,AUTOBEES,NIPPONAMC - NETFAUTO,0.0,,0.0,0.01,1,EQ,NSE,NSE
1916,2018817,7886,MHLXMIRU,MAHALAXMI RUBTECH,0.0,,0.0,0.01,1,EQ,NSE,NSE
1917,2020353,7892,618GJ26A-SG,SDL GJ 6.18% 2026,0.0,,0.0,0.01,100,EQ,NSE,NSE
1918,2020609,7893,69PY28-SG,SDL PY 6.9% 2028,0.0,,0.0,0.01,100,EQ,NSE,NSE
1919,2020865,7894,645RJ27A-SG,SDL RJ 6.45% 2027,0.0,,0.0,0.01,100,EQ,NSE,NSE
1920,2021633,7897,727AR32-SG,SDL AR 7.27% 2032,0.0,,0.0,0.01,100,EQ,NSE,NSE
1921,2021889,7898,729MZ33-SG,SDL MZ 7.29% 2033,0.0,,0.0,0.01,100,EQ,NSE,NSE
1922,2022145,7899,724RJ32-SG,SDL RJ 7.24% 2032,0.0,,0.0,0.01,100,EQ,NSE,NSE
1923,2022401,7900,727SK32-SG,SDL SK 7.27% 2032,0.0,,0.0,0.01,100,EQ,NSE,NSE
1924,2022913,7902,LFIC,LAKSHMI FIN IND CORP,0.0,,0.0,0.01,1,EQ,NSE,NSE
1925,2023425,7904,724TN32-SG,SDL TN 7.24% 2032,0.0,,0.0,0.01,100,EQ,NSE,NSE
1926,2023681,7905,728UP32-SG,SDL UP 7.28% 2032,0.0,,0.0,0.01,100,EQ,NSE,NSE
1927,2024193,7907,725UK32-SG,SDL UK 7.25% 2032,0.0,,0.0,0.01,100,EQ,NSE,NSE
1928,2024449,7908,737KA38-SG,SDL KA 7.37% 2038,0.0,,0.0,0.01,100,EQ,NSE,NSE
1929,2024961,7910,736KA39-SG,SDL KA 7.36% 2039,0.0,,0.0,0.01,100,EQ,NSE,NSE
1930,2025217,7911,748WB37-SG,SDL WB 7.48% 2037,0.0,,0.0,0.01,100,EQ,NSE,NSE
1931,2027265,7919,BYKE,THE BYKE HOSPITALITY,0.0,,0.0,0.01,1,EQ,NSE,NSE
1932,2029825,7929,ZYDUSLIFE,ZYDUS LIFESCIENCES,0.0,,0.0,0.05,1,EQ,NSE,NSE
1933,2031617,7936,AVANTIFEED,AVANTI FEEDS,0.0,,0.0,0.05,1,EQ,NSE,NSE
1934,2033153,7942,SILVERIETF,ICICIPRAMC - ICICISILVE,0.0,,0.0,0.01,1,EQ,NSE,NSE
1935,2035201,7950,PRECISION-SM,PRECISION METALIKS,0.0,,0.0,0.05,2000,EQ,NSE,NSE
1936,2039041,7965,MALLCOM,MALLCOM (INDIA),0.0,,0.0,0.1,1,EQ,NSE,NSE
1937,2041601,7975,1015ECL29-NR,,0.0,,0.0,0.01,1,EQ,NSE,NSE
1938,2042625,7979,MAKEINDIA,MIRAEAMC - MAMFGETF,0.0,,0.0,0.01,1,EQ,NSE,NSE
1939,2043393,7982,GRWRHITECH,GARWARE HI-TECH FILMS,0.0,,0.0,0.1,1,EQ,NSE,NSE
1940,2044417,7986,1060ECL29-NS,,0.0,,0.0,0.01,1,EQ,NSE,NSE
1941,2048769,8003,SILVER,BIRLASLAMC - SILVER,0.0,,0.0,0.01,1,EQ,NSE,NSE
1942,2049537,8006,732KA34-SG,SDL KA 7.32% 2034,0.0,,0.0,0.01,100,EQ,NSE,NSE
1943,2049793,8007,733TN52-SG,SDL TN 7.33% 2052,0.0,,0.0,0.01,100,EQ,NSE,NSE
1944,2050561,8010,62RJ26-SG,SDL RJ 6.2% 2026,0.0,,0.0,0.01,100,EQ,NSE,NSE
1945,2050817,8011,696HR29-SG,SDL HR 6.96% 2029,0.0,,0.0,0.01,100,EQ,NSE,NSE
1946,2051073,8012,721KA32-SG,SDL KA 7.21% 2032,0.0,,0.0,0.01,100,EQ,NSE,NSE
1947,2051329,8013,721RJ32-SG,SDL RJ 7.21% 2032,0.0,,0.0,0.01,100,EQ,NSE,NSE
1948,2054145,8024,CINEVISTA,CINEVISTA,0.0,,0.0,0.01,1,EQ,NSE,NSE
1949,2054913,8027,726GS2029-GS,GOI LOAN 7.26% 2029,0.0,,0.0,0.01,1,EQ,NSE,NSE
1950,2060801,8050,MAHLIFE,MAHINDRA LIFESPACE DEVLTD,0.0,,0.0,0.05,1,EQ,NSE,NSE
1951,2061825,8054,KTKBANK,KARNATAKA BANK,0.0,,0.0,0.01,1,EQ,NSE,NSE
1952,2067201,8075,DALBHARAT,DALMIA BHARAT,0.0,,0.0,0.1,1,EQ,NSE,NSE
1953,2067713,8077,MIDCAP,KOTAKMAMC - KOTAKMID50,0.0,,0.0,0.01,1,EQ,NSE,NSE
1954,2068481,8080,SILVERBEES,NIPPONAMC - NETFSILVER,0.0,,0.0,0.01,1,EQ,NSE,NSE
1955,2069249,8083,CROWN,CROWN LIFTERS,0.0,,0.0,0.01,1,EQ,NSE,NSE
1956,2076161,8110,AWL,AWL AGRI BUSINESS,0.0,,0.0,0.05,1,EQ,NSE,NSE
1957,2078465,8119,RPSGVENT,RPSG VENTURES,0.0,,0.0,0.05,1,EQ,NSE,NSE
1958,2078721,8120,744KA35-SG,SDL KA 7.44% 2035,0.0,,0.0,0.01,100,EQ,NSE,NSE
1959,2078977,8121,737TS36-SG,SDL TS 7.37% 2036,0.0,,0.0,0.01,100,EQ,NSE,NSE
1960,2079233,8122,737AP38-SG,SDL AP 7.37% 2038,0.0,,0.0,0.01,100,EQ,NSE,NSE
1961,2079489,8123,737AP42-SG,SDL AP 7.37% 2042,0.0,,0.0,0.01,100,EQ,NSE,NSE
1962,2079745,8124,AJANTPHARM,AJANTA PHARMA,0.0,,0.0,0.1,1,EQ,NSE,NSE
1963,2080257,8126,654MH27-SG,SDL MH 6.54% 2027,0.0,,0.0,0.01,100,EQ,NSE,NSE
1964,2080769,8128,699MH29-SG,SDL MH 6.99% 2029,0.0,,0.0,0.01,100,EQ,NSE,NSE
1965,2081281,8130,705MZ29-SG,SDL MZ 7.05% 2029,0.0,,0.0,0.01,100,EQ,NSE,NSE
1966,2081793,8132,BLBLIMITED,BLB,0.0,,0.0,0.01,1,EQ,NSE,NSE
1967,2082305,8134,704TN30A-SG,SDL TN 7.04% 2030,0.0,,0.0,0.01,100,EQ,NSE,NSE
1968,2082817,8136,724RJ32A-SG,SDL RJ 7.24% 2032,0.0,,0.0,0.01,100,EQ,NSE,NSE
1969,2083073,8137,730KA32-SG,SDL KA 7.30% 2032,0.0,,0.0,0.01,100,EQ,NSE,NSE
1970,2083329,8138,732AS32-SG,SDL AS 7.32% 2032,0.0,,0.0,0.01,100,EQ,NSE,NSE
1971,2083841,8140,734MN32-SG,SDL MN 7.34% 2032,0.0,,0.0,0.01,100,EQ,NSE,NSE
1972,2085377,8146,DEVIT,DEV INFO TECHNOLOGY,0.0,,0.0,0.01,1,EQ,NSE,NSE
1973,2087937,8156,MEGASTAR-BE,MEGASTAR FOODS,0.0,,0.0,0.01,1,EQ,NSE,NSE
1974,2088705,8159,FIBERWEB,FIBERWEB INDIA,0.0,,0.0,0.01,1,EQ,NSE,NSE
1975,2089729,8163,SPENCERS,SPENCER S RETAIL,0.0,,0.0,0.01,1,EQ,NSE,NSE
1976,2090753,8167,MANYAVAR,VEDANT FASHIONS,0.0,,0.0,0.05,1,EQ,NSE,NSE
1977,2092801,8175,SAGARDEEP,SAGARDEEP ALLOYS,0.0,,0.0,0.01,1,EQ,NSE,NSE
1978,2094593,8182,MOMOMENTUM,MOTILALAMC - MOMOMENTUM,0.0,,0.0,0.01,1,EQ,NSE,NSE
1979,2095617,8186,685AS29-SG,SDL AS 6.85% 2029,0.0,,0.0,0.01,100,EQ,NSE,NSE
1980,2095873,8187,709AS32-SG,SDL AS 7.09% 2032,0.0,,0.0,0.01,100,EQ,NSE,NSE
1981,2096385,8189,706GJ32-SG,SDL GJ 7.06% 2032,0.0,,0.0,0.01,100,EQ,NSE,NSE
1982,2096641,8190,716KA36-SG,SDL KA 7.16% 2036,0.0,,0.0,0.01,100,EQ,NSE,NSE
1983,2096897,8191,709RJ32-SG,SDL RJ 7.09% 2032,0.0,,0.0,0.01,100,EQ,NSE,NSE
1984,2097153,8192,713JK34-SG,SDL JK 7.13% 2034,0.0,,0.0,0.01,100,EQ,NSE,NSE
1985,2097409,8193,713AP40-SG,SDL AP 7.13% 2040,0.0,,0.0,0.01,100,EQ,NSE,NSE
1986,2097665,8194,713AP41-SG,SDL AP 7.13% 2041,0.0,,0.0,0.01,100,EQ,NSE,NSE
1987,2098177,8196,712KA37-SG,SDL KA 7.12% 2037,0.0,,0.0,0.01,100,EQ,NSE,NSE
1988,2098433,8197,712PN37-SG,SDL PN 7.12% 2037,0.0,,0.0,0.01,100,EQ,NSE,NSE
1989,2098689,8198,713TN47-SG,SDL TN 7.13% 2047,0.0,,0.0,0.01,100,EQ,NSE,NSE
1990,2102273,8212,RICHA-ST,RICHA INFO SYSTEMS,0.0,,0.0,0.05,1000,EQ,NSE,NSE
1991,2114305,8259,MADHAVBAUG-SM,VAIDYA SANE AYUR LAB,0.0,,0.0,0.05,400,EQ,NSE,NSE
1992,2116097,8266,SOFTTECH,SOFTTECH ENGINEERS,0.0,,0.0,0.05,1,EQ,NSE,NSE
1993,2120705,8284,699PY29-SG,SDL PY 6.99% 2029,0.0,,0.0,0.01,100,EQ,NSE,NSE
1994,2121473,8287,702TN30-SG,SDL TN 7.02% 2030,0.0,,0.0,0.01,100,EQ,NSE,NSE
1995,2121985,8289,709GJ32-SG,SDL GJ 7.09% 2032,0.0,,0.0,0.01,100,EQ,NSE,NSE
1996,2122753,8292,71TN32-SG,SDL TN 7.1% 2032,0.0,,0.0,0.01,100,EQ,NSE,NSE
1997,2123521,8295,712AS32A-SG,SDL AS 7.12% 2032,0.0,,0.0,0.01,100,EQ,NSE,NSE
1998,2124289,8298,713BR32-SG,SDL BR 7.13% 2032,0.0,,0.0,0.01,100,EQ,NSE,NSE
1999,2124545,8299,713TS37-SG,SDL TS 7.13% 2037,0.0,,0.0,0.01,100,EQ,NSE,NSE
2000,2125057,8301,713KA38-SG,SDL KA 7.13% 2038,0.0,,0.0,0.01,100,EQ,NSE,NSE
2001,2125313,8302,713KA39-SG,SDL KA 7.13% 2039,0.0,,0.0,0.01,100,EQ,NSE,NSE
2002,2125825,8304,PRITI,PRITI INTERNATIONAL,0.0,,0.0,0.01,1,EQ,NSE,NSE
2003,2126849,8308,SGBJAN27-GB,2.50%GOLDBONDS2027SR-V,0.0,,0.0,0.01,1,EQ,NSE,NSE
2004,2127617,8311,BLUESTARCO,BLUE STAR,0.0,,0.0,0.1,1,EQ,NSE,NSE
2005,2129665,8319,648RJ27-SG,SDL RJ 6.48% 2027,0.0,,0.0,0.01,100,EQ,NSE,NSE
2006,2130177,8321,703TN30-SG,SDL TN 7.03% 2030,0.0,,0.0,0.01,100,EQ,NSE,NSE
2007,2130945,8324,712GJ32-SG,SDL GJ 7.12% 2032,0.0,,0.0,0.01,100,EQ,NSE,NSE
2008,2131201,8325,714TN32-SG,SDL TN 7.14% 2032,0.0,,0.0,0.01,100,EQ,NSE,NSE
2009,2131457,8326,715GA32-SG,SDL GA 7.15% 2032,0.0,,0.0,0.01,100,EQ,NSE,NSE
2010,2131713,8327,717BR32-SG,SDL BR 7.17% 2032,0.0,,0.0,0.01,100,EQ,NSE,NSE
2011,2132225,8329,717KL32-SG,SDL KL 7.17% 2032,0.0,,0.0,0.01,100,EQ,NSE,NSE
2012,2132737,8331,717RJ32-SG,SDL RJ 7.17% 2032,0.0,,0.0,0.01,100,EQ,NSE,NSE
2013,2132993,8332,717WB32-SG,SDL WB 7.17% 2032,0.0,,0.0,0.01,100,EQ,NSE,NSE
2014,2133249,8333,713TS34-SG,SDL TS 7.13% 2034,0.0,,0.0,0.01,100,EQ,NSE,NSE
2015,2133505,8334,712JK37-SG,SDL JK 7.12% 2037,0.0,,0.0,0.01,100,EQ,NSE,NSE
2016,2133761,8335,713AP39-SG,SDL AP 7.13% 2039,0.0,,0.0,0.01,100,EQ,NSE,NSE
2017,2134017,8336,713HR42-SG,SDL HR 7.13% 2042,0.0,,0.0,0.01,100,EQ,NSE,NSE
2018,2134273,8337,719TN42-SG,SDL TN 7.19% 2042,0.0,,0.0,0.01,100,EQ,NSE,NSE
2019,2135297,8341,CALSOFT,CALIFORNIA SOFTWARE CO LT,0.0,,0.0,0.01,1,EQ,NSE,NSE
2020,2135553,8342,GSEC5IETF,ICICIPRAMC - ICICI5GSEC,0.0,,0.0,0.01,1,EQ,NSE,NSE
2021,2137857,8351,708MP29-SG,SDL MP 7.08% 2029,0.0,,0.0,0.01,100,EQ,NSE,NSE
2022,2138113,8352,712TN30-SG,SDL TN 7.12% 2030,0.0,,0.0,0.01,100,EQ,NSE,NSE
2023,2138625,8354,725GJ32-SG,SDL GJ 7.25% 2032,0.0,,0.0,0.01,100,EQ,NSE,NSE
2024,2138881,8355,725HR32-SG,SDL HR 7.25% 2032,0.0,,0.0,0.01,100,EQ,NSE,NSE
2025,2139393,8357,725TN32-SG,SDL TN 7.25% 2032,0.0,,0.0,0.01,100,EQ,NSE,NSE
2026,2139649,8358,735PY33-SG,SDL PY 7.35% 2033,0.0,,0.0,0.01,100,EQ,NSE,NSE
2027,2139905,8359,725MZ34-SG,SDL MZ 7.25% 2034,0.0,,0.0,0.01,100,EQ,NSE,NSE
2028,2140161,8360,728JH37-SG,SDL JH 7.28% 2037,0.0,,0.0,0.01,100,EQ,NSE,NSE
2029,2140929,8363,748AP38-SG,SDL AP 7.48% 2038,0.0,,0.0,0.01,100,EQ,NSE,NSE
2030,2141185,8364,743HR41-SG,SDL HR 7.43% 2041,0.0,,0.0,0.01,100,EQ,NSE,NSE
2031,2141697,8366,731AP42-SG,SDL AP 7.31% 2042,0.0,,0.0,0.01,100,EQ,NSE,NSE
2032,2142977,8371,733TN52A-SG,SDL TN 7.33% 2052,0.0,,0.0,0.01,100,EQ,NSE,NSE
2033,2143233,8372,733TN57-SG,SDL TN 7.33% 2057,0.0,,0.0,0.01,100,EQ,NSE,NSE
2034,2148865,8394,SHIGAN-SM,SHIGAN QUANTUM TECH,0.0,,0.0,0.05,1500,EQ,NSE,NSE
2035,2150657,8401,SGBMAR30X-GB,2.50%GOLDBONDS2030SR-X,0.0,,0.0,0.01,1,EQ,NSE,NSE
2036,2153473,8412,GLFL-BE,GUJARAT LEASE FINANCING L,0.0,,0.0,0.01,1,EQ,NSE,NSE
2037,2153729,8413,MIDCAPETF,MIRAEAMC - MAM150ETF,0.0,,0.0,0.01,1,EQ,NSE,NSE
2038,2156545,8424,VIPULLTD,VIPUL,0.0,,0.0,0.01,1,EQ,NSE,NSE
2039,2157569,8428,RAJRILTD-BE,RAJ RAYON INDUSTRIES,0.0,,0.0,0.01,1,EQ,NSE,NSE
2040,2168065,8469,MITCON,MITCON CON & ENG SER,0.0,,0.0,0.01,1,EQ,NSE,NSE
2041,2170369,8478,XELPMOC-BE,XELPMOC DESIGN & TECH,0.0,,0.0,0.01,1,EQ,NSE,NSE
2042,2170625,8479,TVSMOTOR,TVS MOTOR COMPANY ,0.0,,0.0,0.1,1,EQ,NSE,NSE
2043,2173185,8489,709TN30-SG,SDL TN 7.09% 2030,0.0,,0.0,0.01,100,EQ,NSE,NSE
2044,2173697,8491,719TN32-SG,SDL TN 7.19% 2032,0.0,,0.0,0.01,100,EQ,NSE,NSE
2045,2173953,8492,722RJ32-SG,SDL RJ 7.22% 2032,0.0,,0.0,0.01,100,EQ,NSE,NSE
2046,2174209,8493,724SK32-SG,SDL SK 7.24% 2032,0.0,,0.0,0.01,100,EQ,NSE,NSE
2047,2174721,8495,734TS35-SG,SDL TS 7.34% 2035,0.0,,0.0,0.01,100,EQ,NSE,NSE
2048,2174977,8496,739JK37-SG,SDL JK 7.39% 2037,0.0,,0.0,0.01,100,EQ,NSE,NSE
2049,2175489,8498,735JH38-SG,SDL JH 7.35% 2038,0.0,,0.0,0.01,100,EQ,NSE,NSE
2050,2175745,8499,746WB40-SG,SDL WB 7.46% 2040,0.0,,0.0,0.01,100,EQ,NSE,NSE
2051,2176257,8501,741PN42-SG,SDL PN 7.41% 2042,0.0,,0.0,0.01,100,EQ,NSE,NSE
2052,2176513,8502,739TN52-SG,SDL TN 7.39% 2052,0.0,,0.0,0.01,100,EQ,NSE,NSE
2053,2177537,8506,MID150BEES,NIP IND ETF MIDCAP 150,0.0,,0.0,0.01,1,EQ,NSE,NSE
2054,2178561,8510,GATEWAY,GATEWAY DISTRIPARKS,0.0,,0.0,0.01,1,EQ,NSE,NSE
2055,2179329,8513,SURANI-SM,SURANI STEEL TUBES,0.0,,0.0,0.05,200,EQ,NSE,NSE
2056,2182913,8527,SPRL-ST,SP REFRACTORIES,0.0,,0.0,0.05,800,EQ,NSE,NSE
2057,2183425,8529,GMRP&UI,GMR POW AND URBAN INFRA L,0.0,,0.0,0.01,1,EQ,NSE,NSE
2058,2187777,8546,CHALET,CHALET HOTELS,0.0,,0.0,0.05,1,EQ,NSE,NSE
2059,2189313,8552,BLUECOAST-BE,BLUE COAST HOTELS,0.0,,0.0,0.01,1,EQ,NSE,NSE
2060,2191361,8560,COOLCAPS-SM,COOL CAPS INDUSTRIES,0.0,,0.0,0.05,1250,EQ,NSE,NSE
2061,2193409,8568,HITECHGEAR-BE,THE HI-TECH GEARS,0.0,,0.0,0.05,1,EQ,NSE,NSE
2062,2193665,8569,709HR29-SG,SDL HR 7.09% 2029,0.0,,0.0,0.01,100,EQ,NSE,NSE
2063,2193921,8570,713TN30-SG,SDL TN 7.13% 2030,0.0,,0.0,0.01,100,EQ,NSE,NSE
2064,2194689,8573,723TN32-SG,SDL TN 7.23% 2032,0.0,,0.0,0.01,100,EQ,NSE,NSE
2065,2194945,8574,724RJ32B-SG,SDL RJ 7.24% 2032,0.0,,0.0,0.01,100,EQ,NSE,NSE
2066,2195201,8575,726HR32-SG,SDL HR 7.26% 2032,0.0,,0.0,0.01,100,EQ,NSE,NSE
2067,2195457,8576,727ML32-SG,SDL ML 7.27% 2032,0.0,,0.0,0.01,100,EQ,NSE,NSE
2068,2195969,8578,737RJ34-SG,SDL RJ 7.37% 2034,0.0,,0.0,0.01,100,EQ,NSE,NSE
2069,2196225,8579,742KL34-SG,SDL KL 7.42% 2034,0.0,,0.0,0.01,100,EQ,NSE,NSE
2070,2196481,8580,74HR37-SG,SDL HR 7.4% 2037,0.0,,0.0,0.01,100,EQ,NSE,NSE
2071,2197505,8584,74WB38-SG,SDL WB 7.4% 2038,0.0,,0.0,0.01,100,EQ,NSE,NSE
2072,2197761,8585,NLCINDIA,NLC INDIA,0.0,,0.0,0.01,1,EQ,NSE,NSE
2073,2198273,8587,743TN47-SG,SDL TN 7.43% 2047,0.0,,0.0,0.01,100,EQ,NSE,NSE
2074,2198529,8588,ABNINT-IT,A B N INTERCORP,0.0,,0.0,0.05,5000,EQ,NSE,NSE
2075,2199041,8590,74TN42-SG,SDL TN 7.4% 2042,0.0,,0.0,0.01,100,EQ,NSE,NSE
2076,2199297,8591,AKSHOPTFBR,AKSH OPTIFIBRE,0.0,,0.0,0.01,1,EQ,NSE,NSE
2077,2200577,8596,MSUMI,MOTHERSON SUMI WRNG IND L,0.0,,0.0,0.01,1,EQ,NSE,NSE
2078,2202113,8602,KNAGRI-SM,KN AGRI RESOURCES,0.0,,0.0,0.05,400,EQ,NSE,NSE
2079,2203649,8608,SWARAJ-SM,SWARAJ SUITING,0.0,,0.0,0.05,500,EQ,NSE,NSE
2080,2205185,8614,INDOBORAX,INDO BORAX & CHEMICAL,0.0,,0.0,0.01,1,EQ,NSE,NSE
2081,2208001,8625,957ICCL25-YW,,0.0,,0.0,0.01,1,EQ,NSE,NSE
2082,2209793,8632,LOWVOL1,KOTAKMAMC - KOTAKLOVOL,0.0,,0.0,0.01,1,EQ,NSE,NSE
2083,2212353,8642,97SFL29-YZ,,0.0,,0.0,0.01,1,EQ,NSE,NSE
2084,2214401,8650,BLUECHIP-BE,BLUE CHIP INDIA,0.0,,0.0,0.01,1,EQ,NSE,NSE
2085,2214913,8652,VETO,VETO SWITCHGEAR CABLE,0.0,,0.0,0.01,1,EQ,NSE,NSE
2086,2215425,8654,MOLOWVOL,MOTILALAMC - MOLOWVOL,0.0,,0.0,0.01,1,EQ,NSE,NSE
2087,2216193,8657,DIL,DEBOCK INDUSTRIES,0.0,,0.0,0.01,1,EQ,NSE,NSE
2088,2222081,8680,713RJ29-SG,SDL RJ 7.13% 2029,0.0,,0.0,0.01,100,EQ,NSE,NSE
2089,2222337,8681,717TN30-SG,SDL TN 7.17% 2030,0.0,,0.0,0.01,100,EQ,NSE,NSE
2090,2222849,8683,729GJ32-SG,SDL GJ 7.29% 2032,0.0,,0.0,0.01,100,EQ,NSE,NSE
2091,2223105,8684,729RJ32-SG,SDL RJ 7.29% 2032,0.0,,0.0,0.01,100,EQ,NSE,NSE
2092,2223361,8685,73TN32-SG,SDL TN 7.3% 2032,0.0,,0.0,0.01,100,EQ,NSE,NSE
2093,2223617,8686,731KL32-SG,SDL KL 7.31% 2032,0.0,,0.0,0.01,100,EQ,NSE,NSE
2094,2223873,8687,MUKTAARTS,MUKTA ARTS,0.0,,0.0,0.01,1,EQ,NSE,NSE
2095,2224129,8688,733AS32-SG,SDL AS 7.33% 2032,0.0,,0.0,0.01,100,EQ,NSE,NSE
2096,2224385,8689,734UK32-SG,SDL UK 7.34% 2032,0.0,,0.0,0.01,100,EQ,NSE,NSE
2097,2225153,8692,734GA32-SG,SDL GA 7.34% 2032,0.0,,0.0,0.01,100,EQ,NSE,NSE
2098,2225409,8693,734UP32-SG,SDL UP 7.34% 2032,0.0,,0.0,0.01,100,EQ,NSE,NSE
2099,2225921,8695,734MN32A-SG,SDL MN 7.34% 2032,0.0,,0.0,0.01,100,EQ,NSE,NSE
2100,2226177,8696,VRLLOG,VRL LOGISTICS,0.0,,0.0,0.05,1,EQ,NSE,NSE
2101,2226689,8698,734NL32-SG,SDL NL 7.34% 2032,0.0,,0.0,0.01,100,EQ,NSE,NSE
2102,2226945,8699,735SK32-SG,SDL SK 7.35% 2032,0.0,,0.0,0.01,100,EQ,NSE,NSE
2103,2227457,8701,736WB32-SG,SDL WB 7.36% 2032,0.0,,0.0,0.01,100,EQ,NSE,NSE
2104,2227713,8702,735UP34-SG,SDL UP 7.35% 2034,0.0,,0.0,0.01,100,EQ,NSE,NSE
2105,2227969,8703,736TS36-SG,SDL TS 7.36% 2036,0.0,,0.0,0.01,100,EQ,NSE,NSE
2106,2228481,8705,739UP37-SG,SDL UP 7.39% 2037,0.0,,0.0,0.01,100,EQ,NSE,NSE
2107,2230529,8713,74KL37-SG,SDL KL 7.4% 2037,0.0,,0.0,0.01,100,EQ,NSE,NSE
2108,2231809,8718,737PN42-SG,SDL PN 7.37% 2042,0.0,,0.0,0.01,100,EQ,NSE,NSE
2109,2232065,8719,739TN42-SG,SDL TN 7.39% 2042,0.0,,0.0,0.01,100,EQ,NSE,NSE
2110,2232577,8721,744AP42-SG,SDL AP 7.44% 2042,0.0,,0.0,0.01,100,EQ,NSE,NSE
2111,2234113,8727,SHAILY,SHAILY ENG PLASTICS,0.0,,0.0,0.1,1,EQ,NSE,NSE
2112,2236161,8735,PROPEQUITY-SM,P. E. ANALYTICS,0.0,,0.0,0.05,600,EQ,NSE,NSE
2113,2236417,8736,PNBGILTS,PNB GILTS,0.0,,0.0,0.01,1,EQ,NSE,NSE
2114,2244097,8766,SGBFEB27-GB,2.50%GOLDBONDS2027SR-VI,0.0,,0.0,0.01,1,EQ,NSE,NSE
2115,2248193,8782,KRISHNADEF-SM,KRISHNA DEF AND ALD IND L,0.0,,0.0,0.05,250,EQ,NSE,NSE
2116,2252033,8797,OBCL,ORISSA BENGAL CARRIER,0.0,,0.0,0.01,1,EQ,NSE,NSE
2117,2254337,8806,SONAMLTD,SONAM,0.0,,0.0,0.01,1,EQ,NSE,NSE
2118,2259201,8825,PRIVISCL,PRIVI SPECIALITY CHE,0.0,,0.0,0.1,1,EQ,NSE,NSE
2119,2259713,8827,AVROIND,AVRO INDIA,0.0,,0.0,0.01,1,EQ,NSE,NSE
2120,2259969,8828,GAEL,GUJARAT AMBUJA EXPORTS LT,0.0,,0.0,0.01,1,EQ,NSE,NSE
2121,2261249,8833,BCG,BRIGHTCOM GROUP,0.0,,0.0,0.01,1,EQ,NSE,NSE
2122,2263041,8840,USHAMART,USHA MARTIN,0.0,,0.0,0.05,1,EQ,NSE,NSE
2123,2263553,8842,UMAEXPORTS,UMA EXPORTS,0.0,,0.0,0.01,1,EQ,NSE,NSE
2124,2269697,8866,CHOICEIN,CHOICE INTERNATIONAL,0.0,,0.0,0.05,1,EQ,NSE,NSE
2125,2273793,8882,TNIDETF,TATAAML - TNIDETF,0.0,,0.0,0.01,1,EQ,NSE,NSE
2126,2274817,8886,EUROTEXIND-BE,EUROTEX IND & EXPORTS,0.0,,0.0,0.01,1,EQ,NSE,NSE
2127,2275841,8890,VERANDA,VERANDA LEARNING SOL,0.0,,0.0,0.01,1,EQ,NSE,NSE
2128,2278401,8900,MINDPOOL-SM,MINDPOOL TECHNOLOGIES,0.0,,0.0,0.05,1000,EQ,NSE,NSE
2129,2286081,8930,729AP34-SG,SDL AP 7.29% 2034,0.0,,0.0,0.01,100,EQ,NSE,NSE
2130,2286593,8932,734AP40-SG,SDL AP 7.34% 2040,0.0,,0.0,0.01,100,EQ,NSE,NSE
2131,2287105,8934,718MH30-SG,SDL MH 7.18% 2030,0.0,,0.0,0.01,100,EQ,NSE,NSE
2132,2287361,8935,711MH29-SG,SDL MH 7.11% 2029,0.0,,0.0,0.01,100,EQ,NSE,NSE
2133,2287873,8937,E2E,E2E NETWORKS,0.0,,0.0,0.1,1,EQ,NSE,NSE
2134,2289665,8944,RITCO,RITCO LOGISTICS,0.0,,0.0,0.05,1,EQ,NSE,NSE
2135,2291969,8953,ELDEHSG,ELDECO HSG & IND,0.0,,0.0,0.05,1,EQ,NSE,NSE
2136,2292225,8954,TTML,TATA TELESERV(MAHARASTRA),0.0,,0.0,0.01,1,EQ,NSE,NSE
2137,2294273,8962,HARDWYN,HARDWYN INDIA,0.0,,0.0,0.01,1,EQ,NSE,NSE
2138,2295809,8968,HARIOMPIPE,HARIOM PIPE INDUSTRIES L,0.0,,0.0,0.05,1,EQ,NSE,NSE
2139,2297345,8974,752AP38-SG,SDL AP 7.52% 2038,0.0,,0.0,0.01,100,EQ,NSE,NSE
2140,2298113,8977,752AP42-SG,SDL AP 7.52% 2042,0.0,,0.0,0.01,100,EQ,NSE,NSE
2141,2303489,8998,UMIYA-MRO,UMIYA BUILDCON,0.0,,0.0,0.01,1,EQ,NSE,NSE
2142,2307585,9014,ANUP,THE ANUP ENGINEERING,0.0,,0.0,0.1,1,EQ,NSE,NSE
2143,2310913,9027,VCL-BE,VAXTEX COTFAB,0.0,,0.0,0.01,1,EQ,NSE,NSE
2144,2313985,9039,UFO,UFO MOVIEZ INDIA,0.0,,0.0,0.01,1,EQ,NSE,NSE
2145,2315777,9046,AGROPHOS,AGRO PHOS INDIA,0.0,,0.0,0.01,1,EQ,NSE,NSE
2146,2316033,9047,710GS2029-GS,GOI LOAN 7.10% 2029,0.0,,0.0,0.01,1,EQ,NSE,NSE
2147,2316545,9049,ROTO,ROTO PUMPS,0.0,,0.0,0.01,1,EQ,NSE,NSE
2148,2326273,9087,PIXTRANS,PIX TRANSMISSIONS,0.0,,0.0,0.1,1,EQ,NSE,NSE
2149,2329345,9099,748PN42-SG,SDL PN 7.48% 2042,0.0,,0.0,0.01,100,EQ,NSE,NSE
2150,2330625,9104,SOMATEX-BE,SOMA TEXTILEI NDUSTRIES L,0.0,,0.0,0.01,1,EQ,NSE,NSE
2151,2332417,9111,ARVINDFASN,ARVIND FASHIONS,0.0,,0.0,0.05,1,EQ,NSE,NSE
2152,2333697,9116,INDOAMIN,INDO AMINES,0.0,,0.0,0.01,1,EQ,NSE,NSE
2153,2333953,9117,TIPSMUSIC,TIPS MUSIC,0.0,,0.0,0.05,1,EQ,NSE,NSE
2154,2344449,9158,BALAJITELE,BALAJI TELEFILMS,0.0,,0.0,0.01,1,EQ,NSE,NSE
2155,2347009,9168,UTISXN50,UTIAMC - UTISXN50,0.0,,0.0,0.01,1,EQ,NSE,NSE
2156,2360065,9219,TPLPLASTEH,TPL PLASTECH,0.0,,0.0,0.01,1,EQ,NSE,NSE
2157,2368769,9253,NILAINFRA,NILA INFRASTRUCTURES,0.0,,0.0,0.01,1,EQ,NSE,NSE
2158,2369281,9255,875SCL27-YQ,,0.0,,0.0,0.01,1,EQ,NSE,NSE
2159,2370561,9260,ARROWGREEN,ARROW GREENTECH,0.0,,0.0,0.05,1,EQ,NSE,NSE
2160,2371073,9262,925SCL27-YR,,0.0,,0.0,0.01,1,EQ,NSE,NSE
2161,2373889,9273,843SCL27-YS,,0.0,,0.0,0.01,1,EQ,NSE,NSE
2162,2374913,9277,889SCL27-YT,,0.0,,0.0,0.01,1,EQ,NSE,NSE
2163,2377729,9288,KRITIKA,KRITIKA WIRES,0.0,,0.0,0.01,1,EQ,NSE,NSE
2164,2382081,9305,STARTECK,STARTECK FINANCE,0.0,,0.0,0.05,1,EQ,NSE,NSE
2165,2383105,9309,STLTECH,STERLITE TECHNOLOGIES,0.0,,0.0,0.01,1,EQ,NSE,NSE
2166,2389249,9333,715HR28-SG,SDL HR 7.15% 2028,0.0,,0.0,0.01,100,EQ,NSE,NSE
2167,2392065,9344,727HR30-SG,SDL HR 7.27% 2030,0.0,,0.0,0.01,100,EQ,NSE,NSE
2168,2392321,9345,745AP37-SG,SDL AP 7.45% 2037,0.0,,0.0,0.01,100,EQ,NSE,NSE
2169,2392577,9346,PNC-BE,PRITISH NANDY COMMUNICATI,0.0,,0.0,0.01,1,EQ,NSE,NSE
2170,2393089,9348,IOB,INDIAN OVERSEAS BANK,0.0,,0.0,0.01,1,EQ,NSE,NSE
2171,2394625,9354,TAJGVK,TAJ GVK HOTELS & RESORTS,0.0,,0.0,0.05,1,EQ,NSE,NSE
2172,2395137,9356,MSTCLTD,MSTC,0.0,,0.0,0.05,1,EQ,NSE,NSE
2173,2396673,9362,CAMPUS,CAMPUS ACTIVEWEAR,0.0,,0.0,0.05,1,EQ,NSE,NSE
2174,2399233,9372,LEMERITE-SM,LE MERITE EXPORTS,0.0,,0.0,0.05,400,EQ,NSE,NSE
2175,2400257,9376,QUINTEGRA-BE,QUINTEGRA SOLUTIONS,0.0,,0.0,0.01,1,EQ,NSE,NSE
2176,2400769,9378,TRU,TRUCAP FINANCE,0.0,,0.0,0.01,1,EQ,NSE,NSE
2177,2401281,9380,IL&FSENGG-BZ,IL&FS ENG AND CONS CO,0.0,,0.0,0.01,1,EQ,NSE,NSE
2178,2401537,9381,IL&FSTRANS-BZ,IL&FS TRANS NET,0.0,,0.0,0.01,1,EQ,NSE,NSE
2179,2402049,9383,EMBASSY-RR,EMBASSY OFFICE PARKS REIT,0.0,,0.0,0.01,1,EQ,NSE,NSE
2180,2402305,9384,CREATIVEYE,CREATIVE EYE,0.0,,0.0,0.01,1,EQ,NSE,NSE
2181,2402561,9385,PNCINFRA,PNC INFRATECH,0.0,,0.0,0.01,1,EQ,NSE,NSE
2182,2405633,9397,BHARATGEAR-BE,BHARAT GEARS,0.0,,0.0,0.01,1,EQ,NSE,NSE
2183,2408449,9408,RAINBOW,RAINBOW CHILDRENS MED,0.0,,0.0,0.1,1,EQ,NSE,NSE
2184,2412033,9422,SILVERTUC,SILVER TOUCH TECHNO,0.0,,0.0,0.05,1,EQ,NSE,NSE
2185,2413569,9428,SKIPPER,SKIPPER,0.0,,0.0,0.05,1,EQ,NSE,NSE
2186,2414337,9431,NORBTEAEXP-BE,NORBEN TEA &EXPORTS,0.0,,0.0,0.01,1,EQ,NSE,NSE
2187,2414849,9433,763HR29-SG,SDL HR 7.63% 2029,0.0,,0.0,0.01,100,EQ,NSE,NSE
2188,2415361,9435,761MH29-SG,SDL MH 7.61% 2029,0.0,,0.0,0.01,100,EQ,NSE,NSE
2189,2415873,9437,763MH30-SG,SDL MH 7.63% 2030,0.0,,0.0,0.01,100,EQ,NSE,NSE
2190,2416129,9438,776AP32-SG,SDL AP 7.76% 2032,0.0,,0.0,0.01,100,EQ,NSE,NSE
2191,2416641,9440,AXISCADES-BE,AXISCADES TECH,0.0,,0.0,0.1,1,EQ,NSE,NSE
2192,2416897,9441,773HR33-SG,SDL HR 7.73% 2033,0.0,,0.0,0.01,100,EQ,NSE,NSE
2193,2417665,9444,774HR35-SG,SDL HR 7.74% 2035,0.0,,0.0,0.01,100,EQ,NSE,NSE
2194,2418945,9449,776PN37-SG,SDL PN 7.76% 2037,0.0,,0.0,0.01,100,EQ,NSE,NSE
2195,2419201,9450,778AP41-SG,SDL AP 7.78% 2041,0.0,,0.0,0.01,100,EQ,NSE,NSE
2196,2419457,9451,778AP42-SG,SDL AP 7.78% 2042,0.0,,0.0,0.01,100,EQ,NSE,NSE
2197,2421249,9458,SONUINFRA-SM,SONU INFRATECH,0.0,,0.0,0.05,1500,EQ,NSE,NSE
2198,2426881,9480,LICI,LIFE INSURA CORP OF INDIA,0.0,,0.0,0.05,1,EQ,NSE,NSE
2199,2439681,9530,746AP27-SG,SDL AP 7.46% 2027,0.0,,0.0,0.01,100,EQ,NSE,NSE
2200,2439937,9531,763AP30-SG,SDL AP 7.63% 2030,0.0,,0.0,0.01,100,EQ,NSE,NSE
2201,2440193,9532,77RJ32-SG,SDL RJ 7.7% 2032,0.0,,0.0,0.01,100,EQ,NSE,NSE
2202,2441473,9537,727GS2026-GS,GOI LOAN 7.27% 2026,0.0,,0.0,0.01,1,EQ,NSE,NSE
2203,2441729,9538,762GS2039-GS,GOI LOAN 7.62% 2039,0.0,,0.0,0.01,1,EQ,NSE,NSE
2204,2441985,9539,SAKAR,SAKAR HEALTHCARE,0.0,,0.0,0.05,1,EQ,NSE,NSE
2205,2445313,9552,RVNL,RAIL VIKAS NIGAM,0.0,,0.0,0.05,1,EQ,NSE,NSE
2206,2445569,9553,PRUDENT,PRUDENT CORP ADV SER,0.0,,0.0,0.1,1,EQ,NSE,NSE
2207,2447361,9560,AKSHAR-BE,AKSHAR SPINTEX,0.0,,0.0,0.01,1,EQ,NSE,NSE
2208,2449921,9570,KHFM-SM,KHFM HOS FAC MANA SER,0.0,,0.0,0.05,1550,EQ,NSE,NSE
2209,2451457,9576,MAHESHWARI,MAHESHWARI LOGISTICS,0.0,,0.0,0.01,1,EQ,NSE,NSE
2210,2452737,9581,METROPOLIS,METROPOLIS HEALTHCARE,0.0,,0.0,0.1,1,EQ,NSE,NSE
2211,2453761,9585,754GS2036-GS,GOI LOAN  7.54% 2036,0.0,,0.0,0.01,1,EQ,NSE,NSE
2212,2455041,9590,POLYCAB,POLYCAB INDIA,0.0,,0.0,0.5,1,EQ,NSE,NSE
2213,2455553,9592,VENUSPIPES,VENUS PIPES & TUBES,0.0,,0.0,0.1,1,EQ,NSE,NSE
2214,2457345,9599,DELHIVERY,DELHIVERY,0.0,,0.0,0.05,1,EQ,NSE,NSE
2215,2458625,9604,772GS2049-GS,GOI LOAN 7.72% 2049,0.0,,0.0,0.01,1,EQ,NSE,NSE
2216,2460161,9610,ICDSLTD-BE,ICDSLTD,0.0,,0.0,0.01,1,EQ,NSE,NSE
2217,2461953,9617,SPLPETRO,SUPREME PETROCHEM,0.0,,0.0,0.05,1,EQ,NSE,NSE
2218,2468097,9641,KHANDSE,KHANDWALA SECURITIES,0.0,,0.0,0.01,1,EQ,NSE,NSE
2219,2470913,9652,RELCHEMQ,RELIANCE CHEMOTEX IND,0.0,,0.0,0.01,1,EQ,NSE,NSE
2220,2475009,9668,HIKAL,HIKAL,0.0,,0.0,0.01,1,EQ,NSE,NSE
2221,2476289,9673,MEDICO-BE,MEDICO REMEDIES,0.0,,0.0,0.01,1,EQ,NSE,NSE
2222,2477569,9678,SOUTHWEST,SOUTH WEST PINNACLE,0.0,,0.0,0.01,1,EQ,NSE,NSE
2223,2478849,9683,KPITTECH,KPIT TECHNOLOGIES,0.0,,0.0,0.1,1,EQ,NSE,NSE
2224,2479361,9685,TRIDENT,TRIDENT,0.0,,0.0,0.01,1,EQ,NSE,NSE
2225,2481921,9695,762MH30-SG,SDL MH 7.62% 2030,0.0,,0.0,0.01,100,EQ,NSE,NSE
2226,2482177,9696,767AP31-SG,SDL AP 7.67% 2031,0.0,,0.0,0.01,100,EQ,NSE,NSE
2227,2485249,9708,769MZ31-SG,SDL MZ 7.69% 2031,0.0,,0.0,0.01,100,EQ,NSE,NSE
2228,2486017,9711,771AP32-SG,SDL AP 7.71% 2032,0.0,,0.0,0.01,100,EQ,NSE,NSE
2229,2487553,9717,772JK32-SG,SDL JK 7.72% 2032,0.0,,0.0,0.01,100,EQ,NSE,NSE
2230,2487809,9718,772MN32-SG,SDL MN 7.72% 2032,0.0,,0.0,0.01,100,EQ,NSE,NSE
2231,2488065,9719,773WB32-SG,SDL WB 7.73% 2032,0.0,,0.0,0.01,100,EQ,NSE,NSE
2232,2488833,9722,770MH32-SG,SDL MH 7.70% 2032,0.0,,0.0,0.01,100,EQ,NSE,NSE
2233,2489345,9724,772MH34-SG,SDL MH 7.72% 2034,0.0,,0.0,0.01,100,EQ,NSE,NSE
2234,2489601,9725,772RJ35-SG,SDL RJ 7.72% 2035,0.0,,0.0,0.01,100,EQ,NSE,NSE
2235,2493697,9741,PARADEEP,PARADEEP PHOSPHATES,0.0,,0.0,0.01,1,EQ,NSE,NSE
2236,2496001,9750,ETHOSLTD,ETHOS,0.0,,0.0,0.1,1,EQ,NSE,NSE
2237,2497537,9756,EMUDHRA,EMUDHRA,0.0,,0.0,0.05,1,EQ,NSE,NSE
2238,2499585,9764,GSTL-SM,GLOBESECURE TECHNO,0.0,,0.0,0.05,1000,EQ,NSE,NSE
2239,2500865,9769,EASTSILK-BE,EASTERN SILK INDUSTRIES L,0.0,,0.0,0.01,1,EQ,NSE,NSE
2240,2501121,9770,763HR28-SG,SDL HR 7.63% 2028,0.0,,0.0,0.01,100,EQ,NSE,NSE
2241,2501377,9771,777GJ31-SG,SDL GJ 7.77% 2031,0.0,,0.0,0.01,100,EQ,NSE,NSE
2242,2501889,9773,78AP31-SG,SDL AP 7.8% 2031,0.0,,0.0,0.01,100,EQ,NSE,NSE
2243,2502145,9774,78ML31-SG,SDL ML 7.8% 2031,0.0,,0.0,0.01,100,EQ,NSE,NSE
2244,2502657,9776,78TN32-SG,SDL TN 7.8% 2032,0.0,,0.0,0.01,100,EQ,NSE,NSE
2245,2502913,9777,78GJ32-SG,SDL GJ 7.8% 2032,0.0,,0.0,0.01,100,EQ,NSE,NSE
2246,2503425,9779,781GA32-SG,SDL GA 7.81% 2032,0.0,,0.0,0.01,100,EQ,NSE,NSE
2247,2503681,9780,781HR32-SG,SDL HR 7.81% 2032,0.0,,0.0,0.01,100,EQ,NSE,NSE
2248,2503937,9781,782MN32-SG,SDL MN 7.82% 2032,0.0,,0.0,0.01,100,EQ,NSE,NSE
2249,2504193,9782,783WB32-SG,SDL WB 7.83% 2032,0.0,,0.0,0.01,100,EQ,NSE,NSE
2250,2504961,9785,79AP33-SG,SDL AP 7.9% 2033,0.0,,0.0,0.01,100,EQ,NSE,NSE
2251,2505729,9788,785KL34-SG,SDL KL 7.85% 2034,0.0,,0.0,0.01,100,EQ,NSE,NSE
2252,2508033,9797,79AP34-SG,SDL AP 7.9% 2034,0.0,,0.0,0.01,100,EQ,NSE,NSE
2253,2508801,9800,79RJ42-SG,SDL RJ 7.9% 2042,0.0,,0.0,0.01,100,EQ,NSE,NSE
2254,2511361,9810,AETHER,AETHER INDUSTRIES,0.0,,0.0,0.05,1,EQ,NSE,NSE
2255,2513665,9819,HAVELLS,HAVELLS INDIA,0.0,,0.0,0.1,1,EQ,NSE,NSE
2256,2514177,9821,786MH30-SG,SDL MH 7.86% 2030,0.0,,0.0,0.01,100,EQ,NSE,NSE
2257,2514433,9822,789MH32-SG,SDL MH 7.89% 2032,0.0,,0.0,0.01,100,EQ,NSE,NSE
2258,2514945,9824,802TS35-SG,SDL TS 8.02% 2035,0.0,,0.0,0.01,100,EQ,NSE,NSE
2259,2515457,9826,803AP35-SG,SDL AP 8.03% 2035,0.0,,0.0,0.01,100,EQ,NSE,NSE
2260,2516225,9829,SAMBHAAV-BE,SAMBHAAV MEDIA,0.0,,0.0,0.01,1,EQ,NSE,NSE
2261,2516481,9830,807AP36-SG,SDL AP 8.07% 2036,0.0,,0.0,0.01,100,EQ,NSE,NSE
2262,2517505,9834,799TN42-SG,SDL TN 7.99% 2042,0.0,,0.0,0.01,100,EQ,NSE,NSE
2263,2520833,9847,NV20BEES,NIP IND ETF ETF NV20,0.0,,0.0,0.01,1,EQ,NSE,NSE
2264,2522625,9854,RILINFRA-SM,RACHANA INFRA,0.0,,0.0,0.05,100,EQ,NSE,NSE
2265,2523649,9858,FIDEL-SM,FIDEL SOFTECH,0.0,,0.0,0.05,1000,EQ,NSE,NSE
2266,2525441,9865,WEWIN-BE,WE WIN,0.0,,0.0,0.01,1,EQ,NSE,NSE
2267,2525953,9867,NEXTMEDIA,NEXT MEDIAWORKS,0.0,,0.0,0.01,1,EQ,NSE,NSE
2268,2526465,9869,794TN32-SG,SDL TN 7.94% 2032,0.0,,0.0,0.01,100,EQ,NSE,NSE
2269,2526721,9870,795HR32-SG,SDL HR 7.95% 2032,0.0,,0.0,0.01,100,EQ,NSE,NSE
2270,2526977,9871,804AP41-SG,SDL AP 8.04% 2041,0.0,,0.0,0.01,100,EQ,NSE,NSE
2271,2527233,9872,804AP42-SG,SDL AP 8.04% 2042,0.0,,0.0,0.01,100,EQ,NSE,NSE
2272,2527489,9873,769HR27-SG,SDL HR 7.69% 2027,0.0,,0.0,0.01,100,EQ,NSE,NSE
2273,2527745,9874,GOLDTECH,AION-TECH SOLUTIONS,0.0,,0.0,0.01,1,EQ,NSE,NSE
2274,2529025,9879,CHEVIOT,CHEVIOT COMPANY,0.0,,0.0,0.1,1,EQ,NSE,NSE
2275,2531329,9888,769GS2043-GS,GOI LOAN 7.69% 2043,0.0,,0.0,0.01,1,EQ,NSE,NSE
2276,2531585,9889,SMARTLINK,SMARTLINK HOLDINGS,0.0,,0.0,0.01,1,EQ,NSE,NSE
2277,2533633,9897,AIRAN,AIRAN,0.0,,0.0,0.01,1,EQ,NSE,NSE
2278,2534913,9902,AXITA,AXITA COTTON,0.0,,0.0,0.01,1,EQ,NSE,NSE
2279,2536193,9907,763GS2059-GS,GOI LOAN 7.63% 2059,0.0,,0.0,0.01,1,EQ,NSE,NSE
2280,2537729,9913,738GS2027-GS,GOI LOAN 7.38% 2027,0.0,,0.0,0.01,1,EQ,NSE,NSE
2281,2537985,9914,78AP31A-SG,SDL AP 7.8% 2031,0.0,,0.0,0.01,100,EQ,NSE,NSE
2282,2538241,9915,783RJ32-SG,SDL RJ 7.83% 2032,0.0,,0.0,0.01,100,EQ,NSE,NSE
2283,2538497,9916,786AS32-SG,SDL AS 7.86% 2032,0.0,,0.0,0.01,100,EQ,NSE,NSE
2284,2538753,9917,NEOGEN,NEOGEN CHEMICALS,0.0,,0.0,0.1,1,EQ,NSE,NSE
2285,2539777,9921,ALANKIT,ALANKIT,0.0,,0.0,0.01,1,EQ,NSE,NSE
2286,2540033,9922,786MZ32-SG,SDL MZ 7.86% 2032,0.0,,0.0,0.01,100,EQ,NSE,NSE
2287,2540289,9923,788NL32-SG,SDL NL 7.88% 2032,0.0,,0.0,0.01,100,EQ,NSE,NSE
2288,2541569,9928,785AP37-SG,SDL AP 7.85% 2037,0.0,,0.0,0.01,100,EQ,NSE,NSE
2289,2542337,9931,VIKASLIFE,VIKAS LIFECARE,0.0,,0.0,0.01,1,EQ,NSE,NSE
2290,2544385,9939,ONEPOINT,ONE POINT ONE SOL,0.0,,0.0,0.01,1,EQ,NSE,NSE
2291,2545409,9943,785RJ37-SG,SDL RJ 7.85% 2037,0.0,,0.0,0.01,100,EQ,NSE,NSE
2292,2547713,9952,785RJ39-SG,SDL RJ 7.85% 2039,0.0,,0.0,0.01,100,EQ,NSE,NSE
2293,2547969,9953,784TN52-SG,SDL TN 7.84% 2052,0.0,,0.0,0.01,100,EQ,NSE,NSE
2294,2553601,9975,829PFL29-N6,,0.0,,0.0,0.01,1,EQ,NSE,NSE
2295,2555393,9982,85PFL26A-N7,,0.0,,0.0,0.01,1,EQ,NSE,NSE
2296,2571777,10046,757GS2033-GS,GOI LOAN 7.57% 2033,0.0,,0.0,0.01,1,EQ,NSE,NSE
2297,2578945,10074,EMAMIPAP,EMAMI PAPER MILLS,0.0,,0.0,0.01,1,EQ,NSE,NSE
2298,2584833,10097,GUJRAFFIA-BE,GUJARAT RAFFIA INDUST,0.0,,0.0,0.01,1,EQ,NSE,NSE
2299,2585345,10099,GODREJCP,GODREJ CONSUMER PRODUCTS,0.0,,0.0,0.1,1,EQ,NSE,NSE
2300,2601729,10163,ORICONENT-BE,ORICON ENTERPRISES,0.0,,0.0,0.01,1,EQ,NSE,NSE
2301,2605057,10176,SETFNIF50,SBI-ETF NIFTY 50,0.0,,0.0,0.01,1,EQ,NSE,NSE
2302,2606337,10181,BALKRISHNA,BALKRISHNA PAPER MILLS L,0.0,,0.0,0.01,1,EQ,NSE,NSE
2303,2608129,10188,SHYAMCENT,SHYAM CENTURY FERROUS,0.0,,0.0,0.01,1,EQ,NSE,NSE
2304,2608641,10190,781TN52-SG,SDL TN 7.81% 2052,0.0,,0.0,0.01,100,EQ,NSE,NSE
2305,2609921,10195,753AS27-SG,SDL AS 7.53% 2027,0.0,,0.0,0.01,100,EQ,NSE,NSE
2306,2610177,10196,782GJ32-SG,SDL GJ 7.82% 2032,0.0,,0.0,0.01,100,EQ,NSE,NSE
2307,2610433,10197,785AS32-SG,SDL AS 7.85% 2032,0.0,,0.0,0.01,100,EQ,NSE,NSE
2308,2610689,10198,785MP32-SG,SDL MP 7.85% 2032,0.0,,0.0,0.01,100,EQ,NSE,NSE
2309,2611457,10201,ICICM58-M1,,0.0,,0.0,0.01,1,EQ,NSE,NSE
2310,2611713,10202,786HR32-SG,SDL HR 7.86% 2032,0.0,,0.0,0.01,100,EQ,NSE,NSE
2311,2611969,10203,793AP33-SG,SDL AP 7.93% 2033,0.0,,0.0,0.01,100,EQ,NSE,NSE
2312,2612225,10204,793TS34-SG,SDL TS 7.93% 2034,0.0,,0.0,0.01,100,EQ,NSE,NSE
2313,2612481,10205,794HR34-SG,SDL HR 7.94% 2034,0.0,,0.0,0.01,100,EQ,NSE,NSE
2314,2612737,10206,794AP34-SG,SDL AP 7.94% 2034,0.0,,0.0,0.01,100,EQ,NSE,NSE
2315,2612993,10207,793TS35-SG,SDL TS 7.93% 2035,0.0,,0.0,0.01,100,EQ,NSE,NSE
2316,2614273,10212,794TS36-SG,SDL TS 7.94% 2036,0.0,,0.0,0.01,100,EQ,NSE,NSE
2317,2614529,10213,796WB37-SG,SDL WB 7.96% 2037,0.0,,0.0,0.01,100,EQ,NSE,NSE
2318,2614785,10214,795AP38-SG,SDL AP 7.95% 2038,0.0,,0.0,0.01,100,EQ,NSE,NSE
2319,2615041,10215,795AP39-SG,SDL AP 7.95% 2039,0.0,,0.0,0.01,100,EQ,NSE,NSE
2320,2615297,10216,795AP40-SG,SDL AP 7.95% 2040,0.0,,0.0,0.01,100,EQ,NSE,NSE
2321,2615553,10217,ADANIENSOL,ADANI ENERGY SOLUTION,0.0,,0.0,0.05,1,EQ,NSE,NSE
2322,2615809,10218,792AP42-SG,SDL AP 7.92% 2042,0.0,,0.0,0.01,100,EQ,NSE,NSE
2323,2616065,10219,781RJ47-SG,SDL RJ 7.81% 2047,0.0,,0.0,0.01,100,EQ,NSE,NSE
2324,2618113,10227,MANORAMA,MANORAMA INDUSTRIES,0.0,,0.0,0.1,1,EQ,NSE,NSE
2325,2619393,10232,SGBJUN30-GB,2.50%GOLDBONDS2030SR-I,0.0,,0.0,0.01,1,EQ,NSE,NSE
2326,2619649,10233,765GJ29-SG,SDL GJ 7.65% 2029,0.0,,0.0,0.01,100,EQ,NSE,NSE
2327,2619905,10234,765TN29-SG,SDL TN 7.65% 2029,0.0,,0.0,0.01,100,EQ,NSE,NSE
2328,2620161,10235,776HP30-SG,SDL HP 7.76% 2030,0.0,,0.0,0.01,100,EQ,NSE,NSE
2329,2620929,10238,CONFIPET,CONFIDENCE PETRO IND,0.0,,0.0,0.01,1,EQ,NSE,NSE
2330,2622209,10243,SYNGENE,SYNGENE INTERNATIONAL,0.0,,0.0,0.05,1,EQ,NSE,NSE
2331,2622977,10246,782AS32-SG,SDL AS 7.82% 2032,0.0,,0.0,0.01,100,EQ,NSE,NSE
2332,2623233,10247,782HP32-SG,SDL HP 7.82% 2032,0.0,,0.0,0.01,100,EQ,NSE,NSE
2333,2624513,10252,782WB32-SG,SDL WB 7.82% 2032,0.0,,0.0,0.01,100,EQ,NSE,NSE
2334,2624769,10253,EMKAYTOOLS-SM,EMKAY TAP & CUT. TOOL,0.0,,0.0,0.05,150,EQ,NSE,NSE
2335,2625281,10255,795AP40A-SG,SDL AP 7.95% 2040,0.0,,0.0,0.01,100,EQ,NSE,NSE
2336,2625793,10257,792AP42A-SG,SDL AP 7.92% 2042,0.0,,0.0,0.01,100,EQ,NSE,NSE
2337,2626817,10261,SGBJUN27-GB,2.50%GOLDBONDS2027SR-I,0.0,,0.0,0.01,1,EQ,NSE,NSE
2338,2628609,10268,804PN42-SG,SDL PN 8.04% 2042,0.0,,0.0,0.01,100,EQ,NSE,NSE
2339,2628865,10269,791TS43-SG,SDL TS 7.91% 2043,0.0,,0.0,0.01,100,EQ,NSE,NSE
2340,2629377,10271,79TS44-SG,SDL TS 7.9% 2044,0.0,,0.0,0.01,100,EQ,NSE,NSE
2341,2629633,10272,792TS45-SG,SDL TS 7.92% 2045,0.0,,0.0,0.01,100,EQ,NSE,NSE
2342,2630657,10276,KAYA,KAYA,0.0,,0.0,0.05,1,EQ,NSE,NSE
2343,2630913,10277,NGLFINE,NGL FINE CHEM,0.0,,0.0,0.1,1,EQ,NSE,NSE
2344,2632961,10285,AYMSYNTEX,AYM SYNTEX,0.0,,0.0,0.01,1,EQ,NSE,NSE
2345,2635777,10296,KCK-ST,KCK INDUSTRIES,0.0,,0.0,0.05,2500,EQ,NSE,NSE
2346,2636033,10297,PPL,PRAKASH PIPES,0.0,,0.0,0.01,1,EQ,NSE,NSE
2347,2636801,10300,RAMASTEEL,RAMA STEEL TUBES,0.0,,0.0,0.01,1,EQ,NSE,NSE
2348,2639361,10310,AURUM,AURUM PROPTECH,0.0,,0.0,0.01,1,EQ,NSE,NSE
2349,2641409,10318,PKTEA-BE,THE P K TEA PROD CO,0.0,,0.0,0.05,1,EQ,NSE,NSE
2350,2643201,10325,SKP-SM,SKP BEARING INDUSTRI.,0.0,,0.0,0.05,500,EQ,NSE,NSE
2351,2644481,10330,778ML31-SG,SDL ML 7.78% 2031,0.0,,0.0,0.01,100,EQ,NSE,NSE
2352,2644737,10331,781HR32A-SG,SDL HR 7.81% 2032,0.0,,0.0,0.01,100,EQ,NSE,NSE
2353,2644993,10332,79HR34-SG,SDL HR 7.9% 2034,0.0,,0.0,0.01,100,EQ,NSE,NSE
2354,2645249,10333,794PN42-SG,SDL PN 7.94% 2042,0.0,,0.0,0.01,100,EQ,NSE,NSE
2355,2645505,10334,789TS34-SG,SDL TS 7.89% 2034,0.0,,0.0,0.01,100,EQ,NSE,NSE
2356,2646017,10336,797AP39-SG,SDL AP 7.97% 2039,0.0,,0.0,0.01,100,EQ,NSE,NSE
2357,2646273,10337,792AP41-SG,SDL AP 7.92% 2041,0.0,,0.0,0.01,100,EQ,NSE,NSE
2358,2646529,10338,787TN33-SG,SDL TN 7.87% 2033,0.0,,0.0,0.01,100,EQ,NSE,NSE
2359,2647809,10343,RADHIKAJWE,RADHIKA JEWELTECH,0.0,,0.0,0.01,1,EQ,NSE,NSE
2360,2648577,10346,DGCONTENT,DIGICONTENT,0.0,,0.0,0.01,1,EQ,NSE,NSE
2361,2649601,10350,CSLFINANCE,CSL FINANCE,0.0,,0.0,0.05,1,EQ,NSE,NSE
2362,2650881,10355,803AP36-SG,SDL AP 8.03% 2036,0.0,,0.0,0.01,100,EQ,NSE,NSE
2363,2651393,10357,783AS32-SG,SDL AS 7.83% 2032,0.0,,0.0,0.01,100,EQ,NSE,NSE
2364,2653697,10366,UNIVAFOODS-BE,UNIVA FOODS,0.0,,0.0,0.01,1,EQ,NSE,NSE
2365,2653953,10367,78GJ32A-SG,SDL GJ 7.8% 2032,0.0,,0.0,0.01,100,EQ,NSE,NSE
2366,2654209,10368,783MN32-SG,SDL MN 7.83% 2032,0.0,,0.0,0.01,100,EQ,NSE,NSE
2367,2655745,10374,802MZ36-SG,SDL MZ 8.02% 2036,0.0,,0.0,0.01,100,EQ,NSE,NSE
2368,2657537,10381,798RJ42-SG,SDL RJ 7.98% 2042,0.0,,0.0,0.01,100,EQ,NSE,NSE
2369,2657793,10382,795TS35-SG,SDL TS 7.95% 2035,0.0,,0.0,0.01,100,EQ,NSE,NSE
2370,2658049,10383,802AP38-SG,SDL AP 8.02% 2038,0.0,,0.0,0.01,100,EQ,NSE,NSE
2371,2658305,10384,802WB37-SG,SDL WB 8.02% 2037,0.0,,0.0,0.01,100,EQ,NSE,NSE
2372,2660609,10393,801WB41-SG,SDL WB 8.01% 2041,0.0,,0.0,0.01,100,EQ,NSE,NSE
2373,2660865,10394,785PN32-SG,SDL PN 7.85% 2032,0.0,,0.0,0.01,100,EQ,NSE,NSE
2374,2661633,10397,JISLJALEQS,JAIN IRRIGATION SYSTEMS,0.0,,0.0,0.01,1,EQ,NSE,NSE
2375,2663937,10406,STEELCITY,STEEL CITY SECURITIES,0.0,,0.0,0.01,1,EQ,NSE,NSE
2376,2664193,10407,KSHITIJPOL,KSHITIJ POLYLINE,0.0,,0.0,0.01,1,EQ,NSE,NSE
2377,2666241,10415,MUTHOOTCAP,MUTHOOT CAP SERV,0.0,,0.0,0.05,1,EQ,NSE,NSE
2378,2666753,10417,DYCL,DYNAMIC CABLES,0.0,,0.0,0.05,1,EQ,NSE,NSE
2379,2671361,10435,OSEINTRUST-IV,ORIENTAL INFRATRUST,0.0,,0.0,0.01,25000,EQ,NSE,NSE
2380,2672641,10440,LUPIN,LUPIN,0.0,,0.0,0.1,1,EQ,NSE,NSE
2381,2674433,10447,UNITDSPR,UNITED SPIRITS,0.0,,0.0,0.1,1,EQ,NSE,NSE
2382,2675713,10452,764TN29-SG,SDL TN 7.64% 2029,0.0,,0.0,0.01,100,EQ,NSE,NSE
2383,2675969,10453,SATIN,SATIN CREDIT NET,0.0,,0.0,0.01,1,EQ,NSE,NSE
2384,2676225,10454,797WB42-SG,SDL WB 7.97% 2042,0.0,,0.0,0.01,100,EQ,NSE,NSE
2385,2676993,10457,ARVSMART,ARVIND SMARTSPACES,0.0,,0.0,0.05,1,EQ,NSE,NSE
2386,2677249,10458,779AP31-SG,SDL AP 7.79% 2031,0.0,,0.0,0.01,100,EQ,NSE,NSE
2387,2677505,10459,777GJ32-SG,SDL GJ 7.77% 2032,0.0,,0.0,0.01,100,EQ,NSE,NSE
2388,2677761,10460,78TN32A-SG,SDL TN 7.8% 2032,0.0,,0.0,0.01,100,EQ,NSE,NSE
2389,2678017,10461,781HR32B-SG,SDL HR 7.81% 2032,0.0,,0.0,0.01,100,EQ,NSE,NSE
2390,2678273,10462,781RJ32-SG,SDL RJ 7.81% 2032,0.0,,0.0,0.01,100,EQ,NSE,NSE
2391,2678529,10463,782NL32-SG,SDL NL 7.82% 2032,0.0,,0.0,0.01,100,EQ,NSE,NSE
2392,2680321,10470,782SK32-SG,SDL SK 7.82% 2032,0.0,,0.0,0.01,100,EQ,NSE,NSE
2393,2680577,10471,804AP37-SG,SDL AP 8.04% 2037,0.0,,0.0,0.01,100,EQ,NSE,NSE
2394,2681089,10473,POWERMECH,POWER MECH PROJECTS,0.0,,0.0,0.1,1,EQ,NSE,NSE
2395,2681345,10474,805RJ37-SG,SDL RJ 8.05% 2037,0.0,,0.0,0.01,100,EQ,NSE,NSE
2396,2682113,10477,806JK37-SG,SDL JK 8.06% 2037,0.0,,0.0,0.01,100,EQ,NSE,NSE
2397,2682369,10478,807WB38-SG,SDL WB 8.07% 2038,0.0,,0.0,0.01,100,EQ,NSE,NSE
2398,2682625,10479,797HR42-SG,SDL HR 7.97% 2042,0.0,,0.0,0.01,100,EQ,NSE,NSE
2399,2682881,10480,797RJ42-SG,SDL RJ 7.97% 2042,0.0,,0.0,0.01,100,EQ,NSE,NSE
2400,2684161,10485,RAMRAT,RAM RATNA WIRES,0.0,,0.0,0.05,1,EQ,NSE,NSE
2401,2687489,10498,AGNI-ST,AGNI GREEN POWER,0.0,,0.0,0.05,2500,EQ,NSE,NSE
2402,2690049,10508,MOHEALTH,MOTILALAMC - MOHEALTH,0.0,,0.0,0.01,1,EQ,NSE,NSE
2403,2690817,10511,UTINIFTETF,UTIAMC - UTINIFTETF,0.0,,0.0,0.01,1,EQ,NSE,NSE
2404,2691073,10512,CONS,KOTAKMAMC - KOTAKCONS,0.0,,0.0,0.01,1,EQ,NSE,NSE
2405,2691841,10515,UTISENSETF,UTIAMC - UTISENSETF,0.0,,0.0,0.01,1,EQ,NSE,NSE
2406,2694401,10525,782RJ44-SG,SDL RJ 7.82% 2044,0.0,,0.0,0.01,100,EQ,NSE,NSE
2407,2694657,10526,757HP31-SG,SDL HP 7.57% 2031,0.0,,0.0,0.01,100,EQ,NSE,NSE
2408,2694913,10527,772AP34-SG,SDL AP 7.72% 2034,0.0,,0.0,0.01,100,EQ,NSE,NSE
2409,2695169,10528,768AS32-SG,SDL AS 7.68% 2032,0.0,,0.0,0.01,100,EQ,NSE,NSE
2410,2695425,10529,765BR32-SG,SDL BR 7.65% 2032,0.0,,0.0,0.01,100,EQ,NSE,NSE
2411,2695681,10530,SHARDAMOTR,SHARDA MOTOR INDS,0.0,,0.0,0.05,1,EQ,NSE,NSE
2412,2695937,10531,761GJ32-SG,SDL GJ 7.61% 2032,0.0,,0.0,0.01,100,EQ,NSE,NSE
2413,2696193,10532,785KL35-SG,SDL KL 7.85% 2035,0.0,,0.0,0.01,100,EQ,NSE,NSE
2414,2698241,10540,774MZ33-SG,SDL MZ 7.74% 2033,0.0,,0.0,0.01,100,EQ,NSE,NSE
2415,2698497,10541,767NL32-SG,SDL NL 7.67% 2032,0.0,,0.0,0.01,100,EQ,NSE,NSE
2416,2699009,10543,765RJ32-SG,SDL RJ 7.65% 2032,0.0,,0.0,0.01,100,EQ,NSE,NSE
2417,2699265,10544,764TN32-SG,SDL TN 7.64% 2032,0.0,,0.0,0.01,100,EQ,NSE,NSE
2418,2699521,10545,784TS36-SG,SDL TS 7.84% 2036,0.0,,0.0,0.01,100,EQ,NSE,NSE
2419,2701057,10551,789HP37-SG,SDL HP 7.89% 2037,0.0,,0.0,0.01,100,EQ,NSE,NSE
2420,2701569,10553,789WB37-SG,SDL WB 7.89% 2037,0.0,,0.0,0.01,100,EQ,NSE,NSE
2421,2702081,10555,782AP42-SG,SDL AP 7.82% 2042,0.0,,0.0,0.01,100,EQ,NSE,NSE
2422,2702593,10557,NAVKARCORP,NAVKAR CORPORATION,0.0,,0.0,0.01,1,EQ,NSE,NSE
2423,2702849,10558,782PN42-SG,SDL PN 7.82% 2042,0.0,,0.0,0.01,100,EQ,NSE,NSE
2424,2703105,10559,743HP28-SG,SDL HP 7.43% 2028,0.0,,0.0,0.01,100,EQ,NSE,NSE
2425,2705409,10568,RAMAPHO,RAMA PHOSPHATES,0.0,,0.0,0.01,1,EQ,NSE,NSE
2426,2707457,10576,NIFTYBEES,NIP IND ETF NIFTY BEES,0.0,,0.0,0.01,1,EQ,NSE,NSE
2427,2707713,10577,KRBL,KRBL,0.0,,0.0,0.05,1,EQ,NSE,NSE
2428,2707969,10578,MPSLTD,MPS,0.0,,0.0,0.1,1,EQ,NSE,NSE
2429,2708225,10579,MARKSANS,MARKSANS PHARMA,0.0,,0.0,0.01,1,EQ,NSE,NSE
2430,2708481,10580,TCI,TRANSPORT CORPN OF INDIA,0.0,,0.0,0.1,1,EQ,NSE,NSE
2431,2709761,10585,MOM30IETF,ICICIPRAMC - ICICIMOM30,0.0,,0.0,0.01,1,EQ,NSE,NSE
2432,2710529,10588,SHREEPUSHK,SHRE PUSH CHEM & FERT,0.0,,0.0,0.05,1,EQ,NSE,NSE
2433,2711041,10590,LOYALTEX,LOYAL TEXTILE MILLS,0.0,,0.0,0.01,1,EQ,NSE,NSE
2434,2713345,10599,GUJGASLTD,GUJARAT GAS,0.0,,0.0,0.05,1,EQ,NSE,NSE
2435,2714625,10604,BHARTIARTL,BHARTI AIRTEL,0.0,,0.0,0.1,1,EQ,NSE,NSE
2436,2716161,10610,USASEEDS-SM,UPSURGE SEEDS OF AGRI,0.0,,0.0,0.05,428,EQ,NSE,NSE
2437,2718209,10618,SADBHIN,SADBHAV INFRA PROJ,0.0,,0.0,0.01,1,EQ,NSE,NSE
2438,2718465,10619,HDFCNEXT50,HDFCAMC - HDFCNEXT50,0.0,,0.0,0.01,1,EQ,NSE,NSE
2439,2722049,10633,HDFCNIF100,HDFCAMC - HDFCNIF100,0.0,,0.0,0.01,1,EQ,NSE,NSE
2440,2722305,10634,ASAL,AUTOMOTIVE STAMPINGS & AS,0.0,,0.0,0.05,1,EQ,NSE,NSE
2441,2723073,10637,OLECTRA,OLECTRA GREENTECH,0.0,,0.0,0.1,1,EQ,NSE,NSE
2442,2723329,10638,777RJ32-SG,SDL RJ 7.77% 2032,0.0,,0.0,0.01,100,EQ,NSE,NSE
2443,2723585,10639,797AP36-SG,SDL AP 7.97% 2036,0.0,,0.0,0.01,100,EQ,NSE,NSE
2444,2723841,10640,795HR37-SG,SDL HR 7.95% 2037,0.0,,0.0,0.01,100,EQ,NSE,NSE
2445,2724353,10642,795TS37-SG,SDL TS 7.95% 2037,0.0,,0.0,0.01,100,EQ,NSE,NSE
2446,2724609,10643,796AP40-SG,SDL AP 7.96% 2040,0.0,,0.0,0.01,100,EQ,NSE,NSE
2447,2724865,10644,793TN42-SG,SDL TN 7.93% 2042,0.0,,0.0,0.01,100,EQ,NSE,NSE
2448,2725121,10645,793RJ45-SG,SDL RJ 7.93% 2045,0.0,,0.0,0.01,100,EQ,NSE,NSE
2449,2725377,10646,754AS28-SG,SDL AS 7.54% 2028,0.0,,0.0,0.01,100,EQ,NSE,NSE
2450,2725633,10647,774AP31-SG,SDL AP 7.74% 2031,0.0,,0.0,0.01,100,EQ,NSE,NSE
2451,2725889,10648,773GJ32-SG,SDL GJ 7.73% 2032,0.0,,0.0,0.01,100,EQ,NSE,NSE
2452,2726657,10651,775TN32-SG,SDL TN 7.75% 2032,0.0,,0.0,0.01,100,EQ,NSE,NSE
2453,2726913,10652,777HR32-SG,SDL HR 7.77% 2032,0.0,,0.0,0.01,100,EQ,NSE,NSE
2454,2729217,10661,PONNIERODE,PONNIE SUGARS (ERODE),0.0,,0.0,0.05,1,EQ,NSE,NSE
2455,2730497,10666,PNB,PUNJAB NATIONAL BANK,0.0,,0.0,0.01,1,EQ,NSE,NSE
2456,2733057,10676,MNC,KOTAKMAMC - KOTAKMNC,0.0,,0.0,0.01,1,EQ,NSE,NSE
2457,2735105,10684,SHAIVAL-ST,SHAIVAL REALITY,0.0,,0.0,0.05,3600,EQ,NSE,NSE
2458,2736641,10690,NIFTYQLITY,BIRLASLAMC - NIFTYQLITY,0.0,,0.0,0.01,1,EQ,NSE,NSE
2459,2737409,10693,MOMENTUM,BIRLASLAMC - MOMENTUM,0.0,,0.0,0.01,1,EQ,NSE,NSE
2460,2739201,10700,SURANAT&P,SURANA TELECOM AND POW LT,0.0,,0.0,0.01,1,EQ,NSE,NSE
2461,2741761,10710,VEEKAYEM-SM,VEEKAYEM FASH & APP,0.0,,0.0,0.05,500,EQ,NSE,NSE
2462,2743553,10717,TEAMGTY,TEAM INDIA GUARANTY,0.0,,0.0,0.05,1,EQ,NSE,NSE
2463,2743809,10718,772AP35-SG,SDL AP 7.72% 2035,0.0,,0.0,0.01,100,EQ,NSE,NSE
2464,2744065,10719,774AP38-SG,SDL AP 7.74% 2038,0.0,,0.0,0.01,100,EQ,NSE,NSE
2465,2744321,10720,76TN32-SG,SDL TN 7.6% 2032,0.0,,0.0,0.01,100,EQ,NSE,NSE
2466,2744577,10721,765BR32A-SG,SDL BR 7.65% 2032,0.0,,0.0,0.01,100,EQ,NSE,NSE
2467,2744833,10722,726GS2032-GS,GOI LOAN  7.26% 2032,0.0,,0.0,0.01,1,EQ,NSE,NSE
2468,2745089,10723,INFRAIETF,ICICIPRAMC - ICICIINFRA,0.0,,0.0,0.01,1,EQ,NSE,NSE
2469,2745857,10726,INDIAMART,INDIAMART INTERMESH,0.0,,0.0,0.1,1,EQ,NSE,NSE
2470,2747649,10733,SPORTKING,SPORTKING INDIA,0.0,,0.0,0.01,1,EQ,NSE,NSE
2471,2748929,10738,OFSS,ORACLE FIN SERV SOFT,0.0,,0.0,0.5,1,EQ,NSE,NSE
2472,2749697,10741,728NTPC30B-N9,,0.0,,0.0,0.01,1,EQ,NSE,NSE
2473,2750465,10744,737NTPC35C-NA,,0.0,,0.0,0.01,1,EQ,NSE,NSE
2474,2751745,10749,753NTPC30E-NC,,0.0,,0.0,0.01,1,EQ,NSE,NSE
2475,2752257,10751,762NTPC35F-ND,,0.0,,0.0,0.01,1,EQ,NSE,NSE
2476,2752769,10753,UNIONBANK,UNION BANK OF INDIA,0.0,,0.0,0.01,1,EQ,NSE,NSE
2477,2753281,10755,APTECHT,APTECH,0.0,,0.0,0.01,1,EQ,NSE,NSE
2478,2753793,10757,VERTIS-IV,VERTIS INFRASTRUCTURE TST,0.0,,0.0,0.01,25000,EQ,NSE,NSE
2479,2754817,10761,SILVERADD,DSPAMC - DSPSILVETF,0.0,,0.0,0.01,1,EQ,NSE,NSE
2480,2755841,10765,765AS32-SG,SDL AS 7.65% 2032,0.0,,0.0,0.01,100,EQ,NSE,NSE
2481,2756609,10768,OAL,ORIENTAL AROMATICS,0.0,,0.0,0.05,1,EQ,NSE,NSE
2482,2757121,10770,AHIMSA-ST,AHIMSA INDUSTRIES,0.0,,0.0,0.05,3000,EQ,NSE,NSE
2483,2757377,10771,766UP32-SG,SDL UP 7.66% 2032,0.0,,0.0,0.01,100,EQ,NSE,NSE
2484,2757889,10773,776KL38-SG,SDL KL 7.76% 2038,0.0,,0.0,0.01,100,EQ,NSE,NSE
2485,2760193,10782,775PN42-SG,SDL PN 7.75% 2042,0.0,,0.0,0.01,100,EQ,NSE,NSE
2486,2760449,10783,774TS45-SG,SDL TS 7.74% 2045,0.0,,0.0,0.01,100,EQ,NSE,NSE
2487,2760705,10784,774TS46-SG,SDL TS 7.74% 2046,0.0,,0.0,0.01,100,EQ,NSE,NSE
2488,2761217,10786,NOIDATOLL,NOIDA TOLL BRIDGE CO,0.0,,0.0,0.01,1,EQ,NSE,NSE
2489,2762497,10791,NUCLEUS,NUCLEUS SOFTWARE EXPORTS,0.0,,0.0,0.05,1,EQ,NSE,NSE
2490,2763009,10793,SYRMA,SYRMA SGS TECHNOLOGY,0.0,,0.0,0.05,1,EQ,NSE,NSE
2491,2763265,10794,CANBK,CANARA BANK,0.0,,0.0,0.01,1,EQ,NSE,NSE
2492,2770433,10822,MOQUALITY,MOTILALAMC - MOQUALITY,0.0,,0.0,0.01,1,EQ,NSE,NSE
2493,2771201,10825,MOVALUE,MOTILALAMC - MOVALUE,0.0,,0.0,0.01,1,EQ,NSE,NSE
2494,2774017,10836,SEYAIND-BE,SEYA INDUSTRIES,0.0,,0.0,0.01,1,EQ,NSE,NSE
2495,2776065,10844,77TN42-SG,SDL TN 7.7% 2042,0.0,,0.0,0.01,100,EQ,NSE,NSE
2496,2776321,10845,771KL42-SG,SDL KL 7.71% 2042,0.0,,0.0,0.01,100,EQ,NSE,NSE
2497,2776577,10846,771AP42-SG,SDL AP 7.71% 2042,0.0,,0.0,0.01,100,EQ,NSE,NSE
2498,2776833,10847,771AP39-SG,SDL AP 7.71% 2039,0.0,,0.0,0.01,100,EQ,NSE,NSE
2499,2777089,10848,771AP37-SG,SDL AP 7.71% 2037,0.0,,0.0,0.01,100,EQ,NSE,NSE
2500,2777857,10851,767KL34-SG,SDL KL 7.67% 2034,0.0,,0.0,0.01,100,EQ,NSE,NSE
2501,2778113,10852,761TN32-SG,SDL TN 7.61% 2032,0.0,,0.0,0.01,100,EQ,NSE,NSE
2502,2778369,10853,761HR32-SG,SDL HR 7.61% 2032,0.0,,0.0,0.01,100,EQ,NSE,NSE
2503,2778625,10854,762BR32-SG,SDL BR 7.62% 2032,0.0,,0.0,0.01,100,EQ,NSE,NSE
2504,2778881,10855,753HR30-SG,SDL HR 7.53% 2030,0.0,,0.0,0.01,100,EQ,NSE,NSE
2505,2779905,10859,DREAMFOLKS,DREAMFOLKS SERVICES,0.0,,0.0,0.01,1,EQ,NSE,NSE
2506,2781441,10865,GVPTECH,GVP INFOTECH,0.0,,0.0,0.01,1,EQ,NSE,NSE
2507,2782977,10871,GRMOVER,GRM OVERSEAS,0.0,,0.0,0.05,1,EQ,NSE,NSE
2508,2784257,10876,HDFCSILVER,HDFCAMC - HDFCSILVER,0.0,,0.0,0.01,1,EQ,NSE,NSE
2509,2786561,10885,JFLLIFE-SM,JFL LIFE SCIENCES,0.0,,0.0,0.05,6000,EQ,NSE,NSE
2510,2788353,10892,KORE-ST,JAY JALARAM TECHNO,0.0,,0.0,0.05,250,EQ,NSE,NSE
2511,2788609,10893,DBOL,DHAMPUR BIO ORGANICS,0.0,,0.0,0.01,1,EQ,NSE,NSE
2512,2789889,10898,AMEYA-SM,AMEYA PRECISION ENG,0.0,,0.0,0.05,1000,EQ,NSE,NSE
2513,2790913,10902,745TS30-SG,SDL TS 7.45% 2030,0.0,,0.0,0.01,100,EQ,NSE,NSE
2514,2791425,10904,747TS31-SG,SDL TS 7.47% 2031,0.0,,0.0,0.01,100,EQ,NSE,NSE
2515,2791681,10905,GENESYS,GENESYS INTL CORPN,0.0,,0.0,0.05,1,EQ,NSE,NSE
2516,2791937,10906,753AS32-SG,SDL AS 7.53% 2032,0.0,,0.0,0.01,100,EQ,NSE,NSE
2517,2792193,10907,758PN42-SG,SDL PN 7.58% 2042,0.0,,0.0,0.01,100,EQ,NSE,NSE
2518,2793217,10911,758AP40-SG,SDL AP 7.58% 2040,0.0,,0.0,0.01,100,EQ,NSE,NSE
2519,2793473,10912,758GA37-SG,SDL GA 7.58% 2037,0.0,,0.0,0.01,100,EQ,NSE,NSE
2520,2793729,10913,758AP42-SG,SDL AP 7.58% 2042,0.0,,0.0,0.01,100,EQ,NSE,NSE
2521,2796033,10922,OMAXAUTO,OMAX AUTOS,0.0,,0.0,0.01,1,EQ,NSE,NSE
2522,2796289,10923,753BR32-SG,SDL BR 7.53% 2032,0.0,,0.0,0.01,100,EQ,NSE,NSE
2523,2796801,10925,GODREJIND,GODREJ INDUSTRIES,0.0,,0.0,0.1,1,EQ,NSE,NSE
2524,2798337,10931,736GS2052-GS,GOI LOAN  7.36% 2052,0.0,,0.0,0.01,1,EQ,NSE,NSE
2525,2798593,10932,RADAAN,RADAAN MEDIAWORKS (I),0.0,,0.0,0.01,1,EQ,NSE,NSE
2526,2800385,10939,JUNIORBEES,NIP IND ETF JUNIOR BEES,0.0,,0.0,0.01,1,EQ,NSE,NSE
2527,2800641,10940,DIVISLAB,DIVI S LABORATORIES,0.0,,0.0,0.5,1,EQ,NSE,NSE
2528,2801921,10945,TMB,TAMILNAD MERCA BANK,0.0,,0.0,0.05,1,EQ,NSE,NSE
2529,2802689,10948,STCINDIA,THE STATE TRADING CORPN,0.0,,0.0,0.01,1,EQ,NSE,NSE
2530,2804481,10955,745HR32-SG,SDL HR 7.45% 2032,0.0,,0.0,0.01,100,EQ,NSE,NSE
2531,2804737,10956,745BR32-SG,SDL BR 7.45% 2032,0.0,,0.0,0.01,100,EQ,NSE,NSE
2532,2804993,10957,746MP32-SG,SDL MP 7.46% 2032,0.0,,0.0,0.01,100,EQ,NSE,NSE
2533,2805249,10958,748HP33-SG,SDL HP 7.48% 2033,0.0,,0.0,0.01,100,EQ,NSE,NSE
2534,2805505,10959,749HP34-SG,SDL HP 7.49% 2034,0.0,,0.0,0.01,100,EQ,NSE,NSE
2535,2805761,10960,75HP36-SG,SDL HP 7.5% 2036,0.0,,0.0,0.01,100,EQ,NSE,NSE
2536,2806017,10961,75HP37-SG,SDL HP 7.5% 2037,0.0,,0.0,0.01,100,EQ,NSE,NSE
2537,2806273,10962,745AP40-SG,SDL AP 7.45% 2040,0.0,,0.0,0.01,100,EQ,NSE,NSE
2538,2806529,10963,745AP42-SG,SDL AP 7.45% 2042,0.0,,0.0,0.01,100,EQ,NSE,NSE
2539,2806785,10964,746TS48-SG,SDL TS 7.46% 2048,0.0,,0.0,0.01,100,EQ,NSE,NSE
2540,2807041,10965,746TS49-SG,SDL TS 7.46% 2049,0.0,,0.0,0.01,100,EQ,NSE,NSE
2541,2807297,10966,745SK32-SG,SDL SK 7.45% 2032,0.0,,0.0,0.01,100,EQ,NSE,NSE
2542,2807553,10967,VIVIANA-SM,VIVIANA POWER TECH,0.0,,0.0,0.05,200,EQ,NSE,NSE
2543,2810881,10980,MEGAFLEX-ST,MEGA FLEX PLASTICS,0.0,,0.0,0.05,3000,EQ,NSE,NSE
2544,2811137,10981,74GS2062-GS,GOI LOAN  7.4% 2062,0.0,,0.0,0.01,1,EQ,NSE,NSE
2545,2812161,10985,SABAR-ST,SABAR FLEX INDIA,0.0,,0.0,0.05,5000,EQ,NSE,NSE
2546,2813441,10990,RADICO,RADICO KHAITAN,0.0,,0.0,0.1,1,EQ,NSE,NSE
2547,2814209,10993,INDORAMA,INDO RAMA SYNTHETICS,0.0,,0.0,0.01,1,EQ,NSE,NSE
2548,2814465,10994,TAPIFRUIT-ST,TAPI FRUIT PROCESSING,0.0,,0.0,0.05,750,EQ,NSE,NSE
2549,2814721,10995,ISHAN-SM,ISHAN INTERNATIONAL,0.0,,0.0,0.05,48000,EQ,NSE,NSE
2550,2815745,10999,MARUTI,MARUTI SUZUKI INDIA,0.0,,0.0,1.0,1,EQ,NSE,NSE
2551,2817537,11006,LIQUIDBEES,NIP IND ETF LIQUID BEES,0.0,,0.0,0.01,1,EQ,NSE,NSE
2552,2822913,11027,INFOBEAN,INFOBEANS TECHNO.,0.0,,0.0,0.05,1,EQ,NSE,NSE
2553,2824193,11032,SANGINITA,SANGINITA CHEMICALS,0.0,,0.0,0.01,1,EQ,NSE,NSE
2554,2825473,11037,BANKIETF,ICICIPRAMC - IPRU5008,0.0,,0.0,0.01,1,EQ,NSE,NSE
2555,2825985,11039,DCMNVL,DCM NOUVELLE,0.0,,0.0,0.01,1,EQ,NSE,NSE
2556,2827521,11045,SATIA,SATIA INDUSTRIES,0.0,,0.0,0.01,1,EQ,NSE,NSE
2557,2828801,11050,SIRCA,SIRCA PAINT INDIA,0.0,,0.0,0.05,1,EQ,NSE,NSE
2558,2831361,11060,KSOLVES,KSOLVES INDIA,0.0,,0.0,0.05,1,EQ,NSE,NSE
2559,2831873,11062,SECURKLOUD-BE,SECUREKLOUD TECH,0.0,,0.0,0.01,1,EQ,NSE,NSE
2560,2832641,11065,NATHBIOGEN,NATH BIO-GENES (I),0.0,,0.0,0.01,1,EQ,NSE,NSE
2561,2834433,11072,AGRITECH,AGRI-TECH (INDIA),0.0,,0.0,0.01,1,EQ,NSE,NSE
2562,2836225,11079,GFSTEELS-BE,GRAND FOUNDRY,0.0,,0.0,0.01,1,EQ,NSE,NSE
2563,2836993,11082,LIBAS,LIBAS CONSU PRODUCTS,0.0,,0.0,0.01,1,EQ,NSE,NSE
2564,2840065,11094,755BR32-SG,SDL BR 7.55% 2032,0.0,,0.0,0.01,100,EQ,NSE,NSE
2565,2840321,11095,755AS32-SG,SDL AS 7.55% 2032,0.0,,0.0,0.01,100,EQ,NSE,NSE
2566,2840577,11096,757JK34-SG,SDL JK 7.57% 2034,0.0,,0.0,0.01,100,EQ,NSE,NSE
2567,2840833,11097,758GA37A-SG,SDL GA 7.58% 2037,0.0,,0.0,0.01,100,EQ,NSE,NSE
2568,2851841,11140,SUMIT,SUMIT WOODS,0.0,,0.0,0.01,1,EQ,NSE,NSE
2569,2854145,11149,SHRENIK,SHRENIK,0.0,,0.0,0.01,1,EQ,NSE,NSE
2570,2855425,11154,SGBJUL27-GB,2.50%GOLDBONDS2027SR-II,0.0,,0.0,0.01,1,EQ,NSE,NSE
2571,2855681,11155,CREATIVE,CREATIVE NEWTECH,0.0,,0.0,0.05,1,EQ,NSE,NSE
2572,2856705,11159,756WB39-SG,SDL WB 7.56% 2039,0.0,,0.0,0.01,100,EQ,NSE,NSE
2573,2856961,11160,756TS40-SG,SDL TS 7.56% 2040,0.0,,0.0,0.01,100,EQ,NSE,NSE
2574,2857217,11161,756WB42-SG,SDL WB 7.56% 2042,0.0,,0.0,0.01,100,EQ,NSE,NSE
2575,2857473,11162,HARSHA,HARSHA ENGINEERS INT,0.0,,0.0,0.05,1,EQ,NSE,NSE
2576,2859265,11169,COFFEEDAY-BE,COFFEE DAY ENTERPRISE,0.0,,0.0,0.01,1,EQ,NSE,NSE
2577,2863105,11184,IDFCFIRSTB,IDFC FIRST BANK,0.0,,0.0,0.01,1,EQ,NSE,NSE
2578,2865153,11192,SGBAUG30-GB,2.50%GOLDBONDS2030SR-II,0.0,,0.0,0.01,1,EQ,NSE,NSE
2579,2865409,11193,AXISILVER,AXISAMC - AXISILVER,0.0,,0.0,0.01,1,EQ,NSE,NSE
2580,2865921,11195,INDIGO,INTERGLOBE AVIATION,0.0,,0.0,0.5,1,EQ,NSE,NSE
2581,2866689,11198,ANNAPURNA-SM,ANNAPURNA SWADISHT,0.0,,0.0,0.05,250,EQ,NSE,NSE
2582,2870017,11211,KANDARP-ST,KANDARP DG SMART BPO,0.0,,0.0,0.05,1000,EQ,NSE,NSE
2583,2870273,11212,SHK,S H KELKAR AND CO.,0.0,,0.0,0.01,1,EQ,NSE,NSE
2584,2871809,11218,MAKS-SM,MAKS ENERGY SOL INDIA,0.0,,0.0,0.05,1500,EQ,NSE,NSE
2585,2872321,11220,VARDHACRLC,VARDHAMAN ACRYLICS,0.0,,0.0,0.01,1,EQ,NSE,NSE
2586,2873089,11223,UCOBANK,UCO BANK,0.0,,0.0,0.01,1,EQ,NSE,NSE
2587,2873857,11226,BAGFILMS,B.A.G FILMS AND MEDIA,0.0,,0.0,0.01,1,EQ,NSE,NSE
2588,2875649,11233,SUVEN,SUVEN LIFE SCIENCES,0.0,,0.0,0.01,1,EQ,NSE,NSE
2589,2876417,11236,JSL,JINDAL STAINLESS,0.0,,0.0,0.05,1,EQ,NSE,NSE
2590,2877185,11239,NSIL,NALWA SONS INVESTMENT,0.0,,0.0,0.5,1,EQ,NSE,NSE
2591,2877697,11241,HDFCGROWTH,HDFCAMC - HDFCGROWTH,0.0,,0.0,0.01,1,EQ,NSE,NSE
2592,2880769,11253,WELSPUNLIV,WELSPUN LIVING,0.0,,0.0,0.01,1,EQ,NSE,NSE
2593,2881281,11255,HDFCQUAL,HDFCAMC - HDFCQUAL,0.0,,0.0,0.01,1,EQ,NSE,NSE
2594,2881537,11256,JAIBALAJI,JAI BALAJI INDUSTRIES,0.0,,0.0,0.01,1,EQ,NSE,NSE
2595,2882561,11260,HDFCVALUE,HDFCAMC - HDFCVALUE,0.0,,0.0,0.01,1,EQ,NSE,NSE
2596,2883073,11262,IGL,INDRAPRASTHA GAS,0.0,,0.0,0.01,1,EQ,NSE,NSE
2597,2883841,11265,TVSELECT,TVS ELECTRONICS,0.0,,0.0,0.05,1,EQ,NSE,NSE
2598,2885377,11271,DREDGECORP,DREDGING CORP OF INDIA,0.0,,0.0,0.05,1,EQ,NSE,NSE
2599,2885889,11273,749GJ26-SG,SDL GJ 7.49% 2026,0.0,,0.0,0.01,100,EQ,NSE,NSE
2600,2886401,11275,TVTODAY,TV TODAY NETWORK,0.0,,0.0,0.01,1,EQ,NSE,NSE
2601,2886657,11276,768PN42-SG,SDL PN 7.68% 2042,0.0,,0.0,0.01,100,EQ,NSE,NSE
2602,2886913,11277,762MH30A-SG,SDL MH 7.62% 2030,0.0,,0.0,0.01,100,EQ,NSE,NSE
2603,2887937,11281,771AP34-SG,SDL AP 7.71% 2034,0.0,,0.0,0.01,100,EQ,NSE,NSE
2604,2888193,11282,769BR32-SG,SDL BR 7.69% 2032,0.0,,0.0,0.01,100,EQ,NSE,NSE
2605,2888449,11283,769GA32-SG,SDL GA 7.69% 2032,0.0,,0.0,0.01,100,EQ,NSE,NSE
2606,2888705,11284,767HR32-SG,SDL HR 7.67% 2032,0.0,,0.0,0.01,100,EQ,NSE,NSE
2607,2888961,11285,764MH32-SG,SDL MH 7.64% 2032,0.0,,0.0,0.01,100,EQ,NSE,NSE
2608,2889217,11286,771MN32-SG,SDL MN 7.71% 2032,0.0,,0.0,0.01,100,EQ,NSE,NSE
2609,2889473,11287,UPL,UPL,0.0,,0.0,0.05,1,EQ,NSE,NSE
2610,2889729,11288,765RJ32A-SG,SDL RJ 7.65% 2032,0.0,,0.0,0.01,100,EQ,NSE,NSE
2611,2889985,11289,768UP32-SG,SDL UP 7.68% 2032,0.0,,0.0,0.01,100,EQ,NSE,NSE
2612,2890497,11291,768WB32-SG,SDL WB 7.68% 2032,0.0,,0.0,0.01,100,EQ,NSE,NSE
2613,2890753,11292,769KL40-SG,SDL KL 7.69% 2040,0.0,,0.0,0.01,100,EQ,NSE,NSE
2614,2891009,11293,UNIENTER,UNIPHOS ENTERPRISES,0.0,,0.0,0.01,1,EQ,NSE,NSE
2615,2891265,11294,778MZ37-SG,SDL MZ 7.78% 2037,0.0,,0.0,0.01,100,EQ,NSE,NSE
2616,2891521,11295,772WB38-SG,SDL WB 7.72% 2038,0.0,,0.0,0.01,100,EQ,NSE,NSE
2617,2892033,11297,SIL,STANDARD INDUSTRIES,0.0,,0.0,0.01,1,EQ,NSE,NSE
2618,2892545,11299,76AP28-SG,SDL AP 7.6% 2028,0.0,,0.0,0.01,100,EQ,NSE,NSE
2619,2893057,11301,LUXIND,LUX INDUSTRIES,0.0,,0.0,0.1,1,EQ,NSE,NSE
2620,2895105,11309,BALAXI,BALAXI PHARMA,0.0,,0.0,0.01,1,EQ,NSE,NSE
2621,2897665,11319,LICNETFN50,LICNAMC - LICNFENGP,0.0,,0.0,0.01,1,EQ,NSE,NSE
2622,2899201,11325,MUKANDLTD,MUKAND,0.0,,0.0,0.01,1,EQ,NSE,NSE
2623,2903809,11343,AFFLE,AFFLE 3I,0.0,,0.0,0.1,1,EQ,NSE,NSE
2624,2905857,11351,PETRONET,PETRONET LNG,0.0,,0.0,0.05,1,EQ,NSE,NSE
2625,2906881,11355,PTC,PTC INDIA,0.0,,0.0,0.01,1,EQ,NSE,NSE
2626,2907137,11356,87SCL27-Z6,,0.0,,0.0,0.01,1,EQ,NSE,NSE
2627,2907905,11359,DHANBANK,DHANLAXMI BANK,0.0,,0.0,0.01,1,EQ,NSE,NSE
2628,2908417,11361,915SCL27-Z7,,0.0,,0.0,0.01,1,EQ,NSE,NSE
2629,2909185,11364,VAIBHAVGBL,VAIBHAV GLOBAL,0.0,,0.0,0.01,1,EQ,NSE,NSE
2630,2909441,11365,865SCL24B-Z8,,0.0,,0.0,0.01,1,EQ,NSE,NSE
2631,2910209,11368,905SC24B-Z9,,0.0,,0.0,0.01,1,EQ,NSE,NSE
2632,2910465,11369,TTKHLTCARE,TTK HEALTHCARE,0.0,,0.0,0.1,1,EQ,NSE,NSE
2633,2910977,11371,BGLOBAL-BZ,BHARATIYA GLOBAL INFO,0.0,,0.0,0.01,1,EQ,NSE,NSE
2634,2911489,11373,BIOCON,BIOCON,0.0,,0.0,0.05,1,EQ,NSE,NSE
2635,2911745,11374,TIPSFILMS,TIPS FILMS,0.0,,0.0,0.05,1,EQ,NSE,NSE
2636,2912513,11377,MAHABANK,BANK OF MAHARASHTRA,0.0,,0.0,0.01,1,EQ,NSE,NSE
2637,2914817,11386,PVTBANIETF,ICICIPRAMC - ICICIBANKP,0.0,,0.0,0.01,1,EQ,NSE,NSE
2638,2915841,11390,776MH30-SG,SDL MH 7.76% 2030,0.0,,0.0,0.01,100,EQ,NSE,NSE
2639,2916865,11394,ZOTA,ZOTA HEALTH CARE,0.0,,0.0,0.1,1,EQ,NSE,NSE
2640,2918145,11399,SALZERELEC,SALZER ELECTRONICS,0.0,,0.0,0.05,1,EQ,NSE,NSE
2641,2918401,11400,775GJ32-SG,SDL GJ 7.75% 2032,0.0,,0.0,0.01,100,EQ,NSE,NSE
2642,2918657,11401,778MZ32-SG,SDL MZ 7.78% 2032,0.0,,0.0,0.01,100,EQ,NSE,NSE
2643,2919169,11403,POONAWALLA,POONAWALLA FINCORP,0.0,,0.0,0.05,1,EQ,NSE,NSE
2644,2919425,11404,779RJ32-SG,SDL RJ 7.79% 2032,0.0,,0.0,0.01,100,EQ,NSE,NSE
2645,2919681,11405,779TN32-SG,SDL TN 7.79% 2032,0.0,,0.0,0.01,100,EQ,NSE,NSE
2646,2920193,11407,XPROINDIA,XPRO INDIA,0.0,,0.0,0.1,1,EQ,NSE,NSE
2647,2920449,11408,781UP32-SG,SDL UP 7.81% 2032,0.0,,0.0,0.01,100,EQ,NSE,NSE
2648,2920705,11409,784TS34-SG,SDL TS 7.84% 2034,0.0,,0.0,0.01,100,EQ,NSE,NSE
2649,2921217,11411,RKFORGE,RAMKRISHNA FORGINGS,0.0,,0.0,0.05,1,EQ,NSE,NSE
2650,2921473,11412,782AP35-SG,SDL AP 7.82% 2035,0.0,,0.0,0.01,100,EQ,NSE,NSE
2651,2921729,11413,783TS35-SG,SDL TS 7.83% 2035,0.0,,0.0,0.01,100,EQ,NSE,NSE
2652,2922241,11415,783TS36-SG,SDL TS 7.83% 2036,0.0,,0.0,0.01,100,EQ,NSE,NSE
2653,2922497,11416,77PN42-SG,SDL PN 7.7% 2042,0.0,,0.0,0.01,100,EQ,NSE,NSE
2654,2922753,11417,774AP42-SG,SDL AP 7.74% 2042,0.0,,0.0,0.01,100,EQ,NSE,NSE
2655,2923009,11418,774RJ42-SG,SDL RJ 7.74% 2042,0.0,,0.0,0.01,100,EQ,NSE,NSE
2656,2924289,11423,DATAMATICS,DATAMATICS GLOBAL SER,0.0,,0.0,0.05,1,EQ,NSE,NSE
2657,2924545,11424,77KL47-SG,SDL KL 7.7% 2047,0.0,,0.0,0.01,100,EQ,NSE,NSE
2658,2925313,11427,NDTV,NDTV,0.0,,0.0,0.01,1,EQ,NSE,NSE
2659,2926593,11432,KRITINUT,KRITI NUTRIENTS,0.0,,0.0,0.01,1,EQ,NSE,NSE
2660,2927361,11435,SPANDANA,SPANDANA SPHOORTY FIN,0.0,,0.0,0.05,1,EQ,NSE,NSE
2661,2928385,11439,BANKBEES,NIP IND ETF BANK BEES,0.0,,0.0,0.01,1,EQ,NSE,NSE
2662,2928897,11441,LICNETFSEN,LICNAMC - LICNFESGP,0.0,,0.0,0.01,1,EQ,NSE,NSE
2663,2929921,11445,PILANIINVS,PILANI INV & IND COR,0.0,,0.0,0.5,1,EQ,NSE,NSE
2664,2930433,11447,CMRSL-SM,CYBER MEDIA RES & SER,0.0,,0.0,0.05,800,EQ,NSE,NSE
2665,2931713,11452,CCL,CCL PRODUCTS (I),0.0,,0.0,0.1,1,EQ,NSE,NSE
2666,2932993,11457,NV20,KOTAKMAMC - KTKNV20ETF,0.0,,0.0,0.01,1,EQ,NSE,NSE
2667,2934017,11461,JPASSOCIAT-BE,JAIPRAKASH ASSOCIATES,0.0,,0.0,0.01,1,EQ,NSE,NSE
2668,2935553,11467,QMSMEDI-SM,QMS MEDICAL ALLIED S,0.0,,0.0,0.05,1000,EQ,NSE,NSE
2669,2936577,11471,EXCELINDUS,EXCEL INDUSTRIES,0.0,,0.0,0.05,1,EQ,NSE,NSE
2670,2936833,11472,LLOYDS-SM,LLOYDS LUXURIES,0.0,,0.0,0.05,1000,EQ,NSE,NSE
2671,2938881,11480,KRIDHANINF,KRIDHAN INFRA,0.0,,0.0,0.01,1,EQ,NSE,NSE
2672,2939649,11483,LT,LARSEN & TOUBRO,0.0,,0.0,0.1,1,EQ,NSE,NSE
2673,2941697,11491,APARINDS,APAR INDUSTRIES,0.0,,0.0,0.5,1,EQ,NSE,NSE
2674,2941953,11492,SWASTIK-SM,SWASTIK PIPE,0.0,,0.0,0.05,1200,EQ,NSE,NSE
2675,2942977,11496,AMBICAAGAR,AMBICA AGAR & AROMAINDLTD,0.0,,0.0,0.01,1,EQ,NSE,NSE
2676,2944257,11501,FROG-SM,FROG INNOVATIONS,0.0,,0.0,0.05,400,EQ,NSE,NSE
2677,2945281,11505,785AS32A-SG,SDL AS 7.85% 2032,0.0,,0.0,0.01,100,EQ,NSE,NSE
2678,2945537,11506,781GJ32-SG,SDL GJ 7.81% 2032,0.0,,0.0,0.01,100,EQ,NSE,NSE
2679,2945793,11507,783HR32-SG,SDL HR 7.83% 2032,0.0,,0.0,0.01,100,EQ,NSE,NSE
2680,2946305,11509,785SK32-SG,SDL SK 7.85% 2032,0.0,,0.0,0.01,100,EQ,NSE,NSE
2681,2946561,11510,785UK32-SG,SDL UK 7.85% 2032,0.0,,0.0,0.01,100,EQ,NSE,NSE
2682,2947073,11512,CENTEXT-BE,CENTURY EXTRUSIONS,0.0,,0.0,0.01,1,EQ,NSE,NSE
2683,2947329,11513,785BR32-SG,SDL BR 7.85% 2032,0.0,,0.0,0.01,100,EQ,NSE,NSE
2684,2947585,11514,785AP40-SG,SDL AP 7.85% 2040,0.0,,0.0,0.01,100,EQ,NSE,NSE
2685,2947841,11515,785PN42-SG,SDL PN 7.85% 2042,0.0,,0.0,0.01,100,EQ,NSE,NSE
2686,2949633,11522,NIITLTD,NIIT,0.0,,0.0,0.01,1,EQ,NSE,NSE
2687,2951681,11530,EMIL,ELECTRONICS MART IND,0.0,,0.0,0.01,1,EQ,NSE,NSE
2688,2952193,11532,ULTRACEMCO,ULTRATECH CEMENT,0.0,,0.0,1.0,1,EQ,NSE,NSE
2689,2953217,11536,TCS,TATA CONSULTANCY SERV LT,0.0,,0.0,0.1,1,EQ,NSE,NSE
2690,2953729,11538,HDFCMOMENT,HDFCAMC - HDFCMOMENT,0.0,,0.0,0.01,1,EQ,NSE,NSE
2691,2955009,11543,COFORGE,COFORGE,0.0,,0.0,0.1,1,EQ,NSE,NSE
2692,2956033,11547,HDFCLOWVOL,HDFCAMC - HDFCLOWVOL,0.0,,0.0,0.01,1,EQ,NSE,NSE
2693,2956545,11549,TEXINFRA,TEXMACO INFRA & HOLDG,0.0,,0.0,0.01,1,EQ,NSE,NSE
2694,2960897,11566,DCI,DC INFOTECH AND COMUN,0.0,,0.0,0.05,1,EQ,NSE,NSE
2695,2962177,11571,PPLPHARMA,PIRAMAL PHARMA,0.0,,0.0,0.01,1,EQ,NSE,NSE
2696,2962689,11573,FORCEMOT,FORCE MOTORS,0.0,,0.0,1.0,1,EQ,NSE,NSE
2697,2964481,11580,WESTLIFE,WESTLIFE FOODWORLD,0.0,,0.0,0.05,1,EQ,NSE,NSE
2698,2964737,11581,GULFPETRO,GP PETROLEUMS,0.0,,0.0,0.01,1,EQ,NSE,NSE
2699,2964993,11582,TRACXN,TRACXN TECHNOLOGIES,0.0,,0.0,0.01,1,EQ,NSE,NSE
2700,2966529,11588,741GJ26-SG,SDL GJ 7.41% 2026,0.0,,0.0,0.01,100,EQ,NSE,NSE
2701,2966785,11589,762GJ29-SG,SDL GJ 7.62% 2029,0.0,,0.0,0.01,100,EQ,NSE,NSE
2702,2967041,11590,77MH30-SG,SDL MH 7.7% 2030,0.0,,0.0,0.01,100,EQ,NSE,NSE
2703,2967297,11591,HDFCNIFTY,HDFCAMC - HDFCNIFTY,0.0,,0.0,0.01,1,EQ,NSE,NSE
2704,2967809,11593,HDFCSENSEX,HDFCAMC - HDFCSENSEX,0.0,,0.0,0.01,1,EQ,NSE,NSE
2705,2968577,11596,LINCOLN,LINCOLN PHARMA,0.0,,0.0,0.05,1,EQ,NSE,NSE
2706,2968833,11597,774GA32-SG,SDL GA 7.74% 2032,0.0,,0.0,0.01,100,EQ,NSE,NSE
2707,2969089,11598,773BR32-SG,SDL BR 7.73% 2032,0.0,,0.0,0.01,100,EQ,NSE,NSE
2708,2970369,11603,781UP34-SG,SDL UP 7.81% 2034,0.0,,0.0,0.01,100,EQ,NSE,NSE
2709,2970625,11604,777JK37-SG,SDL JK 7.77% 2037,0.0,,0.0,0.01,100,EQ,NSE,NSE
2710,2971137,11606,GUFICBIO,GUFIC BIOSCIENCES,0.0,,0.0,0.05,1,EQ,NSE,NSE
2711,2971393,11607,774WB39-SG,SDL WB 7.74% 2039,0.0,,0.0,0.01,100,EQ,NSE,NSE
2712,2972673,11612,PHANTOMFX-SM,PHANTOM DIGITAL EFF,0.0,,0.0,0.05,300,EQ,NSE,NSE
2713,2974209,11618,ASTRAMICRO,ASTRA MICROWAVE,0.0,,0.0,0.05,1,EQ,NSE,NSE
2714,2974465,11619,GOLDENTOBC-BZ,GOLDEN TOBACCO,0.0,,0.0,0.01,1,EQ,NSE,NSE
2715,2976257,11626,WELENT,WELSPUN ENTERPRISES,0.0,,0.0,0.05,1,EQ,NSE,NSE
2716,2977281,11630,NTPC,NTPC,0.0,,0.0,0.05,1,EQ,NSE,NSE
2717,2977537,11631,NARMADA-BE,NARMADA AGROBASE,0.0,,0.0,0.01,1,EQ,NSE,NSE
2718,2979073,11637,SALSTEEL-BE,S.A.L. STEEL,0.0,,0.0,0.01,1,EQ,NSE,NSE
2719,2979841,11640,BOHRAIND,BOHRA INDUSTRIES,0.0,,0.0,0.01,1,EQ,NSE,NSE
2720,2981633,11647,KOTARISUG,KOTHARI SUG & CHEM,0.0,,0.0,0.01,1,EQ,NSE,NSE
2721,2983425,11654,LALPATHLAB,DR. LAL PATH LABS,0.0,,0.0,0.1,1,EQ,NSE,NSE
2722,2983681,11655,JBMA,JBM AUTO,0.0,,0.0,0.05,1,EQ,NSE,NSE
2723,2984449,11658,79NHIT35-N1,,0.0,,0.0,0.01,1,EQ,NSE,NSE
2724,2986241,11665,79NHIT40-N2,,0.0,,0.0,0.01,1,EQ,NSE,NSE
2725,2986753,11667,DWARKESH,DWARIKESH SUGAR IND,0.0,,0.0,0.01,1,EQ,NSE,NSE
2726,2987265,11669,79NHIT47-N3,,0.0,,0.0,0.01,1,EQ,NSE,NSE
2727,2989057,11676,774HR29-SG,SDL HR 7.74% 2029,0.0,,0.0,0.01,100,EQ,NSE,NSE
2728,2989313,11677,INDOCO,INDOCO REMEDIES,0.0,,0.0,0.05,1,EQ,NSE,NSE
2729,2989569,11678,778MH30-SG,SDL MH 7.78% 2030,0.0,,0.0,0.01,100,EQ,NSE,NSE
2730,2989825,11679,784AS32-SG,SDL AS 7.84% 2032,0.0,,0.0,0.01,100,EQ,NSE,NSE
2731,2990593,11682,785BR32A-SG,SDL BR 7.85% 2032,0.0,,0.0,0.01,100,EQ,NSE,NSE
2732,2990849,11683,783GA32-SG,SDL GA 7.83% 2032,0.0,,0.0,0.01,100,EQ,NSE,NSE
2733,2992385,11689,SUPRAJIT,SUPRAJIT ENGINEERING,0.0,,0.0,0.05,1,EQ,NSE,NSE
2734,2992641,11690,781HR32C-SG,SDL HR 7.81% 2032,0.0,,0.0,0.01,100,EQ,NSE,NSE
2735,2992897,11691,784RJ32-SG,SDL RJ 7.84% 2032,0.0,,0.0,0.01,100,EQ,NSE,NSE
2736,2993409,11693,782TN32-SG,SDL TN 7.82% 2032,0.0,,0.0,0.01,100,EQ,NSE,NSE
2737,2993921,11695,788MP33-SG,SDL MP 7.88% 2033,0.0,,0.0,0.01,100,EQ,NSE,NSE
2738,2994177,11696,789TS36-SG,SDL TS 7.89% 2036,0.0,,0.0,0.01,100,EQ,NSE,NSE
2739,2994433,11697,791UP37-SG,SDL UP 7.91% 2037,0.0,,0.0,0.01,100,EQ,NSE,NSE
2740,2994689,11698,793WB37-SG,SDL WB 7.93% 2037,0.0,,0.0,0.01,100,EQ,NSE,NSE
2741,2994945,11699,PATELENG,PATEL ENGINEERING,0.0,,0.0,0.01,1,EQ,NSE,NSE
2742,2995201,11700,795WB39-SG,SDL WB 7.95% 2039,0.0,,0.0,0.01,100,EQ,NSE,NSE
2743,2995457,11701,787RJ40-SG,SDL RJ 7.87% 2040,0.0,,0.0,0.01,100,EQ,NSE,NSE
2744,2995969,11703,ALKEM,ALKEM LABORATORIES,0.0,,0.0,0.5,1,EQ,NSE,NSE
2745,2996225,11704,783TN42-SG,SDL TN 7.83% 2042,0.0,,0.0,0.01,100,EQ,NSE,NSE
2746,2996481,11705,XCHANGING,XCHANGING SOLUTIONS,0.0,,0.0,0.01,1,EQ,NSE,NSE
2747,2996737,11706,781KL44-SG,SDL KL 7.81% 2044,0.0,,0.0,0.01,100,EQ,NSE,NSE
2748,3000833,11722,707IRFC25-NF,,0.0,,0.0,0.01,1,EQ,NSE,NSE
2749,3001089,11723,JSWSTEEL,JSW STEEL,0.0,,0.0,0.1,1,EQ,NSE,NSE
2750,3002881,11730,728IRFC30-NG,,0.0,,0.0,0.01,1,EQ,NSE,NSE
2751,3003137,11731,CONSOFINVT,CONSO. FIN. & HOLD.,0.0,,0.0,0.01,1,EQ,NSE,NSE
2752,3006209,11743,JINDALPHOT,JINDAL PHOTO,0.0,,0.0,0.1,1,EQ,NSE,NSE
2753,3007489,11748,725IRFC35-NH,,0.0,,0.0,0.01,1,EQ,NSE,NSE
2754,3008257,11751,732IRFC25-NI,,0.0,,0.0,0.01,1,EQ,NSE,NSE
2755,3009025,11754,753IRFC30-NJ,,0.0,,0.0,0.01,1,EQ,NSE,NSE
2756,3009793,11757,750IRFC35-NK,,0.0,,0.0,0.01,1,EQ,NSE,NSE
2757,3010305,11759,786AP33-SG,SDL AP 7.86% 2033,0.0,,0.0,0.01,100,EQ,NSE,NSE
2758,3010561,11760,775AP29-SG,SDL AP 7.75% 2029,0.0,,0.0,0.01,100,EQ,NSE,NSE
2759,3011329,11763,JPPOWER,JAIPRAKASH POWER VEN.,0.0,,0.0,0.01,1,EQ,NSE,NSE
2760,3011585,11764,782AS32A-SG,SDL AS 7.82% 2032,0.0,,0.0,0.01,100,EQ,NSE,NSE
2761,3011841,11765,782RJ32-SG,SDL RJ 7.82% 2032,0.0,,0.0,0.01,100,EQ,NSE,NSE
2762,3012353,11767,784TS39-SG,SDL TS 7.84% 2039,0.0,,0.0,0.01,100,EQ,NSE,NSE
2763,3012609,11768,784TS40-SG,SDL TS 7.84% 2040,0.0,,0.0,0.01,100,EQ,NSE,NSE
2764,3012865,11769,783PN42-SG,SDL PN 7.83% 2042,0.0,,0.0,0.01,100,EQ,NSE,NSE
2765,3013121,11770,78KL45-SG,SDL KL 7.8% 2045,0.0,,0.0,0.01,100,EQ,NSE,NSE
2766,3015169,11778,GOKEX,GOKALDAS EXPORTS,0.0,,0.0,0.05,1,EQ,NSE,NSE
2767,3015425,11779,ACEINTEG,ACE INTEGRATED SOLU.,0.0,,0.0,0.01,1,EQ,NSE,NSE
2768,3016193,11782,EVEREADY,EVEREADY INDS. IND. ,0.0,,0.0,0.05,1,EQ,NSE,NSE
2769,3017473,11787,GOYALALUM,GOYAL ALUMINIUMS,0.0,,0.0,0.01,1,EQ,NSE,NSE
2770,3019265,11794,SAKSOFT,SAKSOFT,0.0,,0.0,0.01,1,EQ,NSE,NSE
2771,3019777,11796,HPIL,HINDPRAKASH INDUSTRY,0.0,,0.0,0.01,1,EQ,NSE,NSE
2772,3020289,11798,ALLDIGI,ALLDIGI TECH,0.0,,0.0,0.05,1,EQ,NSE,NSE
2773,3021825,11804,SUKHJITS,SUKHJIT STARCH & CHEM,0.0,,0.0,0.01,1,EQ,NSE,NSE
2774,3023105,11809,IIFL,IIFL FINANCE,0.0,,0.0,0.05,1,EQ,NSE,NSE
2775,3024129,11813,SHOPERSTOP,SHOPPERS STOP,0.0,,0.0,0.05,1,EQ,NSE,NSE
2776,3025153,11817,MANGALAM,MANGALAM DRUG & CHEM,0.0,,0.0,0.01,1,EQ,NSE,NSE
2777,3026177,11821,WELCORP,WELSPUN CORP,0.0,,0.0,0.05,1,EQ,NSE,NSE
2778,3028225,11829,SSWL,STEEL STRIPS WHEELS,0.0,,0.0,0.01,1,EQ,NSE,NSE
2779,3031041,11840,NH,NARAYANA HRUDAYALAYA,0.0,,0.0,0.1,1,EQ,NSE,NSE
2780,3032321,11845,CYBERMEDIA-BE,CYBER MEDIA (INDIA),0.0,,0.0,0.01,1,EQ,NSE,NSE
2781,3034113,11852,SURYALAXMI,SURYALAKSHMI COT MIL,0.0,,0.0,0.01,1,EQ,NSE,NSE
2782,3034625,11854,915SCL27A-ZL,,0.0,,0.0,0.01,1,EQ,NSE,NSE
2783,3035137,11856,SHAHALLOYS,SHAH ALLOYS,0.0,,0.0,0.01,1,EQ,NSE,NSE
2784,3035393,11857,89SCL24A-ZM,,0.0,,0.0,0.01,1,EQ,NSE,NSE
2785,3036161,11860,JKPAPER,JK PAPER,0.0,,0.0,0.05,1,EQ,NSE,NSE
2786,3036417,11861,93SCL24A-ZN,,0.0,,0.0,0.01,1,EQ,NSE,NSE
2787,3037185,11864,PRIMESECU,PRIME SECURITIES,0.0,,0.0,0.05,1,EQ,NSE,NSE
2788,3037697,11866,757GJ26-SG,SDL GJ 7.57% 2026,0.0,,0.0,0.01,100,EQ,NSE,NSE
2789,3037953,11867,776HR30-SG,SDL HR 7.76% 2030,0.0,,0.0,0.01,100,EQ,NSE,NSE
2790,3038209,11868,63MOONS,63 MOONS TECHNOLOGIES,0.0,,0.0,0.05,1,EQ,NSE,NSE
2791,3038465,11869,787HP35-SG,SDL HP 7.87% 2035,0.0,,0.0,0.01,100,EQ,NSE,NSE
2792,3038721,11870,785HP36-SG,SDL HP 7.85% 2036,0.0,,0.0,0.01,100,EQ,NSE,NSE
2793,3039233,11872,GRANULES,GRANULES INDIA,0.0,,0.0,0.05,1,EQ,NSE,NSE
2794,3039489,11873,787MZ36-SG,SDL MZ 7.87% 2036,0.0,,0.0,0.01,100,EQ,NSE,NSE
2795,3039745,11874,784HP37-SG,SDL HP 7.84% 2037,0.0,,0.0,0.01,100,EQ,NSE,NSE
2796,3040513,11877,78TN42-SG,SDL TN 7.8% 2042,0.0,,0.0,0.01,100,EQ,NSE,NSE
2797,3040769,11878,782SK32A-SG,SDL SK 7.82% 2032,0.0,,0.0,0.01,100,EQ,NSE,NSE
2798,3041281,11880,JSWHL,JSW HOLDINGS,0.0,,0.0,5.0,1,EQ,NSE,NSE
2799,3041537,11881,782NL32A-SG,SDL NL 7.82% 2032,0.0,,0.0,0.01,100,EQ,NSE,NSE
2800,3041793,11882,783BR32-SG,SDL BR 7.83% 2032,0.0,,0.0,0.01,100,EQ,NSE,NSE
2801,3042305,11884,MANINDS,MAN INDUSTRIES (I),0.0,,0.0,0.05,1,EQ,NSE,NSE
2802,3042561,11885,786JH34-SG,SDL JH 7.86% 2034,0.0,,0.0,0.01,100,EQ,NSE,NSE
2803,3042817,11886,787HP34-SG,SDL HP 7.87% 2034,0.0,,0.0,0.01,100,EQ,NSE,NSE
2804,3044353,11892,VHL,VARDHMAN HOLDINGS,0.0,,0.0,0.1,1,EQ,NSE,NSE
2805,3045121,11895,DCXINDIA,DCX SYSTEMS,0.0,,0.0,0.01,1,EQ,NSE,NSE
2806,3045377,11896,GEOJITFSL,GEOJIT FINANCIAL SER L,0.0,,0.0,0.01,1,EQ,NSE,NSE
2807,3047169,11903,IPSL-SM,INTEGRATED PERSO SER,0.0,,0.0,0.05,500,EQ,NSE,NSE
2808,3047681,11905,GENUSPOWER,GENUS POWER INFRASTRU,0.0,,0.0,0.05,1,EQ,NSE,NSE
2809,3048705,11909,SWELECTES,SWELECT ENERGY SYS,0.0,,0.0,0.05,1,EQ,NSE,NSE
2810,3048961,11910,RITEZONE-SM,RITE ZONE CHEMCON IND,0.0,,0.0,0.05,1600,EQ,NSE,NSE
2811,3050241,11915,YESBANK,YES BANK,0.0,,0.0,0.01,1,EQ,NSE,NSE
2812,3051265,11919,MSPL,MSP STEEL & POWER,0.0,,0.0,0.01,1,EQ,NSE,NSE
2813,3051521,11920,VITAL-SM,VITAL CHEMTECH,0.0,,0.0,0.05,1200,EQ,NSE,NSE
2814,3053313,11927,NECLIFE,NECTAR LIFESCIENCES,0.0,,0.0,0.01,1,EQ,NSE,NSE
2815,3054593,11932,FUSION,FUSION FINANCE,0.0,,0.0,0.01,1,EQ,NSE,NSE
2816,3055361,11935,SPLIL,SPL INDUSTRIES,0.0,,0.0,0.01,1,EQ,NSE,NSE
2817,3056385,11939,AMIABLE-SM,AMIABLE LOGISTICS (I),0.0,,0.0,0.05,1600,EQ,NSE,NSE
2818,3057665,11944,MCLEODRUSS-BE,MCLEOD RUSSEL INDIA,0.0,,0.0,0.01,1,EQ,NSE,NSE
2819,3057921,11945,ANZEN-IV,ANZEN IND ENE YLD PLU TRU,0.0,,0.0,0.01,25000,EQ,NSE,NSE
2820,3058945,11949,714NHAI26-N7,,0.0,,0.0,0.01,1,EQ,NSE,NSE
2821,3059713,11952,739NHAI26-N8,,0.0,,0.0,0.01,1,EQ,NSE,NSE
2822,3060225,11954,735NHAI31-N9,,0.0,,0.0,0.01,1,EQ,NSE,NSE
2823,3060737,11956,MEDANTA,GLOBAL HEALTH,0.0,,0.0,0.1,1,EQ,NSE,NSE
2824,3062017,11961,SEMAC,SEMAC CONSTRUCTION,0.0,,0.0,0.05,1,EQ,NSE,NSE
2825,3063297,11966,BIKAJI,BIKAJI FOODS INTERN,0.0,,0.0,0.05,1,EQ,NSE,NSE
2826,3064577,11971,GOLDIAM,GOLDIAM INTERNATIONAL,0.0,,0.0,0.05,1,EQ,NSE,NSE
2827,3065601,11975,RML,RANE (MADRAS),0.0,,0.0,0.05,1,EQ,NSE,NSE
2828,3066369,11978,768KA31-SG,SDL KA 7.68% 2031,0.0,,0.0,0.01,100,EQ,NSE,NSE
2829,3066625,11979,HTMEDIA,HT MEDIA,0.0,,0.0,0.01,1,EQ,NSE,NSE
2830,3066881,11980,767AS32-SG,SDL AS 7.67% 2032,0.0,,0.0,0.01,100,EQ,NSE,NSE
2831,3067137,11981,765PN42-SG,SDL PN 7.65% 2042,0.0,,0.0,0.01,100,EQ,NSE,NSE
2832,3067649,11983,SASKEN,SASKEN TECHNOLOGIES,0.0,,0.0,0.1,1,EQ,NSE,NSE
2833,3067905,11984,767KA32-SG,SDL KA 7.67% 2032,0.0,,0.0,0.01,100,EQ,NSE,NSE
2834,3068161,11985,768BR32-SG,SDL BR 7.68% 2032,0.0,,0.0,0.01,100,EQ,NSE,NSE
2835,3068673,11987,ICIL,INDO COUNT INDUSTRIES,0.0,,0.0,0.05,1,EQ,NSE,NSE
2836,3069953,11992,SYNCOMF,SYNCOM FORMU (I),0.0,,0.0,0.01,1,EQ,NSE,NSE
2837,3071745,11999,FCSSOFT,FCS SOFTWARE SOLN.,0.0,,0.0,0.01,1,EQ,NSE,NSE
2838,3072001,12000,FAZE3Q,FAZE THREE,0.0,,0.0,0.05,1,EQ,NSE,NSE
2839,3072769,12003,76NHAI31-NA,,0.0,,0.0,0.01,1,EQ,NSE,NSE
2840,3074305,12009,IMPAL,IND MOTOR PART & ACC,0.0,,0.0,0.1,1,EQ,NSE,NSE
2841,3075841,12015,AEROENTER,AEROFLEX ENTERPRISES,0.0,,0.0,0.01,1,EQ,NSE,NSE
2842,3076609,12018,SUZLON,SUZLON ENERGY,0.0,,0.0,0.01,1,EQ,NSE,NSE
2843,3077633,12022,AURIONPRO,AURIONPRO SOLN,0.0,,0.0,0.1,1,EQ,NSE,NSE
2844,3078145,12024,ACI,ARCHEAN CHEMICAL IND,0.0,,0.0,0.05,1,EQ,NSE,NSE
2845,3078657,12026,RENUKA,SHREE RENUKA SUGARS,0.0,,0.0,0.01,1,EQ,NSE,NSE
2846,3080193,12032,FIVESTAR,FIVE-STAR BUS FIN,0.0,,0.0,0.05,1,EQ,NSE,NSE
2847,3080705,12034,BASML,BANNARI AM SPIN MILL,0.0,,0.0,0.01,1,EQ,NSE,NSE
2848,3090433,12072,SCPL,SHEETAL COOL PRODUCTS,0.0,,0.0,0.01,1,EQ,NSE,NSE
2849,3095553,12092,KAYNES,KAYNES TECHNOLOGY IND,0.0,,0.0,0.5,1,EQ,NSE,NSE
2850,3097857,12101,HDFCNIFIT,HDFCAMC - HDFCNIFIT,0.0,,0.0,0.01,1,EQ,NSE,NSE
2851,3099649,12108,HDFCPVTBAN,HDFCAMC - HDFCPVTBAN,0.0,,0.0,0.01,1,EQ,NSE,NSE
2852,3102977,12121,AARTISURF-P1,AARTI SURFACTANTS,0.0,,0.0,0.05,1,EQ,NSE,NSE
2853,3103745,12124,DOLATALGO,DOLAT ALGOTECH,0.0,,0.0,0.01,1,EQ,NSE,NSE
2854,3111169,12153,BBTCL,B&B TRIPLEWALL CONT,0.0,,0.0,0.01,1,EQ,NSE,NSE
2855,3116289,12173,HNDFDS,HINDUSTAN FOODS,0.0,,0.0,0.05,1,EQ,NSE,NSE
2856,3120129,12188,INOXGREEN,INOX GREEN ENERGY SER,0.0,,0.0,0.01,1,EQ,NSE,NSE
2857,3128065,12219,RUSTOMJEE,KEYSTONE REALTORS,0.0,,0.0,0.05,1,EQ,NSE,NSE
2858,3145985,12289,739ML26-SG,SDL ML 7.39% 2026,0.0,,0.0,0.01,100,EQ,NSE,NSE
2859,3147521,12295,768HR31-SG,SDL HR 7.68% 2031,0.0,,0.0,0.01,100,EQ,NSE,NSE
2860,3148801,12300,77BR32-SG,SDL BR 7.7% 2032,0.0,,0.0,0.01,100,EQ,NSE,NSE
2861,3149057,12301,769GA32A-SG,SDL GA 7.69% 2032,0.0,,0.0,0.01,100,EQ,NSE,NSE
2862,3149569,12303,77HR34-SG,SDL HR 7.7% 2034,0.0,,0.0,0.01,100,EQ,NSE,NSE
2863,3151617,12311,774KA37-SG,SDL KA 7.74% 2037,0.0,,0.0,0.01,100,EQ,NSE,NSE
2864,3152129,12313,766KA42-SG,SDL KA 7.66% 2042,0.0,,0.0,0.01,100,EQ,NSE,NSE
2865,3154177,12321,763TS43-SG,SDL TS 7.63% 2043,0.0,,0.0,0.01,100,EQ,NSE,NSE
2866,3155969,12328,763TS44-SG,SDL TS 7.63% 2044,0.0,,0.0,0.01,100,EQ,NSE,NSE
2867,3160321,12345,763TN47-SG,SDL TN 7.63% 2047,0.0,,0.0,0.01,100,EQ,NSE,NSE
2868,3170305,12384,ZIMLAB,ZIM LABORATORIES,0.0,,0.0,0.01,1,EQ,NSE,NSE
2869,3191041,12465,10CAGL27-N5,,0.0,,0.0,0.01,1,EQ,NSE,NSE
2870,3192577,12471,CAGL27A-N6,,0.0,,0.0,0.01,1,EQ,NSE,NSE
2871,3197185,12489,SWSOLAR,STRLNG & WIL REN ENE,0.0,,0.0,0.01,1,EQ,NSE,NSE
2872,3197441,12490,VINNY,VINNY OVERSEAS,0.0,,0.0,0.01,1,EQ,NSE,NSE
2873,3210753,12542,AAATECH-BE,AAA TECHNOLOGIES,0.0,,0.0,0.01,1,EQ,NSE,NSE
2874,3219969,12578,FINIETF,ICICIPRAMC-ICICIFIN,0.0,,0.0,0.01,1,EQ,NSE,NSE
2875,3226369,12603,PRECAM,PRECISION CAMSHAFTS,0.0,,0.0,0.01,1,EQ,NSE,NSE
2876,3236609,12643,OSIAHYPER-BE,OSIA HYPER RETAIL,0.0,,0.0,0.01,1,EQ,NSE,NSE
2877,3240193,12657,744HR27-SG,SDL HR 7.44% 2027,0.0,,0.0,0.01,100,EQ,NSE,NSE
2878,3240961,12660,75AP28-SG,SDL AP 7.5% 2028,0.0,,0.0,0.01,100,EQ,NSE,NSE
2879,3241217,12661,755AP29-SG,SDL AP 7.55% 2029,0.0,,0.0,0.01,100,EQ,NSE,NSE
2880,3241985,12664,757HR30-SG,SDL HR 7.57% 2030,0.0,,0.0,0.01,100,EQ,NSE,NSE
2881,3242497,12666,762AS32-SG,SDL AS 7.62% 2032,0.0,,0.0,0.01,100,EQ,NSE,NSE
2882,3242753,12667,76GJ32-SG,SDL GJ 7.6% 2032,0.0,,0.0,0.01,100,EQ,NSE,NSE
2883,3244289,12673,762PN32-SG,SDL PN 7.62% 2032,0.0,,0.0,0.01,100,EQ,NSE,NSE
2884,3245569,12678,762GA32-SG,SDL GA 7.62% 2032,0.0,,0.0,0.01,100,EQ,NSE,NSE
2885,3247617,12686,MBAPL,MADHYA BHARAT AGRO P.,0.0,,0.0,0.05,1,EQ,NSE,NSE
2886,3248385,12689,764AP33-SG,SDL AP 7.64% 2033,0.0,,0.0,0.01,100,EQ,NSE,NSE
2887,3249153,12692,763KA37-SG,SDL KA 7.63% 2037,0.0,,0.0,0.01,100,EQ,NSE,NSE
2888,3251457,12701,768JK37-SG,SDL JK 7.68% 2037,0.0,,0.0,0.01,100,EQ,NSE,NSE
2889,3252737,12706,763PN39-SG,SDL PN 7.63% 2039,0.0,,0.0,0.01,100,EQ,NSE,NSE
2890,3253761,12710,763KA42-SG,SDL KA 7.63% 2042,0.0,,0.0,0.01,100,EQ,NSE,NSE
2891,3255297,12716,TEAMLEASE,TEAMLEASE SERVICES,0.0,,0.0,0.1,1,EQ,NSE,NSE
2892,3257857,12726,763KL43-SG,SDL KL 7.63% 2043,0.0,,0.0,0.01,100,EQ,NSE,NSE
2893,3263745,12749,DJML,DJ MEDIAPRINT & LOG,0.0,,0.0,0.01,1,EQ,NSE,NSE
2894,3280385,12814,HYBRIDFIN-BE,HYBRID FINANCIAL SERVICE,0.0,,0.0,0.01,1,EQ,NSE,NSE
2895,3288833,12847,KRISHANA,KRISHANA PHOSCHEM,0.0,,0.0,0.05,1,EQ,NSE,NSE
2896,3303425,12904,SGBAUG27-GB,2.50%GOLDBONDS2027SR-III,0.0,,0.0,0.01,1,EQ,NSE,NSE
2897,3305729,12913,SARVESHWAR,SARVESHWAR FOODS,0.0,,0.0,0.01,1,EQ,NSE,NSE
2898,3307265,12919,931SFL26-Z5,,0.0,,0.0,0.01,1,EQ,NSE,NSE
2899,3310849,12933,97SFL26-Z9,,0.0,,0.0,0.01,1,EQ,NSE,NSE
2900,3312897,12941,SFLZC26A-ZC,,0.0,,0.0,0.01,1,EQ,NSE,NSE
2901,3320577,12971,PRITIKA-SM,PRITIKA ENG COMPO,0.0,,0.0,0.05,2000,EQ,NSE,NSE
2902,3322369,12978,NPBET,TATAAML - NPBET,0.0,,0.0,0.01,1,EQ,NSE,NSE
2903,3325185,12989,BAHETI-SM,BAHETI RECYCLING IND,0.0,,0.0,0.05,375,EQ,NSE,NSE
2904,3328257,13001,DHARMAJ,DHARMAJ CROP GUARD,0.0,,0.0,0.01,1,EQ,NSE,NSE
2905,3336193,13032,SECL-ST,SALASAR EXTERIOR CONT,0.0,,0.0,0.05,6250,EQ,NSE,NSE
2906,3336961,13035,SAFARI,SAFARI IND (INDIA),0.0,,0.0,0.1,1,EQ,NSE,NSE
2907,3337729,13038,755BR32A-SG,SDL BR 7.55% 2032,0.0,,0.0,0.01,100,EQ,NSE,NSE
2908,3340545,13049,759KA38-SG,SDL KA 7.59% 2038,0.0,,0.0,0.01,100,EQ,NSE,NSE
2909,3340801,13050,754KA41-SG,SDL KA 7.54% 2041,0.0,,0.0,0.01,100,EQ,NSE,NSE
2910,3341057,13051,753TS47-SG,SDL TS 7.53% 2047,0.0,,0.0,0.01,100,EQ,NSE,NSE
2911,3342593,13057,UNIPARTS,UNIPARTS INDIA,0.0,,0.0,0.05,1,EQ,NSE,NSE
2912,3343617,13061,360ONE,360 ONE WAM,0.0,,0.0,0.1,1,EQ,NSE,NSE
2913,3346433,13072,IIFLCAPS,IIFL CAPITAL SERVICES,0.0,,0.0,0.05,1,EQ,NSE,NSE
2914,3348737,13081,TRIVENI,TRIVENI ENGG. & INDS.,0.0,,0.0,0.05,1,EQ,NSE,NSE
2915,3348993,13082,SILVER1,KOTAKMAMC - KOTAKSILVE,0.0,,0.0,0.01,1,EQ,NSE,NSE
2916,3350017,13086,AIAENG,AIA ENGINEERING,0.0,,0.0,0.1,1,EQ,NSE,NSE
2917,3351297,13091,EKC,EVEREST KANTO CYLINDERLTD,0.0,,0.0,0.01,1,EQ,NSE,NSE
2918,3353089,13098,ARHAM-ST,ARHAM TECHNOLOGIES,0.0,,0.0,0.05,1000,EQ,NSE,NSE
2919,3353857,13101,VIMTALABS,VIMTA LABS,0.0,,0.0,0.05,1,EQ,NSE,NSE
2920,3355137,13106,NAHARINDUS,NAHAR INDS ENT,0.0,,0.0,0.01,1,EQ,NSE,NSE
2921,3356417,13111,ORIENTCER,ORIENT CERATECH,0.0,,0.0,0.01,1,EQ,NSE,NSE
2922,3356673,13112,757AS32-SG,SDL AS 7.57% 2032,0.0,,0.0,0.01,100,EQ,NSE,NSE
2923,3356929,13113,758BR32-SG,SDL BR 7.58% 2032,0.0,,0.0,0.01,100,EQ,NSE,NSE
2924,3357697,13116,QUICKHEAL,QUICK HEAL TECH,0.0,,0.0,0.05,1,EQ,NSE,NSE
2925,3357953,13117,757HP32-SG,SDL HP 7.57% 2032,0.0,,0.0,0.01,100,EQ,NSE,NSE
2926,3358209,13118,74ML27-SG,SDL ML 7.4% 2027,0.0,,0.0,0.01,100,EQ,NSE,NSE
2927,3358977,13121,KERNEX,KERNEX MICROSYS(I),0.0,,0.0,0.1,1,EQ,NSE,NSE
2928,3359233,13122,751HR29-SG,SDL HR 7.51% 2029,0.0,,0.0,0.01,100,EQ,NSE,NSE
2929,3359745,13124,755GA32-SG,SDL GA 7.55% 2032,0.0,,0.0,0.01,100,EQ,NSE,NSE
2930,3360257,13126,REPRO,REPRO INDIA,0.0,,0.0,0.05,1,EQ,NSE,NSE
2931,3360513,13127,763HP37-SG,SDL HP 7.63% 2037,0.0,,0.0,0.01,100,EQ,NSE,NSE
2932,3360769,13128,763KA39-SG,SDL KA 7.63% 2039,0.0,,0.0,0.01,100,EQ,NSE,NSE
2933,3362305,13134,763KA40-SG,SDL KA 7.63% 2040,0.0,,0.0,0.01,100,EQ,NSE,NSE
2934,3362561,13135,761JK42-SG,SDL JK 7.61% 2042,0.0,,0.0,0.01,100,EQ,NSE,NSE
2935,3363585,13139,EBBETF0433,EDELAMC - EBBETF0433,0.0,,0.0,0.01,1,EQ,NSE,NSE
2936,3364609,13143,GSEC10IETF,ICICIPRAMC - ICICI10GS,0.0,,0.0,0.01,1,EQ,NSE,NSE
2937,3365633,13147,PVRINOX,PVR INOX,0.0,,0.0,0.1,1,EQ,NSE,NSE
2938,3369473,13162,CELEBRITY,CELEBRITY FASHIONS,0.0,,0.0,0.01,1,EQ,NSE,NSE
2939,3372801,13175,NITINSPIN,NITIN SPINNERS,0.0,,0.0,0.05,1,EQ,NSE,NSE
2940,3374593,13182,ROHLTD,ROYAL ORCHID HOTELS,0.0,,0.0,0.05,1,EQ,NSE,NSE
2941,3376129,13188,RCOM-BE,RELIANCE COMMUNICATIONS L,0.0,,0.0,0.01,1,EQ,NSE,NSE
2942,3377153,13192,ENIL,ENTERTAIN NET. IND.,0.0,,0.0,0.01,1,EQ,NSE,NSE
2943,3377665,13194,741GS2036-GS,GOI LOAN  7.41% 2036,0.0,,0.0,0.01,1,EQ,NSE,NSE
2944,3378433,13197,GSPL,GUJARAT STATE PETRO,0.0,,0.0,0.05,1,EQ,NSE,NSE
2945,3378689,13198,COMMOIETF,ICICIPRAMC - ICICICOMMO,0.0,,0.0,0.01,1,EQ,NSE,NSE
2946,3379969,13203,ALLETEC-SM,ALL E TECHNOLOGIES,0.0,,0.0,0.05,400,EQ,NSE,NSE
2947,3381505,13209,SGBSEP27-GB,2.50%GOLDBONDS2027SR-IV,0.0,,0.0,0.01,1,EQ,NSE,NSE
2948,3382017,13211,JAGRAN,JAGRAN PRAKASHAN,0.0,,0.0,0.01,1,EQ,NSE,NSE
2949,3383809,13218,SULA,SULA VINEYARDS,0.0,,0.0,0.01,1,EQ,NSE,NSE
2950,3386625,13229,GVKPIL-BE,GVK POW. & INFRA,0.0,,0.0,0.01,1,EQ,NSE,NSE
2951,3388417,13236,SADBHAV,SADBHAV ENGINEERING,0.0,,0.0,0.01,1,EQ,NSE,NSE
2952,3388673,13237,767WB37-SG,SDL WB 7.67% 2037,0.0,,0.0,0.01,100,EQ,NSE,NSE
2953,3389185,13239,749ML27-SG,SDL ML 7.49% 2027,0.0,,0.0,0.01,100,EQ,NSE,NSE
2954,3389697,13241,758HR30-SG,SDL HR 7.58% 2030,0.0,,0.0,0.01,100,EQ,NSE,NSE
2955,3389953,13242,764BR32-SG,SDL BR 7.64% 2032,0.0,,0.0,0.01,100,EQ,NSE,NSE
2956,3390209,13243,765GA32-SG,SDL GA 7.65% 2032,0.0,,0.0,0.01,100,EQ,NSE,NSE
2957,3390465,13244,763HR32-SG,SDL HR 7.63% 2032,0.0,,0.0,0.01,100,EQ,NSE,NSE
2958,3390721,13245,76KA32-SG,SDL KA 7.6% 2032,0.0,,0.0,0.01,100,EQ,NSE,NSE
2959,3391233,13247,765NL32-SG,SDL NL 7.65% 2032,0.0,,0.0,0.01,100,EQ,NSE,NSE
2960,3391489,13248,764WB32-SG,SDL WB 7.64% 2032,0.0,,0.0,0.01,100,EQ,NSE,NSE
2961,3392257,13251,SAKUMA,SAKUMA EXPORTS,0.0,,0.0,0.01,1,EQ,NSE,NSE
2962,3392513,13252,769MN34-SG,SDL MN 7.69% 2034,0.0,,0.0,0.01,100,EQ,NSE,NSE
2963,3393025,13254,768KA34-SG,SDL KA 7.68% 2034,0.0,,0.0,0.01,100,EQ,NSE,NSE
2964,3393537,13256,77MZ35-SG,SDL MZ 7.7% 2035,0.0,,0.0,0.01,100,EQ,NSE,NSE
2965,3393793,13257,767JH37-SG,SDL JH 7.67% 2037,0.0,,0.0,0.01,100,EQ,NSE,NSE
2966,3394561,13260,KEC,KEC INTL.,0.0,,0.0,0.05,1,EQ,NSE,NSE
2967,3397121,13270,JKCEMENT,JK CEMENT,0.0,,0.0,0.5,1,EQ,NSE,NSE
2968,3398401,13275,INDOTECH,INDO TECH TRANSFORM,0.0,,0.0,0.1,1,EQ,NSE,NSE
2969,3398657,13276,LANDMARK,LANDMARK CARS,0.0,,0.0,0.05,1,EQ,NSE,NSE
2970,3400961,13285,M&MFIN,M&M FIN. SERVICES,0.0,,0.0,0.05,1,EQ,NSE,NSE
2971,3401729,13288,AFSL,ABANS FINANCIAL SRVCS,0.0,,0.0,0.01,1,EQ,NSE,NSE
2972,3402241,13290,BLKASHYAP,B.L.KASHYAP & SON,0.0,,0.0,0.01,1,EQ,NSE,NSE
2973,3404289,13298,VISASTEEL-BE,VISA STEEL,0.0,,0.0,0.01,1,EQ,NSE,NSE
2974,3404801,13300,NITCO,NITCO,0.0,,0.0,0.01,1,EQ,NSE,NSE
2975,3406081,13305,CENTURYPLY,CENTURY PLYBOARDS (I),0.0,,0.0,0.05,1,EQ,NSE,NSE
2976,3407361,13310,KEI,KEI INDUSTRIES,0.0,,0.0,0.1,1,EQ,NSE,NSE
2977,3410177,13321,ORTEL-BZ,ORTEL COMMUNICATIONS,0.0,,0.0,0.01,1,EQ,NSE,NSE
2978,3410689,13323,DOLLEX-SM,DOLLEX AGROTECH,0.0,,0.0,0.05,4000,EQ,NSE,NSE
2979,3412993,13332,SOLARINDS,SOLAR INDUSTRIES (I),0.0,,0.0,1.0,1,EQ,NSE,NSE
2980,3414273,13337,GALLANTT,GALLANTT ISPAT,0.0,,0.0,0.05,1,EQ,NSE,NSE
2981,3415553,13342,VAKRANGEE,VAKRANGEE,0.0,,0.0,0.01,1,EQ,NSE,NSE
2982,3417089,13348,ARIHANTACA-ST,ARIHANT ACADEMY,0.0,,0.0,0.05,400,EQ,NSE,NSE
2983,3417345,13349,UMA-SM,UMA CONVERTER,0.0,,0.0,0.05,4000,EQ,NSE,NSE
2984,3418113,13352,MALUPAPER,MALU PAPER MILLS,0.0,,0.0,0.01,1,EQ,NSE,NSE
2985,3419905,13359,KFINTECH,KFIN TECHNOLOGIES,0.0,,0.0,0.1,1,EQ,NSE,NSE
2986,3421697,13366,755GJ30-SG,SDL GJ 7.55% 2030,0.0,,0.0,0.01,100,EQ,NSE,NSE
2987,3421953,13367,SGL,STL GLOBAL,0.0,,0.0,0.01,1,EQ,NSE,NSE
2988,3422209,13368,758JH31-SG,SDL JH 7.58% 2031,0.0,,0.0,0.01,100,EQ,NSE,NSE
2989,3422465,13369,757GJ31-SG,SDL GJ 7.57% 2031,0.0,,0.0,0.01,100,EQ,NSE,NSE
2990,3423233,13372,762AR32-SG,SDL AR 7.62% 2032,0.0,,0.0,0.01,100,EQ,NSE,NSE
2991,3423489,13373,762GA32A-SG,SDL GA 7.62% 2032,0.0,,0.0,0.01,100,EQ,NSE,NSE
2992,3423745,13374,76KA32A-SG,SDL KA 7.6% 2032,0.0,,0.0,0.01,100,EQ,NSE,NSE
2993,3424001,13375,763KL32-SG,SDL KL 7.63% 2032,0.0,,0.0,0.01,100,EQ,NSE,NSE
2994,3424257,13376,UTTAMSUGAR,UTTAM SUGAR MILLS,0.0,,0.0,0.01,1,EQ,NSE,NSE
2995,3424513,13377,761RJ32-SG,SDL RJ 7.61% 2032,0.0,,0.0,0.01,100,EQ,NSE,NSE
2996,3425025,13379,761TN32A-SG,SDL TN 7.61% 2032,0.0,,0.0,0.01,100,EQ,NSE,NSE
2997,3425537,13381,KKCL,KEWAL KIRAN CLOTHING,0.0,,0.0,0.05,1,EQ,NSE,NSE
2998,3425793,13382,763PY32-SG,SDL PY 7.63% 2032,0.0,,0.0,0.01,100,EQ,NSE,NSE
2999,3426305,13384,765KA34-SG,SDL KA 7.65% 2034,0.0,,0.0,0.01,100,EQ,NSE,NSE
3000,3427073,13387,766TS34-SG,SDL TS 7.66% 2034,0.0,,0.0,0.01,100,EQ,NSE,NSE
3001,3427585,13389,767TS35-SG,SDL TS 7.67% 2035,0.0,,0.0,0.01,100,EQ,NSE,NSE
3002,3428353,13392,77JK37-SG,SDL JK 7.7% 2037,0.0,,0.0,0.01,100,EQ,NSE,NSE
3003,3428609,13393,769TN37-SG,SDL TN 7.69% 2037,0.0,,0.0,0.01,100,EQ,NSE,NSE
3004,3429633,13397,769PY37-SG,SDL PY 7.69% 2037,0.0,,0.0,0.01,100,EQ,NSE,NSE
3005,3429889,13398,768PN39-SG,SDL PN 7.68% 2039,0.0,,0.0,0.01,100,EQ,NSE,NSE
3006,3430145,13399,767WB39-SG,SDL WB 7.67% 2039,0.0,,0.0,0.01,100,EQ,NSE,NSE
3007,3430401,13400,BHAGERIA,BHAGERIA INDUSTRIES,0.0,,0.0,0.01,1,EQ,NSE,NSE
3008,3430657,13401,767WB41-SG,SDL WB 7.67% 2041,0.0,,0.0,0.01,100,EQ,NSE,NSE
3009,3431425,13404,SUNTV,SUN TV NETWORK,0.0,,0.0,0.05,1,EQ,NSE,NSE
3010,3432705,13409,GPIL,GODAWARI POW & ISP,0.0,,0.0,0.01,1,EQ,NSE,NSE
3011,3433985,13414,RSYSTEMS,R SYS INTERNATIONAL,0.0,,0.0,0.05,1,EQ,NSE,NSE
3012,3435265,13419,SUPREMEINF-BZ,SUPREME INFRA.,0.0,,0.0,0.01,1,EQ,NSE,NSE
3013,3436289,13423,ELIN,ELIN ELECTRONICS,0.0,,0.0,0.01,1,EQ,NSE,NSE
3014,3436545,13424,EMKAY-BE,EMKAY GLOBAL FIN SERV,0.0,,0.0,0.05,1,EQ,NSE,NSE
3015,3438081,13430,KELLTONTEC,KELLTON TECH SOL,0.0,,0.0,0.01,1,EQ,NSE,NSE
3016,3439617,13436,LOKESHMACH,LOKESH MACHINES,0.0,,0.0,0.01,1,EQ,NSE,NSE
3017,3440897,13441,BALPHARMA,BAL PHARMA,0.0,,0.0,0.01,1,EQ,NSE,NSE
3018,3443457,13451,RATNAMANI,RATNAMANI MET & TUB,0.0,,0.0,0.1,1,EQ,NSE,NSE
3019,3444993,13457,KAMDHENU,KAMDHENU,0.0,,0.0,0.01,1,EQ,NSE,NSE
3020,3445761,13460,905SCL25-ZT,,0.0,,0.0,0.01,1,EQ,NSE,NSE
3021,3446529,13463,PIONEEREMB,PIONEER EMBROIDERIES,0.0,,0.0,0.01,1,EQ,NSE,NSE
3022,3447041,13465,955SCL25-ZU,,0.0,,0.0,0.01,1,EQ,NSE,NSE
3023,3448833,13472,645GS2029-GS,GOI LOAN 6.45% 2029,0.0,,0.0,0.01,1,EQ,NSE,NSE
3024,3450113,13477,87SCL25-ZV,,0.0,,0.0,0.01,1,EQ,NSE,NSE
3025,3451393,13482,916SCL25-ZW,,0.0,,0.0,0.01,1,EQ,NSE,NSE
3026,3451905,13484,98SCL27-ZX,,0.0,,0.0,0.01,1,EQ,NSE,NSE
3027,3452673,13487,894SCL27-ZY,,0.0,,0.0,0.01,1,EQ,NSE,NSE
3028,3453697,13491,JKLAKSHMI,JK LAKSHMI CEMENT,0.0,,0.0,0.05,1,EQ,NSE,NSE
3029,3453953,13492,939SCL27-ZZ,,0.0,,0.0,0.01,1,EQ,NSE,NSE
3030,3454977,13496,PFOCUS,PRIME FOCUS,0.0,,0.0,0.01,1,EQ,NSE,NSE
3031,3455233,13497,965SCL25C-N0,,0.0,,0.0,0.01,1,EQ,NSE,NSE
3032,3456257,13501,ALLCARGO,ALLCARGO LOGISTICS,0.0,,0.0,0.01,1,EQ,NSE,NSE
3033,3457793,13507,MOXSH-ST,MOXSH OVERSEAS EDUCON,0.0,,0.0,0.05,3200,EQ,NSE,NSE
3034,3458561,13510,AKASH,AKASH INFRA-PROJECTS,0.0,,0.0,0.01,1,EQ,NSE,NSE
3035,3458817,13511,MUNJALAU,MUNJAL AUTO IND.,0.0,,0.0,0.01,1,EQ,NSE,NSE
3036,3459841,13515,OMKARCHEM-BZ,OMKAR SPL CHEM,0.0,,0.0,0.01,1,EQ,NSE,NSE
3037,3460353,13517,EMAMILTD,EMAMI,0.0,,0.0,0.05,1,EQ,NSE,NSE
3038,3461633,13522,NECCLTD,NORTH EAST CARRY CORP,0.0,,0.0,0.01,1,EQ,NSE,NSE
3039,3462657,13526,HOMESFY-SM,HOMESFY REALTY,0.0,,0.0,0.05,300,EQ,NSE,NSE
3040,3463169,13528,GMRAIRPORT,GMR AIRPORTS,0.0,,0.0,0.01,1,EQ,NSE,NSE
3041,3465217,13536,VIDHIING,VIDHI SPCLTY F INGRDNTS L,0.0,,0.0,0.05,1,EQ,NSE,NSE
3042,3465729,13538,TECHM,TECH MAHINDRA,0.0,,0.0,0.1,1,EQ,NSE,NSE
3043,3470593,13557,AVONMORE,AVONMORE CAP&MGT SERV,0.0,,0.0,0.01,1,EQ,NSE,NSE
3044,3471361,13560,GRINDWELL,GRINDWELL NORTON,0.0,,0.0,0.1,1,EQ,NSE,NSE
3045,3472641,13565,RAMANEWS,SHREE RAMA NEWSPRINT,0.0,,0.0,0.01,1,EQ,NSE,NSE
3046,3473921,13570,RBMINFRA-SM,RBM INFRACON,0.0,,0.0,0.05,200,EQ,NSE,NSE
3047,3475201,13575,MANUGRAPH-BE,MANUGRAPH INDIA,0.0,,0.0,0.01,1,EQ,NSE,NSE
3048,3475713,13577,VOLTAMP,VOLTAMP TRANSFORMERS,0.0,,0.0,0.5,1,EQ,NSE,NSE
3049,3476481,13580,RADIANTCMS,RADIANT CASH MGMT SER,0.0,,0.0,0.01,1,EQ,NSE,NSE
3050,3476993,13582,ATLANTAA-BE,ATLANTAA,0.0,,0.0,0.01,1,EQ,NSE,NSE
3051,3478273,13587,ACE,ACTION CONST EQUIP,0.0,,0.0,0.05,1,EQ,NSE,NSE
3052,3480065,13594,75HR29-SG,SDL HR 7.5% 2029,0.0,,0.0,0.01,100,EQ,NSE,NSE
3053,3480321,13595,HGM-BE,HANDSON GBL MNGMNT,0.0,,0.0,0.01,1,EQ,NSE,NSE
3054,3481089,13598,ANTELOPUS,ANTELOPUS SELAN ENRGY,0.0,,0.0,0.05,1,EQ,NSE,NSE
3055,3481601,13600,762HR31-SG,SDL HR 7.62% 2031,0.0,,0.0,0.01,100,EQ,NSE,NSE
3056,3481857,13601,76KA33-SG,SDL KA 7.6% 2033,0.0,,0.0,0.01,100,EQ,NSE,NSE
3057,3482113,13602,762TN33-SG,SDL TN 7.62% 2033,0.0,,0.0,0.01,100,EQ,NSE,NSE
3058,3483137,13606,764KL34-SG,SDL KL 7.64% 2034,0.0,,0.0,0.01,100,EQ,NSE,NSE
3059,3484417,13611,IRCTC,INDIAN RAIL TOUR CORP,0.0,,0.0,0.05,1,EQ,NSE,NSE
3060,3486465,13619,764GA38-SG,SDL GA 7.64% 2038,0.0,,0.0,0.01,100,EQ,NSE,NSE
3061,3486721,13620,ANANTRAJ,ANANT RAJ,0.0,,0.0,0.05,1,EQ,NSE,NSE
3062,3486977,13621,764WB42-SG,SDL WB 7.64% 2042,0.0,,0.0,0.01,100,EQ,NSE,NSE
3063,3487233,13622,BILVYAPAR-BE,BIL VYAPAR,0.0,,0.0,0.01,1,EQ,NSE,NSE
3064,3487745,13624,762KL53-SG,SDL KL 7.62% 2053,0.0,,0.0,0.01,100,EQ,NSE,NSE
3065,3488257,13626,767NL33-SG,SDL NL 7.67% 2033,0.0,,0.0,0.01,100,EQ,NSE,NSE
3066,3488513,13627,763HR33-SG,SDL HR 7.63% 2033,0.0,,0.0,0.01,100,EQ,NSE,NSE
3067,3489537,13631,SKYGOLD,SKY GOLD AND DIAMONDS,0.0,,0.0,0.05,1,EQ,NSE,NSE
3068,3491073,13637,JMFINANCIL,JM FINANCIAL,0.0,,0.0,0.01,1,EQ,NSE,NSE
3069,3492353,13642,SGBDE30III-GB,2.50%GOLDBONDS2030SR-III,0.0,,0.0,0.01,1,EQ,NSE,NSE
3070,3492609,13643,ELECON,ELECON ENG. CO.,0.0,,0.0,0.05,1,EQ,NSE,NSE
3071,3492865,13644,BANKETFADD,DSPAMC - DSPBANKETF,0.0,,0.0,0.01,1,EQ,NSE,NSE
3072,3493889,13648,TALBROAUTO,TALBROS AUTO. COMP.,0.0,,0.0,0.05,1,EQ,NSE,NSE
3073,3495937,13656,ALICON,ALICON CASTALLOY,0.0,,0.0,0.05,1,EQ,NSE,NSE
3074,3496193,13657,ANLON-SM,ANLON TECHNOLOGY SOL,0.0,,0.0,0.05,400,EQ,NSE,NSE
3075,3496449,13658,GEECEE,GEECEE VENTURES,0.0,,0.0,0.05,1,EQ,NSE,NSE
3076,3499777,13671,MADHUCON,MADHUCON PROJECTS,0.0,,0.0,0.01,1,EQ,NSE,NSE
3077,3500801,13675,NRL,NUPUR RECYCLERS,0.0,,0.0,0.01,1,EQ,NSE,NSE
3078,3504385,13689,AERONEU,AEROFLEX NEU,0.0,,0.0,0.01,1,EQ,NSE,NSE
3079,3505409,13693,INFOMEDIA,INFOMEDIA PRESS,0.0,,0.0,0.01,1,EQ,NSE,NSE
3080,3507457,13701,GOLDKART-ST,GOLDKART JEWELS,0.0,,0.0,0.05,625,EQ,NSE,NSE
3081,3507713,13702,VISHWARAJ,VISHWARAJ SUGAR IND,0.0,,0.0,0.01,1,EQ,NSE,NSE
3082,3509761,13710,FIEMIND,FIEM INDUSTRIES,0.0,,0.0,0.1,1,EQ,NSE,NSE
3083,3510273,13712,754AP29-SG,SDL AP 7.54% 2029,0.0,,0.0,0.01,100,EQ,NSE,NSE
3084,3511041,13715,757TN33-SG,SDL TN 7.57% 2033,0.0,,0.0,0.01,100,EQ,NSE,NSE
3085,3511297,13716,762UK33-SG,SDL UK 7.62% 2033,0.0,,0.0,0.01,100,EQ,NSE,NSE
3086,3511553,13717,759AP33-SG,SDL AP 7.59% 2033,0.0,,0.0,0.01,100,EQ,NSE,NSE
3087,3511809,13718,763TS36-SG,SDL TS 7.63% 2036,0.0,,0.0,0.01,100,EQ,NSE,NSE
3088,3512065,13719,759TS37-SG,SDL TS 7.59% 2037,0.0,,0.0,0.01,100,EQ,NSE,NSE
3089,3512321,13720,JHS,JHS SVEND. LAB.,0.0,,0.0,0.01,1,EQ,NSE,NSE
3090,3512577,13721,759TS40-SG,SDL TS 7.59% 2040,0.0,,0.0,0.01,100,EQ,NSE,NSE
3091,3513601,13725,DCBBANK,DCB BANK,0.0,,0.0,0.01,1,EQ,NSE,NSE
3092,3514881,13730,INSPIRISYS,INSPIRISYS SOLUTIONS,0.0,,0.0,0.01,1,EQ,NSE,NSE
3093,3515137,13731,CMNL-SM,CHAMAN METALLICS,0.0,,0.0,0.05,750,EQ,NSE,NSE
3094,3516161,13735,GLOBALVECT,GLOBAL VEC HELICORP,0.0,,0.0,0.01,1,EQ,NSE,NSE
3095,3517441,13740,SHYAMTEL,SHYAM TELECOM,0.0,,0.0,0.01,1,EQ,NSE,NSE
3096,3518721,13745,GTLINFRA,GTL INFRA.LTD,0.0,,0.0,0.01,1,EQ,NSE,NSE
3097,3520001,13750,FLUOROCHEM,GUJARAT FLUOROCHEM,0.0,,0.0,0.1,1,EQ,NSE,NSE
3098,3520257,13751,NAUKRI,INFO EDGE (I),0.0,,0.0,0.1,1,EQ,NSE,NSE
3099,3520769,13753,MANOMAY,MANOMAY TEX INDIA,0.0,,0.0,0.05,1,EQ,NSE,NSE
3100,3521537,13756,SHIVAMAUTO,SHIVAM AUTO.LTD,0.0,,0.0,0.01,1,EQ,NSE,NSE
3101,3522817,13761,BBL,BHARAT BIJLEE,0.0,,0.0,0.1,1,EQ,NSE,NSE
3102,3524097,13766,DUCOL-SM,DUCOL ORGS AND COLOURS LT,0.0,,0.0,0.05,800,EQ,NSE,NSE
3103,3525121,13770,755TS30-SG,SDL TS 7.55% 2030,0.0,,0.0,0.01,100,EQ,NSE,NSE
3104,3525377,13771,VGL,VARVEE GLOBAL,0.0,,0.0,0.01,1,EQ,NSE,NSE
3105,3525633,13772,757TS31-SG,SDL TS 7.57% 2031,0.0,,0.0,0.01,100,EQ,NSE,NSE
3106,3525889,13773,757GJ32-SG,SDL GJ 7.57% 2032,0.0,,0.0,0.01,100,EQ,NSE,NSE
3107,3526657,13776,GESHIP,THE GE SHPG.LTD,0.0,,0.0,0.1,1,EQ,NSE,NSE
3108,3527169,13778,762UP35-SG,SDL UP 7.62% 2035,0.0,,0.0,0.01,100,EQ,NSE,NSE
3109,3527425,13779,755JK38-SG,SDL JK 7.55% 2038,0.0,,0.0,0.01,100,EQ,NSE,NSE
3110,3529217,13786,TORNTPOWER,TORRENT POWER,0.0,,0.0,0.1,1,EQ,NSE,NSE
3111,3530497,13791,PARSVNATH,PARSVNATH DEVELOPER,0.0,,0.0,0.01,1,EQ,NSE,NSE
3112,3531265,13794,BAIDFIN,BAID FINSERV,0.0,,0.0,0.01,1,EQ,NSE,NSE
3113,3531777,13796,MANALIPETC,MANALI PETROCHEMICALS LT,0.0,,0.0,0.01,1,EQ,NSE,NSE
3114,3533057,13801,SUTLEJTEX,SUTLEJ TEXT & INDUS,0.0,,0.0,0.01,1,EQ,NSE,NSE
3115,3535361,13810,GREENPANEL,GREENPANEL INDUSTRIES,0.0,,0.0,0.01,1,EQ,NSE,NSE
3116,3535873,13812,FEL-BZ,FUTURE ENTERPRISES,0.0,,0.0,0.01,1,EQ,NSE,NSE
3117,3536385,13814,KAMOPAINTS,KAMDHENU VENTURES,0.0,,0.0,0.01,1,EQ,NSE,NSE
3118,3536897,13816,LTFOODS,LT FOODS,0.0,,0.0,0.05,1,EQ,NSE,NSE
3119,3538177,13821,RUCHIRA,RUCHIRA PAPERS,0.0,,0.0,0.01,1,EQ,NSE,NSE
3120,3539457,13826,SOBHA,SOBHA,0.0,,0.0,0.1,1,EQ,NSE,NSE
3121,3542785,13839,DONEAR,DONEAR IND.,0.0,,0.0,0.01,1,EQ,NSE,NSE
3122,3544065,13844,MMFL,MM FORGINGS,0.0,,0.0,0.05,1,EQ,NSE,NSE
3123,3544321,13845,875IIFL26A-NQ,,0.0,,0.0,0.01,1,EQ,NSE,NSE
3124,3545601,13850,IIFLZC26A-NR,,0.0,,0.0,0.01,1,EQ,NSE,NSE
3125,3546113,13852,865IIFL28-NS,,0.0,,0.0,0.01,1,EQ,NSE,NSE
3126,3546625,13854,9IIFL28A-NT,,0.0,,0.0,0.01,1,EQ,NSE,NSE
3127,3547649,13858,IIFLZC28A-NU,,0.0,,0.0,0.01,1,EQ,NSE,NSE
3128,3547905,13859,VENUSREM,VENUS REMEDIES,0.0,,0.0,0.05,1,EQ,NSE,NSE
3129,3550209,13868,AARTIPHARM,AARTI PHARMALABS,0.0,,0.0,0.05,1,EQ,NSE,NSE
3130,3550721,13870,KUANTUM,KUANTUM PAPERS,0.0,,0.0,0.01,1,EQ,NSE,NSE
3131,3551745,13874,765TN33-SG,SDL TN 7.65% 2033,0.0,,0.0,0.01,100,EQ,NSE,NSE
3132,3552001,13875,JINDRILL,JINDAL DRILLING IND.,0.0,,0.0,0.05,1,EQ,NSE,NSE
3133,3552513,13877,767AS33-SG,SDL AS 7.67% 2033,0.0,,0.0,0.01,100,EQ,NSE,NSE
3134,3552769,13878,769AP35-SG,SDL AP 7.69% 2035,0.0,,0.0,0.01,100,EQ,NSE,NSE
3135,3553281,13880,BANCOINDIA,BANCO PRODUCTS (I),0.0,,0.0,0.05,1,EQ,NSE,NSE
3136,3553537,13881,765RJ33-SG,SDL RJ 7.65% 2033,0.0,,0.0,0.01,100,EQ,NSE,NSE
3137,3553793,13882,765HR33-SG,SDL HR 7.65% 2033,0.0,,0.0,0.01,100,EQ,NSE,NSE
3138,3554817,13886,764MH33-SG,SDL MH 7.64% 2033,0.0,,0.0,0.01,100,EQ,NSE,NSE
3139,3555073,13887,764GA33-SG,SDL GA 7.64% 2033,0.0,,0.0,0.01,100,EQ,NSE,NSE
3140,3555841,13890,HIRECT,HIND RECTIFIER,0.0,,0.0,0.1,1,EQ,NSE,NSE
3141,3556097,13891,769UP35-SG,SDL UP 7.69% 2035,0.0,,0.0,0.01,100,EQ,NSE,NSE
3142,3556353,13892,77MN35-SG,SDL MN 7.7% 2035,0.0,,0.0,0.01,100,EQ,NSE,NSE
3143,3557377,13896,77HP36-SG,SDL HP 7.7% 2036,0.0,,0.0,0.01,100,EQ,NSE,NSE
3144,3557633,13897,769MZ37-SG,SDL MZ 7.69% 2037,0.0,,0.0,0.01,100,EQ,NSE,NSE
3145,3558401,13900,CREST,CREST VENTURES,0.0,,0.0,0.05,1,EQ,NSE,NSE
3146,3558657,13901,77HP38-SG,SDL HP 7.7% 2038,0.0,,0.0,0.01,100,EQ,NSE,NSE
3147,3558913,13902,764RJ38-SG,SDL RJ 7.64% 2038,0.0,,0.0,0.01,100,EQ,NSE,NSE
3148,3559937,13906,766WB39-SG,SDL WB 7.66% 2039,0.0,,0.0,0.01,100,EQ,NSE,NSE
3149,3560449,13908,762TN43-SG,SDL TN 7.62% 2043,0.0,,0.0,0.01,100,EQ,NSE,NSE
3150,3561217,13911,76KL45-SG,SDL KL 7.6% 2045,0.0,,0.0,0.01,100,EQ,NSE,NSE
3151,3561729,13913,757MH31-SG,SDL MH 7.57% 2031,0.0,,0.0,0.01,100,EQ,NSE,NSE
3152,3562241,13915,764HR31-SG,SDL HR 7.64% 2031,0.0,,0.0,0.01,100,EQ,NSE,NSE
3153,3562497,13916,763GJ32-SG,SDL GJ 7.63% 2032,0.0,,0.0,0.01,100,EQ,NSE,NSE
3154,3563521,13920,PLASTIBLEN,PLASTIBLENDS INDIA,0.0,,0.0,0.01,1,EQ,NSE,NSE
3155,3564801,13925,NFL,NATIONAL FERT.,0.0,,0.0,0.01,1,EQ,NSE,NSE
3156,3565057,13926,ARISTO-SM,ARISTO BIO T AND LIFESC L,0.0,,0.0,0.05,800,EQ,NSE,NSE
3157,3569921,13945,PRAENG-BE,PRAJAY ENG. SYN.,0.0,,0.0,0.01,1,EQ,NSE,NSE
3158,3571201,13950,LIQUID1,KOTAKMAMC - KOTAKLIQ,0.0,,0.0,0.01,1,EQ,NSE,NSE
3159,3571457,13951,PARACABLES,PARAMOUNT COMM,0.0,,0.0,0.01,1,EQ,NSE,NSE
3160,3572993,13957,765HR30-SG,SDL HR 7.65% 2030,0.0,,0.0,0.01,100,EQ,NSE,NSE
3161,3573249,13958,766AP32-SG,SDL AP 7.66% 2032,0.0,,0.0,0.01,100,EQ,NSE,NSE
3162,3573505,13959,769AS33-SG,SDL AS 7.69% 2033,0.0,,0.0,0.01,100,EQ,NSE,NSE
3163,3573761,13960,766RJ33-SG,SDL RJ 7.66% 2033,0.0,,0.0,0.01,100,EQ,NSE,NSE
3164,3574785,13964,765GJ33-SG,SDL GJ 7.65% 2033,0.0,,0.0,0.01,100,EQ,NSE,NSE
3165,3575041,13965,767MP33-SG,SDL MP 7.67% 2033,0.0,,0.0,0.01,100,EQ,NSE,NSE
3166,3575297,13966,HBLENGINE,HBL ENGINEERING,0.0,,0.0,0.05,1,EQ,NSE,NSE
3167,3575553,13967,767NL33A-SG,SDL NL 7.67% 2033,0.0,,0.0,0.01,100,EQ,NSE,NSE
3168,3575809,13968,768HR33-SG,SDL HR 7.68% 2033,0.0,,0.0,0.01,100,EQ,NSE,NSE
3169,3576833,13972,771AP36-SG,SDL AP 7.71% 2036,0.0,,0.0,0.01,100,EQ,NSE,NSE
3170,3577089,13973,772UP36-SG,SDL UP 7.72% 2036,0.0,,0.0,0.01,100,EQ,NSE,NSE
3171,3577857,13976,TANLA,TANLA PLATFORMS,0.0,,0.0,0.05,1,EQ,NSE,NSE
3172,3578113,13977,772MP38-SG,SDL MP 7.72% 2038,0.0,,0.0,0.01,100,EQ,NSE,NSE
3173,3578625,13979,773RJ38-SG,SDL RJ 7.73% 2038,0.0,,0.0,0.01,100,EQ,NSE,NSE
3174,3579137,13981,SGBOCT27-GB,2.50%GOLDBONDS2027SR-V,0.0,,0.0,0.01,1,EQ,NSE,NSE
3175,3579393,13982,JASH,JASH ENGINEERING,0.0,,0.0,0.05,1,EQ,NSE,NSE
3176,3580673,13987,ABSLBANETF,BIRLASLAMC - ABSLBANETF,0.0,,0.0,0.01,1,EQ,NSE,NSE
3177,3581697,13991,771WB39-SG,SDL WB 7.71% 2039,0.0,,0.0,0.01,100,EQ,NSE,NSE
3178,3581953,13992,77PN40-SG,SDL PN 7.7% 2040,0.0,,0.0,0.01,100,EQ,NSE,NSE
3179,3582209,13993,768TS42-SG,SDL TS 7.68% 2042,0.0,,0.0,0.01,100,EQ,NSE,NSE
3180,3582465,13994,766RJ43-SG,SDL RJ 7.66% 2043,0.0,,0.0,0.01,100,EQ,NSE,NSE
3181,3582721,13995,766TS44-SG,SDL TS 7.66% 2044,0.0,,0.0,0.01,100,EQ,NSE,NSE
3182,3582977,13996,765KL48-SG,SDL KL 7.65% 2048,0.0,,0.0,0.01,100,EQ,NSE,NSE
3183,3583233,13997,765TN53-SG,SDL TN 7.65% 2053,0.0,,0.0,0.01,100,EQ,NSE,NSE
3184,3584769,14003,ZEEMEDIA,ZEE MEDIA CORPORATION,0.0,,0.0,0.01,1,EQ,NSE,NSE
3185,3586049,14008,AVTNPL,AVT NATURAL PRODUCTS,0.0,,0.0,0.01,1,EQ,NSE,NSE
3186,3587585,14014,LUMAXTECH,LUMAX AUTO TECH,0.0,,0.0,0.1,1,EQ,NSE,NSE
3187,3588865,14019,VEEDOL,VEEDOL CORPORATION,0.0,,0.0,0.1,1,EQ,NSE,NSE
3188,3590657,14026,966SFIL25A-NI,,0.0,,0.0,0.01,1,EQ,NSE,NSE
3189,3591169,14028,1030SFIL26-NJ,,0.0,,0.0,0.01,1,EQ,NSE,NSE
3190,3591681,14030,984SFIL26A-NK,,0.0,,0.0,0.01,1,EQ,NSE,NSE
3191,3592193,14032,980SFIL28-NL,,0.0,,0.0,0.01,1,EQ,NSE,NSE
3192,3592705,14034,1030SFIL28-NM,,0.0,,0.0,0.01,1,EQ,NSE,NSE
3193,3593217,14036,940SFIL28-NN,,0.0,,0.0,0.01,1,EQ,NSE,NSE
3194,3593729,14038,985SFIL28-NO,,0.0,,0.0,0.01,1,EQ,NSE,NSE
3195,3595009,14043,SARLAPOLY,SARLA PERF. FIBERS,0.0,,0.0,0.01,1,EQ,NSE,NSE
3196,3595521,14045,965IFSL26-N6,,0.0,,0.0,0.01,1,EQ,NSE,NSE
3197,3596545,14049,10IFSL26-N7,,0.0,,0.0,0.01,1,EQ,NSE,NSE
3198,3597057,14051,726GS2033-GS,GOI LOAN  7.26% 2033,0.0,,0.0,0.01,1,EQ,NSE,NSE
3199,3597313,14052,GRCL-SM,GAYATRI RUBB AND CHEM,0.0,,0.0,0.05,250,EQ,NSE,NSE
3200,3598849,14058,SANGHVIMOV,SANGHVI MOVERS,0.0,,0.0,0.05,1,EQ,NSE,NSE
3201,3600129,14063,WANBURY,WANBURY,0.0,,0.0,0.05,1,EQ,NSE,NSE
3202,3601409,14068,SAGCEM,SAGAR CEMENTS,0.0,,0.0,0.01,1,EQ,NSE,NSE
3203,3601665,14069,ASMS-BE,BARTRONICS INDIA,0.0,,0.0,0.01,1,EQ,NSE,NSE
3204,3606017,14086,IGPL,I G PETROCHEMICALS,0.0,,0.0,0.05,1,EQ,NSE,NSE
3205,3606273,14087,763JH30-SG,SDL JH 7.63% 2030,0.0,,0.0,0.01,100,EQ,NSE,NSE
3206,3606529,14088,761TS32-SG,SDL TS 7.61% 2032,0.0,,0.0,0.01,100,EQ,NSE,NSE
3207,3607553,14092,767AS33A-SG,SDL AS 7.67% 2033,0.0,,0.0,0.01,100,EQ,NSE,NSE
3208,3607809,14093,764MP33-SG,SDL MP 7.64% 2033,0.0,,0.0,0.01,100,EQ,NSE,NSE
3209,3608577,14096,SIYSIL,SIYARAM SILK MILLS,0.0,,0.0,0.05,1,EQ,NSE,NSE
3210,3608833,14097,764TS33-SG,SDL TS 7.64% 2033,0.0,,0.0,0.01,100,EQ,NSE,NSE
3211,3609089,14098,766BR33-SG,SDL BR 7.66% 2033,0.0,,0.0,0.01,100,EQ,NSE,NSE
3212,3609857,14101,PTL,PTL ENTERPRISES,0.0,,0.0,0.01,1,EQ,NSE,NSE
3213,3610113,14102,767UK33-SG,SDL UK 7.67% 2033,0.0,,0.0,0.01,100,EQ,NSE,NSE
3214,3610369,14103,76JK35-SG,SDL JK 7.6% 2035,0.0,,0.0,0.01,100,EQ,NSE,NSE
3215,3611137,14106,AUTOIND,AUTOLINE INDUSTRIES,0.0,,0.0,0.01,1,EQ,NSE,NSE
3216,3611393,14107,76GJ35-SG,SDL GJ 7.6% 2035,0.0,,0.0,0.01,100,EQ,NSE,NSE
3217,3611905,14109,764UP36-SG,SDL UP 7.64% 2036,0.0,,0.0,0.01,100,EQ,NSE,NSE
3218,3612417,14111,NETWORK18,NETWORK18 MEDIA & INV,0.0,,0.0,0.01,1,EQ,NSE,NSE
3219,3612673,14112,756TS48-SG,SDL TS 7.56% 2048,0.0,,0.0,0.01,100,EQ,NSE,NSE
3220,3612929,14113,756RJ48-SG,SDL RJ 7.56% 2048,0.0,,0.0,0.01,100,EQ,NSE,NSE
3221,3613697,14116,GANDHITUBE,GANDHI SPL. TUBES,0.0,,0.0,0.05,1,EQ,NSE,NSE
3222,3613953,14117,755TN53-SG,SDL TN 7.55% 2053,0.0,,0.0,0.01,100,EQ,NSE,NSE
3223,3618305,14134,PITTIENG,PITTI ENGINEERING,0.0,,0.0,0.05,1,EQ,NSE,NSE
3224,3619585,14139,SBGLP,SURATWWALA BUS GROUP,0.0,,0.0,0.01,1,EQ,NSE,NSE
3225,3622401,14150,BTML,BODHI TREE MULTIMEDIA,0.0,,0.0,0.01,1,EQ,NSE,NSE
3226,3623425,14154,UNOMINDA,UNO MINDA,0.0,,0.0,0.1,1,EQ,NSE,NSE
3227,3623937,14156,768GJ30-SG,SDL GJ 7.68% 2030,0.0,,0.0,0.01,100,EQ,NSE,NSE
3228,3624705,14159,77HR31-SG,SDL HR 7.7% 2031,0.0,,0.0,0.01,100,EQ,NSE,NSE
3229,3624961,14160,771AS33-SG,SDL AS 7.71% 2033,0.0,,0.0,0.01,100,EQ,NSE,NSE
3230,3625217,14161,772BR33-SG,SDL BR 7.72% 2033,0.0,,0.0,0.01,100,EQ,NSE,NSE
3231,3625473,14162,766UP33-SG,SDL UP 7.66% 2033,0.0,,0.0,0.01,100,EQ,NSE,NSE
3232,3625729,14163,762MP34-SG,SDL MP 7.62% 2034,0.0,,0.0,0.01,100,EQ,NSE,NSE
3233,3625985,14164,762PY35-SG,SDL PY 7.62% 2035,0.0,,0.0,0.01,100,EQ,NSE,NSE
3234,3626241,14165,762MN35-SG,SDL MN 7.62% 2035,0.0,,0.0,0.01,100,EQ,NSE,NSE
3235,3626497,14166,762MZ36-SG,SDL MZ 7.62% 2036,0.0,,0.0,0.01,100,EQ,NSE,NSE
3236,3626753,14167,759TS40A-SG,SDL TS 7.59% 2040,0.0,,0.0,0.01,100,EQ,NSE,NSE
3237,3627009,14168,759PY41-SG,SDL PY 7.59% 2041,0.0,,0.0,0.01,100,EQ,NSE,NSE
3238,3628033,14172,SHERA-SM,SHERA ENERGY,0.0,,0.0,0.05,1000,EQ,NSE,NSE
3239,3629569,14178,IZMO-BE,IZMO,0.0,,0.0,0.05,1,EQ,NSE,NSE
3240,3630081,14180,NSLNISP,NMDC STEEL,0.0,,0.0,0.01,1,EQ,NSE,NSE
3241,3633665,14194,NINSYS,NINTEC SYSTEMS,0.0,,0.0,0.05,1,EQ,NSE,NSE
3242,3634689,14198,TIMKEN,TIMKEN INDIA,0.0,,0.0,0.1,1,EQ,NSE,NSE
3243,3635969,14203,HUBTOWN,HUBTOWN,0.0,,0.0,0.05,1,EQ,NSE,NSE
3244,3636225,14204,LRRPL-SM,LEAD REC AND RUB PROD,0.0,,0.0,0.05,1500,EQ,NSE,NSE
3245,3638785,14214,IMC1-N0,,0.0,,0.0,0.01,1,EQ,NSE,NSE
3246,3639809,14218,CTE,CAMBRIDGE TECH ENTER,0.0,,0.0,0.01,1,EQ,NSE,NSE
3247,3640065,14219,IMC1-N1,,0.0,,0.0,0.01,1,EQ,NSE,NSE
3248,3641089,14223,TIIL,TECHNOCRAFT IND,0.0,,0.0,0.1,1,EQ,NSE,NSE
3249,3641345,14224,IMC1-N2,,0.0,,0.0,0.01,1,EQ,NSE,NSE
3250,3642369,14228,IMC1-N3,,0.0,,0.0,0.01,1,EQ,NSE,NSE
3251,3642881,14230,HDFCBSE500,HDFCAMC - HDFCBSE500,0.0,,0.0,0.01,1,EQ,NSE,NSE
3252,3643649,14233,HDFCSML250,HDFCAMC - HDFCSML250,0.0,,0.0,0.01,1,EQ,NSE,NSE
3253,3644417,14236,HDFCMID150,HDFCAMC - HDFCMID150,0.0,,0.0,0.01,1,EQ,NSE,NSE
3254,3646721,14245,TVSSRICHAK,TVS SRICHAKRA,0.0,,0.0,0.1,1,EQ,NSE,NSE
3255,3648513,14252,SGBOCT27VI-GB,2.50%GOLDBONDS2027SR-VI,0.0,,0.0,0.01,1,EQ,NSE,NSE
3256,3649281,14255,REDINGTON,REDINGTON,0.0,,0.0,0.05,1,EQ,NSE,NSE
3257,3650561,14260,PGIL,PEARL GLOBAL IND,0.0,,0.0,0.1,1,EQ,NSE,NSE
3258,3651329,14263,AGARWALFT-SM,AGARWAL FLOAT GLASS I,0.0,,0.0,0.05,1500,EQ,NSE,NSE
3259,3652609,14268,77AP30-SG,SDL AP 7.7% 2030,0.0,,0.0,0.01,100,EQ,NSE,NSE
3260,3652865,14269,766GJ30-SG,SDL GJ 7.66% 2030,0.0,,0.0,0.01,100,EQ,NSE,NSE
3261,3653121,14270,771AP33-SG,SDL AP 7.71% 2033,0.0,,0.0,0.01,100,EQ,NSE,NSE
3262,3653377,14271,768BR33-SG,SDL BR 7.68% 2033,0.0,,0.0,0.01,100,EQ,NSE,NSE
3263,3653633,14272,765HR33A-SG,SDL HR 7.65% 2033,0.0,,0.0,0.01,100,EQ,NSE,NSE
3264,3653889,14273,766UP33A-SG,SDL UP 7.66% 2033,0.0,,0.0,0.01,100,EQ,NSE,NSE
3265,3654145,14274,766SK33-SG,SDL SK 7.66% 2033,0.0,,0.0,0.01,100,EQ,NSE,NSE
3266,3654657,14276,759HP38-SG,SDL HP 7.59% 2038,0.0,,0.0,0.01,100,EQ,NSE,NSE
3267,3654913,14277,759MP38-SG,SDL MP 7.59% 2038,0.0,,0.0,0.01,100,EQ,NSE,NSE
3268,3655169,14278,ORIENTBELL,ORIENT BELL,0.0,,0.0,0.05,1,EQ,NSE,NSE
3269,3655425,14279,759PN39-SG,SDL PN 7.59% 2039,0.0,,0.0,0.01,100,EQ,NSE,NSE
3270,3655681,14280,753TN53-SG,SDL TN 7.53% 2053,0.0,,0.0,0.01,100,EQ,NSE,NSE
3271,3657217,14286,GOLDETF,MIRAEAMC - MAGOLDETF,0.0,,0.0,0.01,1,EQ,NSE,NSE
3272,3659777,14296,SEQUENT,SEQUENT SCIENTIFIC,0.0,,0.0,0.01,1,EQ,NSE,NSE
3273,3660545,14299,PFC,POWER FIN CORP,0.0,,0.0,0.05,1,EQ,NSE,NSE
3274,3661825,14304,FSL,FIRSTSOURCE SOLU.,0.0,,0.0,0.05,1,EQ,NSE,NSE
3275,3662081,14305,OSWALSEEDS,SHREEOSWAL S AND CHE,0.0,,0.0,0.01,1,EQ,NSE,NSE
3276,3663105,14309,INDIANB,INDIAN BANK,0.0,,0.0,0.05,1,EQ,NSE,NSE
3277,3664385,14314,TTL,T T,0.0,,0.0,0.01,1,EQ,NSE,NSE
3278,3665665,14319,TFL,TRANSWARRANTY FIN.,0.0,,0.0,0.01,1,EQ,NSE,NSE
3279,3667201,14325,VIAZ-ST,VIAZ TYRES,0.0,,0.0,0.05,2000,EQ,NSE,NSE
3280,3668225,14329,SMSPHARMA,SMS PHARMACEUTICALS,0.0,,0.0,0.05,1,EQ,NSE,NSE
3281,3669505,14334,HSCL,HIMADRI SPECIALITY CHEM L,0.0,,0.0,0.05,1,EQ,NSE,NSE
3282,3670785,14339,GANESHHOU,GANESH HOUSING,0.0,,0.0,0.05,1,EQ,NSE,NSE
3283,3671041,14340,769WB39-SG,SDL WB 7.69% 2039,0.0,,0.0,0.01,100,EQ,NSE,NSE
3284,3671297,14341,777AP40-SG,SDL AP 7.77% 2040,0.0,,0.0,0.01,100,EQ,NSE,NSE
3285,3672577,14346,ORIENTALTL,ORIENTAL TRIMEX,0.0,,0.0,0.01,1,EQ,NSE,NSE
3286,3672833,14347,769WB42-SG,SDL WB 7.69% 2042,0.0,,0.0,0.01,100,EQ,NSE,NSE
3287,3673345,14349,769TN43-SG,SDL TN 7.69% 2043,0.0,,0.0,0.01,100,EQ,NSE,NSE
3288,3673857,14351,769AP43-SG,SDL AP 7.69% 2043,0.0,,0.0,0.01,100,EQ,NSE,NSE
3289,3674113,14352,769MP43-SG,SDL MP 7.69% 2043,0.0,,0.0,0.01,100,EQ,NSE,NSE
3290,3674369,14353,758TS45-SG,SDL TS 7.58% 2045,0.0,,0.0,0.01,100,EQ,NSE,NSE
3291,3674625,14354,758RJ48-SG,SDL RJ 7.58% 2048,0.0,,0.0,0.01,100,EQ,NSE,NSE
3292,3674881,14355,758KL49-SG,SDL KL 7.58% 2049,0.0,,0.0,0.01,100,EQ,NSE,NSE
3293,3675393,14357,756TN53-SG,SDL TN 7.56% 2053,0.0,,0.0,0.01,100,EQ,NSE,NSE
3294,3675905,14359,77AP28-SG,SDL AP 7.7% 2028,0.0,,0.0,0.01,100,EQ,NSE,NSE
3295,3676417,14361,APOLLOPIPE,APOLLO PIPES,0.0,,0.0,0.05,1,EQ,NSE,NSE
3296,3677697,14366,IDEA,VODAFONE IDEA,0.0,,0.0,0.01,1,EQ,NSE,NSE
3297,3677953,14367,772MH31-SG,SDL MH 7.72% 2031,0.0,,0.0,0.01,100,EQ,NSE,NSE
3298,3678465,14369,773HR32-SG,SDL HR 7.73% 2032,0.0,,0.0,0.01,100,EQ,NSE,NSE
3299,3679489,14373,774AP32-SG,SDL AP 7.74% 2032,0.0,,0.0,0.01,100,EQ,NSE,NSE
3300,3679745,14374,771GJ33-SG,SDL GJ 7.71% 2033,0.0,,0.0,0.01,100,EQ,NSE,NSE
3301,3680001,14375,772BR33A-SG,SDL BR 7.72% 2033,0.0,,0.0,0.01,100,EQ,NSE,NSE
3302,3680257,14376,774UK33-SG,SDL UK 7.74% 2033,0.0,,0.0,0.01,100,EQ,NSE,NSE
3303,3680769,14378,774MH33-SG,SDL MH 7.74% 2033,0.0,,0.0,0.01,100,EQ,NSE,NSE
3304,3681025,14379,776MN35-SG,SDL MN 7.76% 2035,0.0,,0.0,0.01,100,EQ,NSE,NSE
3305,3681281,14380,769RJ39-SG,SDL RJ 7.69% 2039,0.0,,0.0,0.01,100,EQ,NSE,NSE
3306,3681537,14381,769PN39-SG,SDL PN 7.69% 2039,0.0,,0.0,0.01,100,EQ,NSE,NSE
3307,3682561,14385,POCL,PONDY OXIDES & CHEM,0.0,,0.0,0.1,1,EQ,NSE,NSE
3308,3685889,14398,AMDIND,AMD INDUSTRIES,0.0,,0.0,0.01,1,EQ,NSE,NSE
3309,3687169,14403,RAJTV,RAJ TV NETWORK,0.0,,0.0,0.01,1,EQ,NSE,NSE
3310,3689217,14411,SRIVASAVI-SM,SRIVASAVI ADHESIVE TAPE L,0.0,,0.0,0.05,1000,EQ,NSE,NSE
3311,3689729,14413,PAGEIND,PAGE INDUSTRIES,0.0,,0.0,5.0,1,EQ,NSE,NSE
3312,3691009,14418,ASTRAL,ASTRAL,0.0,,0.0,0.1,1,EQ,NSE,NSE
3313,3691777,14421,77AP29-SG,SDL AP 7.7% 2029,0.0,,0.0,0.01,100,EQ,NSE,NSE
3314,3692289,14423,LAOPALA,LA OPALA RG,0.0,,0.0,0.01,1,EQ,NSE,NSE
3315,3692545,14424,77MH31-SG,SDL MH 7.7% 2031,0.0,,0.0,0.01,100,EQ,NSE,NSE
3316,3692801,14425,77MH33-SG,SDL MH 7.7% 2033,0.0,,0.0,0.01,100,EQ,NSE,NSE
3317,3693569,14428,GOLDBEES,NIP IND ETF GOLD BEES,0.0,,0.0,0.01,1,EQ,NSE,NSE
3318,3694337,14431,771BR33-SG,SDL BR 7.71% 2033,0.0,,0.0,0.01,100,EQ,NSE,NSE
3319,3694593,14432,771GJ34-SG,SDL GJ 7.71% 2034,0.0,,0.0,0.01,100,EQ,NSE,NSE
3320,3695361,14435,JKTYRE,JK TYRE & INDUSTRIES,0.0,,0.0,0.05,1,EQ,NSE,NSE
3321,3695617,14436,773TS34-SG,SDL TS 7.73% 2034,0.0,,0.0,0.01,100,EQ,NSE,NSE
3322,3695873,14437,777JK35-SG,SDL JK 7.77% 2035,0.0,,0.0,0.01,100,EQ,NSE,NSE
3323,3696641,14440,NAHARSPING,NAHAR SPINNING MILLS,0.0,,0.0,0.01,1,EQ,NSE,NSE
3324,3696897,14441,775UP35-SG,SDL UP 7.75% 2035,0.0,,0.0,0.01,100,EQ,NSE,NSE
3325,3697153,14442,775UP38-SG,SDL UP 7.75% 2038,0.0,,0.0,0.01,100,EQ,NSE,NSE
3326,3697921,14445,NAHARPOLY,NAHAR POLY FILMS,0.0,,0.0,0.05,1,EQ,NSE,NSE
3327,3698177,14446,775WB39-SG,SDL WB 7.75% 2039,0.0,,0.0,0.01,100,EQ,NSE,NSE
3328,3698433,14447,779WB42-SG,SDL WB 7.79% 2042,0.0,,0.0,0.01,100,EQ,NSE,NSE
3329,3699201,14450,EMBDL,EMBASSY DEVELOPMENTS,0.0,,0.0,0.01,1,EQ,NSE,NSE
3330,3699457,14451,777MP43-SG,SDL MP 7.77% 2043,0.0,,0.0,0.01,100,EQ,NSE,NSE
3331,3699713,14452,772TS46-SG,SDL TS 7.72% 2046,0.0,,0.0,0.01,100,EQ,NSE,NSE
3332,3700481,14455,757TN53-SG,SDL TN 7.57% 2053,0.0,,0.0,0.01,100,EQ,NSE,NSE
3333,3702273,14462,LEXUS-BE,LEXUS GRANITO (INDIA),0.0,,0.0,0.01,1,EQ,NSE,NSE
3334,3706625,14479,DIVGIITTS,DIVGI TORQTRANSFER SYST L,0.0,,0.0,0.05,1,EQ,NSE,NSE
3335,3706881,14480,GOKULAGRO,GOKUL AGRO RESOURCES,0.0,,0.0,0.01,1,EQ,NSE,NSE
3336,3708161,14485,THEMISMED,THEMIS MEDICARE,0.0,,0.0,0.01,1,EQ,NSE,NSE
3337,3709441,14490,NCLIND,NCL INDUSTRIES,0.0,,0.0,0.01,1,EQ,NSE,NSE
3338,3711233,14497,704NHAI26-NB,,0.0,,0.0,0.01,1,EQ,NSE,NSE
3339,3711745,14499,729NHAI26-NC,,0.0,,0.0,0.01,1,EQ,NSE,NSE
3340,3712257,14501,BALAMINES,BALAJI AMINES,0.0,,0.0,0.1,1,EQ,NSE,NSE
3341,3712769,14503,VERTEXPLUS-ST,VERTEXPLUS TECHNOLOGIES L,0.0,,0.0,0.05,600,EQ,NSE,NSE
3342,3714305,14509,SYSTANGO-ST,SYSTANGO TECHNOLOGIES,0.0,,0.0,0.05,400,EQ,NSE,NSE
3343,3714817,14511,BANSWRAS,BANSWARA SYNTEX,0.0,,0.0,0.01,1,EQ,NSE,NSE
3344,3716609,14518,ABSLLIQUID,BIRLASLAMC - ABSLLIQUID,0.0,,0.0,0.01,1,EQ,NSE,NSE
3345,3717633,14522,739NHAI31A-ND,,0.0,,0.0,0.01,1,EQ,NSE,NSE
3346,3717889,14523,ICRA,ICRA,0.0,,0.0,0.5,1,EQ,NSE,NSE
3347,3719425,14529,769NHAI31-NE,,0.0,,0.0,0.01,1,EQ,NSE,NSE
3348,3719937,14531,769MH31-SG,SDL MH 7.69% 2031,0.0,,0.0,0.01,100,EQ,NSE,NSE
3349,3720193,14532,77HR32-SG,SDL HR 7.7% 2032,0.0,,0.0,0.01,100,EQ,NSE,NSE
3350,3720449,14533,769TS32-SG,SDL TS 7.69% 2032,0.0,,0.0,0.01,100,EQ,NSE,NSE
3351,3720705,14534,773BR33-SG,SDL BR 7.73% 2033,0.0,,0.0,0.01,100,EQ,NSE,NSE
3352,3720961,14535,GOLDSHARE,UTI GOLD ETF,0.0,,0.0,0.05,1,EQ,NSE,NSE
3353,3721473,14537,DISHTV,DISH TV INDIA,0.0,,0.0,0.01,1,EQ,NSE,NSE
3354,3721729,14538,773UP33-SG,SDL UP 7.73% 2033,0.0,,0.0,0.01,100,EQ,NSE,NSE
3355,3721985,14539,772AS33-SG,SDL AS 7.72% 2033,0.0,,0.0,0.01,100,EQ,NSE,NSE
3356,3724289,14548,768GJ33-SG,SDL GJ 7.68% 2033,0.0,,0.0,0.01,100,EQ,NSE,NSE
3357,3724545,14549,766MH33-SG,SDL MH 7.66% 2033,0.0,,0.0,0.01,100,EQ,NSE,NSE
3358,3724801,14550,NDLVENTURE-BE,NDL VENTURES,0.0,,0.0,0.01,1,EQ,NSE,NSE
3359,3725313,14552,PHOENIXLTD,THE PHOENIX MILLS,0.0,,0.0,0.1,1,EQ,NSE,NSE
3360,3725569,14553,772GJ35-SG,SDL GJ 7.72% 2035,0.0,,0.0,0.01,100,EQ,NSE,NSE
3361,3725825,14554,774UP37-SG,SDL UP 7.74% 2037,0.0,,0.0,0.01,100,EQ,NSE,NSE
3362,3726593,14557,AROGRANITE,ARO GRANITE IND.,0.0,,0.0,0.01,1,EQ,NSE,NSE
3363,3726849,14558,774MZ38-SG,SDL MZ 7.74% 2038,0.0,,0.0,0.01,100,EQ,NSE,NSE
3364,3727105,14559,766MP48-SG,SDL MP 7.66% 2048,0.0,,0.0,0.01,100,EQ,NSE,NSE
3365,3728129,14563,766KL50-SG,SDL KL 7.66% 2050,0.0,,0.0,0.01,100,EQ,NSE,NSE
3366,3728385,14564,767TN53-SG,SDL TN 7.67% 2053,0.0,,0.0,0.01,100,EQ,NSE,NSE
3367,3728897,14566,ZENITHSTL-BE,ZENITH STEEL PIP IND,0.0,,0.0,0.01,1,EQ,NSE,NSE
3368,3730945,14574,MCON-SM,MCON RASAYAN INDIA,0.0,,0.0,0.05,1000,EQ,NSE,NSE
3369,3732993,14582,SRHHYPOLTD,SREE RAYALSEEMA HHP,0.0,,0.0,0.05,1,EQ,NSE,NSE
3370,3733505,14584,PSUBNKIETF,ICICIPRAMC - PSUBANKICI,0.0,,0.0,0.01,1,EQ,NSE,NSE
3371,3735041,14590,VELS-SM,VELS FILM INTERNATIONAL L,0.0,,0.0,0.05,1200,EQ,NSE,NSE
3372,3735553,14592,FORTIS,FORTIS HEALTHCARE,0.0,,0.0,0.05,1,EQ,NSE,NSE
3373,3736833,14597,ALPHAGEO,ALPHAGEO (INDIA),0.0,,0.0,0.01,1,EQ,NSE,NSE
3374,3737089,14598,SGBMAR31IV-GB,2.50%GOLDBONDS2031SR-IV,0.0,,0.0,0.01,1,EQ,NSE,NSE
3375,3737345,14599,GSLSU,GLOBAL SURFACES,0.0,,0.0,0.01,1,EQ,NSE,NSE
3376,3738113,14602,WEBELSOLAR,WEBSOL ENERGY SYSTEM,0.0,,0.0,0.01,1,EQ,NSE,NSE
3377,3739393,14607,TGBHOTELS,TGB BANQUETS&HOTELS,0.0,,0.0,0.01,1,EQ,NSE,NSE
3378,3740929,14613,QFIL-SM,QUALITY FOILS (INDIA),0.0,,0.0,0.05,1000,EQ,NSE,NSE
3379,3742209,14618,CHEMBOND,CHEMBOND MATERIALTECH,0.0,,0.0,0.01,1,EQ,NSE,NSE
3380,3744513,14627,HILTON,HILTON METAL FORGING,0.0,,0.0,0.01,1,EQ,NSE,NSE
3381,3745281,14630,SANCO-BZ,SANCO INDUSTRIES,0.0,,0.0,0.01,1,EQ,NSE,NSE
3382,3746305,14634,735GJ26-SG,SDL GJ 7.35% 2026,0.0,,0.0,0.01,100,EQ,NSE,NSE
3383,3746561,14635,766HR29-SG,SDL HR 7.66% 2029,0.0,,0.0,0.01,100,EQ,NSE,NSE
3384,3746817,14636,77AP30A-SG,SDL AP 7.7% 2030,0.0,,0.0,0.01,100,EQ,NSE,NSE
3385,3747073,14637,772HP31-SG,SDL HP 7.72% 2031,0.0,,0.0,0.01,100,EQ,NSE,NSE
3386,3747329,14638,772HR32-SG,SDL HR 7.72% 2032,0.0,,0.0,0.01,100,EQ,NSE,NSE
3387,3747585,14639,772MH32-SG,SDL MH 7.72% 2032,0.0,,0.0,0.01,100,EQ,NSE,NSE
3388,3747841,14640,773AP32-SG,SDL AP 7.73% 2032,0.0,,0.0,0.01,100,EQ,NSE,NSE
3389,3748097,14641,776HP33-SG,SDL HP 7.76% 2033,0.0,,0.0,0.01,100,EQ,NSE,NSE
3390,3748353,14642,777RJ33-SG,SDL RJ 7.77% 2033,0.0,,0.0,0.01,100,EQ,NSE,NSE
3391,3748609,14643,772GJ34-SG,SDL GJ 7.72% 2034,0.0,,0.0,0.01,100,EQ,NSE,NSE
3392,3749121,14645,773MH34-SG,SDL MH 7.73% 2034,0.0,,0.0,0.01,100,EQ,NSE,NSE
3393,3749633,14647,778TS34-SG,SDL TS 7.78% 2034,0.0,,0.0,0.01,100,EQ,NSE,NSE
3394,3750145,14649,778UP35-SG,SDL UP 7.78% 2035,0.0,,0.0,0.01,100,EQ,NSE,NSE
3395,3750401,14650,779JK35-SG,SDL JK 7.79% 2035,0.0,,0.0,0.01,100,EQ,NSE,NSE
3396,3750657,14651,778UP36-SG,SDL UP 7.78% 2036,0.0,,0.0,0.01,100,EQ,NSE,NSE
3397,3750913,14652,773GJ36-SG,SDL GJ 7.73% 2036,0.0,,0.0,0.01,100,EQ,NSE,NSE
3398,3751169,14653,774PN39-SG,SDL PN 7.74% 2039,0.0,,0.0,0.01,100,EQ,NSE,NSE
3399,3751425,14654,774RJ40-SG,SDL RJ 7.74% 2040,0.0,,0.0,0.01,100,EQ,NSE,NSE
3400,3751681,14655,774WB41-SG,SDL WB 7.74% 2041,0.0,,0.0,0.01,100,EQ,NSE,NSE
3401,3751937,14656,774MP43-SG,SDL MP 7.74% 2043,0.0,,0.0,0.01,100,EQ,NSE,NSE
3402,3752193,14657,INSECTICID,INSECTICIDES (I),0.0,,0.0,0.05,1,EQ,NSE,NSE
3403,3752449,14658,774WB43-SG,SDL WB 7.74% 2043,0.0,,0.0,0.01,100,EQ,NSE,NSE
3404,3752961,14660,774TS48-SG,SDL TS 7.74% 2048,0.0,,0.0,0.01,100,EQ,NSE,NSE
3405,3753729,14663,774RJ49-SG,SDL RJ 7.74% 2049,0.0,,0.0,0.01,100,EQ,NSE,NSE
3406,3754753,14667,KMSUGAR,K M SUGAR MILLS,0.0,,0.0,0.01,1,EQ,NSE,NSE
3407,3756033,14672,NAVINFLUOR,NAVIN FLUORINE INT.,0.0,,0.0,0.5,1,EQ,NSE,NSE
3408,3758337,14681,GUJAPOLLO-BE,GUJ. APOLLO IND.,0.0,,0.0,0.05,1,EQ,NSE,NSE
3409,3759873,14687,GOACARBON,GOA CARBON,0.0,,0.0,0.05,1,EQ,NSE,NSE
3410,3762177,14696,990SCFL26-AJ,,0.0,,0.0,0.01,1,EQ,NSE,NSE
3411,3763713,14702,NAGREEKEXP,NAGREEKA EXPORTS,0.0,,0.0,0.01,1,EQ,NSE,NSE
3412,3764225,14704,965SCL28-AK,,0.0,,0.0,0.01,1,EQ,NSE,NSE
3413,3764993,14707,TIMETECHNO,TIME TECHNOPLAST,0.0,,0.0,0.01,1,EQ,NSE,NSE
3414,3765761,14710,1015SCL28A-AL,,0.0,,0.0,0.01,1,EQ,NSE,NSE
3415,3766273,14712,HGS,HINDUJA GLOBAL SOLS.,0.0,,0.0,0.05,1,EQ,NSE,NSE
3416,3766785,14714,925SCL28-AM,,0.0,,0.0,0.01,1,EQ,NSE,NSE
3417,3767809,14718,971SCL28-AN,,0.0,,0.0,0.01,1,EQ,NSE,NSE
3418,3768321,14720,990SCL26D-AH,,0.0,,0.0,0.01,1,EQ,NSE,NSE
3419,3768577,14721,948SCL26D-AI,,0.0,,0.0,0.01,1,EQ,NSE,NSE
3420,3768833,14722,NIRMAN-SM,NIRMAN AGRI GENTICS,0.0,,0.0,0.05,300,EQ,NSE,NSE
3421,3771393,14732,DLF,DLF,0.0,,0.0,0.05,1,EQ,NSE,NSE
3422,3773953,14742,AXSENSEX,AXISAMC - AXSENSEX,0.0,,0.0,0.01,1,EQ,NSE,NSE
3423,3774721,14745,ADVANIHOTR,ADVANI HOT.& RES.(I),0.0,,0.0,0.01,1,EQ,NSE,NSE
3424,3777793,14757,WINSOME-BZ,WINSOME YARNS,0.0,,0.0,0.01,1,EQ,NSE,NSE
3425,3778817,14761,NELCAST,NELCAST,0.0,,0.0,0.01,1,EQ,NSE,NSE
3426,3780097,14766,V2RETAIL,V2 RETAIL,0.0,,0.0,0.1,1,EQ,NSE,NSE
3427,3781377,14771,TARMAT,TARMAT,0.0,,0.0,0.01,1,EQ,NSE,NSE
3428,3785217,14786,LOWVOL,MIRAEAMC - MANV30F,0.0,,0.0,0.01,1,EQ,NSE,NSE
3429,3785729,14788,SPARC,SUN PHARMA ADV.RES.CO.LTD,0.0,,0.0,0.01,1,EQ,NSE,NSE
3430,3788033,14797,MEGASOFT-BE,MEGASOFT,0.0,,0.0,0.01,1,EQ,NSE,NSE
3431,3790337,14806,IRBIT-IV,IRB INFRASTRUCTURE TRUST,0.0,,0.0,0.01,25000,EQ,NSE,NSE
3432,3791873,14812,749GJ28-SG,SDL GJ 7.49% 2028,0.0,,0.0,0.01,100,EQ,NSE,NSE
3433,3792129,14813,ADSL,ALLIED DIGITAL SERV.,0.0,,0.0,0.01,1,EQ,NSE,NSE
3434,3792385,14814,774HR31-SG,SDL HR 7.74% 2031,0.0,,0.0,0.01,100,EQ,NSE,NSE
3435,3792897,14816,775CG31-SG,SDL CG 7.75% 2031,0.0,,0.0,0.01,100,EQ,NSE,NSE
3436,3793409,14818,775HP32-SG,SDL HP 7.75% 2032,0.0,,0.0,0.01,100,EQ,NSE,NSE
3437,3793665,14819,773MH32-SG,SDL MH 7.73% 2032,0.0,,0.0,0.01,100,EQ,NSE,NSE
3438,3793921,14820,776UK33-SG,SDL UK 7.76% 2033,0.0,,0.0,0.01,100,EQ,NSE,NSE
3439,3794177,14821,775NL33-SG,SDL NL 7.75% 2033,0.0,,0.0,0.01,100,EQ,NSE,NSE
3440,3794433,14822,775SK33-SG,SDL SK 7.75% 2033,0.0,,0.0,0.01,100,EQ,NSE,NSE
3441,3794945,14824,778RJ33-SG,SDL RJ 7.78% 2033,0.0,,0.0,0.01,100,EQ,NSE,NSE
3442,3795201,14825,777HR33-SG,SDL HR 7.77% 2033,0.0,,0.0,0.01,100,EQ,NSE,NSE
3443,3795969,14828,WSI,W.S.INDUSTRIES (I),0.0,,0.0,0.01,1,EQ,NSE,NSE
3444,3796225,14829,779UP33-SG,SDL UP 7.79% 2033,0.0,,0.0,0.01,100,EQ,NSE,NSE
3445,3796481,14830,781UP34A-SG,SDL UP 7.81% 2034,0.0,,0.0,0.01,100,EQ,NSE,NSE
3446,3797505,14834,78JK35-SG,SDL JK 7.8% 2035,0.0,,0.0,0.01,100,EQ,NSE,NSE
3447,3798017,14836,797PN38-SG,SDL PN 7.97% 2038,0.0,,0.0,0.01,100,EQ,NSE,NSE
3448,3798529,14838,DECCANCE,DECCAN CEMENTS,0.0,,0.0,0.05,1,EQ,NSE,NSE
3449,3798785,14839,779HP38-SG,SDL HP 7.79% 2038,0.0,,0.0,0.01,100,EQ,NSE,NSE
3450,3799041,14840,783KL39-SG,SDL KL 7.83% 2039,0.0,,0.0,0.01,100,EQ,NSE,NSE
3451,3799809,14843,VIPCLOTHNG,VIP CLOTHING,0.0,,0.0,0.01,1,EQ,NSE,NSE
3452,3800065,14844,789WB40-SG,SDL WB 7.89% 2040,0.0,,0.0,0.01,100,EQ,NSE,NSE
3453,3800321,14845,784RJ41-SG,SDL RJ 7.84% 2041,0.0,,0.0,0.01,100,EQ,NSE,NSE
3454,3801089,14848,ALPA,ALPA LABORATORIES,0.0,,0.0,0.01,1,EQ,NSE,NSE
3455,3801345,14849,785WB42-SG,SDL WB 7.85% 2042,0.0,,0.0,0.01,100,EQ,NSE,NSE
3456,3801601,14850,777MP47-SG,SDL MP 7.77% 2047,0.0,,0.0,0.01,100,EQ,NSE,NSE
3457,3802369,14853,OMAXE,OMAXE,0.0,,0.0,0.01,1,EQ,NSE,NSE
3458,3802625,14854,783RJ50-SG,SDL RJ 7.83% 2050,0.0,,0.0,0.01,100,EQ,NSE,NSE
3459,3802881,14855,776KL51-SG,SDL KL 7.76% 2051,0.0,,0.0,0.01,100,EQ,NSE,NSE
3460,3803649,14858,GOLD1,KOTAK GOLD ETF,0.0,,0.0,0.01,1,EQ,NSE,NSE
3461,3804161,14860,776TN53-SG,SDL TN 7.76% 2053,0.0,,0.0,0.01,100,EQ,NSE,NSE
3462,3804417,14861,776KL58-SG,SDL KL 7.76% 2058,0.0,,0.0,0.01,100,EQ,NSE,NSE
3463,3806209,14868,FLFL-BZ,FUT LIFESTYLE FASH,0.0,,0.0,0.01,1,EQ,NSE,NSE
3464,3806977,14871,USK,UDAYSHIVAKUMAR INFRA,0.0,,0.0,0.01,1,EQ,NSE,NSE
3465,3811585,14889,ASIANTILES,ASIAN GRANITO IND.,0.0,,0.0,0.01,1,EQ,NSE,NSE
3466,3811841,14890,AKI,AKI INDIA,0.0,,0.0,0.01,1,EQ,NSE,NSE
3467,3812865,14894,CENTRALBK,CENTRAL BANK OF INDIA,0.0,,0.0,0.01,1,EQ,NSE,NSE
3468,3814401,14900,SAHYADRI,SAHYADRI INDUSTRIES,0.0,,0.0,0.05,1,EQ,NSE,NSE
3469,3816449,14908,KDDL,KDDL,0.0,,0.0,0.1,1,EQ,NSE,NSE
3470,3817473,14912,KPRMILL,KPR MILL,0.0,,0.0,0.1,1,EQ,NSE,NSE
3471,3819521,14920,TAKE-BE,TAKE SOLUTIONS,0.0,,0.0,0.01,1,EQ,NSE,NSE
3472,3820033,14922,PURVA,PURAVANKARA,0.0,,0.0,0.01,1,EQ,NSE,NSE
3473,3820545,14924,LAL,LORENZINI APPARELS,0.0,,0.0,0.01,1,EQ,NSE,NSE
3474,3823873,14937,CIEINDIA,CIE AUTOMOTIVE INDIA,0.0,,0.0,0.05,1,EQ,NSE,NSE
3475,3824129,14938,GSEC10YEAR,MIRAEAMC - MAGS813ETF,0.0,,0.0,0.01,1,EQ,NSE,NSE
3476,3825409,14943,NAGREEKCAP-BE,NAGREEKA CAP & INFR.LTD,0.0,,0.0,0.01,1,EQ,NSE,NSE
3477,3826433,14947,MOTILALOFS,MOTILAL OSWAL FIN,0.0,,0.0,0.05,1,EQ,NSE,NSE
3478,3827713,14952,INDOWIND,INDOWIND ENERGY,0.0,,0.0,0.01,1,EQ,NSE,NSE
3479,3828225,14954,76AP29-SG,SDL AP 7.6% 2029,0.0,,0.0,0.01,100,EQ,NSE,NSE
3480,3828993,14957,MAGNUM,MAGNUM VENTURES,0.0,,0.0,0.01,1,EQ,NSE,NSE
3481,3829249,14958,77AP32-SG,SDL AP 7.7% 2032,0.0,,0.0,0.01,100,EQ,NSE,NSE
3482,3829505,14959,771AP33A-SG,SDL AP 7.71% 2033,0.0,,0.0,0.01,100,EQ,NSE,NSE
3483,3831297,14966,CSBBANK,CSB BANK,0.0,,0.0,0.05,1,EQ,NSE,NSE
3484,3832321,14970,706GS2028-GS,GOI LOAN  7.06% 2028,0.0,,0.0,0.01,1,EQ,NSE,NSE
3485,3832577,14971,710GR2028-GS,GOI LOAN  7.10% 2028,0.0,,0.0,0.01,1,EQ,NSE,NSE
3486,3832833,14972,KSCL,KAVERI SEED CO.,0.0,,0.0,0.05,1,EQ,NSE,NSE
3487,3833089,14973,729GR2033-GS,GOI LOAN  7.29% 2033,0.0,,0.0,0.01,1,EQ,NSE,NSE
3488,3834113,14977,POWERGRID,POWER GRID CORP.,0.0,,0.0,0.05,1,EQ,NSE,NSE
3489,3835393,14982,CENTUM,CENTUM ELECTRONICS,0.0,,0.0,0.1,1,EQ,NSE,NSE
3490,3838209,14993,SOTAC-SM,SOTAC PHARMACEUTICALS,0.0,,0.0,0.05,1200,EQ,NSE,NSE
3491,3838977,14996,CCCL-BE,CONS. CONST. CONSORT,0.0,,0.0,0.01,1,EQ,NSE,NSE
3492,3842305,15009,736MH28-SG,SDL MH 7.36% 2028,0.0,,0.0,0.01,100,EQ,NSE,NSE
3493,3843841,15015,749MH30-SG,SDL MH 7.49% 2030,0.0,,0.0,0.01,100,EQ,NSE,NSE
3494,3844097,15016,758AS33-SG,SDL AS 7.58% 2033,0.0,,0.0,0.01,100,EQ,NSE,NSE
3495,3844353,15017,MAANALU,MAAN ALUMINIUM,0.0,,0.0,0.01,1,EQ,NSE,NSE
3496,3844865,15019,759PN33-SG,SDL PN 7.59% 2033,0.0,,0.0,0.01,100,EQ,NSE,NSE
3497,3845377,15021,758NL33-SG,SDL NL 7.58% 2033,0.0,,0.0,0.01,100,EQ,NSE,NSE
3498,3847681,15030,ASCOM-ST,ASCOM LEASIN & INVEST,0.0,,0.0,0.05,500,EQ,NSE,NSE
3499,3848193,15032,PSUBNKBEES,NIP IND ETF PSU BANK BEES,0.0,,0.0,0.01,1,EQ,NSE,NSE
3500,3848705,15034,BAJAJELEC,BAJAJ ELECT.LTD,0.0,,0.0,0.05,1,EQ,NSE,NSE
3501,3849217,15036,INFINIUM-SM,INFINIUM PHARMACHEM,0.0,,0.0,0.05,500,EQ,NSE,NSE
3502,3849985,15039,CERA,CERA SANITARYWARE,0.0,,0.0,0.5,1,EQ,NSE,NSE
3503,3851265,15044,DELTACORP,DELTA CORP,0.0,,0.0,0.01,1,EQ,NSE,NSE
3504,3851777,15046,699GS2026-GS,GOI LOAN  6.99% 2026,0.0,,0.0,0.01,1,EQ,NSE,NSE
3505,3852545,15049,ENERGYDEV,ENERGY DEVE. CO.LTD,0.0,,0.0,0.01,1,EQ,NSE,NSE
3506,3852801,15050,717GS2030-GS,GOI LOAN  7.17% 2030,0.0,,0.0,0.01,1,EQ,NSE,NSE
3507,3853057,15051,MOS-SM,MOS UTILITY,0.0,,0.0,0.05,4000,EQ,NSE,NSE
3508,3854849,15058,AVALON,AVALON TECHNOLOGIES,0.0,,0.0,0.05,1,EQ,NSE,NSE
3509,3855617,15061,PSUBANK,KOTAK PSU BANK,0.0,,0.0,0.01,1,EQ,NSE,NSE
3510,3857153,15067,BLAL,BEML LAND ASSETS,0.0,,0.0,0.01,1,EQ,NSE,NSE
3511,3857409,15068,RELIGARE,RELIGARE ENTER.,0.0,,0.0,0.01,1,EQ,NSE,NSE
3512,3859713,15077,BVCL-BE,BARAK VALLEY CEM.,0.0,,0.0,0.01,1,EQ,NSE,NSE
3513,3859969,15078,CUBEINVIT-IV,CUBE HIGHWAYS TRUST,0.0,,0.0,0.01,25000,EQ,NSE,NSE
3514,3860993,15082,RADIOCITY-P1,MUSIC BROADCAST,0.0,,0.0,0.05,1,EQ,NSE,NSE
3515,3861249,15083,ADANIPORTS,ADANI PORT & SEZ,0.0,,0.0,0.1,1,EQ,NSE,NSE
3516,3861761,15085,SILVERETF,UTIAMC - SILVERETF,0.0,,0.0,0.01,1,EQ,NSE,NSE
3517,3864321,15095,756RJ33-SG,SDL RJ 7.56% 2033,0.0,,0.0,0.01,100,EQ,NSE,NSE
3518,3865089,15098,75HR30-SG,SDL HR 7.5% 2030,0.0,,0.0,0.01,100,EQ,NSE,NSE
3519,3865601,15100,762PN38-SG,SDL PN 7.62% 2038,0.0,,0.0,0.01,100,EQ,NSE,NSE
3520,3866881,15105,761RJ43-SG,SDL RJ 7.61% 2043,0.0,,0.0,0.01,100,EQ,NSE,NSE
3521,3867137,15106,761TS44-SG,SDL TS 7.61% 2044,0.0,,0.0,0.01,100,EQ,NSE,NSE
3522,3867905,15109,759RJ48-SG,SDL RJ 7.59% 2048,0.0,,0.0,0.01,100,EQ,NSE,NSE
3523,3868161,15110,704IRFC26-NL,,0.0,,0.0,0.01,1,EQ,NSE,NSE
3524,3868673,15112,735IRFC31-NM,,0.0,,0.0,0.01,1,EQ,NSE,NSE
3525,3870465,15119,EDELWEISS,EDELWEISS FIN SERV,0.0,,0.0,0.01,1,EQ,NSE,NSE
3526,3870977,15121,SVLL,SHREE VASU LOGISTICS,0.0,,0.0,0.05,1,EQ,NSE,NSE
3527,3871745,15124,KOLTEPATIL,KOLTE PATIL DEV.,0.0,,0.0,0.05,1,EQ,NSE,NSE
3528,3873025,15129,RGL,RENAISSANCE GLOBAL,0.0,,0.0,0.01,1,EQ,NSE,NSE
3529,3874305,15134,729IRFC26-NN,,0.0,,0.0,0.01,1,EQ,NSE,NSE
3530,3875841,15140,KAUSHALYA-BE,KAUSHALYA INFRA DEV,0.0,,0.0,0.05,1,EQ,NSE,NSE
3531,3876097,15141,COLPAL,COLGATE PALMOLIVE,0.0,,0.0,0.1,1,EQ,NSE,NSE
3532,3876609,15143,PATTECH-ST,PATTECH FITWELL TUB COM L,0.0,,0.0,0.05,1500,EQ,NSE,NSE
3533,3877377,15146,JYOTHYLAB,JYOTHY LABS,0.0,,0.0,0.05,1,EQ,NSE,NSE
3534,3877633,15147,AGUL-SM,A G UNIVERSAL,0.0,,0.0,0.05,2000,EQ,NSE,NSE
3535,3878657,15151,MADHAV,MADHAV MARBLE & GRANITE,0.0,,0.0,0.01,1,EQ,NSE,NSE
3536,3879937,15156,KALYANIFRG,KALYANI FORGE,0.0,,0.0,0.05,1,EQ,NSE,NSE
3537,3880193,15157,RHL,ROBUST HOTELS,0.0,,0.0,0.01,1,EQ,NSE,NSE
3538,3881217,15161,HITECHCORP,HITECH CORPORATION,0.0,,0.0,0.01,1,EQ,NSE,NSE
3539,3883009,15168,764IRFC31-NO,,0.0,,0.0,0.01,1,EQ,NSE,NSE
3540,3884545,15174,TARIL,TRANS & RECTI.,0.0,,0.0,0.05,1,EQ,NSE,NSE
3541,3885825,15179,ECLERX,ECLERX SERVICES,0.0,,0.0,0.1,1,EQ,NSE,NSE
3542,3886081,15180,KIRLPNU,KIRLOSKAR PNEUMATIC COM L,0.0,,0.0,0.1,1,EQ,NSE,NSE
3543,3887105,15184,BRIGADE,BRIGADE ENTER.,0.0,,0.0,0.05,1,EQ,NSE,NSE
3544,3889409,15193,BGRENERGY-BE,BGR ENERGY SYSTEMS,0.0,,0.0,0.05,1,EQ,NSE,NSE
3545,3890945,15199,MANAKSIA,MANAKSIA,0.0,,0.0,0.01,1,EQ,NSE,NSE
3546,3892225,15204,ARIES,ARIES AGRO,0.0,,0.0,0.05,1,EQ,NSE,NSE
3547,3893505,15209,PPAP,PPAP AUTOMOTIVE,0.0,,0.0,0.01,1,EQ,NSE,NSE
3548,3894785,15214,DVL,DHUNSERI VENTURES,0.0,,0.0,0.05,1,EQ,NSE,NSE
3549,3896065,15219,PATINTLOG,PATEL INT. LOG.,0.0,,0.0,0.01,1,EQ,NSE,NSE
3550,3898369,15228,UJJIVANSFB,UJJIVAN SMALL FINANC BANK,0.0,,0.0,0.01,1,EQ,NSE,NSE
3551,3898625,15229,LICNFNHGP,LICNAMC - LICNFNHGP,0.0,,0.0,0.01,1,EQ,NSE,NSE
3552,3899137,15231,1025SFIL26-NT,,0.0,,0.0,0.01,1,EQ,NSE,NSE
3553,3899905,15234,AMBIKCO,AMBIKA COTTON MILL,0.0,,0.0,0.1,1,EQ,NSE,NSE
3554,3900161,15235,98SFIL26-NU,,0.0,,0.0,0.01,1,EQ,NSE,NSE
3555,3901185,15239,BIRLAMONEY,ADITYA BIRLA MONEY,0.0,,0.0,0.01,1,EQ,NSE,NSE
3556,3901441,15240,1050SFIL28-NV,,0.0,,0.0,0.01,1,EQ,NSE,NSE
3557,3902721,15245,957SFIL28-NW,,0.0,,0.0,0.01,1,EQ,NSE,NSE
3558,3903489,15248,KAVDEFENCE-BE,KAVVERI DFS & WIR TEC,0.0,,0.0,0.01,1,EQ,NSE,NSE
3559,3903745,15249,1003SFIL28-NX,,0.0,,0.0,0.01,1,EQ,NSE,NSE
3560,3904257,15251,866SFIL23A-NY,,0.0,,0.0,0.01,1,EQ,NSE,NSE
3561,3904769,15253,890SFIL23A-NZ,,0.0,,0.0,0.01,1,EQ,NSE,NSE
3562,3905025,15254,CEATLTD,CEAT,0.0,,0.0,0.1,1,EQ,NSE,NSE
3563,3905537,15256,739HR29-SG,SDL HR 7.39% 2029,0.0,,0.0,0.01,100,EQ,NSE,NSE
3564,3906305,15259,RPOWER,RELIANCE POWER,0.0,,0.0,0.01,1,EQ,NSE,NSE
3565,3906561,15260,738GJ30-SG,SDL GJ 7.38% 2030,0.0,,0.0,0.01,100,EQ,NSE,NSE
3566,3907073,15262,741AP30-SG,SDL AP 7.41% 2030,0.0,,0.0,0.01,100,EQ,NSE,NSE
3567,3907585,15264,743AP31-SG,SDL AP 7.43% 2031,0.0,,0.0,0.01,100,EQ,NSE,NSE
3568,3907841,15265,743TS33-SG,SDL TS 7.43% 2033,0.0,,0.0,0.01,100,EQ,NSE,NSE
3569,3908097,15266,JKIL,JKUMAR INFR.LTD.,0.0,,0.0,0.05,1,EQ,NSE,NSE
3570,3908353,15267,747AP37-SG,SDL AP 7.47% 2037,0.0,,0.0,0.01,100,EQ,NSE,NSE
3571,3909377,15271,CORDSCABLE,CORDS CABLE INDUS,0.0,,0.0,0.01,1,EQ,NSE,NSE
3572,3911169,15278,ONMOBILE,ONMOBILE GLOBAL,0.0,,0.0,0.01,1,EQ,NSE,NSE
3573,3912449,15283,KNRCON,KNR CONSTRU,0.0,,0.0,0.01,1,EQ,NSE,NSE
3574,3912961,15285,QUICKTOUCH-SM,QUICKTOUCH TECHNOLOGIES L,0.0,,0.0,0.05,500,EQ,NSE,NSE
3575,3913729,15288,HERCULES,HERCULES INVESTMENTS,0.0,,0.0,0.01,1,EQ,NSE,NSE
3576,3917569,15303,BANG,BANG OVERSEAS,0.0,,0.0,0.01,1,EQ,NSE,NSE
3577,3917825,15304,VIRINCHI-BE,VIRINCHI,0.0,,0.0,0.01,1,EQ,NSE,NSE
3578,3918849,15308,SEPC,SEPC,0.0,,0.0,0.01,1,EQ,NSE,NSE
3579,3919105,15309,745RJ33-SG,SDL RJ 7.45% 2033,0.0,,0.0,0.01,100,EQ,NSE,NSE
3580,3919361,15310,744TN33-SG,SDL TN 7.44% 2033,0.0,,0.0,0.01,100,EQ,NSE,NSE
3581,3920129,15313,IRB,IRB INFRA DEV,0.0,,0.0,0.01,1,EQ,NSE,NSE
3582,3920385,15314,745UP33-SG,SDL UP 7.45% 2033,0.0,,0.0,0.01,100,EQ,NSE,NSE
3583,3920641,15315,749MN35-SG,SDL MN 7.49% 2035,0.0,,0.0,0.01,100,EQ,NSE,NSE
3584,3921665,15319,747PN43-SG,SDL PN 7.47% 2043,0.0,,0.0,0.01,100,EQ,NSE,NSE
3585,3921921,15320,747WB43-SG,SDL WB 7.47% 2043,0.0,,0.0,0.01,100,EQ,NSE,NSE
3586,3922689,15323,746WB46-SG,SDL WB 7.46% 2046,0.0,,0.0,0.01,100,EQ,NSE,NSE
3587,3922945,15324,746KL48-SG,SDL KL 7.46% 2048,0.0,,0.0,0.01,100,EQ,NSE,NSE
3588,3924481,15330,QGOLDHALF,QUANTUM GOLD FUND,0.0,,0.0,0.01,1,EQ,NSE,NSE
3589,3924993,15332,NMDC,NMDC,0.0,,0.0,0.01,1,EQ,NSE,NSE
3590,3925249,15333,746TS48A-SG,SDL TS 7.46% 2048,0.0,,0.0,0.01,100,EQ,NSE,NSE
3591,3926273,15337,RAIN,RAIN INDUSTRIES,0.0,,0.0,0.01,1,EQ,NSE,NSE
3592,3927553,15342,SHALPAINTS,SHALIM PAINTS,0.0,,0.0,0.01,1,EQ,NSE,NSE
3593,3928833,15347,GSS,GSS INFOTECH,0.0,,0.0,0.01,1,EQ,NSE,NSE
3594,3929345,15349,SADHNANIQ-BE,SADHANA NITROCHEM,0.0,,0.0,0.01,1,EQ,NSE,NSE
3595,3930881,15355,RECLTD,REC,0.0,,0.0,0.05,1,EQ,NSE,NSE
3596,3931137,15356,GOLDETFADD,DSPAMC - DSPGOLDETF,0.0,,0.0,0.01,1,EQ,NSE,NSE
3597,3932161,15360,NAHARCAP,NAHAR CAP & FIN.,0.0,,0.0,0.05,1,EQ,NSE,NSE
3598,3932673,15362,VGUARD,V-GUARD IND,0.0,,0.0,0.05,1,EQ,NSE,NSE
3599,3934721,15370,830CIFC26-N2,,0.0,,0.0,0.01,1,EQ,NSE,NSE
3600,3935233,15372,CIFCZC26A-N3,,0.0,,0.0,0.01,1,EQ,NSE,NSE
3601,3935745,15374,840CIFCL28-N4,,0.0,,0.0,0.01,1,EQ,NSE,NSE
3602,3936257,15376,CIFCZC28A-N5,,0.0,,0.0,0.01,1,EQ,NSE,NSE
3603,3936513,15377,PDMJEPAPER,PUDUMJEE PAPER PRO.,0.0,,0.0,0.01,1,EQ,NSE,NSE
3604,3937281,15380,MANKIND,MANKIND PHARMA,0.0,,0.0,0.1,1,EQ,NSE,NSE
3605,3940097,15391,RACE,RACE ECO CHAIN,0.0,,0.0,0.01,1,EQ,NSE,NSE
3606,3942145,15399,EIHAHOTELS,EIH ASSOCIATED HOTELS - OBEROI HOTELS,0.0,,0.0,0.05,1,EQ,NSE,NSE
3607,3943425,15404,ATAM,ATAM VALVES,0.0,,0.0,0.01,1,EQ,NSE,NSE
3608,3944705,15409,NESCO,NESCO,0.0,,0.0,0.1,1,EQ,NSE,NSE
3609,3945985,15414,TITAGARH,TITAGARH RAIL SYSTEMS,0.0,,0.0,0.05,1,EQ,NSE,NSE
3610,3947265,15419,DPSCLTD,DPSC,0.0,,0.0,0.01,1,EQ,NSE,NSE
3611,3950337,15431,ACL-BE,ANDHRA CEMENTS,0.0,,0.0,0.01,1,EQ,NSE,NSE
3612,3950593,15432,SGBDC27VII-GB,2.50%GOLDBONDS2027SR-VII,0.0,,0.0,0.01,1,EQ,NSE,NSE
3613,3954945,15449,DENEERS-SM,DE NEERS TOOLS,0.0,,0.0,0.05,600,EQ,NSE,NSE
3614,3961601,15475,734AP29-SG,SDL AP 7.34% 2029,0.0,,0.0,0.01,100,EQ,NSE,NSE
3615,3962113,15477,74AP31-SG,SDL AP 7.4% 2031,0.0,,0.0,0.01,100,EQ,NSE,NSE
3616,3968001,15500,739HR31-SG,SDL HR 7.39% 2031,0.0,,0.0,0.01,100,EQ,NSE,NSE
3617,3968769,15503,739TN33-SG,SDL TN 7.39% 2033,0.0,,0.0,0.01,100,EQ,NSE,NSE
3618,3970049,15508,74AS33-SG,SDL AS 7.4% 2033,0.0,,0.0,0.01,100,EQ,NSE,NSE
3619,3974657,15526,739AP33-SG,SDL AP 7.39% 2033,0.0,,0.0,0.01,100,EQ,NSE,NSE
3620,3982081,15555,HCG,HEALTHCARE GLOB. ENT.,0.0,,0.0,0.05,1,EQ,NSE,NSE
3621,3986433,15572,738AP40-SG,SDL AP 7.38% 2040,0.0,,0.0,0.01,100,EQ,NSE,NSE
3622,3987969,15578,737AP43-SG,SDL AP 7.37% 2043,0.0,,0.0,0.01,100,EQ,NSE,NSE
3623,3990785,15589,AVG,AVG LOGISTICS,0.0,,0.0,0.01,1,EQ,NSE,NSE
3624,4006145,15649,ATALREAL,ATAL REALTECH,0.0,,0.0,0.01,1,EQ,NSE,NSE
3625,4026881,15730,PIGL-BE,POWER INSTRUMENT (G),0.0,,0.0,0.01,1,EQ,NSE,NSE
3626,4030465,15744,727GJ31-SG,SDL GJ 7.27% 2031,0.0,,0.0,0.01,100,EQ,NSE,NSE
3627,4031745,15749,733TN33-SG,SDL TN 7.33% 2033,0.0,,0.0,0.01,100,EQ,NSE,NSE
3628,4032001,15750,737AS33-SG,SDL AS 7.37% 2033,0.0,,0.0,0.01,100,EQ,NSE,NSE
3629,4034305,15759,735AP39-SG,SDL AP 7.35% 2039,0.0,,0.0,0.01,100,EQ,NSE,NSE
3630,4039681,15780,732AP43-SG,SDL AP 7.32% 2043,0.0,,0.0,0.01,100,EQ,NSE,NSE
3631,4040449,15783,732TS48-SG,SDL TS 7.32% 2048,0.0,,0.0,0.01,100,EQ,NSE,NSE
3632,4048641,15815,NXST-RR,NEXUS SELECT TRUST,0.0,,0.0,0.01,1,EQ,NSE,NSE
3633,4057089,15848,LATTEYS-BE,LATTEYS INDUSTRIES,0.0,,0.0,0.01,1,EQ,NSE,NSE
3634,4062465,15869,AUROIMPEX-SM,AURO IMPEX & CHEMICALS L,0.0,,0.0,0.05,1600,EQ,NSE,NSE
3635,4066049,15883,HINDWAREAP,HINDWARE HME INOVATON,0.0,,0.0,0.05,1,EQ,NSE,NSE
3636,4087297,15966,716HR27-SG,SDL HR 7.16% 2027,0.0,,0.0,0.01,100,EQ,NSE,NSE
3637,4088577,15971,72MH28-SG,SDL MH 7.2% 2028,0.0,,0.0,0.01,100,EQ,NSE,NSE
3638,4089089,15973,726MH30-SG,SDL MH 7.26% 2030,0.0,,0.0,0.01,100,EQ,NSE,NSE
3639,4100865,16019,734AS33-SG,SDL AS 7.34% 2033,0.0,,0.0,0.01,100,EQ,NSE,NSE
3640,4103425,16029,732TN33-SG,SDL TN 7.32% 2033,0.0,,0.0,0.01,100,EQ,NSE,NSE
3641,4104961,16035,733NL33-SG,SDL NL 7.33% 2033,0.0,,0.0,0.01,100,EQ,NSE,NSE
3642,4107521,16045,PRINCEPIPE,PRINCE PIPES FITTINGS,0.0,,0.0,0.05,1,EQ,NSE,NSE
3643,4108545,16049,733UP33-SG,SDL UP 7.33% 2033,0.0,,0.0,0.01,100,EQ,NSE,NSE
3644,4111873,16062,734RJ33-SG,SDL RJ 7.34% 2033,0.0,,0.0,0.01,100,EQ,NSE,NSE
3645,4112385,16064,735HR33-SG,SDL HR 7.35% 2033,0.0,,0.0,0.01,100,EQ,NSE,NSE
3646,4112897,16066,736AP34-SG,SDL AP 7.36% 2034,0.0,,0.0,0.01,100,EQ,NSE,NSE
3647,4113665,16069,737JK35-SG,SDL JK 7.37% 2035,0.0,,0.0,0.01,100,EQ,NSE,NSE
3648,4114177,16071,73AP38-SG,SDL AP 7.3% 2038,0.0,,0.0,0.01,100,EQ,NSE,NSE
3649,4119553,16092,729KL49-SG,SDL KL 7.29% 2049,0.0,,0.0,0.01,100,EQ,NSE,NSE
3650,4127489,16123,BHARATWIRE,BHARAT WIRE ROPES,0.0,,0.0,0.01,1,EQ,NSE,NSE
3651,4130049,16133,KRISHCA-SM,KRISHCA STRAPPING SLTN L,0.0,,0.0,0.05,500,EQ,NSE,NSE
3652,4135425,16154,REMUS-SM,REMUS PHARMACEUTICALS L,0.0,,0.0,0.05,100,EQ,NSE,NSE
3653,4145153,16192,PAVNAIND,PAVNA INDUSTRIES,0.0,,0.0,0.01,1,EQ,NSE,NSE
3654,4152321,16220,729HR29-SG,SDL HR 7.29% 2029,0.0,,0.0,0.01,100,EQ,NSE,NSE
3655,4153345,16224,733MH31-SG,SDL MH 7.33% 2031,0.0,,0.0,0.01,100,EQ,NSE,NSE
3656,4154113,16227,732MH32-SG,SDL MH 7.32% 2032,0.0,,0.0,0.01,100,EQ,NSE,NSE
3657,4154625,16229,736MP33-SG,SDL MP 7.36% 2033,0.0,,0.0,0.01,100,EQ,NSE,NSE
3658,4156161,16235,737NL33-SG,SDL NL 7.37% 2033,0.0,,0.0,0.01,100,EQ,NSE,NSE
3659,4157185,16239,737SK33-SG,SDL SK 7.37% 2033,0.0,,0.0,0.01,100,EQ,NSE,NSE
3660,4158465,16244,738AP35-SG,SDL AP 7.38% 2035,0.0,,0.0,0.01,100,EQ,NSE,NSE
3661,4159745,16249,INFIBEAM,INFIBEAM AVENUES,0.0,,0.0,0.01,1,EQ,NSE,NSE
3662,4160001,16250,739MN35-SG,SDL MN 7.39% 2035,0.0,,0.0,0.01,100,EQ,NSE,NSE
3663,4160769,16253,EBBETF0430,EDELAMC - EBBETF0430,0.0,,0.0,0.01,1,EQ,NSE,NSE
3664,4162817,16261,743MZ36-SG,SDL MZ 7.43% 2036,0.0,,0.0,0.01,100,EQ,NSE,NSE
3665,4164609,16268,743MZ37-SG,SDL MZ 7.43% 2037,0.0,,0.0,0.01,100,EQ,NSE,NSE
3666,4166145,16274,732TN53-SG,SDL TN 7.32% 2053,0.0,,0.0,0.01,100,EQ,NSE,NSE
3667,4169985,16289,736ML32-SG,SDL ML 7.36% 2032,0.0,,0.0,0.01,100,EQ,NSE,NSE
3668,4170241,16290,737AP33-SG,SDL AP 7.37% 2033,0.0,,0.0,0.01,100,EQ,NSE,NSE
3669,4184577,16346,736RJ33-SG,SDL RJ 7.36% 2033,0.0,,0.0,0.01,100,EQ,NSE,NSE
3670,4186881,16355,PANACHE-BE,PANACHE DIGILIFE,0.0,,0.0,0.05,1,EQ,NSE,NSE
3671,4189185,16364,736HR33-SG,SDL HR 7.36% 2033,0.0,,0.0,0.01,100,EQ,NSE,NSE
3672,4189953,16367,737PN38-SG,SDL PN 7.37% 2038,0.0,,0.0,0.01,100,EQ,NSE,NSE
3673,4191745,16374,735RJ43-SG,SDL RJ 7.35% 2043,0.0,,0.0,0.01,100,EQ,NSE,NSE
3674,4193025,16379,736WB43-SG,SDL WB 7.36% 2043,0.0,,0.0,0.01,100,EQ,NSE,NSE
3675,4197121,16395,MMP,MMP INDUSTRIES,0.0,,0.0,0.05,1,EQ,NSE,NSE
3676,4197633,16397,732TS49-SG,SDL TS 7.32% 2049,0.0,,0.0,0.01,100,EQ,NSE,NSE
3677,4197889,16398,732KL53-SG,SDL KL 7.32% 2053,0.0,,0.0,0.01,100,EQ,NSE,NSE
3678,4203265,16419,CRAYONS-SM,CRAYONS ADVERTISING,0.0,,0.0,0.05,1000,EQ,NSE,NSE
3679,4212225,16454,DENTALKART-SM,VASA DENTICITY,0.0,,0.0,0.05,250,EQ,NSE,NSE
3680,4219649,16483,PROV-SM,PROVENTUS AGROCOM,0.0,,0.0,0.05,80,EQ,NSE,NSE
3681,4246529,16588,INFOLLION-SM,INFOLLION RESEARCH SER L,0.0,,0.0,0.05,400,EQ,NSE,NSE
3682,4246785,16589,VAISHALI,VAISHALI PHARMA,0.0,,0.0,0.01,1,EQ,NSE,NSE
3683,4259329,16638,726HP29-SG,SDL HP 7.26% 2029,0.0,,0.0,0.01,100,EQ,NSE,NSE
3684,4259585,16639,KIRIINDUS,KIRI INDUSTRIES,0.0,,0.0,0.05,1,EQ,NSE,NSE
3685,4259841,16640,729CG30-SG,SDL CG 7.29% 2030,0.0,,0.0,0.01,100,EQ,NSE,NSE
3686,4260097,16641,729HP31-SG,SDL HP 7.29% 2031,0.0,,0.0,0.01,100,EQ,NSE,NSE
3687,4261121,16645,734AS33A-SG,SDL AS 7.34% 2033,0.0,,0.0,0.01,100,EQ,NSE,NSE
3688,4261377,16646,734RJ33A-SG,SDL RJ 7.34% 2033,0.0,,0.0,0.01,100,EQ,NSE,NSE
3689,4261633,16647,733AP33-SG,SDL AP 7.33% 2033,0.0,,0.0,0.01,100,EQ,NSE,NSE
3690,4261889,16648,732HR33-SG,SDL HR 7.32% 2033,0.0,,0.0,0.01,100,EQ,NSE,NSE
3691,4262145,16649,736AP37-SG,SDL AP 7.36% 2037,0.0,,0.0,0.01,100,EQ,NSE,NSE
3692,4262401,16650,737JK38-SG,SDL JK 7.37% 2038,0.0,,0.0,0.01,100,EQ,NSE,NSE
3693,4262657,16651,718GJ28-SG,SDL GJ 7.18% 2028,0.0,,0.0,0.01,100,EQ,NSE,NSE
3694,4262913,16652,739TS39-SG,SDL TS 7.39% 2039,0.0,,0.0,0.01,100,EQ,NSE,NSE
3695,4263169,16653,733AP42-SG,SDL AP 7.33% 2042,0.0,,0.0,0.01,100,EQ,NSE,NSE
3696,4263425,16654,733AP43-SG,SDL AP 7.33% 2043,0.0,,0.0,0.01,100,EQ,NSE,NSE
3697,4263681,16655,729KL51-SG,SDL KL 7.29% 2051,0.0,,0.0,0.01,100,EQ,NSE,NSE
3698,4263937,16656,729TN53-SG,SDL TN 7.29% 2053,0.0,,0.0,0.01,100,EQ,NSE,NSE
3699,4264193,16657,ANIKINDS,ANIK INDUSTRIES,0.0,,0.0,0.01,1,EQ,NSE,NSE
3700,4265985,16664,SIGMA-BE,SIGMA SOLVE,0.0,,0.0,0.01,1,EQ,NSE,NSE
3701,4267265,16669,BAJAJ-AUTO,BAJAJ AUTO,0.0,,0.0,0.5,1,EQ,NSE,NSE
3702,4268801,16675,BAJAJFINSV,BAJAJ FINSERV,0.0,,0.0,0.1,1,EQ,NSE,NSE
3703,4270593,16682,PTCIL,PTC INDUSTRIES,0.0,,0.0,1.0,1,EQ,NSE,NSE
3704,4271873,16687,DIGISPICE-BE,DIGISPICE TECHNOLOGIES LT,0.0,,0.0,0.01,1,EQ,NSE,NSE
3705,4274177,16696,GHCLTEXTIL,GHCL TEXTILES,0.0,,0.0,0.01,1,EQ,NSE,NSE
3706,4276481,16705,GOKUL,GOKUL REFOILS & SOLV,0.0,,0.0,0.01,1,EQ,NSE,NSE
3707,4278017,16711,SAHANA-SM,SAHANA SYSTEM,0.0,,0.0,0.05,125,EQ,NSE,NSE
3708,4278529,16713,UBL,UNITED BREWERIES,0.0,,0.0,0.1,1,EQ,NSE,NSE
3709,4280065,16719,ALMONDZ,ALMONDZ GLOBAL SEC,0.0,,0.0,0.01,1,EQ,NSE,NSE
3710,4281601,16725,RPGLIFE,RPG LIFE SCIENCES,0.0,,0.0,0.1,1,EQ,NSE,NSE
3711,4283649,16733,725GS2063-GS,GOI LOAN  7.25% 2063,0.0,,0.0,0.01,1,EQ,NSE,NSE
3712,4284417,16736,MKPL,M K PROTEINS,0.0,,0.0,0.01,1,EQ,NSE,NSE
3713,4290049,16758,KDL-SM,KORE DIGITAL,0.0,,0.0,0.05,150,EQ,NSE,NSE
3714,4294913,16777,SILVERAG,MIRAEAMC - MASILVER,0.0,,0.0,0.01,1,EQ,NSE,NSE
3715,4295937,16781,722GJ28-SG,SDL GJ 7.22% 2028,0.0,,0.0,0.01,100,EQ,NSE,NSE
3716,4296193,16782,734MH31-SG,SDL MH 7.34% 2031,0.0,,0.0,0.01,100,EQ,NSE,NSE
3717,4296449,16783,GVT&D,GE VERNOVA T&D INDIA,0.0,,0.0,0.1,1,EQ,NSE,NSE
3718,4296705,16784,734HR31-SG,SDL HR 7.34% 2031,0.0,,0.0,0.01,100,EQ,NSE,NSE
3719,4296961,16785,735MH32-SG,SDL MH 7.35% 2032,0.0,,0.0,0.01,100,EQ,NSE,NSE
3720,4299521,16795,ARCHIDPLY,ARCHIDPLY IND.,0.0,,0.0,0.01,1,EQ,NSE,NSE
3721,4299777,16796,735TN33-SG,SDL TN 7.35% 2033,0.0,,0.0,0.01,100,EQ,NSE,NSE
3722,4300033,16797,736GA33-SG,SDL GA 7.36% 2033,0.0,,0.0,0.01,100,EQ,NSE,NSE
3723,4301057,16801,736HR33A-SG,SDL HR 7.36% 2033,0.0,,0.0,0.01,100,EQ,NSE,NSE
3724,4301313,16802,737NL33A-SG,SDL NL 7.37% 2033,0.0,,0.0,0.01,100,EQ,NSE,NSE
3725,4301569,16803,741UP34-SG,SDL UP 7.41% 2034,0.0,,0.0,0.01,100,EQ,NSE,NSE
3726,4301825,16804,741PN34-SG,SDL PN 7.41% 2034,0.0,,0.0,0.01,100,EQ,NSE,NSE
3727,4302081,16805,74MP34-SG,SDL MP 7.4% 2034,0.0,,0.0,0.01,100,EQ,NSE,NSE
3728,4302337,16806,739AP35-SG,SDL AP 7.39% 2035,0.0,,0.0,0.01,100,EQ,NSE,NSE
3729,4302849,16808,736AP38-SG,SDL AP 7.36% 2038,0.0,,0.0,0.01,100,EQ,NSE,NSE
3730,4303105,16809,736TS41-SG,SDL TS 7.36% 2041,0.0,,0.0,0.01,100,EQ,NSE,NSE
3731,4303617,16811,LOTUSEYE-BE,LOTUS EYE HOSP & INST L,0.0,,0.0,0.01,1,EQ,NSE,NSE
3732,4304385,16814,735TN43-SG,SDL TN 7.35% 2043,0.0,,0.0,0.01,100,EQ,NSE,NSE
3733,4304641,16815,735TS45-SG,SDL TS 7.35% 2045,0.0,,0.0,0.01,100,EQ,NSE,NSE
3734,4305665,16819,QNIFTY,QUANTUM NIFTY 50 ETF,0.0,,0.0,0.01,1,EQ,NSE,NSE
3735,4306177,16821,VINYLINDIA,VINYL CHEMICALS (I),0.0,,0.0,0.01,1,EQ,NSE,NSE
3736,4306433,16822,IKIO,IKIO TECHNOLOGIES,0.0,,0.0,0.01,1,EQ,NSE,NSE
3737,4307713,16827,KOKUYOCMLN,KOKUYO CAMLIN,0.0,,0.0,0.01,1,EQ,NSE,NSE
3738,4310529,16838,801TCH28-N7,,0.0,,0.0,0.01,1,EQ,NSE,NSE
3739,4315905,16859,SINDHUTRAD,SINDHU TRADE LINKS,0.0,,0.0,0.01,1,EQ,NSE,NSE
3740,4316929,16863,LPDC,LANDMARK PR.DEV.CO.LTD,0.0,,0.0,0.01,1,EQ,NSE,NSE
3741,4317441,16865,73GS2053-GS,GOI LOAN  7.3% 2053,0.0,,0.0,0.01,1,EQ,NSE,NSE
3742,4318721,16870,81TCHF28-N8,,0.0,,0.0,0.01,1,EQ,NSE,NSE
3743,4319233,16872,83TCHF28-N9,,0.0,,0.0,0.01,1,EQ,NSE,NSE
3744,4319745,16874,84TCHF28-NA,,0.0,,0.0,0.01,1,EQ,NSE,NSE
3745,4320257,16876,SPECTSTM-SM,SPECTRUM TALENT MGMT,0.0,,0.0,0.05,800,EQ,NSE,NSE
3746,4323329,16888,URBAN-SM,URBAN ENVIRO WASTE MGMT L,0.0,,0.0,0.05,800,EQ,NSE,NSE
3747,4324865,16894,TCHF30-NB,,0.0,,0.0,0.01,1,EQ,NSE,NSE
3748,4326401,16900,DPWIRES,D P WIRES,0.0,,0.0,0.01,1,EQ,NSE,NSE
3749,4328449,16908,TOUCHWOOD,TOUCHWOOD ENTERTAIN,0.0,,0.0,0.01,1,EQ,NSE,NSE
3750,4329729,16913,ARTEMISMED,ARTEMIS MED SERVICE,0.0,,0.0,0.05,1,EQ,NSE,NSE
3751,4330241,16915,ZFCVINDIA,ZF COM VE CTR SYS IND,0.0,,0.0,1.0,1,EQ,NSE,NSE
3752,4331777,16921,20MICRONS,20 MICRONS,0.0,,0.0,0.01,1,EQ,NSE,NSE
3753,4332289,16923,74AP32-SG,SDL AP 7.4% 2032,0.0,,0.0,0.01,100,EQ,NSE,NSE
3754,4333313,16927,JOCIL,JOCIL,0.0,,0.0,0.01,1,EQ,NSE,NSE
3755,4333569,16928,739TN33A-SG,SDL TN 7.39% 2033,0.0,,0.0,0.01,100,EQ,NSE,NSE
3756,4333825,16929,736JK35-SG,SDL JK 7.36% 2035,0.0,,0.0,0.01,100,EQ,NSE,NSE
3757,4334849,16933,INDBANK,INDBANK MERCH BANK,0.0,,0.0,0.01,1,EQ,NSE,NSE
3758,4335105,16934,736MZ38-SG,SDL MZ 7.36% 2038,0.0,,0.0,0.01,100,EQ,NSE,NSE
3759,4335361,16935,735AP40-SG,SDL AP 7.35% 2040,0.0,,0.0,0.01,100,EQ,NSE,NSE
3760,4336385,16939,734TN43-SG,SDL TN 7.34% 2043,0.0,,0.0,0.01,100,EQ,NSE,NSE
3761,4337409,16943,ASHOKAMET,ASHOKA METCAST,0.0,,0.0,0.01,1,EQ,NSE,NSE
3762,4339201,16950,CELLPOINT-SM,CELL POINT (INDIA),0.0,,0.0,0.05,1200,EQ,NSE,NSE
3763,4340225,16954,VILINBIO-SM,VILIN BIO MED,0.0,,0.0,0.05,4000,EQ,NSE,NSE
3764,4341505,16959,ALKALI,ALKALI METALS,0.0,,0.0,0.01,1,EQ,NSE,NSE
3765,4342017,16961,AATMAJ-SM,AATMAJ HEALTHCARE,0.0,,0.0,0.05,2000,EQ,NSE,NSE
3766,4345089,16973,738GJ30A-SG,SDL GJ 7.38% 2030,0.0,,0.0,0.01,100,EQ,NSE,NSE
3767,4345345,16974,74CG30-SG,SDL CG 7.4% 2030,0.0,,0.0,0.01,100,EQ,NSE,NSE
3768,4345601,16975,74MH31-SG,SDL MH 7.4% 2031,0.0,,0.0,0.01,100,EQ,NSE,NSE
3769,4345857,16976,742CG31-SG,SDL CG 7.42% 2031,0.0,,0.0,0.01,100,EQ,NSE,NSE
3770,4346113,16977,742ML32-SG,SDL ML 7.42% 2032,0.0,,0.0,0.01,100,EQ,NSE,NSE
3771,4346369,16978,74MH32-SG,SDL MH 7.4% 2032,0.0,,0.0,0.01,100,EQ,NSE,NSE
3772,4346625,16979,74HR33-SG,SDL HR 7.4% 2033,0.0,,0.0,0.01,100,EQ,NSE,NSE
3773,4347137,16981,745PN34-SG,SDL PN 7.45% 2034,0.0,,0.0,0.01,100,EQ,NSE,NSE
3774,4347393,16982,747GA38-SG,SDL GA 7.47% 2038,0.0,,0.0,0.01,100,EQ,NSE,NSE
3775,4348417,16986,COUNCODOS,COUNTRY CONDO S,0.0,,0.0,0.01,1,EQ,NSE,NSE
3776,4348673,16987,743AP39-SG,SDL AP 7.43% 2039,0.0,,0.0,0.01,100,EQ,NSE,NSE
3777,4348929,16988,742AP41-SG,SDL AP 7.42% 2041,0.0,,0.0,0.01,100,EQ,NSE,NSE
3778,4349953,16992,742TN43-SG,SDL TN 7.42% 2043,0.0,,0.0,0.01,100,EQ,NSE,NSE
3779,4350209,16993,742AP43-SG,SDL AP 7.42% 2043,0.0,,0.0,0.01,100,EQ,NSE,NSE
3780,4350465,16994,74TS45-SG,SDL TS 7.4% 2045,0.0,,0.0,0.01,100,EQ,NSE,NSE
3781,4350721,16995,739RJ48-SG,SDL RJ 7.39% 2048,0.0,,0.0,0.01,100,EQ,NSE,NSE
3782,4350977,16996,TPHQ,TEAMO PRODUCTIONS HQ,0.0,,0.0,0.01,1,EQ,NSE,NSE
3783,4351233,16997,739TS51-SG,SDL TS 7.39% 2051,0.0,,0.0,0.01,100,EQ,NSE,NSE
3784,4351489,16998,739KL52-SG,SDL KL 7.39% 2052,0.0,,0.0,0.01,100,EQ,NSE,NSE
3785,4352769,17003,739TN53-SG,SDL TN 7.39% 2053,0.0,,0.0,0.01,100,EQ,NSE,NSE
3786,4357633,17022,MAWANASUG,MAWANA SUGARS,0.0,,0.0,0.01,1,EQ,NSE,NSE
3787,4358145,17024,85IFL26-NX,,0.0,,0.0,0.01,1,EQ,NSE,NSE
3788,4359425,17029,PATANJALI,PATANJALI FOODS,0.0,,0.0,0.05,1,EQ,NSE,NSE
3789,4360193,17032,THYROCARE,THYROCARE TECH,0.0,,0.0,0.05,1,EQ,NSE,NSE
3790,4360705,17034,IIFLZC26B-NY,,0.0,,0.0,0.01,1,EQ,NSE,NSE
3791,4361985,17039,865IFL28-NZ,,0.0,,0.0,0.01,1,EQ,NSE,NSE
3792,4362497,17041,9IIFL28-Y0,,0.0,,0.0,0.01,1,EQ,NSE,NSE
3793,4363009,17043,IIFLZC28B-Y1,,0.0,,0.0,0.01,1,EQ,NSE,NSE
3794,4363265,17044,SHARIABEES,NIP IND ETF SHARIAH BEES,0.0,,0.0,0.01,1,EQ,NSE,NSE
3795,4365569,17053,HMAAGRO,HMA AGRO INDUSTRIES,0.0,,0.0,0.01,1,EQ,NSE,NSE
3796,4367105,17059,PALREDTEC-BE,PALRED TECHNOLOGIES,0.0,,0.0,0.01,1,EQ,NSE,NSE
3797,4370177,17071,URAVIDEF,URAVI DEFENCE &TECH,0.0,,0.0,0.01,1,EQ,NSE,NSE
3798,4373505,17084,ESFL-SM,ESSEN SPECIALITY FILMS L,0.0,,0.0,0.05,360,EQ,NSE,NSE
3799,4374529,17088,MAGSON-SM,MAGSON RETAIL AND DIST L,0.0,,0.0,0.05,1000,EQ,NSE,NSE
3800,4375553,17092,GREENCHEF-SM,GREENCHEF APPLIANCES,0.0,,0.0,0.05,800,EQ,NSE,NSE
3801,4376065,17094,CROMPTON,CROMPT GREA CON ELEC,0.0,,0.0,0.05,1,EQ,NSE,NSE
3802,4377857,17101,75HP38-SG,SDL HP 7.5% 2038,0.0,,0.0,0.01,100,EQ,NSE,NSE
3803,4378113,17102,752AP39-SG,SDL AP 7.52% 2039,0.0,,0.0,0.01,100,EQ,NSE,NSE
3804,4378369,17103,747TS41-SG,SDL TS 7.47% 2041,0.0,,0.0,0.01,100,EQ,NSE,NSE
3805,4378625,17104,747KL42-SG,SDL KL 7.47% 2042,0.0,,0.0,0.01,100,EQ,NSE,NSE
3806,4378881,17105,SUMICHEM,SUMITOMO CHEM INDIA,0.0,,0.0,0.05,1,EQ,NSE,NSE
3807,4380161,17110,SGBJ28VIII-GB,2.50%GOLDBONDS2028SR-VIII,0.0,,0.0,0.01,1,EQ,NSE,NSE
3808,4380417,17111,746AP43-SG,SDL AP 7.46% 2043,0.0,,0.0,0.01,100,EQ,NSE,NSE
3809,4380673,17112,745TN43-SG,SDL TN 7.45% 2043,0.0,,0.0,0.01,100,EQ,NSE,NSE
3810,4380929,17113,743RJ48-SG,SDL RJ 7.43% 2048,0.0,,0.0,0.01,100,EQ,NSE,NSE
3811,4381185,17114,743PN48-SG,SDL PN 7.43% 2048,0.0,,0.0,0.01,100,EQ,NSE,NSE
3812,4381441,17115,743TS50-SG,SDL TS 7.43% 2050,0.0,,0.0,0.01,100,EQ,NSE,NSE
3813,4381697,17116,744ML31-SG,SDL ML 7.44% 2031,0.0,,0.0,0.01,100,EQ,NSE,NSE
3814,4381953,17117,745AS33-SG,SDL AS 7.45% 2033,0.0,,0.0,0.01,100,EQ,NSE,NSE
3815,4382209,17118,745HP33-SG,SDL HP 7.45% 2033,0.0,,0.0,0.01,100,EQ,NSE,NSE
3816,4382465,17119,744TN33A-SG,SDL TN 7.44% 2033,0.0,,0.0,0.01,100,EQ,NSE,NSE
3817,4383233,17122,744RJ33-SG,SDL RJ 7.44% 2033,0.0,,0.0,0.01,100,EQ,NSE,NSE
3818,4383745,17124,746AP34-SG,SDL AP 7.46% 2034,0.0,,0.0,0.01,100,EQ,NSE,NSE
3819,4384513,17127,747PN34-SG,SDL PN 7.47% 2034,0.0,,0.0,0.01,100,EQ,NSE,NSE
3820,4385281,17130,PARAGMILK,PARAG MILK FOODS,0.0,,0.0,0.05,1,EQ,NSE,NSE
3821,4387585,17139,PENTAGON-ST,PENTAGON RUBBER,0.0,,0.0,0.05,1000,EQ,NSE,NSE
3822,4387841,17140,IDEAFORGE,IDEAFORGE TECHNO,0.0,,0.0,0.05,1,EQ,NSE,NSE
3823,4389121,17145,AARTECH,AARTECH SOLONICS,0.0,,0.0,0.01,1,EQ,NSE,NSE
3824,4390913,17152,MIDCAPIETF,ICICIPRAMC - ICICIM150,0.0,,0.0,0.01,1,EQ,NSE,NSE
3825,4392705,17159,875SFL27-ZF,,0.0,,0.0,0.01,1,EQ,NSE,NSE
3826,4394753,17167,GLOBALPET-SM,GLOBAL PET INDUSTRIES,0.0,,0.0,0.05,750,EQ,NSE,NSE
3827,4396033,17172,91SFL27-ZI,,0.0,,0.0,0.01,1,EQ,NSE,NSE
3828,4398337,17181,NEXT50,MIRAEAMC - MANXT50,0.0,,0.0,0.01,1,EQ,NSE,NSE
3829,4399617,17186,SHRIPISTON,SHRIRAM PIST. & RING,0.0,,0.0,0.1,1,EQ,NSE,NSE
3830,4399873,17187,CYIENTDLM,CYIENT DLM,0.0,,0.0,0.05,1,EQ,NSE,NSE
3831,4402433,17197,PAKKA,PAKKA,0.0,,0.0,0.01,1,EQ,NSE,NSE
3832,4403713,17202,SGBJUN31I-GB,2.50%GOLDBONDS2031SR-I,0.0,,0.0,0.01,1,EQ,NSE,NSE
3833,4403969,17203,SYNOPTICS-SM,SYNOPTICS TECHNOLOGIES L,0.0,,0.0,0.05,600,EQ,NSE,NSE
3834,4404993,17207,ITETFADD,DSPAMC - DSPITETF,0.0,,0.0,0.01,1,EQ,NSE,NSE
3835,4405761,17210,TRIDHYA-SM,TRIDHYA TECH,0.0,,0.0,0.05,3000,EQ,NSE,NSE
3836,4408321,17220,744HR32-SG,SDL HR 7.44% 2032,0.0,,0.0,0.01,100,EQ,NSE,NSE
3837,4408577,17221,742TN33-SG,SDL TN 7.42% 2033,0.0,,0.0,0.01,100,EQ,NSE,NSE
3838,4408833,17222,747HR35-SG,SDL HR 7.47% 2035,0.0,,0.0,0.01,100,EQ,NSE,NSE
3839,4409089,17223,744JK38-SG,SDL JK 7.44% 2038,0.0,,0.0,0.01,100,EQ,NSE,NSE
3840,4409345,17224,744TS39-SG,SDL TS 7.44% 2039,0.0,,0.0,0.01,100,EQ,NSE,NSE
3841,4416001,17250,743AP41-SG,SDL AP 7.43% 2041,0.0,,0.0,0.01,100,EQ,NSE,NSE
3842,4416257,17251,743AP42-SG,SDL AP 7.43% 2042,0.0,,0.0,0.01,100,EQ,NSE,NSE
3843,4417537,17256,ALBERTDAVD,ALBERT DAVID,0.0,,0.0,0.05,1,EQ,NSE,NSE
3844,4417793,17257,742KL43-SG,SDL KL 7.42% 2043,0.0,,0.0,0.01,100,EQ,NSE,NSE
3845,4419329,17263,ARMANFIN,ARMAN FIN SERV,0.0,,0.0,0.1,1,EQ,NSE,NSE
3846,4421121,17270,ASPINWALL,ASPINWALL & CO,0.0,,0.0,0.01,1,EQ,NSE,NSE
3847,4421377,17271,SENCO,SENCO GOLD,0.0,,0.0,0.05,1,EQ,NSE,NSE
3848,4421633,17272,SETFGOLD,SBI-ETF GOLD,0.0,,0.0,0.01,1,EQ,NSE,NSE
3849,4423425,17279,BLS,BLS INTL SERVS,0.0,,0.0,0.05,1,EQ,NSE,NSE
3850,4427521,17295,NAGAFERT,NAGARJUN FERT AND CHE,0.0,,0.0,0.01,1,EQ,NSE,NSE
3851,4430593,17307,AJMERA,AJMERA REALTY & INF I,0.0,,0.0,0.1,1,EQ,NSE,NSE
3852,4432129,17313,LLOYDSME,LLOYDS METALS N ENERGY L,0.0,,0.0,0.1,1,EQ,NSE,NSE
3853,4434433,17322,737BR30-SG,SDL BR 7.37% 2030,0.0,,0.0,0.01,100,EQ,NSE,NSE
3854,4434689,17323,735TN33A-SG,SDL TN 7.35% 2033,0.0,,0.0,0.01,100,EQ,NSE,NSE
3855,4434945,17324,738GA33-SG,SDL GA 7.38% 2033,0.0,,0.0,0.01,100,EQ,NSE,NSE
3856,4435201,17325,736AP38A-SG,SDL AP 7.36% 2038,0.0,,0.0,0.01,100,EQ,NSE,NSE
3857,4435457,17326,736MZ38A-SG,SDL MZ 7.36% 2038,0.0,,0.0,0.01,100,EQ,NSE,NSE
3858,4435713,17327,736KL38-SG,SDL KL 7.36% 2038,0.0,,0.0,0.01,100,EQ,NSE,NSE
3859,4435969,17328,734TS44-SG,SDL TS 7.34% 2044,0.0,,0.0,0.01,100,EQ,NSE,NSE
3860,4436225,17329,734TS46-SG,SDL TS 7.34% 2046,0.0,,0.0,0.01,100,EQ,NSE,NSE
3861,4437249,17333,MHRIL,MAHINDRA HOLIDAYS,0.0,,0.0,0.05,1,EQ,NSE,NSE
3862,4441345,17349,1050NFL26-N7,,0.0,,0.0,0.01,1,EQ,NSE,NSE
3863,4441857,17351,SALONA,SALONA COTSPIN,0.0,,0.0,0.05,1,EQ,NSE,NSE
3864,4442113,17352,1102NFL26-N8,,0.0,,0.0,0.01,1,EQ,NSE,NSE
3865,4443393,17357,GKWLIMITED,GKW,0.0,,0.0,0.1,1,EQ,NSE,NSE
3866,4443649,17358,UTKARSHBNK,UTKARSH SMALL FIN BANK L,0.0,,0.0,0.01,1,EQ,NSE,NSE
3867,4445185,17364,VINATIORGA,VINATI ORGANICS,0.0,,0.0,0.1,1,EQ,NSE,NSE
3868,4447233,17372,DRONE-SM,DRONE DESTINATION,0.0,,0.0,0.05,500,EQ,NSE,NSE
3869,4449281,17380,EXCEL-BE,EXCEL REALTY N INFRA,0.0,,0.0,0.01,1,EQ,NSE,NSE
3870,4451329,17388,ADANIPOWER,ADANI POWER,0.0,,0.0,0.01,1,EQ,NSE,NSE
3871,4453121,17395,SETF10GILT,SBIAMC - SETF10GILT,0.0,,0.0,0.01,1,EQ,NSE,NSE
3872,4453633,17397,PREMEXPLN,PREMIER EXPLOSIVES,0.0,,0.0,0.05,1,EQ,NSE,NSE
3873,4453889,17398,718GS2037-GS,GOI LOAN  7.18% 2037,0.0,,0.0,0.01,1,EQ,NSE,NSE
3874,4454145,17399,SERVICE-SM,SERVICE CARE,0.0,,0.0,0.05,2000,EQ,NSE,NSE
3875,4454401,17400,NHPC,NHPC,0.0,,0.0,0.01,1,EQ,NSE,NSE
3876,4459265,17419,BANKETF,MIRAEAMC - BANKETF,0.0,,0.0,0.01,1,EQ,NSE,NSE
3877,4460545,17424,GLOBUSSPR,GLOBUS SPIRITS,0.0,,0.0,0.1,1,EQ,NSE,NSE
3878,4462849,17433,NETWEB,NETWEB TECH INDIA,0.0,,0.0,0.1,1,EQ,NSE,NSE
3879,4464129,17438,OIL,OIL INDIA,0.0,,0.0,0.05,1,EQ,NSE,NSE
3880,4466177,17446,74BR30-SG,SDL BR 7.4% 2030,0.0,,0.0,0.01,100,EQ,NSE,NSE
3881,4467969,17453,74UP33-SG,SDL UP 7.4% 2033,0.0,,0.0,0.01,100,EQ,NSE,NSE
3882,4468225,17454,739TN33B-SG,SDL TN 7.39% 2033,0.0,,0.0,0.01,100,EQ,NSE,NSE
3883,4468481,17455,741GA33-SG,SDL GA 7.41% 2033,0.0,,0.0,0.01,100,EQ,NSE,NSE
3884,4468737,17456,741RJ33-SG,SDL RJ 7.41% 2033,0.0,,0.0,0.01,100,EQ,NSE,NSE
3885,4468993,17457,743AP35-SG,SDL AP 7.43% 2035,0.0,,0.0,0.01,100,EQ,NSE,NSE
3886,4469249,17458,741MN35-SG,SDL MN 7.41% 2035,0.0,,0.0,0.01,100,EQ,NSE,NSE
3887,4469505,17459,736KL41-SG,SDL KL 7.36% 2041,0.0,,0.0,0.01,100,EQ,NSE,NSE
3888,4469761,17460,736RJ41-SG,SDL RJ 7.36% 2041,0.0,,0.0,0.01,100,EQ,NSE,NSE
3889,4470017,17461,736WB41-SG,SDL WB 7.36% 2041,0.0,,0.0,0.01,100,EQ,NSE,NSE
3890,4470529,17463,736TN43-SG,SDL TN 7.36% 2043,0.0,,0.0,0.01,100,EQ,NSE,NSE
3891,4473601,17475,NV20IETF,ICICI PRUDENTIAL NV20 ETF,0.0,,0.0,0.01,1,EQ,NSE,NSE
3892,4474113,17477,CONTROLPR,CONTROL PRINT,0.0,,0.0,0.05,1,EQ,NSE,NSE
3893,4476417,17486,EXPLEOSOL,EXPLEO SOLUTIONS,0.0,,0.0,0.1,1,EQ,NSE,NSE
3894,4481793,17507,INCREDIBLE,INCREDIBLE INDUSTRIES,0.0,,0.0,0.01,1,EQ,NSE,NSE
3895,4482049,17508,940SCL26C-AU,,0.0,,0.0,0.01,1,EQ,NSE,NSE
3896,4483585,17514,SETCO,SETCO AUTOMOTIVE,0.0,,0.0,0.01,1,EQ,NSE,NSE
3897,4483841,17515,990SCL26I-AV,,0.0,,0.0,0.01,1,EQ,NSE,NSE
3898,4485121,17520,RTNPOWER,RATTANINDIA POWER,0.0,,0.0,0.01,1,EQ,NSE,NSE
3899,4485377,17521,902SCL26I-AW,,0.0,,0.0,0.01,1,EQ,NSE,NSE
3900,4487169,17528,948SCL26I-AX,,0.0,,0.0,0.01,1,EQ,NSE,NSE
3901,4487937,17531,MAHASTEEL-BE,MAHAMAYA STEEL INDS,0.0,,0.0,0.05,1,EQ,NSE,NSE
3902,4488705,17534,MGL,MAHANAGAR GAS,0.0,,0.0,0.1,1,EQ,NSE,NSE
3903,4488961,17535,SCLZC26B-AY,,0.0,,0.0,0.01,1,EQ,NSE,NSE
3904,4490497,17541,DAMODARIND,DAMODAR INDUSTRIES,0.0,,0.0,0.01,1,EQ,NSE,NSE
3905,4490753,17542,1015SCL28B-AZ,,0.0,,0.0,0.01,1,EQ,NSE,NSE
3906,4491777,17546,925SCL28I-BA,,0.0,,0.0,0.01,1,EQ,NSE,NSE
3907,4492033,17547,AMRUTANJAN,AMRUTAJAN HEALTH,0.0,,0.0,0.05,1,EQ,NSE,NSE
3908,4496385,17564,971SCL28I-BC,,0.0,,0.0,0.01,1,EQ,NSE,NSE
3909,4498433,17572,LIQUID,MIRAEAMC - LIQUID,0.0,,0.0,0.01,1,EQ,NSE,NSE
3910,4499457,17576,PVTBANKADD,DSPAMC - DSPPVBKETF,0.0,,0.0,0.01,1,EQ,NSE,NSE
3911,4505089,17598,ASALCBR,ASSO ALCOHOLS & BREW,0.0,,0.0,0.05,1,EQ,NSE,NSE
3912,4506369,17603,MAHEPC,MAHINDRA EPC IRRIG,0.0,,0.0,0.01,1,EQ,NSE,NSE
3913,4508929,17613,SENSEXADD,DSPAMC - DSPSENXETF,0.0,,0.0,0.01,1,EQ,NSE,NSE
3914,4509697,17616,PSUBANKADD,DSPAMC - DSPPSBKETF,0.0,,0.0,0.01,1,EQ,NSE,NSE
3915,4512001,17625,MOLDTECH,MOLD-TEK TECHNOLOGIES,0.0,,0.0,0.01,1,EQ,NSE,NSE
3916,4512513,17627,YCCL-SM,YASONS CHEMEX CARE,0.0,,0.0,0.05,3000,EQ,NSE,NSE
3917,4514561,17635,ZYDUSWELL,ZYDUS WELLNESS,0.0,,0.0,0.05,1,EQ,NSE,NSE
3918,4515073,17637,745TS30A-SG,SDL TS 7.45% 2030,0.0,,0.0,0.01,100,EQ,NSE,NSE
3919,4516097,17641,SUNTECK,SUNTECK REALTY,0.0,,0.0,0.05,1,EQ,NSE,NSE
3920,4516353,17642,745AS33A-SG,SDL AS 7.45% 2033,0.0,,0.0,0.01,100,EQ,NSE,NSE
3921,4516609,17643,745AP33-SG,SDL AP 7.45% 2033,0.0,,0.0,0.01,100,EQ,NSE,NSE
3922,4518657,17651,POKARNA,POKARNA,0.0,,0.0,0.05,1,EQ,NSE,NSE
3923,4518913,17652,749RJ34-SG,SDL RJ 7.49% 2034,0.0,,0.0,0.01,100,EQ,NSE,NSE
3924,4519169,17653,745KL40-SG,SDL KL 7.45% 2040,0.0,,0.0,0.01,100,EQ,NSE,NSE
3925,4520705,17659,UNIVPHOTO,UNIVERSUS IMAGINGS,0.0,,0.0,0.05,1,EQ,NSE,NSE
3926,4521985,17664,SGBFEB28IX-GB,2.50%GOLDBONDS2028SR-IX,0.0,,0.0,0.01,1,EQ,NSE,NSE
3927,4522753,17667,745TS40-SG,SDL TS 7.45% 2040,0.0,,0.0,0.01,100,EQ,NSE,NSE
3928,4523009,17668,745AP40A-SG,SDL AP 7.45% 2040,0.0,,0.0,0.01,100,EQ,NSE,NSE
3929,4523265,17669,744AP43-SG,SDL AP 7.44% 2043,0.0,,0.0,0.01,100,EQ,NSE,NSE
3930,4523521,17670,743TN43-SG,SDL TN 7.43% 2043,0.0,,0.0,0.01,100,EQ,NSE,NSE
3931,4523777,17671,743TN53-SG,SDL TN 7.43% 2053,0.0,,0.0,0.01,100,EQ,NSE,NSE
3932,4524033,17672,744JK53-SG,SDL JK 7.44% 2053,0.0,,0.0,0.01,100,EQ,NSE,NSE
3933,4524801,17675,ALOKINDS,ALOK INDUSTRIES,0.0,,0.0,0.01,1,EQ,NSE,NSE
3934,4527105,17684,SHRITECH-SM,SHRI TECHTEX,0.0,,0.0,0.05,2000,EQ,NSE,NSE
3935,4527361,17685,GPTINFRA,GPT INFRAPROJECTS,0.0,,0.0,0.01,1,EQ,NSE,NSE
3936,4528897,17691,VIJIFIN,VIJI FINANCE,0.0,,0.0,0.01,1,EQ,NSE,NSE
3937,4531201,17700,LTGILTBEES,NIP IND ETF LONGTERM GILT,0.0,,0.0,0.01,1,EQ,NSE,NSE
3938,4531713,17702,MIDSELIETF,ICICI PRUD MIDCAP SEL ETF,0.0,,0.0,0.01,1,EQ,NSE,NSE
3939,4532225,17704,QUESS,QUESS CORP,0.0,,0.0,0.01,1,EQ,NSE,NSE
3940,4536833,17722,DEN,DEN NETWORKS,0.0,,0.0,0.01,1,EQ,NSE,NSE
3941,4538369,17728,ASTEC,ASTEC LIFESCIENCES,0.0,,0.0,0.05,1,EQ,NSE,NSE
3942,4540161,17735,BAFNAPH-BE,BAFNA PHARMACEUTICALS,0.0,,0.0,0.01,1,EQ,NSE,NSE
3943,4540929,17738,YATHARTH,YATHARTH HOSP & TRA C S L,0.0,,0.0,0.05,1,EQ,NSE,NSE
3944,4543233,17747,NIITMTS,NIIT LEARNING SYSTEMS,0.0,,0.0,0.05,1,EQ,NSE,NSE
3945,4544513,17752,SHILPAMED,SHILPA MEDICARE,0.0,,0.0,0.05,1,EQ,NSE,NSE
3946,4546049,17758,SARDAEN,SARDA ENERGY & MIN,0.0,,0.0,0.05,1,EQ,NSE,NSE
3947,4547585,17764,REFEX,REFEX INDUSTRIES,0.0,,0.0,0.05,1,EQ,NSE,NSE
3948,4548097,17766,ZEAL-SM,ZEAL GLOBAL SERVICES,0.0,,0.0,0.05,600,EQ,NSE,NSE
3949,4549121,17770,GROBTEA,THE GROB TEA COMPANY,0.0,,0.0,0.1,1,EQ,NSE,NSE
3950,4551169,17778,ATL,ALLCARGO TERMINALS,0.0,,0.0,0.01,1,EQ,NSE,NSE
3951,4551937,17781,KKVAPOW-SM,KKV AGRO POWERS,0.0,,0.0,0.05,171,EQ,NSE,NSE
3952,4555265,17794,SOMICONVEY,SOMI CONVEYOR BELT.,0.0,,0.0,0.01,1,EQ,NSE,NSE
3953,4555521,17795,TREL,TRANSINDIA REAL ESTATE L,0.0,,0.0,0.01,1,EQ,NSE,NSE
3954,4557057,17801,LLOYDSENGG,LLOYDS ENGG WORK,0.0,,0.0,0.01,1,EQ,NSE,NSE
3955,4558849,17808,QUAL30IETF,ICICIPRAMC - ICICIQTY30,0.0,,0.0,0.01,1,EQ,NSE,NSE
3956,4561409,17818,LTIM,LTIMINDTREE,0.0,,0.0,0.5,1,EQ,NSE,NSE
3957,4565249,17833,AHLUCONT,AHLUWALIA CONT IND,0.0,,0.0,0.05,1,EQ,NSE,NSE
3958,4565505,17834,747TS32-SG,SDL TS 7.47% 2032,0.0,,0.0,0.01,100,EQ,NSE,NSE
3959,4565761,17835,744TN33B-SG,SDL TN 7.44% 2033,0.0,,0.0,0.01,100,EQ,NSE,NSE
3960,4566785,17839,GILLANDERS,GILLANDERS ARBUTHNOT,0.0,,0.0,0.01,1,EQ,NSE,NSE
3961,4567041,17840,743TS41-SG,SDL TS 7.43% 2041,0.0,,0.0,0.01,100,EQ,NSE,NSE
3962,4567297,17841,743PN48A-SG,SDL PN 7.43% 2048,0.0,,0.0,0.01,100,EQ,NSE,NSE
3963,4569601,17850,743JK53-SG,SDL JK 7.43% 2053,0.0,,0.0,0.01,100,EQ,NSE,NSE
3964,4569857,17851,DLINKINDIA,D-LINK INDIA,0.0,,0.0,0.05,1,EQ,NSE,NSE
3965,4570113,17852,747AP32-SG,SDL AP 7.47% 2032,0.0,,0.0,0.01,100,EQ,NSE,NSE
3966,4571905,17859,REDTAPE,REDTAPE,0.0,,0.0,0.01,1,EQ,NSE,NSE
3967,4573185,17864,957NIDO26-N5,,0.0,,0.0,0.01,1,EQ,NSE,NSE
3968,4573697,17866,10NIDO26-N6,,0.0,,0.0,0.01,1,EQ,NSE,NSE
3969,4574209,17868,NIDOZC26-N7,,0.0,,0.0,0.01,1,EQ,NSE,NSE
3970,4574465,17869,JSWENERGY,JSW ENERGY,0.0,,0.0,0.05,1,EQ,NSE,NSE
3971,4576001,17875,GODREJPROP,GODREJ PROPERTIES,0.0,,0.0,0.1,1,EQ,NSE,NSE
3972,4577537,17881,DBCORP,D.B.CORP,0.0,,0.0,0.05,1,EQ,NSE,NSE
3973,4577793,17882,ORIANA-SM,ORIANA POWER,0.0,,0.0,0.05,75,EQ,NSE,NSE
3974,4579329,17888,GATECH,GACM TECHNOLOGIES,0.0,,0.0,0.01,1,EQ,NSE,NSE
3975,4581889,17898,VINSYS-SM,VINSYS IT SERVICES IND LT,0.0,,0.0,0.05,250,EQ,NSE,NSE
3976,4583169,17903,ABBOTINDIA,ABBOTT INDIA,0.0,,0.0,5.0,1,EQ,NSE,NSE
3977,4587521,17920,HDIL-BZ,HOUSING DEV & INFRA,0.0,,0.0,0.01,1,EQ,NSE,NSE
3978,4588033,17922,GEEKAYWIRE,GEEKAY WIRES,0.0,,0.0,0.01,1,EQ,NSE,NSE
3979,4589313,17927,BAYERCROP,BAYER CROPSCIENCE,0.0,,0.0,0.1,1,EQ,NSE,NSE
3980,4590849,17933,BEARDSELL,BEARDSELL,0.0,,0.0,0.01,1,EQ,NSE,NSE
3981,4592385,17939,HINDCOPPER,HINDUSTAN COPPER,0.0,,0.0,0.05,1,EQ,NSE,NSE
3982,4592641,17940,925IHFL25E-N8,,0.0,,0.0,0.01,1,EQ,NSE,NSE
3983,4593921,17945,COHANCE,COHANCE LIFESCIENCES,0.0,,0.0,0.05,1,EQ,NSE,NSE
3984,4595713,17952,CIFC26A-N9,,0.0,,0.0,0.01,1,EQ,NSE,NSE
3985,4596993,17957,MMTC,MMTC,0.0,,0.0,0.01,1,EQ,NSE,NSE
3986,4597249,17958,84CIFCL28-NA,,0.0,,0.0,0.01,1,EQ,NSE,NSE
3987,4598529,17963,NESTLEIND,NESTLE INDIA,0.0,,0.0,0.1,1,EQ,NSE,NSE
3988,4598785,17964,CIFC28-NB,,0.0,,0.0,0.01,1,EQ,NSE,NSE
3989,4600577,17971,SBICARD,SBI CARDS & PAY SER,0.0,,0.0,0.05,1,EQ,NSE,NSE
3990,4604673,17987,TRF,TRF,0.0,,0.0,0.05,1,EQ,NSE,NSE
3991,4607745,17999,UNITEDTEA,UNITED NILGIRI TEA,0.0,,0.0,0.05,1,EQ,NSE,NSE
3992,4610817,18011,WHIRLPOOL,WHIRLPOOL OF INDIA,0.0,,0.0,0.1,1,EQ,NSE,NSE
3993,4611073,18012,VLEGOV,VL E GOV AND IT SOL,0.0,,0.0,0.01,1,EQ,NSE,NSE
3994,4614145,18024,SETUINFRA-BZ,SETUBANDHAN INFRA,0.0,,0.0,0.01,1,EQ,NSE,NSE
3995,4614401,18025,718GS2033-GS,GOI LOAN  7.18% 2033,0.0,,0.0,0.01,1,EQ,NSE,NSE
3996,4614657,18026,SBFC,SBFC FINANCE,0.0,,0.0,0.01,1,EQ,NSE,NSE
3997,4615425,18029,MBLINFRA,MBL INFRASTRUCTURE,0.0,,0.0,0.01,1,EQ,NSE,NSE
3998,4616961,18035,SANGANI-SM,SANGANI HOSPITALS,0.0,,0.0,0.05,1500,EQ,NSE,NSE
3999,4617985,18039,ADVENZYMES,ADVANCED ENZYME TECH,0.0,,0.0,0.05,1,EQ,NSE,NSE
4000,4618241,18040,YUDIZ-SM,YUDIZ SOLUTIONS,0.0,,0.0,0.05,800,EQ,NSE,NSE
4001,4620545,18049,MINDTECK,MINDTECK (INDIA),0.0,,0.0,0.01,1,EQ,NSE,NSE
4002,4622337,18056,SSFL-SM,SRIVARI SPICES N FOODS L,0.0,,0.0,0.05,500,EQ,NSE,NSE
4003,4623361,18060,CONCORDBIO,CONCORD BIOTECH,0.0,,0.0,0.1,1,EQ,NSE,NSE
4004,4628481,18080,75BR31-SG,SDL BR 7.5% 2031,0.0,,0.0,0.01,100,EQ,NSE,NSE
4005,4628737,18081,749HR33-SG,SDL HR 7.49% 2033,0.0,,0.0,0.01,100,EQ,NSE,NSE
4006,4628993,18082,75GA33-SG,SDL GA 7.5% 2033,0.0,,0.0,0.01,100,EQ,NSE,NSE
4007,4629249,18083,752PN35-SG,SDL PN 7.52% 2035,0.0,,0.0,0.01,100,EQ,NSE,NSE
4008,4629505,18084,751MN35-SG,SDL MN 7.51% 2035,0.0,,0.0,0.01,100,EQ,NSE,NSE
4009,4629761,18085,75UP35-SG,SDL UP 7.5% 2035,0.0,,0.0,0.01,100,EQ,NSE,NSE
4010,4630017,18086,DBL,DILIP BUILDCON,0.0,,0.0,0.05,1,EQ,NSE,NSE
4011,4630273,18087,751PN36-SG,SDL PN 7.51% 2036,0.0,,0.0,0.01,100,EQ,NSE,NSE
4012,4630529,18088,749PN37-SG,SDL PN 7.49% 2037,0.0,,0.0,0.01,100,EQ,NSE,NSE
4013,4632577,18096,JUBLFOOD,JUBILANT FOODWORKS,0.0,,0.0,0.05,1,EQ,NSE,NSE
4014,4632833,18097,747KL39-SG,SDL KL 7.47% 2039,0.0,,0.0,0.01,100,EQ,NSE,NSE
4015,4633089,18098,745TS47-SG,SDL TS 7.45% 2047,0.0,,0.0,0.01,100,EQ,NSE,NSE
4016,4634113,18102,NIFTY1,KOTAK NIFTY ETF,0.0,,0.0,0.01,1,EQ,NSE,NSE
4017,4634881,18105,745JK53-SG,SDL JK 7.45% 2053,0.0,,0.0,0.01,100,EQ,NSE,NSE
4018,4636161,18110,VASCONEQ,VASCON ENGINEERS,0.0,,0.0,0.01,1,EQ,NSE,NSE
4019,4637697,18116,ELECTCAST-W1,ELECTCAST WARRANTS,0.0,,0.0,0.05,33340,EQ,NSE,NSE
4020,4638209,18118,THANGAMAYL,THANGAMAYIL JEWELLERY,0.0,,0.0,0.1,1,EQ,NSE,NSE
4021,4638465,18119,SRGHFL,SRG HOUSING FINANCE L,0.0,,0.0,0.05,1,EQ,NSE,NSE
4022,4639745,18124,DBREALTY,VALOR ESTATE,0.0,,0.0,0.01,1,EQ,NSE,NSE
4023,4641537,18131,YASHO,YASHO INDUSTRIES,0.0,,0.0,0.1,1,EQ,NSE,NSE
4024,4643585,18139,DOLPHIN,DOLPHIN OFF ENT (IND) L,0.0,,0.0,0.05,1,EQ,NSE,NSE
4025,4644353,18142,EMMBI,EMMBI INDUSTRIES,0.0,,0.0,0.01,1,EQ,NSE,NSE
4026,4644609,18143,JIOFIN,JIO FIN SERVICES,0.0,,0.0,0.05,1,EQ,NSE,NSE
4027,4646657,18151,TVSSCS,TVS SUPPLY CHAIN SOL L,0.0,,0.0,0.01,1,EQ,NSE,NSE
4028,4647425,18154,HATHWAY,HATHWAY CABLE & DATACOM,0.0,,0.0,0.01,1,EQ,NSE,NSE
4029,4659969,18203,747AS28-SG,SDL AS 7.47% 2028,0.0,,0.0,0.01,100,EQ,NSE,NSE
4030,4660225,18204,749BR31-SG,SDL BR 7.49% 2031,0.0,,0.0,0.01,100,EQ,NSE,NSE
4031,4661249,18208,ORIENTLTD,ORIENT PRESS,0.0,,0.0,0.01,1,EQ,NSE,NSE
4032,4661505,18209,749GA33-SG,SDL GA 7.49% 2033,0.0,,0.0,0.01,100,EQ,NSE,NSE
4033,4661761,18210,749UP34-SG,SDL UP 7.49% 2034,0.0,,0.0,0.01,100,EQ,NSE,NSE
4034,4662785,18214,TEXMOPIPES,TEXMO PIPE & PRODUCTS,0.0,,0.0,0.01,1,EQ,NSE,NSE
4035,4663041,18215,747KL37-SG,SDL KL 7.47% 2037,0.0,,0.0,0.01,100,EQ,NSE,NSE
4036,4663297,18216,746AP38-SG,SDL AP 7.46% 2038,0.0,,0.0,0.01,100,EQ,NSE,NSE
4037,4664321,18220,KECL,KIRLOSKAR ELECTRIC CO,0.0,,0.0,0.01,1,EQ,NSE,NSE
4038,4664577,18221,746MZ39-SG,SDL MZ 7.46% 2039,0.0,,0.0,0.01,100,EQ,NSE,NSE
4039,4665857,18226,MANINFRA,MAN INFRA,0.0,,0.0,0.01,1,EQ,NSE,NSE
4040,4667393,18232,LORDSCHLO,LORDS CHLORO ALKALI,0.0,,0.0,0.01,1,EQ,NSE,NSE
4041,4672001,18250,PYRAMID,PYRAMID TECHNOPLAST,0.0,,0.0,0.01,1,EQ,NSE,NSE
4042,4672513,18252,SPAL,S. P. APPARELS,0.0,,0.0,0.05,1,EQ,NSE,NSE
4043,4674561,18260,CLSL-SM,CROP LIFE SCIENCE,0.0,,0.0,0.05,2000,EQ,NSE,NSE
4044,4675585,18264,SEL-SM,SUNGARNER ENERGIES,0.0,,0.0,0.05,200,EQ,NSE,NSE
4045,4676609,18268,AEROFLEX,AEROFLEX INDUSTRIES,0.0,,0.0,0.01,1,EQ,NSE,NSE
4046,4679425,18279,HDFCLIQUID,HDFCAMC - HDFCLIQUID,0.0,,0.0,0.01,1,EQ,NSE,NSE
4047,4680449,18283,74WB42-SG,SDL WB 7.4% 2042,0.0,,0.0,0.01,100,EQ,NSE,NSE
4048,4680705,18284,HNGSNGBEES,NIP IND ETF HANGSENG BEES,0.0,,0.0,0.01,1,EQ,NSE,NSE
4049,4682753,18292,IVZINGOLD,INVESCO INDIA GOLD ETF,0.0,,0.0,0.05,1,EQ,NSE,NSE
4050,4689921,18320,745BR31-SG,SDL BR 7.45% 2031,0.0,,0.0,0.01,100,EQ,NSE,NSE
4051,4690177,18321,LGBBROSLTD,LG BALAKRISHNAN & BROS,0.0,,0.0,0.1,1,EQ,NSE,NSE
4052,4690433,18322,744RJ33A-SG,SDL RJ 7.44% 2033,0.0,,0.0,0.01,100,EQ,NSE,NSE
4053,4690689,18323,744HR33-SG,SDL HR 7.44% 2033,0.0,,0.0,0.01,100,EQ,NSE,NSE
4054,4691713,18327,744GA33-SG,SDL GA 7.44% 2033,0.0,,0.0,0.01,100,EQ,NSE,NSE
4055,4692993,18332,745AP34-SG,SDL AP 7.45% 2034,0.0,,0.0,0.01,100,EQ,NSE,NSE
4056,4693249,18333,745HR35-SG,SDL HR 7.45% 2035,0.0,,0.0,0.01,100,EQ,NSE,NSE
4057,4693505,18334,741WB39-SG,SDL WB 7.41% 2039,0.0,,0.0,0.01,100,EQ,NSE,NSE
4058,4693761,18335,741RJ39-SG,SDL RJ 7.41% 2039,0.0,,0.0,0.01,100,EQ,NSE,NSE
4059,4694017,18336,74KL41-SG,SDL KL 7.4% 2041,0.0,,0.0,0.01,100,EQ,NSE,NSE
4060,4694273,18337,74RJ41-SG,SDL RJ 7.4% 2041,0.0,,0.0,0.01,100,EQ,NSE,NSE
4061,4695297,18341,VPRPL,VISHNU PRAKASH R PUNGLI L,0.0,,0.0,0.01,1,EQ,NSE,NSE
4062,4696833,18347,NIFMID150,UTIAMC - NIFMID150,0.0,,0.0,0.01,1,EQ,NSE,NSE
4063,4699905,18359,SANDUMA,SANDUR MANG & IRON ORES L,0.0,,0.0,0.01,1,EQ,NSE,NSE
4064,4701441,18365,PERSISTENT,PERSISTENT SYSTEMS,0.0,,0.0,0.5,1,EQ,NSE,NSE
4065,4702977,18371,NDGL,NAGA DHUNSERI GROUP,0.0,,0.0,0.1,1,EQ,NSE,NSE
4066,4703233,18372,CPS-SM,C P S SHAPERS,0.0,,0.0,0.05,150,EQ,NSE,NSE
4067,4708097,18391,RBLBANK,RBL BANK,0.0,,0.0,0.05,1,EQ,NSE,NSE
4068,4708353,18392,MONOPHARMA-SM,MONO PHARMACARE,0.0,,0.0,0.05,2000,EQ,NSE,NSE
4069,4710401,18400,744AP33-SG,SDL AP 7.44% 2033,0.0,,0.0,0.01,100,EQ,NSE,NSE
4070,4710657,18401,747AS33-SG,SDL AS 7.47% 2033,0.0,,0.0,0.01,100,EQ,NSE,NSE
4071,4710913,18402,747UK33-SG,SDL UK 7.47% 2033,0.0,,0.0,0.01,100,EQ,NSE,NSE
4072,4711169,18403,747GA33-SG,SDL GA 7.47% 2033,0.0,,0.0,0.01,100,EQ,NSE,NSE
4073,4711425,18404,743TN33-SG,SDL TN 7.43% 2033,0.0,,0.0,0.01,100,EQ,NSE,NSE
4074,4711681,18405,745PN34A-SG,SDL PN 7.45% 2034,0.0,,0.0,0.01,100,EQ,NSE,NSE
4075,4711937,18406,744MN35-SG,SDL MN 7.44% 2035,0.0,,0.0,0.01,100,EQ,NSE,NSE
4076,4712193,18407,744HR35-SG,SDL HR 7.44% 2035,0.0,,0.0,0.01,100,EQ,NSE,NSE
4077,4712449,18408,744RJ36-SG,SDL RJ 7.44% 2036,0.0,,0.0,0.01,100,EQ,NSE,NSE
4078,4712705,18409,742HP38-SG,SDL HP 7.42% 2038,0.0,,0.0,0.01,100,EQ,NSE,NSE
4079,4712961,18410,744TS39A-SG,SDL TS 7.44% 2039,0.0,,0.0,0.01,100,EQ,NSE,NSE
4080,4713217,18411,744AP40-SG,SDL AP 7.44% 2040,0.0,,0.0,0.01,100,EQ,NSE,NSE
4081,4713473,18412,74TS43-SG,SDL TS 7.4% 2043,0.0,,0.0,0.01,100,EQ,NSE,NSE
4082,4713729,18413,74AP43-SG,SDL AP 7.4% 2043,0.0,,0.0,0.01,100,EQ,NSE,NSE
4083,4715265,18419,RISHABH-BE,RISHABH INSTRUMENTS,0.0,,0.0,0.05,1,EQ,NSE,NSE
4084,4716033,18422,ASIANHOTNR,ASIAN HOTELS (NORTH),0.0,,0.0,0.05,1,EQ,NSE,NSE
4085,4716289,18423,RATNAVEER,RATNAVEER PRECISION ENG L,0.0,,0.0,0.01,1,EQ,NSE,NSE
4086,4718337,18431,BIGBLOC,BIGBLOC CONSTRUCTION,0.0,,0.0,0.01,1,EQ,NSE,NSE
4087,4721153,18442,BASILIC-SM,BASILIC FLY STUDIO,0.0,,0.0,0.05,300,EQ,NSE,NSE
4088,4723457,18451,SGBMAR28X-GB,2.50%GOLDBONDS2028SR-X,0.0,,0.0,0.01,1,EQ,NSE,NSE
4089,4724993,18457,POWERINDIA,HITACHI ENERGY INDIA,0.0,,0.0,5.0,1,EQ,NSE,NSE
4090,4728577,18471,925CAGL26-N9,,0.0,,0.0,0.01,1,EQ,NSE,NSE
4091,4729089,18473,CAGL26-NA,,0.0,,0.0,0.01,1,EQ,NSE,NSE
4092,4729345,18474,719GS2060-GS,GOI LOAN 7.19% 2060,0.0,,0.0,0.01,1,EQ,NSE,NSE
4093,4730625,18479,ISFT,INTRASOFT TECH.,0.0,,0.0,0.01,1,EQ,NSE,NSE
4094,4730881,18480,940CAGL27-NB,,0.0,,0.0,0.01,1,EQ,NSE,NSE
4095,4732161,18485,CAGL27-NC,,0.0,,0.0,0.01,1,EQ,NSE,NSE
4096,4732673,18487,970CAGL28-ND,,0.0,,0.0,0.01,1,EQ,NSE,NSE
4097,4735489,18498,CAGL28-NE,,0.0,,0.0,0.01,1,EQ,NSE,NSE
4098,4736257,18501,SABEVENTS-BE,SAB EVENTS & GOVERNANCE,0.0,,0.0,0.01,1,EQ,NSE,NSE
4099,4737025,18504,TVVISION,TV VISION,0.0,,0.0,0.01,1,EQ,NSE,NSE
4100,4739329,18513,SAROJA-ST,SAROJA PHARMA INDUS IND L,0.0,,0.0,0.05,1600,EQ,NSE,NSE
4101,4739585,18514,PRAMARA-SM,PRAMARA PROMOTIONS,0.0,,0.0,0.05,500,EQ,NSE,NSE
4102,4740609,18518,748AP38A-SG,SDL AP 7.48% 2038,0.0,,0.0,0.01,100,EQ,NSE,NSE
4103,4740865,18519,743JK53A-SG,SDL JK 7.43% 2053,0.0,,0.0,0.01,100,EQ,NSE,NSE
4104,4741121,18520,CUPID,CUPID,0.0,,0.0,0.05,1,EQ,NSE,NSE
4105,4741377,18521,748PN34-SG,SDL PN 7.48% 2034,0.0,,0.0,0.01,100,EQ,NSE,NSE
4106,4741633,18522,746GA38-SG,SDL GA 7.46% 2038,0.0,,0.0,0.01,100,EQ,NSE,NSE
4107,4742913,18527,746MP38-SG,SDL MP 7.46% 2038,0.0,,0.0,0.01,100,EQ,NSE,NSE
4108,4743169,18528,747MH34-SG,SDL MH 7.47% 2034,0.0,,0.0,0.01,100,EQ,NSE,NSE
4109,4743425,18529,747HR33-SG,SDL HR 7.47% 2033,0.0,,0.0,0.01,100,EQ,NSE,NSE
4110,4743937,18531,746MH33-SG,SDL MH 7.46% 2033,0.0,,0.0,0.01,100,EQ,NSE,NSE
4111,4744193,18532,748UK33-SG,SDL UK 7.48% 2033,0.0,,0.0,0.01,100,EQ,NSE,NSE
4112,4745217,18536,746MP39-SG,SDL MP 7.46% 2039,0.0,,0.0,0.01,100,EQ,NSE,NSE
4113,4745473,18537,746TS42-SG,SDL TS 7.46% 2042,0.0,,0.0,0.01,100,EQ,NSE,NSE
4114,4745729,18538,744TS45-SG,SDL TS 7.44% 2045,0.0,,0.0,0.01,100,EQ,NSE,NSE
4115,4745985,18539,746AP41-SG,SDL AP 7.46% 2041,0.0,,0.0,0.01,100,EQ,NSE,NSE
4116,4747009,18543,DIACABS,DIAMOND POWER INFRA,0.0,,0.0,0.01,1,EQ,NSE,NSE
4117,4749569,18553,JLHL,JUPITER LIFE LINE HOSP L,0.0,,0.0,0.1,1,EQ,NSE,NSE
4118,4750849,18558,JIWANRAM-SM,JIWANRAM SHEODUTTRA IND L,0.0,,0.0,0.05,6000,EQ,NSE,NSE
4119,4751617,18561,716GS2050-GS,GOI LOAN 7.16% 2050,0.0,,0.0,0.01,1,EQ,NSE,NSE
4120,4751873,18562,MITTAL,MITTAL LIFE STYLE,0.0,,0.0,0.01,1,EQ,NSE,NSE
4121,4752385,18564,LTTS,L&T TECHNOLOGY SER.,0.0,,0.0,0.1,1,EQ,NSE,NSE
4122,4752897,18566,RRKABEL,R R KABEL,0.0,,0.0,0.1,1,EQ,NSE,NSE
4123,4754177,18571,GNA,GNA AXLES,0.0,,0.0,0.05,1,EQ,NSE,NSE
4124,4756737,18581,KIRLOSBROS,KIRLOSKAR BROTHERS,0.0,,0.0,0.1,1,EQ,NSE,NSE
4125,4759297,18591,UNIHEALTH-ST,UNIHEALTH HOSPITALS,0.0,,0.0,0.05,1000,EQ,NSE,NSE
4126,4759809,18593,EMSLIMITED,EMS,0.0,,0.0,0.05,1,EQ,NSE,NSE
4127,4763649,18608,ZAGGLE,ZAGGLE PREPA OCEAN SER L,0.0,,0.0,0.05,1,EQ,NSE,NSE
4128,4765185,18614,SAMHI,SAMHI HOTELS,0.0,,0.0,0.01,1,EQ,NSE,NSE
4129,4767745,18624,865SCL26-N8,,0.0,,0.0,0.01,1,EQ,NSE,NSE
4130,4768257,18626,885SCL26-N9,,0.0,,0.0,0.01,1,EQ,NSE,NSE
4131,4768769,18628,9SCL26BA-NA,,0.0,,0.0,0.01,1,EQ,NSE,NSE
4132,4769281,18630,SCLZC26-NB,,0.0,,0.0,0.01,1,EQ,NSE,NSE
4133,4769793,18632,879SCL26-NC,,0.0,,0.0,0.01,1,EQ,NSE,NSE
4134,4770305,18634,9SCL26B-ND,,0.0,,0.0,0.01,1,EQ,NSE,NSE
4135,4770817,18636,915SCL26-NE,,0.0,,0.0,0.01,1,EQ,NSE,NSE
4136,4771329,18638,SCLZC26A-NF,,0.0,,0.0,0.01,1,EQ,NSE,NSE
4137,4772865,18644,DIAMINESQ,DIAMINES & CHEMICALS,0.0,,0.0,0.05,1,EQ,NSE,NSE
4138,4774145,18649,HOLMARC-SM,HOLMARC OPTO MECHATRO L,0.0,,0.0,0.05,750,EQ,NSE,NSE
4139,4774913,18652,ICICIPRULI,ICICI PRU LIFE INS CO,0.0,,0.0,0.05,1,EQ,NSE,NSE
4140,4775425,18654,CHAVDA-SM,CHAVDA INFRA,0.0,,0.0,0.05,1000,EQ,NSE,NSE
4141,4776705,18659,MARATHON,MARATHON NXTGEN REALT,0.0,,0.0,0.05,1,EQ,NSE,NSE
4142,4781825,18679,HPL,HPL ELECTRIC & POWER,0.0,,0.0,0.05,1,EQ,NSE,NSE
4143,4782081,18680,745HR35A-SG,SDL HR 7.45% 2035,0.0,,0.0,0.01,100,EQ,NSE,NSE
4144,4782337,18681,744AP36-SG,SDL AP 7.44% 2036,0.0,,0.0,0.01,100,EQ,NSE,NSE
4145,4783617,18686,741WB42-SG,SDL WB 7.41% 2042,0.0,,0.0,0.01,100,EQ,NSE,NSE
4146,4783873,18687,741JK53-SG,SDL JK 7.41% 2053,0.0,,0.0,0.01,100,EQ,NSE,NSE
4147,4784129,18688,74GJ27-SG,SDL GJ 7.4% 2027,0.0,,0.0,0.01,100,EQ,NSE,NSE
4148,4784385,18689,747CG30-SG,SDL CG 7.47% 2030,0.0,,0.0,0.01,100,EQ,NSE,NSE
4149,4784641,18690,746TS30-SG,SDL TS 7.46% 2030,0.0,,0.0,0.01,100,EQ,NSE,NSE
4150,4784897,18691,749BR31A-SG,SDL BR 7.49% 2031,0.0,,0.0,0.01,100,EQ,NSE,NSE
4151,4785409,18693,AVSL-ST,AVSL INDUSTRIES,0.0,,0.0,0.05,1000,EQ,NSE,NSE
4152,4785665,18694,745HR33-SG,SDL HR 7.45% 2033,0.0,,0.0,0.01,100,EQ,NSE,NSE
4153,4786177,18696,746GA33-SG,SDL GA 7.46% 2033,0.0,,0.0,0.01,100,EQ,NSE,NSE
4154,4787201,18700,JETKNIT-ST,JET KNITWEARS,0.0,,0.0,0.05,750,EQ,NSE,NSE
4155,4787457,18701,746SK33-SG,SDL SK 7.46% 2033,0.0,,0.0,0.01,100,EQ,NSE,NSE
4156,4787969,18703,744MP35-SG,SDL MP 7.44% 2035,0.0,,0.0,0.01,100,EQ,NSE,NSE
4157,4789249,18708,KEL-SM,KUNDAN EDIFICE,0.0,,0.0,0.05,1200,EQ,NSE,NSE
4158,4792577,18721,NUVAMA,NUVAMA WEALTH MANAGE,0.0,,0.0,0.5,1,EQ,NSE,NSE
4159,4794369,18728,MADHUSUDAN-SM,MADHUSUDAN MASALA,0.0,,0.0,0.05,1000,EQ,NSE,NSE
4160,4795137,18731,MASKINVEST-BE,MASK INVESTMENTS,0.0,,0.0,0.01,1,EQ,NSE,NSE
4161,4797697,18741,GRETEX-SM,GRETEX INDUSTRIES,0.0,,0.0,0.05,750,EQ,NSE,NSE
4162,4798209,18743,SIGNATURE,SIGNATUREGLOBAL INDIA,0.0,,0.0,0.1,1,EQ,NSE,NSE
4163,4800257,18751,KODYTECH-SM,KODY TECHNOLAB,0.0,,0.0,0.05,100,EQ,NSE,NSE
4164,4801281,18755,KALAMANDIR,SAI SILKS (KALAMANDIR) L,0.0,,0.0,0.01,1,EQ,NSE,NSE
4165,4802561,18760,YATRA,YATRA ONLINE,0.0,,0.0,0.01,1,EQ,NSE,NSE
4166,4803073,18762,ALCODIS-SM,ALCOKRAFT DISTILLERIE,0.0,,0.0,0.05,625,EQ,NSE,NSE
4167,4804865,18769,DRL-SM,DHANUKA REALTY,0.0,,0.0,0.05,6000,EQ,NSE,NSE
4168,4805889,18773,MARCO-SM,MARCO CABLE & CONDUCTOR L,0.0,,0.0,0.05,1500,EQ,NSE,NSE
4169,4808449,18783,IDFNIFTYET,BANDHANAMC - IDFNIFTYET,0.0,,0.0,0.01,1,EQ,NSE,NSE
4170,4811265,18794,HIGREEN-SM,HI GREEN CARBON,0.0,,0.0,0.05,800,EQ,NSE,NSE
4171,4814337,18806,CELLECOR-SM,CELLECOR GADGETS,0.0,,0.0,0.05,3000,EQ,NSE,NSE
4172,4816641,18815,GICL-SM,GLOBE INTL CARRIERS,0.0,,0.0,0.05,3000,EQ,NSE,NSE
4173,4818433,18822,ENDURANCE,ENDURANCE TECHNO.,0.0,,0.0,0.1,1,EQ,NSE,NSE
4174,4820737,18831,TARAPUR-BE,TARAPUR TRANSFORMERS,0.0,,0.0,0.01,1,EQ,NSE,NSE
4175,4823041,18840,NIRAJISPAT,NIRAJ ISPAT IND,0.0,,0.0,0.01,1,EQ,NSE,NSE
4176,4827137,18856,965SCL28C-BR,,0.0,,0.0,0.01,1,EQ,NSE,NSE
4177,4827393,18857,579GS2030-GS,GOI LOAN 5.79% 2030,0.0,,0.0,0.01,1,EQ,NSE,NSE
4178,4827905,18859,925SCL28C-BS,,0.0,,0.0,0.01,1,EQ,NSE,NSE
4179,4828417,18861,971SCL28C-BU,,0.0,,0.0,0.01,1,EQ,NSE,NSE
4180,4828673,18862,SGBAPR28I-GB,2.50%GOLDBONDS2028SR-I,0.0,,0.0,0.01,1,EQ,NSE,NSE
4181,4828929,18863,VERTOZ,VERTOZ,0.0,,0.0,0.01,1,EQ,NSE,NSE
4182,4829697,18866,MAZDA,MAZDA,0.0,,0.0,0.01,1,EQ,NSE,NSE
4183,4830209,18868,10SCL30A-BV,,0.0,,0.0,0.01,1,EQ,NSE,NSE
4184,4831745,18874,1003SCL30-BW,,0.0,,0.0,0.01,1,EQ,NSE,NSE
4185,4833025,18879,957SCL30-BX,,0.0,,0.0,0.01,1,EQ,NSE,NSE
4186,4834049,18883,SJVN,SJVN,0.0,,0.0,0.01,1,EQ,NSE,NSE
4187,4835585,18889,KSL,KALYANI STEELS,0.0,,0.0,0.05,1,EQ,NSE,NSE
4188,4837633,18897,1025SCL33A-N1,,0.0,,0.0,0.01,1,EQ,NSE,NSE
4189,4838913,18902,1075SCL33A-N2,,0.0,,0.0,0.01,1,EQ,NSE,NSE
4190,4839425,18904,980SCL33A-N3,,0.0,,0.0,0.01,1,EQ,NSE,NSE
4191,4839937,18906,888SCL25E-N4,,0.0,,0.0,0.01,1,EQ,NSE,NSE
4192,4840449,18908,PNBHOUSING,PNB HOUSING FIN,0.0,,0.0,0.05,1,EQ,NSE,NSE
4193,4841217,18911,745RJ44-SG,SDL RJ 7.45% 2044,0.0,,0.0,0.01,100,EQ,NSE,NSE
4194,4841473,18912,745MP44-SG,SDL MP 7.45% 2044,0.0,,0.0,0.01,100,EQ,NSE,NSE
4195,4842497,18916,743RJ49-SG,SDL RJ 7.43% 2049,0.0,,0.0,0.01,100,EQ,NSE,NSE
4196,4843777,18921,VBL,VARUN BEVERAGES,0.0,,0.0,0.05,1,EQ,NSE,NSE
4197,4844033,18922,743TN53A-SG,SDL TN 7.43% 2053,0.0,,0.0,0.01,100,EQ,NSE,NSE
4198,4844289,18923,748MP29-SG,SDL MP 7.48% 2029,0.0,,0.0,0.01,100,EQ,NSE,NSE
4199,4846337,18931,SUNDARAM,SUNDARAM MULTI PAP,0.0,,0.0,0.01,1,EQ,NSE,NSE
4200,4846593,18932,749CG30-SG,SDL CG 7.49% 2030,0.0,,0.0,0.01,100,EQ,NSE,NSE
4201,4846849,18933,752BR31-SG,SDL BR 7.52% 2031,0.0,,0.0,0.01,100,EQ,NSE,NSE
4202,4848129,18938,745GJ31-SG,SDL GJ 7.45% 2031,0.0,,0.0,0.01,100,EQ,NSE,NSE
4203,4848385,18939,746RJ33-SG,SDL RJ 7.46% 2033,0.0,,0.0,0.01,100,EQ,NSE,NSE
4204,4849921,18945,749GA33A-SG,SDL GA 7.49% 2033,0.0,,0.0,0.01,100,EQ,NSE,NSE
4205,4850177,18946,747HR33A-SG,SDL HR 7.47% 2033,0.0,,0.0,0.01,100,EQ,NSE,NSE
4206,4850689,18948,KINGFA-BE,KINGFA SCI & TEC IND,0.0,,0.0,0.1,1,EQ,NSE,NSE
4207,4852225,18954,748HR35-SG,SDL HR 7.48% 2035,0.0,,0.0,0.01,100,EQ,NSE,NSE
4208,4854273,18962,RAJRATAN,RAJRATAN GLOBAL WIRE,0.0,,0.0,0.05,1,EQ,NSE,NSE
4209,4855553,18967,KAPSTON,KAPSTON SERVICES,0.0,,0.0,0.05,1,EQ,NSE,NSE
4210,4856833,18972,SGBMAY28-GB,2.50%GOLDBONDS2028SR-II,0.0,,0.0,0.01,1,EQ,NSE,NSE
4211,4857089,18973,619GS2034-GS,GOI LOAN 6.19% 2034,0.0,,0.0,0.01,1,EQ,NSE,NSE
4212,4858113,18977,UNIVASTU,UNIVASTU INDIA,0.0,,0.0,0.01,1,EQ,NSE,NSE
4213,4861697,18991,759MN35-SG,SDL MN 7.59% 2035,0.0,,0.0,0.01,100,EQ,NSE,NSE
4214,4862209,18993,749PN35-SG,SDL PN 7.49% 2035,0.0,,0.0,0.01,100,EQ,NSE,NSE
4215,4862465,18994,746MP38A-SG,SDL MP 7.46% 2038,0.0,,0.0,0.01,100,EQ,NSE,NSE
4216,4863489,18998,746WB39-SG,SDL WB 7.46% 2039,0.0,,0.0,0.01,100,EQ,NSE,NSE
4217,4863745,18999,745KL39-SG,SDL KL 7.45% 2039,0.0,,0.0,0.01,100,EQ,NSE,NSE
4218,4864001,19000,744WB42-SG,SDL WB 7.44% 2042,0.0,,0.0,0.01,100,EQ,NSE,NSE
4219,4866817,19011,MASTER-SM,MASTER COMPONENTS,0.0,,0.0,0.05,500,EQ,NSE,NSE
4220,4867841,19015,MVGJL,MANOJ VAIBHAV GEM N JEW L,0.0,,0.0,0.01,1,EQ,NSE,NSE
4221,4869121,19020,JSWINFRA,JSW INFRASTRUCTURE,0.0,,0.0,0.05,1,EQ,NSE,NSE
4222,4870401,19025,KIRLOSIND,KIRLOSKAR INDUSTRIES,0.0,,0.0,0.1,1,EQ,NSE,NSE
4223,4873217,19036,PODDARMENT,PODDAR PIGMENTS,0.0,,0.0,0.05,1,EQ,NSE,NSE
4224,4875521,19045,10IIFL29-N6,,0.0,,0.0,0.01,1,EQ,NSE,NSE
4225,4876033,19047,105IIFL29-N7,,0.0,,0.0,0.01,1,EQ,NSE,NSE
4226,4879617,19061,MANAPPURAM,MANAPPURAM FINANCE,0.0,,0.0,0.05,1,EQ,NSE,NSE
4227,4882689,19073,AARVI,AARVI ENCON,0.0,,0.0,0.01,1,EQ,NSE,NSE
4228,4883969,19078,SGBJUN28-GB,2.5%GOLDBONDS2028SR-III,0.0,,0.0,0.01,1,EQ,NSE,NSE
4229,4885505,19084,ITBEES,NIP IND ETF IT,0.0,,0.0,0.01,1,EQ,NSE,NSE
4230,4889345,19099,SILLYMONKS-BE,SILLY MONKS ENTERTAIN,0.0,,0.0,0.01,1,EQ,NSE,NSE
4231,4890625,19104,ROLLT,ROLLATAINERS,0.0,,0.0,0.01,1,EQ,NSE,NSE
4232,4892417,19111,NBIFIN,N.B.I. IND. FIN. CO.,0.0,,0.0,0.1,1,EQ,NSE,NSE
4233,4892673,19112,SAAKSHI-ST,SAAKSHI MEDTEC N PANELS L,0.0,,0.0,0.05,600,EQ,NSE,NSE
4234,4892929,19113,UDS,UPDATER SERVICES,0.0,,0.0,0.01,1,EQ,NSE,NSE
4235,4896257,19126,KIOCL,KIOCL,0.0,,0.0,0.05,1,EQ,NSE,NSE
4236,4898305,19134,MAL-SM,MANGALAM ALLOYS,0.0,,0.0,0.05,1600,EQ,NSE,NSE
4237,4899329,19138,DIGIKORE-SM,DIGIKORE STUDIOS,0.0,,0.0,0.05,400,EQ,NSE,NSE
4238,4900353,19142,UMESLTD,USHA MARTIN EDU & SOL,0.0,,0.0,0.01,1,EQ,NSE,NSE
4239,4903425,19154,INSPIRE-SM,INSPIRE FILMS,0.0,,0.0,0.05,2000,EQ,NSE,NSE
4240,4905217,19161,NEWJAISA-ST,NEWJAISA TECHNOLOGIES,0.0,,0.0,0.05,1500,EQ,NSE,NSE
4241,4905473,19162,752TN33-SG,SDL TN 7.52% 2033,0.0,,0.0,0.01,100,EQ,NSE,NSE
4242,4905729,19163,754UK33-SG,SDL UK 7.54% 2033,0.0,,0.0,0.01,100,EQ,NSE,NSE
4243,4905985,19164,76AP34-SG,SDL AP 7.6% 2034,0.0,,0.0,0.01,100,EQ,NSE,NSE
4244,4906241,19165,755MP35-SG,SDL MP 7.55% 2035,0.0,,0.0,0.01,100,EQ,NSE,NSE
4245,4906497,19166,759HR35-SG,SDL HR 7.59% 2035,0.0,,0.0,0.01,100,EQ,NSE,NSE
4246,4906753,19167,767PN35-SG,SDL PN 7.67% 2035,0.0,,0.0,0.01,100,EQ,NSE,NSE
4247,4907009,19168,756UP35-SG,SDL UP 7.56% 2035,0.0,,0.0,0.01,100,EQ,NSE,NSE
4248,4907265,19169,751MP38-SG,SDL MP 7.51% 2038,0.0,,0.0,0.01,100,EQ,NSE,NSE
4249,4908033,19172,759WB39-SG,SDL WB 7.59% 2039,0.0,,0.0,0.01,100,EQ,NSE,NSE
4250,4908545,19174,75AP41-SG,SDL AP 7.5% 2041,0.0,,0.0,0.01,100,EQ,NSE,NSE
4251,4909313,19177,749TS44-SG,SDL TS 7.49% 2044,0.0,,0.0,0.01,100,EQ,NSE,NSE
4252,4909569,19178,749KL45-SG,SDL KL 7.49% 2045,0.0,,0.0,0.01,100,EQ,NSE,NSE
4253,4909825,19179,753HR33-SG,SDL HR 7.53% 2033,0.0,,0.0,0.01,100,EQ,NSE,NSE
4254,4910081,19180,754CG31-SG,SDL CG 7.54% 2031,0.0,,0.0,0.01,100,EQ,NSE,NSE
4255,4910337,19181,762BR31-SG,SDL BR 7.62% 2031,0.0,,0.0,0.01,100,EQ,NSE,NSE
4256,4911105,19184,SFL,SHEELA FOAM,0.0,,0.0,0.05,1,EQ,NSE,NSE
4257,4911361,19185,755TS32-SG,SDL TS 7.55% 2032,0.0,,0.0,0.01,100,EQ,NSE,NSE
4258,4911617,19186,762AS33-SG,SDL AS 7.62% 2033,0.0,,0.0,0.01,100,EQ,NSE,NSE
4259,4912897,19191,754RJ33-SG,SDL RJ 7.54% 2033,0.0,,0.0,0.01,100,EQ,NSE,NSE
4260,4914177,19196,TI,TILAKNAGAR INDUSTRIES,0.0,,0.0,0.05,1,EQ,NSE,NSE
4261,4916481,19205,HEADSUP,HEADS UP VENTURES,0.0,,0.0,0.01,1,EQ,NSE,NSE
4262,4916737,19206,VINYAS-SM,VINYAS INNOVATIVE TECH L,0.0,,0.0,0.05,100,EQ,NSE,NSE
4263,4918017,19211,HMVL,HINDUSTAN MEDIA VENT,0.0,,0.0,0.01,1,EQ,NSE,NSE
4264,4919809,19218,VALIANTLAB,VALIANT LABORATORIES,0.0,,0.0,0.01,1,EQ,NSE,NSE
4265,4921089,19223,TCIEXP,TCI EXPRESS,0.0,,0.0,0.05,1,EQ,NSE,NSE
4266,4921345,19224,SENSEXETF,MIRAEAMC - SENSEXETF,0.0,,0.0,0.01,1,EQ,NSE,NSE
4267,4923649,19233,AARTISURF,AARTI SURFACTANTS,0.0,,0.0,0.05,1,EQ,NSE,NSE
4268,4923905,19234,LAURUSLABS,LAURUS LABS,0.0,,0.0,0.1,1,EQ,NSE,NSE
4269,4924161,19235,IMFA,INDIAN METALS & FERRO,0.0,,0.0,0.1,1,EQ,NSE,NSE
4270,4924673,19237,MONIFTY500,MOTILALAMC - MONIFTY500,0.0,,0.0,0.01,1,EQ,NSE,NSE
4271,4928769,19253,ARABIAN-SM,ARABIAN PETROLEUM,0.0,,0.0,0.05,2000,EQ,NSE,NSE
4272,4929793,19257,CHOLAFIN-D1,,0.0,,0.0,0.05,1,EQ,NSE,NSE
4273,4931841,19265,BLISSGVS,BLISS GVS PHARMA,0.0,,0.0,0.01,1,EQ,NSE,NSE
4274,4934913,19277,EMAMIREAL,EMAMI REALTY,0.0,,0.0,0.01,1,EQ,NSE,NSE
4275,4935169,19278,EFACTOR-ST,E FACTOR EXPERIENCES,0.0,,0.0,0.05,400,EQ,NSE,NSE
4276,4935425,19279,THEJO,THEJO ENGINEERING,0.0,,0.0,0.1,1,EQ,NSE,NSE
4277,4937473,19287,KONTOR-SM,KONTOR SPACE,0.0,,0.0,0.05,600,EQ,NSE,NSE
4278,4937985,19289,MOM50,MOTILAL OSWAL M50 ETF,0.0,,0.0,0.01,1,EQ,NSE,NSE
4279,4939777,19296,TERASOFT-BE,TERA SOFTWARE,0.0,,0.0,0.05,1,EQ,NSE,NSE
4280,4940545,19299,ITDC,INDIA TOUR. DEV. CO.,0.0,,0.0,0.05,1,EQ,NSE,NSE
4281,4940801,19300,VISHNUINFR-SM,VISHNUSURYA PROJ N INFR L,0.0,,0.0,0.05,500,EQ,NSE,NSE
4282,4946433,19322,HISARMETAL,HISAR METAL IND.,0.0,,0.0,0.01,1,EQ,NSE,NSE
4283,4954113,19352,PROLIFE-SM,PROLIFE INDUSTRIES,0.0,,0.0,0.05,500,EQ,NSE,NSE
4284,4955137,19356,GOYALSALT-SM,GOYAL SALT,0.0,,0.0,0.05,600,EQ,NSE,NSE
4285,4958209,19368,CANARYS-SM,CANARYS AUTOMATIONS,0.0,,0.0,0.05,4000,EQ,NSE,NSE
4286,4960001,19375,SPCENET-BE,SPACENET ENTERS IND,0.0,,0.0,0.01,1,EQ,NSE,NSE
4287,4962817,19386,OLIL-SM,ONECLICK LOGISTICS IND L,0.0,,0.0,0.05,400,EQ,NSE,NSE
4288,4966657,19401,BOROLTD,BOROSIL,0.0,,0.0,0.05,1,EQ,NSE,NSE
4289,4968961,19410,ROSSARI,ROSSARI BIOTECH,0.0,,0.0,0.05,1,EQ,NSE,NSE
4290,4976129,19438,AHLEAST,ASIAN HOTELS (EAST),0.0,,0.0,0.01,1,EQ,NSE,NSE
4291,4976641,19440,SICALLOG-BE,SICAL LOGISTICS,0.0,,0.0,0.01,1,EQ,NSE,NSE
4292,4978433,19447,CAPTRUST,CAPITAL TRUST,0.0,,0.0,0.01,1,EQ,NSE,NSE
4293,4980737,19456,SGBSEP31II-GB,2.50%GOLDBONDS2031SR-II,0.0,,0.0,0.01,1,EQ,NSE,NSE
4294,4981249,19458,PLAZACABLE,PLAZA WIRES,0.0,,0.0,0.01,1,EQ,NSE,NSE
4295,4983809,19468,KARNIKA-ST,KARNIKA INDUSTRIES,0.0,,0.0,0.05,1000,EQ,NSE,NSE
4296,4986625,19479,SCML-ST,SHARP CHUCKS N MACHINES L,0.0,,0.0,0.05,1000,EQ,NSE,NSE
4297,4986881,19480,762GJ28-SG,SDL GJ 7.62% 2028,0.0,,0.0,0.01,100,EQ,NSE,NSE
4298,4987137,19481,77GA33-SG,SDL GA 7.7% 2033,0.0,,0.0,0.01,100,EQ,NSE,NSE
4299,4987393,19482,771UK33-SG,SDL UK 7.71% 2033,0.0,,0.0,0.01,100,EQ,NSE,NSE
4300,4987649,19483,775SK33A-SG,SDL SK 7.75% 2033,0.0,,0.0,0.01,100,EQ,NSE,NSE
4301,4987905,19484,77UP34-SG,SDL UP 7.7% 2034,0.0,,0.0,0.01,100,EQ,NSE,NSE
4302,4988161,19485,769UP35A-SG,SDL UP 7.69% 2035,0.0,,0.0,0.01,100,EQ,NSE,NSE
4303,4988417,19486,775PN36-SG,SDL PN 7.75% 2036,0.0,,0.0,0.01,100,EQ,NSE,NSE
4304,4988673,19487,767AP38-SG,SDL AP 7.67% 2038,0.0,,0.0,0.01,100,EQ,NSE,NSE
4305,4988929,19488,762TN53-SG,SDL TN 7.62% 2053,0.0,,0.0,0.01,100,EQ,NSE,NSE
4306,4989953,19492,PLADAINFO-SM,PLADA INFOTECH SERVICES L,0.0,,0.0,0.05,3000,EQ,NSE,NSE
4307,4990977,19496,SECMARK,SECMARK CONSULTANCY,0.0,,0.0,0.01,1,EQ,NSE,NSE
4308,4992769,19503,TICL-BE,TWAMEV CONS AND INFRA,0.0,,0.0,0.01,1,EQ,NSE,NSE
4309,4996097,19516,COMMITTED-ST,COMMITTED CARGO CARE,0.0,,0.0,0.05,800,EQ,NSE,NSE
4310,4996353,19517,772ML31-SG,SDL ML 7.72% 2031,0.0,,0.0,0.01,100,EQ,NSE,NSE
4311,4996609,19518,762RJ43-SG,SDL RJ 7.62% 2043,0.0,,0.0,0.01,100,EQ,NSE,NSE
4312,4996865,19519,762HP43-SG,SDL HP 7.62% 2043,0.0,,0.0,0.01,100,EQ,NSE,NSE
4313,4997121,19520,764WB43-SG,SDL WB 7.64% 2043,0.0,,0.0,0.01,100,EQ,NSE,NSE
4314,4997377,19521,756JK53-SG,SDL JK 7.56% 2053,0.0,,0.0,0.01,100,EQ,NSE,NSE
4315,4997633,19522,77BR31-SG,SDL BR 7.7% 2031,0.0,,0.0,0.01,100,EQ,NSE,NSE
4316,4997889,19523,764KA32-SG,SDL KA 7.64% 2032,0.0,,0.0,0.01,100,EQ,NSE,NSE
4317,4998145,19524,765TN33A-SG,SDL TN 7.65% 2033,0.0,,0.0,0.01,100,EQ,NSE,NSE
4318,4998401,19525,IITL,INDUSTRIAL INV TRUST,0.0,,0.0,0.01,1,EQ,NSE,NSE
4319,4998657,19526,767AS33B-SG,SDL AS 7.67% 2033,0.0,,0.0,0.01,100,EQ,NSE,NSE
4320,4998913,19527,767GA33-SG,SDL GA 7.67% 2033,0.0,,0.0,0.01,100,EQ,NSE,NSE
4321,4999937,19531,BAJAJCON,BAJAJ CONSUMER CARE,0.0,,0.0,0.05,1,EQ,NSE,NSE
4322,5000193,19532,768UP34-SG,SDL UP 7.68% 2034,0.0,,0.0,0.01,100,EQ,NSE,NSE
4323,5000449,19533,766HR35-SG,SDL HR 7.66% 2035,0.0,,0.0,0.01,100,EQ,NSE,NSE
4324,5001729,19538,766AP37-SG,SDL AP 7.66% 2037,0.0,,0.0,0.01,100,EQ,NSE,NSE
4325,5001985,19539,772MZ38-SG,SDL MZ 7.72% 2038,0.0,,0.0,0.01,100,EQ,NSE,NSE
4326,5003009,19543,HDFCGOLD,HDFC GOLD ETF,0.0,,0.0,0.01,1,EQ,NSE,NSE
4327,5004801,19550,765TS39-SG,SDL TS 7.65% 2039,0.0,,0.0,0.01,100,EQ,NSE,NSE
4328,5005313,19552,761AP43-SG,SDL AP 7.61% 2043,0.0,,0.0,0.01,100,EQ,NSE,NSE
4329,5006337,19556,BHANDARI,BHANDARI HOSIERY EXP,0.0,,0.0,0.01,1,EQ,NSE,NSE
4330,5008897,19566,737GS2028-GS,GOI LOAN  7.37% 2028,0.0,,0.0,0.01,1,EQ,NSE,NSE
4331,5011969,19578,UGARSUGAR,THE UGAR SUGAR WORKS,0.0,,0.0,0.01,1,EQ,NSE,NSE
4332,5012225,19579,ARVINDPORT-SM,ARVIND PORT AND INFRA,0.0,,0.0,0.05,1500,EQ,NSE,NSE
4333,5013761,19585,BSE,BSE,0.0,,0.0,0.1,1,EQ,NSE,NSE
4334,5016833,19597,IRMENERGY,IRM ENERGY,0.0,,0.0,0.05,1,EQ,NSE,NSE
4335,5017345,19599,PRAKASHSTL,PRAKASH STEELAGE,0.0,,0.0,0.01,1,EQ,NSE,NSE
4336,5019137,19606,77KA34-SG,SDL KA 7.7% 2034,0.0,,0.0,0.01,100,EQ,NSE,NSE
4337,5019905,19609,772TS35-SG,SDL TS 7.72% 2035,0.0,,0.0,0.01,100,EQ,NSE,NSE
4338,5020417,19611,773MN35-SG,SDL MN 7.73% 2035,0.0,,0.0,0.01,100,EQ,NSE,NSE
4339,5021185,19614,768TN30-SG,SDL TN 7.68% 2030,0.0,,0.0,0.01,100,EQ,NSE,NSE
4340,5021441,19615,769KA33-SG,SDL KA 7.69% 2033,0.0,,0.0,0.01,100,EQ,NSE,NSE
4341,5021697,19616,77UP33-SG,SDL UP 7.7% 2033,0.0,,0.0,0.01,100,EQ,NSE,NSE
4342,5021953,19617,771RJ33-SG,SDL RJ 7.71% 2033,0.0,,0.0,0.01,100,EQ,NSE,NSE
4343,5022209,19618,772TN33-SG,SDL TN 7.72% 2033,0.0,,0.0,0.01,100,EQ,NSE,NSE
4344,5022465,19619,768MP34-SG,SDL MP 7.68% 2034,0.0,,0.0,0.01,100,EQ,NSE,NSE
4345,5022721,19620,772AP36-SG,SDL AP 7.72% 2036,0.0,,0.0,0.01,100,EQ,NSE,NSE
4346,5022977,19621,766AP42-SG,SDL AP 7.66% 2042,0.0,,0.0,0.01,100,EQ,NSE,NSE
4347,5023233,19622,766TN43-SG,SDL TN 7.66% 2043,0.0,,0.0,0.01,100,EQ,NSE,NSE
4348,5023489,19623,76JK53-SG,SDL JK 7.6% 2053,0.0,,0.0,0.01,100,EQ,NSE,NSE
4349,5024513,19627,WOMANCART-SM,WOMANCART,0.0,,0.0,0.05,400,EQ,NSE,NSE
4350,5025537,19631,PRICOLLTD,PRICOL,0.0,,0.0,0.05,1,EQ,NSE,NSE
4351,5026049,19633,ITETF,MIRAEAMC - ITETF,0.0,,0.0,0.01,1,EQ,NSE,NSE
4352,5027841,19640,ALPHAETF,MIRAEAMC - ALPHAETF,0.0,,0.0,0.01,1,EQ,NSE,NSE
4353,5029377,19646,MAXESTATES,MAX ESTATES,0.0,,0.0,0.05,1,EQ,NSE,NSE
4354,5031169,19653,KALYANI-BE,KALYANI COMMERCIALS,0.0,,0.0,0.01,1,EQ,NSE,NSE
4355,5035521,19670,COMPINFO-BZ,COMPUAGE INFOCOM,0.0,,0.0,0.01,1,EQ,NSE,NSE
4356,5036801,19675,GAYAPROJ-BZ,GAYATRI PROJECTS,0.0,,0.0,0.01,1,EQ,NSE,NSE
4357,5037057,19676,CMICABLES-BZ,CMI,0.0,,0.0,0.01,1,EQ,NSE,NSE
4358,5037313,19677,ANSALAPI-BZ,ANSAL PROP & INFRA,0.0,,0.0,0.01,1,EQ,NSE,NSE
4359,5037825,19679,GOLDIETF,ICICI PRUDENTIAL GOLD ETF,0.0,,0.0,0.01,1,EQ,NSE,NSE
4360,5038337,19681,RCDL-SM,RAJGOR CASTOR DERIVATI L,0.0,,0.0,0.05,3000,EQ,NSE,NSE
4361,5039361,19685,733GS2026-GS,GOI LOAN  7.33% 2026,0.0,,0.0,0.01,1,EQ,NSE,NSE
4362,5039617,19686,BLUEJET,BLUE JET HEALTHCARE,0.0,,0.0,0.05,1,EQ,NSE,NSE
4363,5041153,19692,ONDOOR-SM,ON DOOR CONCEPTS,0.0,,0.0,0.05,300,EQ,NSE,NSE
4364,5041921,19695,JITFINFRA-BE,JITF INFRALOGISTICS,0.0,,0.0,0.05,1,EQ,NSE,NSE
4365,5042689,19698,HMT-BZ,HMT -,0.0,,0.0,0.01,1,EQ,NSE,NSE
4366,5044481,19705,LIQUIDSBI,SBIAMC - LIQUIDSBI,0.0,,0.0,0.01,1,EQ,NSE,NSE
4367,5047297,19716,773RJ33-SG,SDL RJ 7.73% 2033,0.0,,0.0,0.01,100,EQ,NSE,NSE
4368,5047553,19717,773GA33-SG,SDL GA 7.73% 2033,0.0,,0.0,0.01,100,EQ,NSE,NSE
4369,5048321,19720,777PN33-SG,SDL PN 7.77% 2033,0.0,,0.0,0.01,100,EQ,NSE,NSE
4370,5048577,19721,773KA35-SG,SDL KA 7.73% 2035,0.0,,0.0,0.01,100,EQ,NSE,NSE
4371,5048833,19722,775HR35-SG,SDL HR 7.75% 2035,0.0,,0.0,0.01,100,EQ,NSE,NSE
4372,5049089,19723,773KA36-SG,SDL KA 7.73% 2036,0.0,,0.0,0.01,100,EQ,NSE,NSE
4373,5049345,19724,774AP36-SG,SDL AP 7.74% 2036,0.0,,0.0,0.01,100,EQ,NSE,NSE
4374,5049601,19725,775TS37-SG,SDL TS 7.75% 2037,0.0,,0.0,0.01,100,EQ,NSE,NSE
4375,5049857,19726,776AP37-SG,SDL AP 7.76% 2037,0.0,,0.0,0.01,100,EQ,NSE,NSE
4376,5050113,19727,776MP37-SG,SDL MP 7.76% 2037,0.0,,0.0,0.01,100,EQ,NSE,NSE
4377,5050369,19728,774RJ39-SG,SDL RJ 7.74% 2039,0.0,,0.0,0.01,100,EQ,NSE,NSE
4378,5050625,19729,772AP41-SG,SDL AP 7.72% 2041,0.0,,0.0,0.01,100,EQ,NSE,NSE
4379,5050881,19730,77AP43-SG,SDL AP 7.7% 2043,0.0,,0.0,0.01,100,EQ,NSE,NSE
4380,5051137,19731,GPPL,GUJARAT PIPAVAV PORT,0.0,,0.0,0.01,1,EQ,NSE,NSE
4381,5051393,19732,77RJ43-SG,SDL RJ 7.7% 2043,0.0,,0.0,0.01,100,EQ,NSE,NSE
4382,5051649,19733,767TS45-SG,SDL TS 7.67% 2045,0.0,,0.0,0.01,100,EQ,NSE,NSE
4383,5052673,19737,766KL46-SG,SDL KL 7.66% 2046,0.0,,0.0,0.01,100,EQ,NSE,NSE
4384,5053441,19740,765RJ48-SG,SDL RJ 7.65% 2048,0.0,,0.0,0.01,100,EQ,NSE,NSE
4385,5053953,19742,763JK53-SG,SDL JK 7.63% 2053,0.0,,0.0,0.01,100,EQ,NSE,NSE
4386,5054721,19745,768TN30A-SG,SDL TN 7.68% 2030,0.0,,0.0,0.01,100,EQ,NSE,NSE
4387,5054977,19746,773CG31-SG,SDL CG 7.73% 2031,0.0,,0.0,0.01,100,EQ,NSE,NSE
4388,5055233,19747,778BR31-SG,SDL BR 7.78% 2031,0.0,,0.0,0.01,100,EQ,NSE,NSE
4389,5055489,19748,771UP33-SG,SDL UP 7.71% 2033,0.0,,0.0,0.01,100,EQ,NSE,NSE
4390,5057281,19755,SHANTHALA-ST,SHANTHALA FMCG PRODUCTS L,0.0,,0.0,0.05,1200,EQ,NSE,NSE
4391,5058049,19758,940SCL26-N6,,0.0,,0.0,0.01,1,EQ,NSE,NSE
4392,5058561,19760,990SCL26-N7,,0.0,,0.0,0.01,1,EQ,NSE,NSE
4393,5058817,19761,ADFFOODS,ADF FOODS,0.0,,0.0,0.01,1,EQ,NSE,NSE
4394,5059329,19763,902SCL26-N8,,0.0,,0.0,0.01,1,EQ,NSE,NSE
4395,5060609,19768,948SCL26-N9,,0.0,,0.0,0.01,1,EQ,NSE,NSE
4396,5061121,19770,SCL26-NA,,0.0,,0.0,0.01,1,EQ,NSE,NSE
4397,5061633,19772,SCLZC26C-NB,,0.0,,0.0,0.01,1,EQ,NSE,NSE
4398,5062145,19774,888SCL25D-NC,,0.0,,0.0,0.01,1,EQ,NSE,NSE
4399,5062657,19776,980SCL33C-ND,,0.0,,0.0,0.01,1,EQ,NSE,NSE
4400,5063425,19779,PARAGON-SM,PARAGON FINE S.C.,0.0,,0.0,0.05,1200,EQ,NSE,NSE
4401,5064449,19783,MUFIN,MUFIN GREEN FINANCE,0.0,,0.0,0.01,1,EQ,NSE,NSE
4402,5067521,19795,CELLO,CELLO WORLD,0.0,,0.0,0.05,1,EQ,NSE,NSE
4403,5068801,19800,WELINV,WELSPUN INV & COMM,0.0,,0.0,0.1,1,EQ,NSE,NSE
4404,5069057,19801,TRANSTEEL-SM,TRANSTEEL SEATING TECH L,0.0,,0.0,0.05,1000,EQ,NSE,NSE
4405,5070849,19808,746GS2073-GS,GOI LOAN  7.46% 2073,0.0,,0.0,0.01,1,EQ,NSE,NSE
4406,5071105,19809,MAITREYA-SM,MAITREYA MEDICARE,0.0,,0.0,0.05,400,EQ,NSE,NSE
4407,5072129,19813,HONASA,HONASA CONSUMER - MAMAEARTH,0.0,,0.0,0.05,1,EQ,NSE,NSE
4408,5084929,19863,SARTELE-SM,SAR TELEVENTURE,0.0,,0.0,0.05,500,EQ,NSE,NSE
4409,5085953,19867,AMNPLST,AMINES & PLASTICIZERS,0.0,,0.0,0.01,1,EQ,NSE,NSE
4410,5088257,19876,LGHL,LAXMI GOLDORNA HOUSE,0.0,,0.0,0.05,1,EQ,NSE,NSE
4411,5088513,19877,RADIOCITY,MUSIC BROADCAST,0.0,,0.0,0.01,1,EQ,NSE,NSE
4412,5088769,19878,ESAFSFB,ESAF SMALL FINANCE BANK L,0.0,,0.0,0.01,1,EQ,NSE,NSE
4413,5091073,19887,MICROPRO-SM,MICROPRO SOFTWARE SOL L,0.0,,0.0,0.05,1600,EQ,NSE,NSE
4414,5092097,19891,773UP33A-SG,SDL UP 7.73% 2033,0.0,,0.0,0.01,100,EQ,NSE,NSE
4415,5092353,19892,774AS33-SG,SDL AS 7.74% 2033,0.0,,0.0,0.01,100,EQ,NSE,NSE
4416,5094145,19899,77MH34-SG,SDL MH 7.7% 2034,0.0,,0.0,0.01,100,EQ,NSE,NSE
4417,5094401,19900,772UP34-SG,SDL UP 7.72% 2034,0.0,,0.0,0.01,100,EQ,NSE,NSE
4418,5094657,19901,772HR35-SG,SDL HR 7.72% 2035,0.0,,0.0,0.01,100,EQ,NSE,NSE
4419,5094913,19902,772TS36-SG,SDL TS 7.72% 2036,0.0,,0.0,0.01,100,EQ,NSE,NSE
4420,5095169,19903,775RJ36-SG,SDL RJ 7.75% 2036,0.0,,0.0,0.01,100,EQ,NSE,NSE
4421,5095425,19904,773BR38-SG,SDL BR 7.73% 2038,0.0,,0.0,0.01,100,EQ,NSE,NSE
4422,5095681,19905,779WB40-SG,SDL WB 7.79% 2040,0.0,,0.0,0.01,100,EQ,NSE,NSE
4423,5095937,19906,759RJ46-SG,SDL RJ 7.59% 2046,0.0,,0.0,0.01,100,EQ,NSE,NSE
4424,5096193,19907,758JK50-SG,SDL JK 7.58% 2050,0.0,,0.0,0.01,100,EQ,NSE,NSE
4425,5096449,19908,765TN30-SG,SDL TN 7.65% 2030,0.0,,0.0,0.01,100,EQ,NSE,NSE
4426,5096705,19909,77KA33-SG,SDL KA 7.7% 2033,0.0,,0.0,0.01,100,EQ,NSE,NSE
4427,5096961,19910,77GA33A-SG,SDL GA 7.7% 2033,0.0,,0.0,0.01,100,EQ,NSE,NSE
4428,5097217,19911,771MH33-SG,SDL MH 7.71% 2033,0.0,,0.0,0.01,100,EQ,NSE,NSE
4429,5097473,19912,772RJ33-SG,SDL RJ 7.72% 2033,0.0,,0.0,0.01,100,EQ,NSE,NSE
4430,5097729,19913,DMART,AVENUE SUPERMARTS,0.0,,0.0,0.1,1,EQ,NSE,NSE
4431,5100545,19924,812REC27-NI,,0.0,,0.0,0.01,1,EQ,NSE,NSE
4432,5101057,19926,743REC35-NH,,0.0,,0.0,0.01,1,EQ,NSE,NSE
4433,5101569,19928,764HUDCO31-N8,,0.0,,0.0,0.01,1,EQ,NSE,NSE
4434,5102081,19930,769HUDCO31-N9,,0.0,,0.0,0.01,1,EQ,NSE,NSE
4435,5102337,19931,ORISSAMINE,ORISSA MIN DEV CO,0.0,,0.0,0.1,1,EQ,NSE,NSE
4436,5102849,19933,EGOLD,EDELAMC - EGOLD,0.0,,0.0,0.05,1,EQ,NSE,NSE
4437,5103873,19937,KILITCH,KILITCH DRUGS INDIA,0.0,,0.0,0.05,1,EQ,NSE,NSE
4438,5105409,19943,DEEPAKNTR,DEEPAK NITRITE,0.0,,0.0,0.1,1,EQ,NSE,NSE
4439,5109505,19959,WAAREEINDO-BE,INDOSOLAR,0.0,,0.0,0.05,1,EQ,NSE,NSE
4440,5110785,19964,851HUDCO28-NB,,0.0,,0.0,0.01,1,EQ,NSE,NSE
4441,5111297,19966,858HUDCO29-NC,,0.0,,0.0,0.01,1,EQ,NSE,NSE
4442,5111809,19968,876HUDCO28-ND,,0.0,,0.0,0.01,1,EQ,NSE,NSE
4443,5112321,19970,901HUDCO34-NE,,0.0,,0.0,0.01,1,EQ,NSE,NSE
4444,5112833,19972,735PFCL35-N1,,0.0,,0.0,0.01,1,EQ,NSE,NSE
4445,5113345,19974,736PFCL28-N2,,0.0,,0.0,0.01,1,EQ,NSE,NSE
4446,5113857,19976,760PFCL35-N3,,0.0,,0.0,0.01,1,EQ,NSE,NSE
4447,5124097,20016,714BR30-SG,SDL BR 7.14% 2030,0.0,,0.0,0.01,100,EQ,NSE,NSE
4448,5124353,20017,72KA31-SG,SDL KA 7.2% 2031,0.0,,0.0,0.01,100,EQ,NSE,NSE
4449,5124609,20018,71JK30-SG,SDL JK 7.1% 2030,0.0,,0.0,0.01,100,EQ,NSE,NSE
4450,5124865,20019,714AP34-SG,SDL AP 7.14% 2034,0.0,,0.0,0.01,100,EQ,NSE,NSE
4451,5125121,20020,718AP33-SG,SDL AP 7.18% 2033,0.0,,0.0,0.01,100,EQ,NSE,NSE
4452,5125633,20022,830PFCL27-N5,,0.0,,0.0,0.01,1,EQ,NSE,NSE
4453,5126657,20026,867PFCL33-N7,,0.0,,0.0,0.01,1,EQ,NSE,NSE
4454,5127169,20028,892PFCL33-N8,,0.0,,0.0,0.01,1,EQ,NSE,NSE
4455,5127681,20030,774IREDA31-N7,,0.0,,0.0,0.01,1,EQ,NSE,NSE
4456,5128193,20032,735NABAR31-N1,,0.0,,0.0,0.01,1,EQ,NSE,NSE
4457,5128705,20034,764NABAR31-N2,,0.0,,0.0,0.01,1,EQ,NSE,NSE
4458,5130241,20040,711HP30-SG,SDL HP 7.11% 2030,0.0,,0.0,0.01,100,EQ,NSE,NSE
4459,5130497,20041,711HP28-SG,SDL HP 7.11% 2028,0.0,,0.0,0.01,100,EQ,NSE,NSE
4460,5131521,20045,940SCL26A-NK,,0.0,,0.0,0.01,1,EQ,NSE,NSE
4461,5131777,20046,872MMFSL26-N1,,0.0,,0.0,0.01,1,EQ,NSE,NSE
4462,5132289,20048,9MMFSML-N2,,0.0,,0.0,0.01,1,EQ,NSE,NSE
4463,5132801,20050,M&MFIN-N3,,0.0,,0.0,0.01,1,EQ,NSE,NSE
4464,5133313,20052,740IIFCL33-N1,,0.0,,0.0,0.01,1,EQ,NSE,NSE
4465,5134337,20056,866IIFC34B-N3,,0.0,,0.0,0.01,1,EQ,NSE,NSE
4466,5134849,20058,891IIFCL34-N4,,0.0,,0.0,0.01,1,EQ,NSE,NSE
4467,5135617,20061,990SCL26A-NL,,0.0,,0.0,0.01,1,EQ,NSE,NSE
4468,5136129,20063,SASTASUNDR,SASTASUNDAR VENTURES,0.0,,0.0,0.05,1,EQ,NSE,NSE
4469,5136641,20065,902SCL26A-NM,,0.0,,0.0,0.01,1,EQ,NSE,NSE
4470,5138433,20072,INFRABEES,NIP IND ETF INFRA BEES,0.0,,0.0,0.01,1,EQ,NSE,NSE
4471,5139201,20075,948SCL26A-NN,,0.0,,0.0,0.01,1,EQ,NSE,NSE
4472,5139713,20077,INTENTECH-BE,INTENSE TECHNOLOGIES,0.0,,0.0,0.01,1,EQ,NSE,NSE
4473,5140993,20082,SCLZC26D-NO,,0.0,,0.0,0.01,1,EQ,NSE,NSE
4474,5142017,20086,CPCAP,CP CAPITAL,0.0,,0.0,0.01,1,EQ,NSE,NSE
4475,5142529,20088,SCLZC26E-NP,,0.0,,0.0,0.01,1,EQ,NSE,NSE
4476,5143553,20092,TASTYBITE,TASTY BITE EATABLES,0.0,,0.0,0.5,1,EQ,NSE,NSE
4477,5144065,20094,965SCL28A-NQ,,0.0,,0.0,0.01,1,EQ,NSE,NSE
4478,5145345,20099,710GJ30-SG,SDL GJ 7.10% 2030,0.0,,0.0,0.01,100,EQ,NSE,NSE
4479,5145601,20100,711AS30-SG,SDL AS 7.11% 2030,0.0,,0.0,0.01,100,EQ,NSE,NSE
4480,5146113,20102,1015SCL28-NR,,0.0,,0.0,0.01,1,EQ,NSE,NSE
4481,5146625,20104,925SCL28A-NS,,0.0,,0.0,0.01,1,EQ,NSE,NSE
4482,5147137,20106,971SCL28A-NT,,0.0,,0.0,0.01,1,EQ,NSE,NSE
4483,5147649,20108,718HP32-SG,SDL HP 7.18% 2032,0.0,,0.0,0.01,100,EQ,NSE,NSE
4484,5147905,20109,718BR30-SG,SDL BR 7.18% 2030,0.0,,0.0,0.01,100,EQ,NSE,NSE
4485,5148161,20110,GREENPOWER,ORIENT GREEN POWER CO,0.0,,0.0,0.01,1,EQ,NSE,NSE
4486,5148417,20111,1050SCL30-NU,,0.0,,0.0,0.01,1,EQ,NSE,NSE
4487,5149697,20116,1003SCL30A-NV,,0.0,,0.0,0.01,1,EQ,NSE,NSE
4488,5150209,20118,1075SCL33B-NW,,0.0,,0.0,0.01,1,EQ,NSE,NSE
4489,5150721,20120,980SCL33-NX,,0.0,,0.0,0.01,1,EQ,NSE,NSE
4490,5152001,20125,925SCL25G-NY,,0.0,,0.0,0.01,1,EQ,NSE,NSE
4491,5153281,20130,965SCL25F-NZ,,0.0,,0.0,0.01,1,EQ,NSE,NSE
4492,5154305,20134,RAMKY,RAMKY INFRA,0.0,,0.0,0.05,1,EQ,NSE,NSE
4493,5154817,20136,732GS2030-GS,GOI LOAN  7.32% 2030,0.0,,0.0,0.01,1,EQ,NSE,NSE
4494,5156097,20141,BABAFP-SM,BABA FOOD PROCESSING,0.0,,0.0,0.05,1600,EQ,NSE,NSE
4495,5157377,20146,718AS30-SG,SDL AS 7.18% 2030,0.0,,0.0,0.01,100,EQ,NSE,NSE
4496,5157633,20147,719AP34-SG,SDL AP 7.19% 2034,0.0,,0.0,0.01,100,EQ,NSE,NSE
4497,5157889,20148,69GA30-SG,SDL GA 6.9% 2030,0.0,,0.0,0.01,100,EQ,NSE,NSE
4498,5158657,20151,725GR2028-GS,GOI LOAN   7.25% 2028,0.0,,0.0,0.01,1,EQ,NSE,NSE
4499,5158913,20152,ASKAUTOLTD,ASK AUTOMOTIVE,0.0,,0.0,0.05,1,EQ,NSE,NSE
4500,5159425,20154,69KA30-SG,SDL KA 6.9% 2030,0.0,,0.0,0.01,100,EQ,NSE,NSE
4501,5159681,20155,69AS30-SG,SDL AS 6.9% 2030,0.0,,0.0,0.01,100,EQ,NSE,NSE
4502,5160705,20159,ARIHANTSUP,ARIHANT SUPERSTRUCT,0.0,,0.0,0.05,1,EQ,NSE,NSE
4503,5160961,20160,CANTABIL,CANTABIL RETAIL,0.0,,0.0,0.01,1,EQ,NSE,NSE
4504,5162753,20167,ROXHITECH-SM,ROX HI TECH,0.0,,0.0,0.05,1600,EQ,NSE,NSE
4505,5163777,20171,77GA33B-SG,SDL GA 7.7% 2033,0.0,,0.0,0.01,100,EQ,NSE,NSE
4506,5164033,20172,77MH33A-SG,SDL MH 7.7% 2033,0.0,,0.0,0.01,100,EQ,NSE,NSE
4507,5164289,20173,77MH34A-SG,SDL MH 7.7% 2034,0.0,,0.0,0.01,100,EQ,NSE,NSE
4508,5165569,20178,AKSHARCHEM,AKSHARCHEM INDIA,0.0,,0.0,0.05,1,EQ,NSE,NSE
4509,5165825,20179,773UP34-SG,SDL UP 7.73% 2034,0.0,,0.0,0.01,100,EQ,NSE,NSE
4510,5166081,20180,773UP35-SG,SDL UP 7.73% 2035,0.0,,0.0,0.01,100,EQ,NSE,NSE
4511,5166593,20182,ASHOKA,ASHOKA BUILDCON,0.0,,0.0,0.01,1,EQ,NSE,NSE
4512,5166849,20183,772AP38-SG,SDL AP 7.72% 2038,0.0,,0.0,0.01,100,EQ,NSE,NSE
4513,5167105,20184,774HP38-SG,SDL HP 7.74% 2038,0.0,,0.0,0.01,100,EQ,NSE,NSE
4514,5168129,20188,WABAG,VA TECH WABAG,0.0,,0.0,0.1,1,EQ,NSE,NSE
4515,5168385,20189,773TS40-SG,SDL TS 7.73% 2040,0.0,,0.0,0.01,100,EQ,NSE,NSE
4516,5168641,20190,769AP42-SG,SDL AP 7.69% 2042,0.0,,0.0,0.01,100,EQ,NSE,NSE
4517,5170177,20196,BEDMUTHA,BEDMUTHA INDUST,0.0,,0.0,0.01,1,EQ,NSE,NSE
4518,5170433,20197,76JK53A-SG,SDL JK 7.6% 2053,0.0,,0.0,0.01,100,EQ,NSE,NSE
4519,5171969,20203,URJA,URJA GLOBAL,0.0,,0.0,0.01,1,EQ,NSE,NSE
4520,5174529,20213,SUNREST-SM,SUNREST LIFESCIENCE,0.0,,0.0,0.05,1600,EQ,NSE,NSE
4521,5175809,20218,750GA30-SG,SDL GA 7.50% 2030,0.0,,0.0,0.01,100,EQ,NSE,NSE
4522,5176065,20219,780HR30-SG,SDL HR 7.80% 2030,0.0,,0.0,0.01,100,EQ,NSE,NSE
4523,5176321,20220,768UP34A-SG,SDL UP 7.68% 2034,0.0,,0.0,0.01,100,EQ,NSE,NSE
4524,5176577,20221,77UP35-SG,SDL UP 7.7% 2035,0.0,,0.0,0.01,100,EQ,NSE,NSE
4525,5176833,20222,767KA36-SG,SDL KA 7.67% 2036,0.0,,0.0,0.01,100,EQ,NSE,NSE
4526,5177345,20224,JWL,JUPITER WAGONS,0.0,,0.0,0.05,1,EQ,NSE,NSE
4527,5177601,20225,768TS37-SG,SDL TS 7.68% 2037,0.0,,0.0,0.01,100,EQ,NSE,NSE
4528,5177857,20226,77BR38-SG,SDL BR 7.7% 2038,0.0,,0.0,0.01,100,EQ,NSE,NSE
4529,5178881,20230,756JK48-SG,SDL JK 7.56% 2048,0.0,,0.0,0.01,100,EQ,NSE,NSE
4530,5179137,20231,766ML32-SG,SDL ML 7.66% 2032,0.0,,0.0,0.01,100,EQ,NSE,NSE
4531,5179649,20233,CLEDUCATE-BE,CL EDUCATE,0.0,,0.0,0.01,1,EQ,NSE,NSE
4532,5180929,20238,765GA33-SG,SDL GA 7.65% 2033,0.0,,0.0,0.01,100,EQ,NSE,NSE
4533,5181441,20240,765HR33B-SG,SDL HR 7.65% 2033,0.0,,0.0,0.01,100,EQ,NSE,NSE
4534,5181953,20242,OBEROIRLTY,OBEROI REALTY,0.0,,0.0,0.1,1,EQ,NSE,NSE
4535,5182209,20243,767NL33B-SG,SDL NL 7.67% 2033,0.0,,0.0,0.01,100,EQ,NSE,NSE
4536,5182465,20244,768AR33-SG,SDL AR 7.68% 2033,0.0,,0.0,0.01,100,EQ,NSE,NSE
4537,5185793,20257,ESILVER,EDELAMC - ESILVER,0.0,,0.0,0.01,1,EQ,NSE,NSE
4538,5186817,20261,IREDA,INDIAN RENEWABLE ENERGY,0.0,,0.0,0.01,1,EQ,NSE,NSE
4539,5190913,20277,745GJ30-SG,SDL GJ 7.45% 2030,0.0,,0.0,0.01,100,EQ,NSE,NSE
4540,5191169,20278,750AS30-SG,SDL AS 7.50% 2030,0.0,,0.0,0.01,100,EQ,NSE,NSE
4541,5191425,20279,657GJ29-SG,SDL GJ 6.57% 2029,0.0,,0.0,0.01,100,EQ,NSE,NSE
4542,5191681,20280,658AP30-SG,SDL AP 6.58% 2030,0.0,,0.0,0.01,100,EQ,NSE,NSE
4543,5193729,20288,658KA30-SG,SDL KA 6.58% 2030,0.0,,0.0,0.01,100,EQ,NSE,NSE
4544,5193985,20289,ROCKINGDCE-SM,ROCKINGDEALS CIRCU ECO L,0.0,,0.0,0.05,250,EQ,NSE,NSE
4545,5195009,20293,TATATECH,TATA TECHNOLOGIES,0.0,,0.0,0.05,1,EQ,NSE,NSE
4546,5195777,20296,SHAH,SHAH METACORP,0.0,,0.0,0.01,1,EQ,NSE,NSE
4547,5197313,20302,PRESTIGE,PRESTIGE ESTATE,0.0,,0.0,0.1,1,EQ,NSE,NSE
4548,5197569,20303,GANDHAR,GANDHAR OIL REFINE IND L,0.0,,0.0,0.01,1,EQ,NSE,NSE
4549,5199105,20309,718AP28-SG,SDL AP 7.18% 2028,0.0,,0.0,0.01,100,EQ,NSE,NSE
4550,5199361,20310,717HR29-SG,SDL HR 7.17% 2029,0.0,,0.0,0.01,100,EQ,NSE,NSE
4551,5199617,20311,718AS29-SG,SDL AS 7.18% 2029,0.0,,0.0,0.01,100,EQ,NSE,NSE
4552,5199873,20312,72JK29-SG,SDL JK 7.2% 2029,0.0,,0.0,0.01,100,EQ,NSE,NSE
4553,5200129,20313,709KA30-SG,SDL KA 7.09% 2030,0.0,,0.0,0.01,100,EQ,NSE,NSE
4554,5200385,20314,NRAIL,N R AGARWAL INDS,0.0,,0.0,0.05,1,EQ,NSE,NSE
4555,5202177,20321,SHANKARA,SHANKARA BLDG PRODUCT,0.0,,0.0,0.01,1,EQ,NSE,NSE
4556,5202433,20322,FEDFINA,FEDBANK FINANCIAL SER L,0.0,,0.0,0.01,1,EQ,NSE,NSE
4557,5202689,20323,RESPONIND,RESPONSIVE INDUSTRIES,0.0,,0.0,0.01,1,EQ,NSE,NSE
4558,5204225,20329,CGCL,CAPRI GLOBAL CAPITAL,0.0,,0.0,0.01,1,EQ,NSE,NSE
4559,5205761,20335,768TN30B-SG,SDL TN 7.68% 2030,0.0,,0.0,0.01,100,EQ,NSE,NSE
4560,5207553,20342,774CG31-SG,SDL CG 7.74% 2031,0.0,,0.0,0.01,100,EQ,NSE,NSE
4561,5208065,20344,771HR33-SG,SDL HR 7.71% 2033,0.0,,0.0,0.01,100,EQ,NSE,NSE
4562,5208833,20347,774RJ33-SG,SDL RJ 7.74% 2033,0.0,,0.0,0.01,100,EQ,NSE,NSE
4563,5209089,20348,775GA33-SG,SDL GA 7.75% 2033,0.0,,0.0,0.01,100,EQ,NSE,NSE
4564,5209345,20349,775UP33-SG,SDL UP 7.75% 2033,0.0,,0.0,0.01,100,EQ,NSE,NSE
4565,5209601,20350,773KA34-SG,SDL KA 7.73% 2034,0.0,,0.0,0.01,100,EQ,NSE,NSE
4566,5209857,20351,775UP34-SG,SDL UP 7.75% 2034,0.0,,0.0,0.01,100,EQ,NSE,NSE
4567,5210113,20352,774TS35-SG,SDL TS 7.74% 2035,0.0,,0.0,0.01,100,EQ,NSE,NSE
4568,5210369,20353,775HR35A-SG,SDL HR 7.75% 2035,0.0,,0.0,0.01,100,EQ,NSE,NSE
4569,5210625,20354,775RJ35-SG,SDL RJ 7.75% 2035,0.0,,0.0,0.01,100,EQ,NSE,NSE
4570,5210881,20355,777AP35-SG,SDL AP 7.77% 2035,0.0,,0.0,0.01,100,EQ,NSE,NSE
4571,5211137,20356,779PN36-SG,SDL PN 7.79% 2036,0.0,,0.0,0.01,100,EQ,NSE,NSE
4572,5211393,20357,776MP37A-SG,SDL MP 7.76% 2037,0.0,,0.0,0.01,100,EQ,NSE,NSE
4573,5211649,20358,720AS30-SG,SDL AS 7.20% 2030,0.0,,0.0,0.01,100,EQ,NSE,NSE
4574,5211905,20359,704GJ30-SG,SDL GJ 7.04% 2030,0.0,,0.0,0.01,100,EQ,NSE,NSE
4575,5212161,20360,779PN37-SG,SDL PN 7.79% 2037,0.0,,0.0,0.01,100,EQ,NSE,NSE
4576,5212417,20361,777MN38-SG,SDL MN 7.77% 2038,0.0,,0.0,0.01,100,EQ,NSE,NSE
4577,5212673,20362,771WB41-SG,SDL WB 7.71% 2041,0.0,,0.0,0.01,100,EQ,NSE,NSE
4578,5212929,20363,771WB43-SG,SDL WB 7.71% 2043,0.0,,0.0,0.01,100,EQ,NSE,NSE
4579,5213185,20364,771KL43-SG,SDL KL 7.71% 2043,0.0,,0.0,0.01,100,EQ,NSE,NSE
4580,5213441,20365,774JK43-SG,SDL JK 7.74% 2043,0.0,,0.0,0.01,100,EQ,NSE,NSE
4581,5213697,20366,764RJ49-SG,SDL RJ 7.64% 2049,0.0,,0.0,0.01,100,EQ,NSE,NSE
4582,5213953,20367,758GJ26-SG,SDL GJ 7.58% 2026,0.0,,0.0,0.01,100,EQ,NSE,NSE
4583,5214209,20368,765GJ29A-SG,SDL GJ 7.65% 2029,0.0,,0.0,0.01,100,EQ,NSE,NSE
4584,5215233,20372,FLAIR,FLAIR WRITING INDUST,0.0,,0.0,0.05,1,EQ,NSE,NSE
4585,5215745,20374,COALINDIA,COAL INDIA,0.0,,0.0,0.05,1,EQ,NSE,NSE
4586,5219841,20390,77AP29A-SG,SDL AP 7.7% 2029,0.0,,0.0,0.01,100,EQ,NSE,NSE
4587,5220097,20391,773AP32A-SG,SDL AP 7.73% 2032,0.0,,0.0,0.01,100,EQ,NSE,NSE
4588,5220353,20392,769KA33A-SG,SDL KA 7.69% 2033,0.0,,0.0,0.01,100,EQ,NSE,NSE
4589,5220609,20393,772HR33-SG,SDL HR 7.72% 2033,0.0,,0.0,0.01,100,EQ,NSE,NSE
4590,5220865,20394,774RJ33A-SG,SDL RJ 7.74% 2033,0.0,,0.0,0.01,100,EQ,NSE,NSE
4591,5221121,20395,778NL33-SG,SDL NL 7.78% 2033,0.0,,0.0,0.01,100,EQ,NSE,NSE
4592,5221377,20396,772KA35-SG,SDL KA 7.72% 2035,0.0,,0.0,0.01,100,EQ,NSE,NSE
4593,5221633,20397,777PN36-SG,SDL PN 7.77% 2036,0.0,,0.0,0.01,100,EQ,NSE,NSE
4594,5221889,20398,771AP37A-SG,SDL AP 7.71% 2037,0.0,,0.0,0.01,100,EQ,NSE,NSE
4595,5222145,20399,772WB37-SG,SDL WB 7.72% 2037,0.0,,0.0,0.01,100,EQ,NSE,NSE
4596,5222401,20400,781MZ37-SG,SDL MZ 7.81% 2037,0.0,,0.0,0.01,100,EQ,NSE,NSE
4597,5222657,20401,774BR38-SG,SDL BR 7.74% 2038,0.0,,0.0,0.01,100,EQ,NSE,NSE
4598,5222913,20402,764JK50-SG,SDL JK 7.64% 2050,0.0,,0.0,0.01,100,EQ,NSE,NSE
4599,5223937,20406,CBAZAAR-SM,NET AVENUE TECHNOLOGIES L,0.0,,0.0,0.05,8000,EQ,NSE,NSE
4600,5224961,20410,MARINETRAN-SM,MARINETRANS INDIA,0.0,,0.0,0.05,4000,EQ,NSE,NSE
4601,5225729,20413,IOLCP,IOL CHEM AND PHARMA,0.0,,0.0,0.01,1,EQ,NSE,NSE
4602,5226241,20415,SHEETAL-SM,SHEETAL UNIVERSAL,0.0,,0.0,0.05,1000,EQ,NSE,NSE
4603,5228801,20425,NACLIND,NACL INDUSTRIES,0.0,,0.0,0.01,1,EQ,NSE,NSE
4604,5231361,20435,850CIFCL26-NE,,0.0,,0.0,0.01,1,EQ,NSE,NSE
4605,5231873,20437,CIFCZC26-NF,,0.0,,0.0,0.01,1,EQ,NSE,NSE
4606,5233409,20443,860CIFCL28-NG,,0.0,,0.0,0.01,1,EQ,NSE,NSE
4607,5233921,20445,CIFCZC28-NH,,0.0,,0.0,0.01,1,EQ,NSE,NSE
4608,5234689,20448,724GR2033-GS,GOI LOAN 7.24% 2033,0.0,,0.0,0.01,1,EQ,NSE,NSE
4609,5235969,20453,APCL,ANJANI PORTLAND CEM,0.0,,0.0,0.01,1,EQ,NSE,NSE
4610,5236225,20454,GRAPHISAD-SM,GRAPHISADS,0.0,,0.0,0.05,1200,EQ,NSE,NSE
4611,5240321,20470,767TN30-SG,SDL TN 7.67% 2030,0.0,,0.0,0.01,100,EQ,NSE,NSE
4612,5240833,20472,771AP31-SG,SDL AP 7.71% 2031,0.0,,0.0,0.01,100,EQ,NSE,NSE
4613,5241601,20475,771HR33A-SG,SDL HR 7.71% 2033,0.0,,0.0,0.01,100,EQ,NSE,NSE
4614,5241857,20476,774AS33A-SG,SDL AS 7.74% 2033,0.0,,0.0,0.01,100,EQ,NSE,NSE
4615,5242113,20477,772KA35A-SG,SDL KA 7.72% 2035,0.0,,0.0,0.01,100,EQ,NSE,NSE
4616,5242369,20478,771KA36-SG,SDL KA 7.71% 2036,0.0,,0.0,0.01,100,EQ,NSE,NSE
4617,5242625,20479,766GJ30A-SG,SDL GJ 7.66% 2030,0.0,,0.0,0.01,100,EQ,NSE,NSE
4618,5242881,20480,77TS38-SG,SDL TS 7.7% 2038,0.0,,0.0,0.01,100,EQ,NSE,NSE
4619,5243137,20481,WIPL,THE WESTERN INDIA PLY,0.0,,0.0,0.01,1,EQ,NSE,NSE
4620,5243393,20482,77AP38-SG,SDL AP 7.7% 2038,0.0,,0.0,0.01,100,EQ,NSE,NSE
4621,5243649,20483,763JK53A-SG,SDL JK 7.63% 2053,0.0,,0.0,0.01,100,EQ,NSE,NSE
4622,5244929,20488,ACCENTMIC-SM,ACCENT MICROCELL,0.0,,0.0,0.05,500,EQ,NSE,NSE
4623,5247489,20498,PRESSTONIC-SM,PRESSTONIC ENGINEERING L,0.0,,0.0,0.05,800,EQ,NSE,NSE
4624,5248769,20503,ASLIND-ST,ASL INDUSTRIES,0.0,,0.0,0.05,2000,EQ,NSE,NSE
4625,5252609,20518,720AR30-SG,SDL AR 7.20% 2030,0.0,,0.0,0.01,100,EQ,NSE,NSE
4626,5252865,20519,724HR29-SG,SDL HR 7.24% 2029,0.0,,0.0,0.01,100,EQ,NSE,NSE
4627,5254913,20527,PRUDMOULI,PRUDENTIAL SUGAR CORPORAT,0.0,,0.0,0.01,1,EQ,NSE,NSE
4628,5255937,20531,BAJEL,BAJEL PROJECTS,0.0,,0.0,0.01,1,EQ,NSE,NSE
4629,5256193,20532,AXISGOLD,AXIS MF - AXIS GOLD ETF,0.0,,0.0,0.01,1,EQ,NSE,NSE
4630,5256705,20534,GRAVITA,GRAVITA INDIA,0.0,,0.0,0.1,1,EQ,NSE,NSE
4631,5258753,20542,SJLOGISTIC-SM,S J LOGISTICS (INDIA),0.0,,0.0,0.05,250,EQ,NSE,NSE
4632,5259777,20546,715GA30-SG,SDL GA 7.15% 2030,0.0,,0.0,0.01,100,EQ,NSE,NSE
4633,5260033,20547,BBNPPGOLD,BARODABNP - BBNPPGOLD,0.0,,0.0,0.05,1,EQ,NSE,NSE
4634,5261057,20551,DOMS,DOMS INDUSTRIES,0.0,,0.0,0.1,1,EQ,NSE,NSE
4635,5262337,20556,INDIASHLTR,INDIA SHELTER FIN CORP L,0.0,,0.0,0.05,1,EQ,NSE,NSE
4636,5263361,20560,DOLLAR,DOLLAR INDUSTRIES,0.0,,0.0,0.05,1,EQ,NSE,NSE
4637,5265921,20570,764AR30-SG,SDL AR 7.64% 2030,0.0,,0.0,0.01,100,EQ,NSE,NSE
4638,5266177,20571,764GA30-SG,SDL GA 7.64% 2030,0.0,,0.0,0.01,100,EQ,NSE,NSE
4639,5266433,20572,635AP27-SG,SDL AP 6.35% 2027,0.0,,0.0,0.01,100,EQ,NSE,NSE
4640,5266689,20573,717KA29-SG,SDL KA 7.17% 2029,0.0,,0.0,0.01,100,EQ,NSE,NSE
4641,5266945,20574,72AP30-SG,SDL AP 7.2% 2030,0.0,,0.0,0.01,100,EQ,NSE,NSE
4642,5267201,20575,721AP31-SG,SDL AP 7.21% 2031,0.0,,0.0,0.01,100,EQ,NSE,NSE
4643,5270017,20586,810ABHF28-N0,,0.0,,0.0,0.01,1,EQ,NSE,NSE
4644,5270529,20588,802ABHF28-N1,,0.0,,0.0,0.01,1,EQ,NSE,NSE
4645,5271041,20590,803ABHF27-N2,,0.0,,0.0,0.01,1,EQ,NSE,NSE
4646,5272321,20595,813ABHF28-N3,,0.0,,0.0,0.01,1,EQ,NSE,NSE
4647,5273089,20598,658GA30-SG,SDL GA 6.58% 2030,0.0,,0.0,0.01,100,EQ,NSE,NSE
4648,5273345,20599,690AP27-SG,SDL AP 6.90% 2027,0.0,,0.0,0.01,100,EQ,NSE,NSE
4649,5273601,20600,670AP26-SG,SDL AP 6.70% 2026,0.0,,0.0,0.01,100,EQ,NSE,NSE
4650,5273857,20601,644GJ29-SG,SDL GJ 6.44% 2029,0.0,,0.0,0.01,100,EQ,NSE,NSE
4651,5274369,20603,SHREEOSFM-SM,SHREE OSFM E-MOBILITY,0.0,,0.0,0.05,1000,EQ,NSE,NSE
4652,5275393,20607,INOXINDIA,INOX INDIA,0.0,,0.0,0.1,1,EQ,NSE,NSE
4653,5276673,20612,850TPL26-N0,,0.0,,0.0,0.01,1,EQ,NSE,NSE
4654,5277185,20614,847TPL26-N1,,0.0,,0.0,0.01,1,EQ,NSE,NSE
4655,5277697,20616,SUPERHOUSE,SUPERHOUSE,0.0,,0.0,0.01,1,EQ,NSE,NSE
4656,5277953,20617,820TPL26-N2,,0.0,,0.0,0.01,1,EQ,NSE,NSE
4657,5278977,20621,PENIND,PENNAR INDUSTRIES,0.0,,0.0,0.01,1,EQ,NSE,NSE
4658,5279233,20622,TPL26-N3,,0.0,,0.0,0.01,1,EQ,NSE,NSE
4659,5280769,20628,843TPL26-N4,,0.0,,0.0,0.01,1,EQ,NSE,NSE
4660,5283329,20638,92LTF29-N4,,0.0,,0.0,0.01,1,EQ,NSE,NSE
4661,5284353,20642,JINDWORLD,JINDAL WORLDWIDE,0.0,,0.0,0.01,1,EQ,NSE,NSE
4662,5284609,20643,935LTF29-N5,,0.0,,0.0,0.01,1,EQ,NSE,NSE
4663,5285889,20648,884LTF29-N6,,0.0,,0.0,0.01,1,EQ,NSE,NSE
4664,5287169,20653,655AS30-SG,SDL AS 6.55% 2030,0.0,,0.0,0.01,100,EQ,NSE,NSE
4665,5287425,20654,65AP30-SG,SDL AP 6.5% 2030,0.0,,0.0,0.01,100,EQ,NSE,NSE
4666,5287681,20655,898LTF29-N7,,0.0,,0.0,0.01,1,EQ,NSE,NSE
4667,5290497,20666,656AP31-SG,SDL AP 6.56% 2031,0.0,,0.0,0.01,100,EQ,NSE,NSE
4668,5290753,20667,714GA30-SG,SDL GA 7.14% 2030,0.0,,0.0,0.01,100,EQ,NSE,NSE
4669,5291777,20671,885LTF27-NE,,0.0,,0.0,0.01,1,EQ,NSE,NSE
4670,5295873,20687,905LTF27-NF,,0.0,,0.0,0.01,1,EQ,NSE,NSE
4671,5296385,20689,852LTF27-NG,,0.0,,0.0,0.01,1,EQ,NSE,NSE
4672,5296897,20691,87LTF27-NH,,0.0,,0.0,0.01,1,EQ,NSE,NSE
4673,5298177,20696,718GJ30-SG,SDL GJ 7.18% 2030,0.0,,0.0,0.01,100,EQ,NSE,NSE
4674,5298689,20698,SCHAND,S CHAND AND COMPANY,0.0,,0.0,0.01,1,EQ,NSE,NSE
4675,5302529,20713,85LTF26-NM,,0.0,,0.0,0.01,1,EQ,NSE,NSE
4676,5303041,20715,865LTF26-NN,,0.0,,0.0,0.01,1,EQ,NSE,NSE
4677,5304833,20722,754AS28A-SG,SDL AS 7.54% 2028,0.0,,0.0,0.01,100,EQ,NSE,NSE
4678,5305345,20724,755GJ31-SG,SDL GJ 7.55% 2031,0.0,,0.0,0.01,100,EQ,NSE,NSE
4679,5307137,20731,763ML32-SG,SDL ML 7.63% 2032,0.0,,0.0,0.01,100,EQ,NSE,NSE
4680,5307393,20732,762UP33-SG,SDL UP 7.62% 2033,0.0,,0.0,0.01,100,EQ,NSE,NSE
4681,5307649,20733,763GA33-SG,SDL GA 7.63% 2033,0.0,,0.0,0.01,100,EQ,NSE,NSE
4682,5307905,20734,763AR33-SG,SDL AR 7.63% 2033,0.0,,0.0,0.01,100,EQ,NSE,NSE
4683,5308161,20735,762UP34-SG,SDL UP 7.62% 2034,0.0,,0.0,0.01,100,EQ,NSE,NSE
4684,5308673,20737,706AP30-SG,SDL AP 7.06% 2030,0.0,,0.0,0.01,100,EQ,NSE,NSE
4685,5308929,20738,765HP35-SG,SDL HP 7.65% 2035,0.0,,0.0,0.01,100,EQ,NSE,NSE
4686,5309185,20739,762KL38-SG,SDL KL 7.62% 2038,0.0,,0.0,0.01,100,EQ,NSE,NSE
4687,5309441,20740,76KA38-SG,SDL KA 7.6% 2038,0.0,,0.0,0.01,100,EQ,NSE,NSE
4688,5309697,20741,763BR38-SG,SDL BR 7.63% 2038,0.0,,0.0,0.01,100,EQ,NSE,NSE
4689,5309953,20742,761HP38-SG,SDL HP 7.61% 2038,0.0,,0.0,0.01,100,EQ,NSE,NSE
4690,5310209,20743,763WB38-SG,SDL WB 7.63% 2038,0.0,,0.0,0.01,100,EQ,NSE,NSE
4691,5310465,20744,764KA39-SG,SDL KA 7.64% 2039,0.0,,0.0,0.01,100,EQ,NSE,NSE
4692,5310721,20745,758TS41-SG,SDL TS 7.58% 2041,0.0,,0.0,0.01,100,EQ,NSE,NSE
4693,5310977,20746,771JK48-SG,SDL JK 7.71% 2048,0.0,,0.0,0.01,100,EQ,NSE,NSE
4694,5311233,20747,815SHFL25-N0,,0.0,,0.0,0.01,1,EQ,NSE,NSE
4695,5311745,20749,878MFL27-NH,,0.0,,0.0,0.01,1,EQ,NSE,NSE
4696,5312257,20751,885MFL28-NI,,0.0,,0.0,0.01,1,EQ,NSE,NSE
4697,5312769,20753,771HDFCB33-N0,,0.0,,0.0,0.01,1,EQ,NSE,NSE
4698,5314561,20760,RPPINFRA,R.P.P INFRA PROJECTS,0.0,,0.0,0.01,1,EQ,NSE,NSE
4699,5315073,20762,921ISFL25-N0,,0.0,,0.0,0.01,1,EQ,NSE,NSE
4700,5316353,20767,960ISFL25-N1,,0.0,,0.0,0.01,1,EQ,NSE,NSE
4701,5316865,20769,957ISFL26-N2,,0.0,,0.0,0.01,1,EQ,NSE,NSE
4702,5317377,20771,10ISFL26-N3,,0.0,,0.0,0.01,1,EQ,NSE,NSE
4703,5317633,20772,715AP31-SG,SDL AP 7.15% 2031,0.0,,0.0,0.01,100,EQ,NSE,NSE
4704,5317889,20773,715AP32-SG,SDL AP 7.15% 2032,0.0,,0.0,0.01,100,EQ,NSE,NSE
4705,5318145,20774,705AS30-SG,SDL AS 7.05% 2030,0.0,,0.0,0.01,100,EQ,NSE,NSE
4706,5318401,20775,712HR40-SG,SDL HR 7.12% 2040,0.0,,0.0,0.01,100,EQ,NSE,NSE
4707,5319169,20778,JAMNAAUTO,JAMNA AUTO IND,0.0,,0.0,0.01,1,EQ,NSE,NSE
4708,5319425,20779,1003ISFL28-N4,,0.0,,0.0,0.01,1,EQ,NSE,NSE
4709,5320705,20784,1050ISFL28-N5,,0.0,,0.0,0.01,1,EQ,NSE,NSE
4710,5321217,20786,80409TCH27-NC,,0.0,,0.0,0.01,1,EQ,NSE,NSE
4711,5321729,20788,MOTISONS,MOTISONS JEWELLERS,0.0,,0.0,0.01,1,EQ,NSE,NSE
4712,5323265,20794,SUMEETINDS-BE,SUMEET IND,0.0,,0.0,0.01,1,EQ,NSE,NSE
4713,5323777,20796,707JK30-SG,SDL JK 7.07% 2030,0.0,,0.0,0.01,100,EQ,NSE,NSE
4714,5324033,20797,708KA31-SG,SDL KA 7.08% 2031,0.0,,0.0,0.01,100,EQ,NSE,NSE
4715,5324545,20799,BHAGYANGR-BE,BHAGYANAGAR INDIA,0.0,,0.0,0.01,1,EQ,NSE,NSE
4716,5329153,20817,IRBINVIT-IV,IRB INVIT FUND,0.0,,0.0,0.01,1,EQ,NSE,NSE
4717,5330433,20822,SURAJEST,SURAJ ESTATE DEVELOPERS L,0.0,,0.0,0.05,1,EQ,NSE,NSE
4718,5331201,20825,HUDCO,HSG & URBAN DEV CORPN,0.0,,0.0,0.01,1,EQ,NSE,NSE
4719,5332481,20830,MOIL,MOIL,0.0,,0.0,0.05,1,EQ,NSE,NSE
4720,5332737,20831,MUTHOOTMF,MUTHOOT MICROFIN,0.0,,0.0,0.01,1,EQ,NSE,NSE
4721,5335297,20841,765NBFID38-N0,,0.0,,0.0,0.01,1,EQ,NSE,NSE
4722,5335809,20843,779SIDBI27-N0,,0.0,,0.0,0.01,1,EQ,NSE,NSE
4723,5336065,20844,72HP35-SG,SDL HP 7.2% 2035,0.0,,0.0,0.01,100,EQ,NSE,NSE
4724,5336321,20845,716KA30-SG,SDL KA 7.16% 2030,0.0,,0.0,0.01,100,EQ,NSE,NSE
4725,5336577,20846,717HP30-SG,SDL HP 7.17% 2030,0.0,,0.0,0.01,100,EQ,NSE,NSE
4726,5337089,20848,768IREDA33-N8,,0.0,,0.0,0.01,1,EQ,NSE,NSE
4727,5337345,20849,717HR30-SG,SDL HR 7.17% 2030,0.0,,0.0,0.01,100,EQ,NSE,NSE
4728,5337601,20850,722AS30-SG,SDL AS 7.22% 2030,0.0,,0.0,0.01,100,EQ,NSE,NSE
4729,5337857,20851,702AS30-SG,SDL AS 7.02% 2030,0.0,,0.0,0.01,100,EQ,NSE,NSE
4730,5338113,20852,ZEELEARN,ZEE LEARN,0.0,,0.0,0.01,1,EQ,NSE,NSE
4731,5338625,20854,HAPPYFORGE,HAPPY FORGINGS,0.0,,0.0,0.1,1,EQ,NSE,NSE
4732,5339649,20858,695HP34-SG,SDL HP 6.95% 2034,0.0,,0.0,0.01,100,EQ,NSE,NSE
4733,5339905,20859,695HP33-SG,SDL HP 6.95% 2033,0.0,,0.0,0.01,100,EQ,NSE,NSE
4734,5340161,20860,696HR40-SG,SDL HR 6.96% 2040,0.0,,0.0,0.01,100,EQ,NSE,NSE
4735,5340417,20861,699AR30-SG,SDL AR 6.99% 2030,0.0,,0.0,0.01,100,EQ,NSE,NSE
4736,5340673,20862,699GA30-SG,SDL GA 6.99% 2030,0.0,,0.0,0.01,100,EQ,NSE,NSE
4737,5340929,20863,702AP30-SG,SDL AP 7.02% 2030,0.0,,0.0,0.01,100,EQ,NSE,NSE
4738,5341185,20864,697KA28-SG,SDL KA 6.97% 2028,0.0,,0.0,0.01,100,EQ,NSE,NSE
4739,5343745,20874,RBZJEWEL,RBZ JEWELLERS,0.0,,0.0,0.01,1,EQ,NSE,NSE
4740,5344513,20877,PSPPROJECT,PSP PROJECTS,0.0,,0.0,0.05,1,EQ,NSE,NSE
4741,5344769,20878,MUFTI,CREDO BRANDS MARKETING L,0.0,,0.0,0.01,1,EQ,NSE,NSE
4742,5350145,20899,EFORCE-SM,ELECTRO FORCE (INDIA),0.0,,0.0,0.05,1200,EQ,NSE,NSE
4743,5351169,20903,813PNBH33-N0,,0.0,,0.0,0.01,1,EQ,NSE,NSE
4744,5351681,20905,AZAD,AZAD ENGINEERING,0.0,,0.0,0.1,1,EQ,NSE,NSE
4745,5351937,20906,A2ZINFRA,A2Z INFRA ENGINEERING,0.0,,0.0,0.01,1,EQ,NSE,NSE
4746,5353473,20912,697KA30-SG,SDL KA 6.97% 2030,0.0,,0.0,0.01,100,EQ,NSE,NSE
4747,5353729,20913,672GA30-SG,SDL GA 6.72% 2030,0.0,,0.0,0.01,100,EQ,NSE,NSE
4748,5353985,20914,672AP28-SG,SDL AP 6.72% 2028,0.0,,0.0,0.01,100,EQ,NSE,NSE
4749,5354241,20915,722AS29-SG,SDL AS 7.22% 2029,0.0,,0.0,0.01,100,EQ,NSE,NSE
4750,5354497,20916,722GA29-SG,SDL GA 7.22% 2029,0.0,,0.0,0.01,100,EQ,NSE,NSE
4751,5354753,20917,724AS30-SG,SDL AS 7.24% 2030,0.0,,0.0,0.01,100,EQ,NSE,NSE
4752,5355009,20918,717KA30-SG,SDL KA 7.17% 2030,0.0,,0.0,0.01,100,EQ,NSE,NSE
4753,5355265,20919,715AP36-SG,SDL AP 7.15% 2036,0.0,,0.0,0.01,100,EQ,NSE,NSE
4754,5355777,20921,654GA30-SG,SDL GA 6.54% 2030,0.0,,0.0,0.01,100,EQ,NSE,NSE
4755,5356033,20922,648AP27-SG,SDL AP 6.48% 2027,0.0,,0.0,0.01,100,EQ,NSE,NSE
4756,5356289,20923,654AP30-SG,SDL AP 6.54% 2030,0.0,,0.0,0.01,100,EQ,NSE,NSE
4757,5357057,20926,74GJ26-SG,SDL GJ 7.4% 2026,0.0,,0.0,0.01,100,EQ,NSE,NSE
4758,5357313,20927,758GJ32-SG,SDL GJ 7.58% 2032,0.0,,0.0,0.01,100,EQ,NSE,NSE
4759,5357569,20928,766TN33-SG,SDL TN 7.66% 2033,0.0,,0.0,0.01,100,EQ,NSE,NSE
4760,5357825,20929,JALAN-SM,JALAN TRANSOLU. INDIA,0.0,,0.0,0.05,3000,EQ,NSE,NSE
4761,5358337,20931,767UK33A-SG,SDL UK 7.67% 2033,0.0,,0.0,0.01,100,EQ,NSE,NSE
4762,5358849,20933,756TN53A-SG,SDL TN 7.56% 2053,0.0,,0.0,0.01,100,EQ,NSE,NSE
4763,5359617,20936,KIRLOSENG,KIRLOSKAR OIL ENG,0.0,,0.0,0.1,1,EQ,NSE,NSE
4764,5359873,20937,767GA33A-SG,SDL GA 7.67% 2033,0.0,,0.0,0.01,100,EQ,NSE,NSE
4765,5360129,20938,767UP33-SG,SDL UP 7.67% 2033,0.0,,0.0,0.01,100,EQ,NSE,NSE
4766,5361153,20942,767RJ33-SG,SDL RJ 7.67% 2033,0.0,,0.0,0.01,100,EQ,NSE,NSE
4767,5361409,20943,765UP34-SG,SDL UP 7.65% 2034,0.0,,0.0,0.01,100,EQ,NSE,NSE
4768,5361665,20944,767HR35-SG,SDL HR 7.67% 2035,0.0,,0.0,0.01,100,EQ,NSE,NSE
4769,5361921,20945,768KA37-SG,SDL KA 7.68% 2037,0.0,,0.0,0.01,100,EQ,NSE,NSE
4770,5362177,20946,764WB43A-SG,SDL WB 7.64% 2043,0.0,,0.0,0.01,100,EQ,NSE,NSE
4771,5362433,20947,772JK43-SG,SDL JK 7.72% 2043,0.0,,0.0,0.01,100,EQ,NSE,NSE
4772,5362689,20948,762KL44-SG,SDL KL 7.62% 2044,0.0,,0.0,0.01,100,EQ,NSE,NSE
4773,5363201,20950,RKDL,RAVI KUMAR DIST.,0.0,,0.0,0.01,1,EQ,NSE,NSE
4774,5364737,20956,SUNCLAY,SUNDARAM CLAYTON,0.0,,0.0,0.1,1,EQ,NSE,NSE
4775,5365505,20959,719JK29-SG,SDL JK 7.19% 2029,0.0,,0.0,0.01,100,EQ,NSE,NSE
4776,5365761,20960,72AS29-SG,SDL AS 7.2% 2029,0.0,,0.0,0.01,100,EQ,NSE,NSE
4777,5366017,20961,798AP31-SG,SDL AP 7.98% 2031,0.0,,0.0,0.01,100,EQ,NSE,NSE
4778,5366529,20963,8AR30-SG,SDL AR 8% 2030,0.0,,0.0,0.01,100,EQ,NSE,NSE
4779,5366785,20964,780KA30-SG,SDL KA 7.80% 2030,0.0,,0.0,0.01,100,EQ,NSE,NSE
4780,5367041,20965,793KA31-SG,SDL KA 7.93% 2031,0.0,,0.0,0.01,100,EQ,NSE,NSE
4781,5367809,20968,925SCL25H-Y0,,0.0,,0.0,0.01,1,EQ,NSE,NSE
4782,5368321,20970,965SCL25B-Y1,,0.0,,0.0,0.01,1,EQ,NSE,NSE
4783,5368833,20972,888SCL25B-Y2,,0.0,,0.0,0.01,1,EQ,NSE,NSE
4784,5369089,20973,VSCL-SM,VADIVARHE SPCLTY CHEM,0.0,,0.0,0.05,3000,EQ,NSE,NSE
4785,5370113,20977,925SCL25B-Y3,,0.0,,0.0,0.01,1,EQ,NSE,NSE
4786,5371393,20982,SCLZC25E-Y4,,0.0,,0.0,0.01,1,EQ,NSE,NSE
4787,5371905,20984,SCLZC25F-Y5,,0.0,,0.0,0.01,1,EQ,NSE,NSE
4788,5372417,20986,940SCL26B-Y6,,0.0,,0.0,0.01,1,EQ,NSE,NSE
4789,5372929,20988,INDIGRID-IV,INDIGRID INFRASTRUCT TRST,0.0,,0.0,0.01,1,EQ,NSE,NSE
4790,5374721,20995,990SCL26B-Y7,,0.0,,0.0,0.01,1,EQ,NSE,NSE
4791,5376001,21000,948SCL26B-Y8,,0.0,,0.0,0.01,1,EQ,NSE,NSE
4792,5376257,21001,PSB,PUNJAB & SIND BANK,0.0,,0.0,0.01,1,EQ,NSE,NSE
4793,5376769,21003,SCLZC26F-Y9,,0.0,,0.0,0.01,1,EQ,NSE,NSE
4794,5378049,21008,SCLZC26G-YA,,0.0,,0.0,0.01,1,EQ,NSE,NSE
4795,5378561,21010,965SCL28B-YB,,0.0,,0.0,0.01,1,EQ,NSE,NSE
4796,5380097,21016,925SCL28B-YC,,0.0,,0.0,0.01,1,EQ,NSE,NSE
4797,5380865,21019,971SCL28B-YD,,0.0,,0.0,0.01,1,EQ,NSE,NSE
4798,5381377,21021,FMNL-BE,FUTURE MKT NETWORKS,0.0,,0.0,0.01,1,EQ,NSE,NSE
4799,5382145,21024,980SCL33D-YG,,0.0,,0.0,0.01,1,EQ,NSE,NSE
4800,5382657,21026,835SCL23A-YH,,0.0,,0.0,0.01,1,EQ,NSE,NSE
4801,5383169,21028,875SCL23A-YI,,0.0,,0.0,0.01,1,EQ,NSE,NSE
4802,5383681,21030,1025SCL33-YJ,,0.0,,0.0,0.01,1,EQ,NSE,NSE
4803,5383937,21031,8HR30-SG,SDL HR 8% 2030,0.0,,0.0,0.01,100,EQ,NSE,NSE
4804,5384193,21032,726GJ29-SG,SDL GJ 7.26% 2029,0.0,,0.0,0.01,100,EQ,NSE,NSE
4805,5384705,21034,726AS29-SG,SDL AS 7.26% 2029,0.0,,0.0,0.01,100,EQ,NSE,NSE
4806,5385985,21039,648AP32-SG,SDL AP 6.48% 2032,0.0,,0.0,0.01,100,EQ,NSE,NSE
4807,5386241,21040,641GA30-SG,SDL GA 6.41% 2030,0.0,,0.0,0.01,100,EQ,NSE,NSE
4808,5386753,21042,1075SCL33-YK,,0.0,,0.0,0.01,1,EQ,NSE,NSE
4809,5387265,21044,980SCL33B-YL,,0.0,,0.0,0.01,1,EQ,NSE,NSE
4810,5387777,21046,795JK30-SG,SDL JK 7.95% 2030,0.0,,0.0,0.01,100,EQ,NSE,NSE
4811,5388033,21047,788GA30-SG,SDL GA 7.88% 2030,0.0,,0.0,0.01,100,EQ,NSE,NSE
4812,5388289,21048,8AS30-SG,SDL AS 8% 2030,0.0,,0.0,0.01,100,EQ,NSE,NSE
4813,5388545,21049,773GJ29-SG,SDL GJ 7.73% 2029,0.0,,0.0,0.01,100,EQ,NSE,NSE
4814,5388801,21050,780AP33-SG,SDL AP 7.80% 2033,0.0,,0.0,0.01,100,EQ,NSE,NSE
4815,5389057,21051,73HP30-SG,SDL HP 7.3% 2030,0.0,,0.0,0.01,100,EQ,NSE,NSE
4816,5389569,21053,699GJ26-SG,SDL GJ 6.99% 2026,0.0,,0.0,0.01,100,EQ,NSE,NSE
4817,5389825,21054,688AP35-SG,SDL AP 6.88% 2035,0.0,,0.0,0.01,100,EQ,NSE,NSE
4818,5390337,21056,835SCL23B-YM,,0.0,,0.0,0.01,1,EQ,NSE,NSE
4819,5391617,21061,INDIFRA-ST,INDIFRA,0.0,,0.0,0.05,2000,EQ,NSE,NSE
4820,5391873,21062,INNOVACAP,INNOVA CAPTAB,0.0,,0.0,0.05,1,EQ,NSE,NSE
4821,5393153,21067,SUPREMEPWR-SM,SUPREME POWER EQUIPMENT L,0.0,,0.0,0.05,500,EQ,NSE,NSE
4822,5395713,21077,SURANASOL,SURANA SOLAR,0.0,,0.0,0.01,1,EQ,NSE,NSE
4823,5395969,21078,TECHLABS-SM,TRIDENT TECHLABS,0.0,,0.0,0.05,125,EQ,NSE,NSE
4824,5399297,21091,STARCEMENT,STAR CEMENT,0.0,,0.0,0.01,1,EQ,NSE,NSE
4825,5400321,21095,SHEKHAWATI,SHEKHAWATI INDUSTRIES,0.0,,0.0,0.01,1,EQ,NSE,NSE
4826,5400577,21096,SAIFL-SM,SAMEERA AGRO AND INFRA L,0.0,,0.0,0.05,4000,EQ,NSE,NSE
4827,5403393,21107,HRHNEXT-SM,HRH NEXT SERVICES,0.0,,0.0,0.05,1500,EQ,NSE,NSE
4828,5404929,21113,BFINVEST,BF INVESTMENT,0.0,,0.0,0.05,1,EQ,NSE,NSE
4829,5406465,21119,KICL,KALYANI INVEST CO,0.0,,0.0,0.5,1,EQ,NSE,NSE
4830,5406977,21121,AKANKSHA-SM,AKANKSHA POWER N INFRA L,0.0,,0.0,0.05,1000,EQ,NSE,NSE
4831,5409537,21131,TEJASNET,TEJAS NETWORKS,0.0,,0.0,0.05,1,EQ,NSE,NSE
4832,5410049,21133,743GJ27-SG,SDL GJ 7.43% 2027,0.0,,0.0,0.01,100,EQ,NSE,NSE
4833,5411329,21138,688AP34-SG,SDL AP 6.88% 2034,0.0,,0.0,0.01,100,EQ,NSE,NSE
4834,5411585,21139,694GA30-SG,SDL GA 6.94% 2030,0.0,,0.0,0.01,100,EQ,NSE,NSE
4835,5411841,21140,629HP26-SG,SDL HP 6.29% 2026,0.0,,0.0,0.01,100,EQ,NSE,NSE
4836,5412097,21141,695HP29-SG,SDL HP 6.95% 2029,0.0,,0.0,0.01,100,EQ,NSE,NSE
4837,5414913,21152,747GJ28-SG,SDL GJ 7.47% 2028,0.0,,0.0,0.01,100,EQ,NSE,NSE
4838,5415169,21153,774AP32A-SG,SDL AP 7.74% 2032,0.0,,0.0,0.01,100,EQ,NSE,NSE
4839,5415425,21154,ERIS,ERIS LIFESCIENCES,0.0,,0.0,0.1,1,EQ,NSE,NSE
4840,5415681,21155,774KA34-SG,SDL KA 7.74% 2034,0.0,,0.0,0.01,100,EQ,NSE,NSE
4841,5415937,21156,774RJ34-SG,SDL RJ 7.74% 2034,0.0,,0.0,0.01,100,EQ,NSE,NSE
4842,5417217,21161,692BR32-SG,SDL BR 6.92% 2032,0.0,,0.0,0.01,100,EQ,NSE,NSE
4843,5417473,21162,695AS30-SG,SDL AS 6.95% 2030,0.0,,0.0,0.01,100,EQ,NSE,NSE
4844,5417729,21163,773KA35A-SG,SDL KA 7.73% 2035,0.0,,0.0,0.01,100,EQ,NSE,NSE
4845,5417985,21164,774AP36A-SG,SDL AP 7.74% 2036,0.0,,0.0,0.01,100,EQ,NSE,NSE
4846,5418241,21165,778PN37-SG,SDL PN 7.78% 2037,0.0,,0.0,0.01,100,EQ,NSE,NSE
4847,5418497,21166,779PN38-SG,SDL PN 7.79% 2038,0.0,,0.0,0.01,100,EQ,NSE,NSE
4848,5418753,21167,773BR39-SG,SDL BR 7.73% 2039,0.0,,0.0,0.01,100,EQ,NSE,NSE
4849,5419009,21168,77AP43A-SG,SDL AP 7.7% 2043,0.0,,0.0,0.01,100,EQ,NSE,NSE
4850,5419265,21169,724GJ29-SG,SDL GJ 7.24% 2029,0.0,,0.0,0.01,100,EQ,NSE,NSE
4851,5420289,21173,KCEIL-SM,KAY CEE ENERGY & INFRA L,0.0,,0.0,0.05,500,EQ,NSE,NSE
4852,5420545,21174,CDSL,CENTRAL DEPO SER (I),0.0,,0.0,0.1,1,EQ,NSE,NSE
4853,5423617,21186,KLL-SM,KAUSHALYA LOGISTICS,0.0,,0.0,0.05,800,EQ,NSE,NSE
4854,5425665,21194,855TCAPS27-N7,,0.0,,0.0,0.01,1,EQ,NSE,NSE
4855,5425921,21195,GTPL,GTPL HATHWAY,0.0,,0.0,0.01,1,EQ,NSE,NSE
4856,5426433,21197,865TCAPS27-N8,,0.0,,0.0,0.01,1,EQ,NSE,NSE
4857,5430529,21213,730AS29-SG,SDL AS 7.30% 2029,0.0,,0.0,0.01,100,EQ,NSE,NSE
4858,5430785,21214,728GJ29-SG,SDL GJ 7.28% 2029,0.0,,0.0,0.01,100,EQ,NSE,NSE
4859,5431297,21216,654GJ30-SG,SDL GJ 6.54% 2030,0.0,,0.0,0.01,100,EQ,NSE,NSE
4860,5431553,21217,ACCORD-SM,ACCORD SYNERGY,0.0,,0.0,0.05,2000,EQ,NSE,NSE
4861,5432577,21221,9TCAP28-N9,,0.0,,0.0,0.01,1,EQ,NSE,NSE
4862,5433601,21225,910TCAP28-NA,,0.0,,0.0,0.01,1,EQ,NSE,NSE
4863,5434113,21227,875TCAPS29-NB,,0.0,,0.0,0.01,1,EQ,NSE,NSE
4864,5434625,21229,885TCAPS29-NC,,0.0,,0.0,0.01,1,EQ,NSE,NSE
4865,5435137,21231,815LTF27-NO,,0.0,,0.0,0.01,1,EQ,NSE,NSE
4866,5435649,21233,9HFL34-N0,,0.0,,0.0,0.01,1,EQ,NSE,NSE
4867,5436161,21235,657AP30-SG,SDL AP 6.57% 2030,0.0,,0.0,0.01,100,EQ,NSE,NSE
4868,5436417,21236,703HR40-SG,SDL HR 7.03% 2040,0.0,,0.0,0.01,100,EQ,NSE,NSE
4869,5436673,21237,705AP31-SG,SDL AP 7.05% 2031,0.0,,0.0,0.01,100,EQ,NSE,NSE
4870,5436929,21238,AUBANK,AU SMALL FINANCE BANK,0.0,,0.0,0.05,1,EQ,NSE,NSE
4871,5437185,21239,78NABARD27-N0,,0.0,,0.0,0.01,1,EQ,NSE,NSE
4872,5439233,21247,DIGIDRIVE,DIGIDRIVE DISTRIBUTORS L,0.0,,0.0,0.01,1,EQ,NSE,NSE
4873,5440513,21252,AXISNIFTY,AXISAMC - AXISNIFTY,0.0,,0.0,0.01,1,EQ,NSE,NSE
4874,5441025,21254,LOWVOLIETF,ICICI PR NIF LW VL 30 ETF,0.0,,0.0,0.01,1,EQ,NSE,NSE
4875,5442305,21259,753AS29-SG,SDL AS 7.53% 2029,0.0,,0.0,0.01,100,EQ,NSE,NSE
4876,5442561,21260,TRANSWIND-SM,TRANSWIND INFRA,0.0,,0.0,0.05,4000,EQ,NSE,NSE
4877,5443073,21262,764GJ31-SG,SDL GJ 7.64% 2031,0.0,,0.0,0.01,100,EQ,NSE,NSE
4878,5443585,21264,766GJ32-SG,SDL GJ 7.66% 2032,0.0,,0.0,0.01,100,EQ,NSE,NSE
4879,5444865,21269,772TN34-SG,SDL TN 7.72% 2034,0.0,,0.0,0.01,100,EQ,NSE,NSE
4880,5445121,21270,778AS34-SG,SDL AS 7.78% 2034,0.0,,0.0,0.01,100,EQ,NSE,NSE
4881,5445377,21271,772MH35-SG,SDL MH 7.72% 2035,0.0,,0.0,0.01,100,EQ,NSE,NSE
4882,5445633,21272,776KL35-SG,SDL KL 7.76% 2035,0.0,,0.0,0.01,100,EQ,NSE,NSE
4883,5445889,21273,773MH36-SG,SDL MH 7.73% 2036,0.0,,0.0,0.01,100,EQ,NSE,NSE
4884,5446145,21274,774KA36-SG,SDL KA 7.74% 2036,0.0,,0.0,0.01,100,EQ,NSE,NSE
4885,5446401,21275,SUMMITSEC,SUMMIT SECURITIES,0.0,,0.0,0.1,1,EQ,NSE,NSE
4886,5446657,21276,777HR36-SG,SDL HR 7.77% 2036,0.0,,0.0,0.01,100,EQ,NSE,NSE
4887,5446913,21277,778PY36-SG,SDL PY 7.78% 2036,0.0,,0.0,0.01,100,EQ,NSE,NSE
4888,5447937,21281,772KA37-SG,SDL KA 7.72% 2037,0.0,,0.0,0.01,100,EQ,NSE,NSE
4889,5448449,21283,771KA38-SG,SDL KA 7.71% 2038,0.0,,0.0,0.01,100,EQ,NSE,NSE
4890,5449729,21288,768JK44-SG,SDL JK 7.68% 2044,0.0,,0.0,0.01,100,EQ,NSE,NSE
4891,5454849,21308,777IREDA27-N9,,0.0,,0.0,0.01,1,EQ,NSE,NSE
4892,5456385,21314,DYNPRO,DYNEMIC PRODUCTS,0.0,,0.0,0.05,1,EQ,NSE,NSE
4893,5456641,21315,765PGCIL34-N0,,0.0,,0.0,0.01,1,EQ,NSE,NSE
4894,5458177,21321,SEITINVIT-IV,SUSTAINABLE ENERGY INFRA,0.0,,0.0,0.01,25000,EQ,NSE,NSE
4895,5459201,21325,840CIFCL27-NI,,0.0,,0.0,0.01,1,EQ,NSE,NSE
4896,5461505,21334,JYOTICNC,JYOTI CNC AUTOMATION,0.0,,0.0,0.1,1,EQ,NSE,NSE
4897,5462785,21339,STEELXIND,STEEL EXCHANGE INDIA,0.0,,0.0,0.01,1,EQ,NSE,NSE
4898,5465089,21348,IBLFL-SM,IBL FINANCE,0.0,,0.0,0.05,2000,EQ,NSE,NSE
4899,5468673,21362,SALASAR,SALASAR TECHNO ENGG.,0.0,,0.0,0.01,1,EQ,NSE,NSE
4900,5472001,21375,702BR30-SG,SDL BR 7.02% 2030,0.0,,0.0,0.01,100,EQ,NSE,NSE
4901,5474049,21383,PALASHSECU,PALASH SECURITIES,0.0,,0.0,0.01,1,EQ,NSE,NSE
4902,5475585,21389,66GA30-SG,SDL GA 6.6% 2030,0.0,,0.0,0.01,100,EQ,NSE,NSE
4903,5475841,21390,649KA30-SG,SDL KA 6.49% 2030,0.0,,0.0,0.01,100,EQ,NSE,NSE
4904,5476353,21392,MAGADSUGAR,MAGADH SUGAR & ENERGY,0.0,,0.0,0.05,1,EQ,NSE,NSE
4905,5476865,21394,757NHB31-N8,,0.0,,0.0,0.01,1,EQ,NSE,NSE
4906,5478145,21399,GANGESSECU,GANGES SECURITIES,0.0,,0.0,0.01,1,EQ,NSE,NSE
4907,5478657,21401,TATAGOLD,TATAAML-TATAGOLD,0.0,,0.0,0.01,1,EQ,NSE,NSE
4908,5479937,21406,AVADHSUGAR,AVADH SUG & ENERGY,0.0,,0.0,0.05,1,EQ,NSE,NSE
4909,5483265,21419,651KA31-SG,SDL KA 6.51% 2031,0.0,,0.0,0.01,100,EQ,NSE,NSE
4910,5484033,21422,647GJ30-SG,SDL GJ 6.47% 2030,0.0,,0.0,0.01,100,EQ,NSE,NSE
4911,5484289,21423,MOM100,MOTILAL OS MIDCAP100 ETF,0.0,,0.0,0.01,1,EQ,NSE,NSE
4912,5485313,21427,THEINVEST,THE INVEST TRUST OF IND L,0.0,,0.0,0.01,1,EQ,NSE,NSE
4913,5485569,21428,TATSILV,TATAAML-TATSILV,0.0,,0.0,0.01,1,EQ,NSE,NSE
4914,5491457,21451,APS-SM,AUSTRALIAN PREM SOLAR I L,0.0,,0.0,0.05,250,EQ,NSE,NSE
4915,5494529,21463,793THDC34-N0,,0.0,,0.0,0.01,1,EQ,NSE,NSE
4916,5496065,21469,OPTIEMUS,OPTIEMUS INFRACOM,0.0,,0.0,0.05,1,EQ,NSE,NSE
4917,5496321,21470,771REC27-NJ,,0.0,,0.0,0.01,1,EQ,NSE,NSE
4918,5498369,21478,UTINEXT50,UTIAMC - UTINEXT50,0.0,,0.0,0.01,1,EQ,NSE,NSE
4919,5499905,21484,STEL,STEL HOLDINGS,0.0,,0.0,0.05,1,EQ,NSE,NSE
4920,5500161,21485,764REC34-NK,,0.0,,0.0,0.01,1,EQ,NSE,NSE
4921,5502465,21494,764AP31-SG,SDL AP 7.64% 2031,0.0,,0.0,0.01,100,EQ,NSE,NSE
4922,5502977,21496,768AS31-SG,SDL AS 7.68% 2031,0.0,,0.0,0.01,100,EQ,NSE,NSE
4923,5503745,21499,768CG32-SG,SDL CG 7.68% 2032,0.0,,0.0,0.01,100,EQ,NSE,NSE
4924,5504001,21500,764GJ33-SG,SDL GJ 7.64% 2033,0.0,,0.0,0.01,100,EQ,NSE,NSE
4925,5504257,21501,SIS,SIS,0.0,,0.0,0.05,1,EQ,NSE,NSE
4926,5504513,21502,767CG33-SG,SDL CG 7.67% 2033,0.0,,0.0,0.01,100,EQ,NSE,NSE
4927,5504769,21503,764GJ34-SG,SDL GJ 7.64% 2034,0.0,,0.0,0.01,100,EQ,NSE,NSE
4928,5506049,21508,COCHINSHIP,COCHIN SHIPYARD,0.0,,0.0,0.1,1,EQ,NSE,NSE
4929,5506305,21509,767HP34-SG,SDL HP 7.67% 2034,0.0,,0.0,0.01,100,EQ,NSE,NSE
4930,5506561,21510,767AP38A-SG,SDL AP 7.67% 2038,0.0,,0.0,0.01,100,EQ,NSE,NSE
4931,5507073,21512,764HP39-SG,SDL HP 7.64% 2039,0.0,,0.0,0.01,100,EQ,NSE,NSE
4932,5507329,21513,768KA39-SG,SDL KA 7.68% 2039,0.0,,0.0,0.01,100,EQ,NSE,NSE
4933,5513985,21539,773BR39A-SG,SDL BR 7.73% 2039,0.0,,0.0,0.01,100,EQ,NSE,NSE
4934,5514241,21540,769KA40-SG,SDL KA 7.69% 2040,0.0,,0.0,0.01,100,EQ,NSE,NSE
4935,5514753,21542,76TS43-SG,SDL TS 7.6% 2043,0.0,,0.0,0.01,100,EQ,NSE,NSE
4936,5515009,21543,76AP44-SG,SDL AP 7.6% 2044,0.0,,0.0,0.01,100,EQ,NSE,NSE
4937,5516033,21547,76TS47-SG,SDL TS 7.6% 2047,0.0,,0.0,0.01,100,EQ,NSE,NSE
4938,5516289,21548,756TN54-SG,SDL TN 7.56% 2054,0.0,,0.0,0.01,100,EQ,NSE,NSE
4939,5516545,21549,655AP28-SG,SDL AP 6.55% 2028,0.0,,0.0,0.01,100,EQ,NSE,NSE
4940,5516801,21550,727AS29-SG,SDL AS 7.27% 2029,0.0,,0.0,0.01,100,EQ,NSE,NSE
4941,5517057,21551,HALEOSLABS,HALEOS LABS,0.0,,0.0,0.1,1,EQ,NSE,NSE
4942,5522433,21572,835SMFG27-N0,,0.0,,0.0,0.01,1,EQ,NSE,NSE
4943,5528065,21594,COMSYN-BE,COMMERCIAL SYN BAGS,0.0,,0.0,0.01,1,EQ,NSE,NSE
4944,5533185,21614,ABCAPITAL,ADITYA BIRLA CAPITAL,0.0,,0.0,0.05,1,EQ,NSE,NSE
4945,5533441,21615,875GFL27-N0,,0.0,,0.0,0.01,1,EQ,NSE,NSE
4946,5534977,21621,757IRFC29-NP,,0.0,,0.0,0.01,1,EQ,NSE,NSE
4947,5535489,21623,APEX,APEX FROZEN FOODS,0.0,,0.0,0.05,1,EQ,NSE,NSE
4948,5535745,21624,840TPL28-N2,,0.0,,0.0,0.01,1,EQ,NSE,NSE
4949,5539841,21640,624HR26-SG,SDL HR 6.24% 2026,0.0,,0.0,0.01,100,EQ,NSE,NSE
4950,5540353,21642,729BR30-SG,SDL BR 7.29% 2030,0.0,,0.0,0.01,100,EQ,NSE,NSE
4951,5540609,21643,729AP30-SG,SDL AP 7.29% 2030,0.0,,0.0,0.01,100,EQ,NSE,NSE
4952,5540865,21644,724AP33-SG,SDL AP 7.24% 2033,0.0,,0.0,0.01,100,EQ,NSE,NSE
4953,5541121,21645,724AP35-SG,SDL AP 7.24% 2035,0.0,,0.0,0.01,100,EQ,NSE,NSE
4954,5541377,21646,728JK30-SG,SDL JK 7.28% 2030,0.0,,0.0,0.01,100,EQ,NSE,NSE
4955,5541633,21647,639AP26-SG,SDL AP 6.39% 2026,0.0,,0.0,0.01,100,EQ,NSE,NSE
4956,5542401,21650,66GJ29-SG,SDL GJ 6.6% 2029,0.0,,0.0,0.01,100,EQ,NSE,NSE
4957,5542657,21651,730JK29-SG,SDL JK 7.30% 2029,0.0,,0.0,0.01,100,EQ,NSE,NSE
4958,5544705,21659,840TPL26-N0,,0.0,,0.0,0.01,1,EQ,NSE,NSE
4959,5549313,21677,840TPL27-N1,,0.0,,0.0,0.01,1,EQ,NSE,NSE
4960,5550849,21683,BRNL,BHARAT ROAD NETWORK,0.0,,0.0,0.01,1,EQ,NSE,NSE
4961,5551105,21684,840TPL29-N3,,0.0,,0.0,0.01,1,EQ,NSE,NSE
4962,5552641,21690,DIXON,DIXON TECHNO (INDIA),0.0,,0.0,1.0,1,EQ,NSE,NSE
4963,5552897,21691,MAXPOSURE-SM,MAXPOSURE,0.0,,0.0,0.05,1000,EQ,NSE,NSE
4964,5554689,21698,MANAV-ST,MANAV INFRA PROJECTS,0.0,,0.0,0.05,4000,EQ,NSE,NSE
4965,5556225,21704,DCAL,DISHMAN CARBO AMCIS,0.0,,0.0,0.01,1,EQ,NSE,NSE
4966,5556481,21705,MEDIASSIST,MEDI ASSIST HEALTH SER L,0.0,,0.0,0.05,1,EQ,NSE,NSE
4967,5557761,21710,723KA28-SG,SDL KA 7.23% 2028,0.0,,0.0,0.01,100,EQ,NSE,NSE
4968,5558017,21711,68PN26-SG,SDL PN 6.8% 2026,0.0,,0.0,0.01,100,EQ,NSE,NSE
4969,5559297,21716,665PN50-SG,SDL PN 6.65% 2050,0.0,,0.0,0.01,100,EQ,NSE,NSE
4970,5559553,21717,73PN34-SG,SDL PN 7.3% 2034,0.0,,0.0,0.01,100,EQ,NSE,NSE
4971,5560065,21719,67PN30-SG,SDL PN 6.7% 2030,0.0,,0.0,0.01,100,EQ,NSE,NSE
4972,5561089,21723,LASA-BE,LASA SUPERGENERICS,0.0,,0.0,0.01,1,EQ,NSE,NSE
4973,5561857,21726,MATRIMONY,MATRIMONY.COM,0.0,,0.0,0.05,1,EQ,NSE,NSE
4974,5564161,21735,737GR2054-GS,GOI LOAN   7.37% 2054,0.0,,0.0,0.01,1,EQ,NSE,NSE
4975,5565441,21740,CHOLAHLDNG,CHOLAMANDALAM FIN HOL,0.0,,0.0,0.1,1,EQ,NSE,NSE
4976,5565697,21741,775SIDBI27-N1,,0.0,,0.0,0.01,1,EQ,NSE,NSE
4977,5567233,21747,EDUCOMP-BZ,EDUCOMP SOLUTIONS,0.0,,0.0,0.01,1,EQ,NSE,NSE
4978,5567745,21749,CAPACITE,CAPACITE INFRAPROJECT,0.0,,0.0,0.05,1,EQ,NSE,NSE
4979,5568001,21750,LIQUIDCASE,ZERODHA NIFTY 1D RATE LIQUID ETF,0.0,,0.0,0.01,1,EQ,NSE,NSE
4980,5570561,21760,832TFSIL29-N0,,0.0,,0.0,0.01,1,EQ,NSE,NSE
4981,5572353,21767,83645TFS27-N1,,0.0,,0.0,0.01,1,EQ,NSE,NSE
4982,5573121,21770,ICICIGI,ICICI LOMBARD GIC,0.0,,0.0,0.1,1,EQ,NSE,NSE
4983,5577217,21786,672PN30-SG,SDL PN 6.72% 2030,0.0,,0.0,0.01,100,EQ,NSE,NSE
4984,5577985,21789,697PN40-SG,SDL PN 6.97% 2040,0.0,,0.0,0.01,100,EQ,NSE,NSE
4985,5578753,21792,MPTODAY-SM,M P TODAY MEDIA,0.0,,0.0,0.05,2000,EQ,NSE,NSE
4986,5579265,21794,DAVANGERE,DAVANGERE SUGAR COMPANY L,0.0,,0.0,0.01,1,EQ,NSE,NSE
4987,5582849,21808,SBILIFE,SBI LIFE INSURANCE CO,0.0,,0.0,0.1,1,EQ,NSE,NSE
4988,5585409,21818,773KA41-SG,SDL KA 7.73% 2041,0.0,,0.0,0.01,100,EQ,NSE,NSE
4989,5585921,21820,767KA42-SG,SDL KA 7.67% 2042,0.0,,0.0,0.01,100,EQ,NSE,NSE
4990,5586689,21823,CADSYS-SM,CADSYS (INDIA),0.0,,0.0,0.05,500,EQ,NSE,NSE
4991,5587201,21825,77AP42-SG,SDL AP 7.7% 2042,0.0,,0.0,0.01,100,EQ,NSE,NSE
4992,5587713,21827,766WB43-SG,SDL WB 7.66% 2043,0.0,,0.0,0.01,100,EQ,NSE,NSE
4993,5587969,21828,TEXRAIL,TEXMACO RAIL & ENG.,0.0,,0.0,0.01,1,EQ,NSE,NSE
4994,5588225,21829,759TN44-SG,SDL TN 7.59% 2044,0.0,,0.0,0.01,100,EQ,NSE,NSE
4995,5588481,21830,759TS46-SG,SDL TS 7.59% 2046,0.0,,0.0,0.01,100,EQ,NSE,NSE
4996,5591041,21840,DIAMONDYD,PRATAAP SNACKS,0.0,,0.0,0.1,1,EQ,NSE,NSE
4997,5591297,21841,758TN54-SG,SDL TN 7.58% 2054,0.0,,0.0,0.01,100,EQ,NSE,NSE
4998,5591553,21842,766RJ31-SG,SDL RJ 7.66% 2031,0.0,,0.0,0.01,100,EQ,NSE,NSE
4999,5593345,21849,767CG31-SG,SDL CG 7.67% 2031,0.0,,0.0,0.01,100,EQ,NSE,NSE
5000,5593857,21851,768JH32-SG,SDL JH 7.68% 2032,0.0,,0.0,0.01,100,EQ,NSE,NSE
5001,5595137,21856,763GJ33-SG,SDL GJ 7.63% 2033,0.0,,0.0,0.01,100,EQ,NSE,NSE
5002,5595649,21858,763GJ34-SG,SDL GJ 7.63% 2034,0.0,,0.0,0.01,100,EQ,NSE,NSE
5003,5596929,21863,767RJ34-SG,SDL RJ 7.67% 2034,0.0,,0.0,0.01,100,EQ,NSE,NSE
5004,5597441,21865,769GA34-SG,SDL GA 7.69% 2034,0.0,,0.0,0.01,100,EQ,NSE,NSE
5005,5598465,21869,TIRUPATI-ST,SHREE TIRUPATI BALAJEE,0.0,,0.0,0.05,125,EQ,NSE,NSE
5006,5598721,21870,768AP37-SG,SDL AP 7.68% 2037,0.0,,0.0,0.01,100,EQ,NSE,NSE
5007,5599233,21872,773MZ39-SG,SDL MZ 7.73% 2039,0.0,,0.0,0.01,100,EQ,NSE,NSE
5008,5600513,21877,774BR39-SG,SDL BR 7.74% 2039,0.0,,0.0,0.01,100,EQ,NSE,NSE
5009,5601025,21879,771MP40-SG,SDL MP 7.71% 2040,0.0,,0.0,0.01,100,EQ,NSE,NSE
5010,5604609,21893,722PN32-SG,SDL PN 7.22% 2032,0.0,,0.0,0.01,100,EQ,NSE,NSE
5011,5604865,21894,730PN31-SG,SDL PN 7.30% 2031,0.0,,0.0,0.01,100,EQ,NSE,NSE
5012,5605121,21895,692PN35-SG,SDL PN 6.92% 2035,0.0,,0.0,0.01,100,EQ,NSE,NSE
5013,5606145,21899,705KL30-SG,SDL KL 7.05% 2030,0.0,,0.0,0.01,100,EQ,NSE,NSE
5014,5606657,21901,655KL30-SG,SDL KL 6.55% 2030,0.0,,0.0,0.01,100,EQ,NSE,NSE
5015,5607169,21903,673KL28-SG,SDL KL 6.73% 2028,0.0,,0.0,0.01,100,EQ,NSE,NSE
5016,5607425,21904,791KL30-SG,SDL KL 7.91% 2030,0.0,,0.0,0.01,100,EQ,NSE,NSE
5017,5607681,21905,810KL32-SG,SDL KL 8.10% 2032,0.0,,0.0,0.01,100,EQ,NSE,NSE
5018,5607937,21906,896KL35-SG,SDL KL 8.96% 2035,0.0,,0.0,0.01,100,EQ,NSE,NSE
5019,5608449,21908,728KL30-SG,SDL KL 7.28% 2030,0.0,,0.0,0.01,100,EQ,NSE,NSE
5020,5608705,21909,65KL27-SG,SDL KL 6.5% 2027,0.0,,0.0,0.01,100,EQ,NSE,NSE
5021,5608961,21910,663KL30-SG,SDL KL 6.63% 2030,0.0,,0.0,0.01,100,EQ,NSE,NSE
5022,5609473,21912,718KL29-SG,SDL KL 7.18% 2029,0.0,,0.0,0.01,100,EQ,NSE,NSE
5023,5609729,21913,684KL30-SG,SDL KL 6.84% 2030,0.0,,0.0,0.01,100,EQ,NSE,NSE
5024,5609985,21914,716KL30-SG,SDL KL 7.16% 2030,0.0,,0.0,0.01,100,EQ,NSE,NSE
5025,5610241,21915,703KL30-SG,SDL KL 7.03% 2030,0.0,,0.0,0.01,100,EQ,NSE,NSE
5026,5610497,21916,67KL27-SG,SDL KL 6.7% 2027,0.0,,0.0,0.01,100,EQ,NSE,NSE
5027,5611265,21919,642MN30-SG,SDL MN 6.42% 2030,0.0,,0.0,0.01,100,EQ,NSE,NSE
5028,5611521,21920,705MN30-SG,SDL MN 7.05% 2030,0.0,,0.0,0.01,100,EQ,NSE,NSE
5029,5611777,21921,656MN30-SG,SDL MN 6.56% 2030,0.0,,0.0,0.01,100,EQ,NSE,NSE
5030,5612033,21922,699MN30-SG,SDL MN 6.99% 2030,0.0,,0.0,0.01,100,EQ,NSE,NSE
5031,5612289,21923,8MN30-SG,SDL MN 8% 2030,0.0,,0.0,0.01,100,EQ,NSE,NSE
5032,5612545,21924,68MN30-SG,SDL MN 6.8% 2030,0.0,,0.0,0.01,100,EQ,NSE,NSE
5033,5612801,21925,695MN30-SG,SDL MN 6.95% 2030,0.0,,0.0,0.01,100,EQ,NSE,NSE
5034,5613057,21926,69MN30-SG,SDL MN 6.9% 2030,0.0,,0.0,0.01,100,EQ,NSE,NSE
5035,5613313,21927,57KA26-SG,SDL KA 5.7% 2026,0.0,,0.0,0.01,100,EQ,NSE,NSE
5036,5613825,21929,612KA27-SG,SDL KA 6.12% 2027,0.0,,0.0,0.01,100,EQ,NSE,NSE
5037,5614081,21930,609KA28-SG,SDL KA 6.09% 2028,0.0,,0.0,0.01,100,EQ,NSE,NSE
5038,5614593,21932,654MH30-SG,SDL MH 6.54% 2030,0.0,,0.0,0.01,100,EQ,NSE,NSE
5039,5614849,21933,778MH29-SG,SDL MH 7.78% 2029,0.0,,0.0,0.01,100,EQ,NSE,NSE
5040,5615105,21934,76MH30-SG,SDL MH 7.6% 2030,0.0,,0.0,0.01,100,EQ,NSE,NSE
5041,5615617,21936,657MH31-SG,SDL MH 6.57% 2031,0.0,,0.0,0.01,100,EQ,NSE,NSE
5042,5615873,21937,66MH31-SG,SDL MH 6.6% 2031,0.0,,0.0,0.01,100,EQ,NSE,NSE
5043,5616385,21939,698MH28-SG,SDL MH 6.98% 2028,0.0,,0.0,0.01,100,EQ,NSE,NSE
5044,5616641,21940,783MH30-SG,SDL MH 7.83% 2030,0.0,,0.0,0.01,100,EQ,NSE,NSE
5045,5616897,21941,714MH29-SG,SDL MH 7.14% 2029,0.0,,0.0,0.01,100,EQ,NSE,NSE
5046,5617153,21942,727MH30-SG,SDL MH 7.27% 2030,0.0,,0.0,0.01,100,EQ,NSE,NSE
5047,5617665,21944,70MH28-SG,SDL MH 7.0% 2028,0.0,,0.0,0.01,100,EQ,NSE,NSE
5048,5618177,21946,697MH28-SG,SDL MH 6.97% 2028,0.0,,0.0,0.01,100,EQ,NSE,NSE
5049,5618433,21947,624MH28-SG,SDL MH 6.24% 2028,0.0,,0.0,0.01,100,EQ,NSE,NSE
5050,5618689,21948,658MP35-SG,SDL MP 6.58% 2035,0.0,,0.0,0.01,100,EQ,NSE,NSE
5051,5618945,21949,652MP35-SG,SDL MP 6.52% 2035,0.0,,0.0,0.01,100,EQ,NSE,NSE
5052,5619201,21950,729MP35-SG,SDL MP 7.29% 2035,0.0,,0.0,0.01,100,EQ,NSE,NSE
5053,5619457,21951,HFCL,HFCL,0.0,,0.0,0.01,1,EQ,NSE,NSE
5054,5619969,21953,833TPL27-N5,,0.0,,0.0,0.01,1,EQ,NSE,NSE
5055,5620993,21957,INDTERRAIN,IND TERRAIN FASHIONS,0.0,,0.0,0.01,1,EQ,NSE,NSE
5056,5621505,21959,NIFTYBETF,BFAM - NIFTYBETF,0.0,,0.0,0.01,1,EQ,NSE,NSE
5057,5622529,21963,711MP30-SG,SDL MP 7.11% 2030,0.0,,0.0,0.01,100,EQ,NSE,NSE
5058,5623041,21965,704MP30-SG,SDL MP 7.04% 2030,0.0,,0.0,0.01,100,EQ,NSE,NSE
5059,5623297,21966,712MP35-SG,SDL MP 7.12% 2035,0.0,,0.0,0.01,100,EQ,NSE,NSE
5060,5623553,21967,719MP40-SG,SDL MP 7.19% 2040,0.0,,0.0,0.01,100,EQ,NSE,NSE
5061,5624577,21971,664MP30-SG,SDL MP 6.64% 2030,0.0,,0.0,0.01,100,EQ,NSE,NSE
5062,5624833,21972,718MP30-SG,SDL MP 7.18% 2030,0.0,,0.0,0.01,100,EQ,NSE,NSE
5063,5625089,21973,717MP35-SG,SDL MP 7.17% 2035,0.0,,0.0,0.01,100,EQ,NSE,NSE
5064,5625601,21975,657MP30-SG,SDL MP 6.57% 2030,0.0,,0.0,0.01,100,EQ,NSE,NSE
5065,5625857,21976,717MP29-SG,SDL MP 7.17% 2029,0.0,,0.0,0.01,100,EQ,NSE,NSE
5066,5626113,21977,721MP34-SG,SDL MP 7.21% 2034,0.0,,0.0,0.01,100,EQ,NSE,NSE
5067,5626369,21978,698MP30-SG,SDL MP 6.98% 2030,0.0,,0.0,0.01,100,EQ,NSE,NSE
5068,5626625,21979,694MP35-SG,SDL MP 6.94% 2035,0.0,,0.0,0.01,100,EQ,NSE,NSE
5069,5626881,21980,729MP30-SG,SDL MP 7.29% 2030,0.0,,0.0,0.01,100,EQ,NSE,NSE
5070,5627137,21981,673MP30-SG,SDL MP 6.73% 2030,0.0,,0.0,0.01,100,EQ,NSE,NSE
5071,5627393,21982,735MP29-SG,SDL MP 7.35% 2029,0.0,,0.0,0.01,100,EQ,NSE,NSE
5072,5627649,21983,689MP35-SG,SDL MP 6.89% 2035,0.0,,0.0,0.01,100,EQ,NSE,NSE
5073,5628417,21986,BANKBETF,BFAM - BANKBETF,0.0,,0.0,0.01,1,EQ,NSE,NSE
5074,5629697,21991,709MP30-SG,SDL MP 7.09% 2030,0.0,,0.0,0.01,100,EQ,NSE,NSE
5075,5629953,21992,669MP30-SG,SDL MP 6.69% 2030,0.0,,0.0,0.01,100,EQ,NSE,NSE
5076,5630209,21993,652NL30-SG,SDL NL 6.52% 2030,0.0,,0.0,0.01,100,EQ,NSE,NSE
5077,5630465,21994,705NL30-SG,SDL NL 7.05% 2030,0.0,,0.0,0.01,100,EQ,NSE,NSE
5078,5630721,21995,80NL30-SG,SDL NL 8.0% 2030,0.0,,0.0,0.01,100,EQ,NSE,NSE
5079,5630977,21996,72NL29-SG,SDL NL 7.2% 2029,0.0,,0.0,0.01,100,EQ,NSE,NSE
5080,5631233,21997,703NL30-SG,SDL NL 7.03% 2030,0.0,,0.0,0.01,100,EQ,NSE,NSE
5081,5631489,21998,729NL29-SG,SDL NL 7.29% 2029,0.0,,0.0,0.01,100,EQ,NSE,NSE
5082,5634305,22009,652ML30-SG,SDL ML 6.52% 2030,0.0,,0.0,0.01,100,EQ,NSE,NSE
5083,5634561,22010,720ML30-SG,SDL ML 7.20% 2030,0.0,,0.0,0.01,100,EQ,NSE,NSE
5084,5634817,22011,72ML29-SG,SDL ML 7.2% 2029,0.0,,0.0,0.01,100,EQ,NSE,NSE
5085,5635073,22012,704ML30-SG,SDL ML 7.04% 2030,0.0,,0.0,0.01,100,EQ,NSE,NSE
5086,5635329,22013,729ML29-SG,SDL ML 7.29% 2029,0.0,,0.0,0.01,100,EQ,NSE,NSE
5087,5635585,22014,657MZ35-SG,SDL MZ 6.57% 2035,0.0,,0.0,0.01,100,EQ,NSE,NSE
5088,5635841,22015,720MZ30-SG,SDL MZ 7.20% 2030,0.0,,0.0,0.01,100,EQ,NSE,NSE
5089,5636097,22016,750MZ30-SG,SDL MZ 7.50% 2030,0.0,,0.0,0.01,100,EQ,NSE,NSE
5090,5636353,22017,66MZ30-SG,SDL MZ 6.6% 2030,0.0,,0.0,0.01,100,EQ,NSE,NSE
5091,5636609,22018,72MZ29-SG,SDL MZ 7.2% 2029,0.0,,0.0,0.01,100,EQ,NSE,NSE
5092,5636865,22019,704MZ30-SG,SDL MZ 7.04% 2030,0.0,,0.0,0.01,100,EQ,NSE,NSE
5093,5637121,22020,711MZ30-SG,SDL MZ 7.11% 2030,0.0,,0.0,0.01,100,EQ,NSE,NSE
5094,5637889,22023,655RJ50-SG,SDL RJ 6.55% 2050,0.0,,0.0,0.01,100,EQ,NSE,NSE
5095,5638145,22024,721PY28-SG,SDL PY 7.21% 2028,0.0,,0.0,0.01,100,EQ,NSE,NSE
5096,5638401,22025,708PY26-SG,SDL PY 7.08% 2026,0.0,,0.0,0.01,100,EQ,NSE,NSE
5097,5638657,22026,688PY31-SG,SDL PY 6.88% 2031,0.0,,0.0,0.01,100,EQ,NSE,NSE
5098,5638913,22027,701PY26-SG,SDL PY 7.01% 2026,0.0,,0.0,0.01,100,EQ,NSE,NSE
5099,5639169,22028,735PY30-SG,SDL PY 7.35% 2030,0.0,,0.0,0.01,100,EQ,NSE,NSE
5100,5639425,22029,703PY28-SG,SDL PY 7.03% 2028,0.0,,0.0,0.01,100,EQ,NSE,NSE
5101,5639681,22030,722AP30-SG,SDL AP 7.22% 2030,0.0,,0.0,0.01,100,EQ,NSE,NSE
5102,5639937,22031,722AP28-SG,SDL AP 7.22% 2028,0.0,,0.0,0.01,100,EQ,NSE,NSE
5103,5640193,22032,722AP31A-SG,SDL AP 7.22% 2031,0.0,,0.0,0.01,100,EQ,NSE,NSE
5104,5640449,22033,655RJ55-SG,SDL RJ 6.55% 2055,0.0,,0.0,0.01,100,EQ,NSE,NSE
5105,5640705,22034,727RJ29-SG,SDL RJ 7.27% 2029,0.0,,0.0,0.01,100,EQ,NSE,NSE
5106,5640961,22035,708RJ30-SG,SDL RJ 7.08% 2030,0.0,,0.0,0.01,100,EQ,NSE,NSE
5107,5641217,22036,745RJ30-SG,SDL RJ 7.45% 2030,0.0,,0.0,0.01,100,EQ,NSE,NSE
5108,5643009,22043,649RJ30-SG,SDL RJ 6.49% 2030,0.0,,0.0,0.01,100,EQ,NSE,NSE
5109,5643265,22044,717RJ30-SG,SDL RJ 7.17% 2030,0.0,,0.0,0.01,100,EQ,NSE,NSE
5110,5644289,22048,704RJ30-SG,SDL RJ 7.04% 2030,0.0,,0.0,0.01,100,EQ,NSE,NSE
5111,5644801,22050,658RJ30-SG,SDL RJ 6.58% 2030,0.0,,0.0,0.01,100,EQ,NSE,NSE
5112,5645825,22054,715RJ30-SG,SDL RJ 7.15% 2030,0.0,,0.0,0.01,100,EQ,NSE,NSE
5113,5646337,22056,657RJ30-SG,SDL RJ 6.57% 2030,0.0,,0.0,0.01,100,EQ,NSE,NSE
5114,5646593,22057,697RJ30-SG,SDL RJ 6.97% 2030,0.0,,0.0,0.01,100,EQ,NSE,NSE
5115,5647105,22059,654RJ30-SG,SDL RJ 6.54% 2030,0.0,,0.0,0.01,100,EQ,NSE,NSE
5116,5647361,22060,718RJ29-SG,SDL RJ 7.18% 2029,0.0,,0.0,0.01,100,EQ,NSE,NSE
5117,5647617,22061,790RJ26-SG,SDL RJ 7.90% 2026,0.0,,0.0,0.01,100,EQ,NSE,NSE
5118,5647873,22062,831RJ27-SG,SDL RJ 8.31% 2027,0.0,,0.0,0.01,100,EQ,NSE,NSE
5119,5648129,22063,678RJ30-SG,SDL RJ 6.78% 2030,0.0,,0.0,0.01,100,EQ,NSE,NSE
5120,5648385,22064,727RJ30-SG,SDL RJ 7.27% 2030,0.0,,0.0,0.01,100,EQ,NSE,NSE
5121,5648641,22065,788RJ32-SG,SDL RJ 7.88% 2032,0.0,,0.0,0.01,100,EQ,NSE,NSE
5122,5648897,22066,73RJ30-SG,SDL RJ 7.3% 2030,0.0,,0.0,0.01,100,EQ,NSE,NSE
5123,5649409,22068,684RJ30-SG,SDL RJ 6.84% 2030,0.0,,0.0,0.01,100,EQ,NSE,NSE
5124,5649921,22070,670RJ50-SG,SDL RJ 6.70% 2050,0.0,,0.0,0.01,100,EQ,NSE,NSE
5125,5650433,22072,718RJ30-SG,SDL RJ 7.18% 2030,0.0,,0.0,0.01,100,EQ,NSE,NSE
5126,5650689,22073,659RJ30-SG,SDL RJ 6.59% 2030,0.0,,0.0,0.01,100,EQ,NSE,NSE
5127,5650945,22074,714RJ30-SG,SDL RJ 7.14% 2030,0.0,,0.0,0.01,100,EQ,NSE,NSE
5128,5651457,22076,703RJ30-SG,SDL RJ 7.03% 2030,0.0,,0.0,0.01,100,EQ,NSE,NSE
5129,5651713,22077,671RJ30-SG,SDL RJ 6.71% 2030,0.0,,0.0,0.01,100,EQ,NSE,NSE
5130,5652225,22079,655RJ30-SG,SDL RJ 6.55% 2030,0.0,,0.0,0.01,100,EQ,NSE,NSE
5131,5652481,22080,667RJ50-SG,SDL RJ 6.67% 2050,0.0,,0.0,0.01,100,EQ,NSE,NSE
5132,5652737,22081,65UP30-SG,SDL UP 6.5% 2030,0.0,,0.0,0.01,100,EQ,NSE,NSE
5133,5652993,22082,726UP29-SG,SDL UP 7.26% 2029,0.0,,0.0,0.01,100,EQ,NSE,NSE
5134,5653249,22083,710UP30-SG,SDL UP 7.10% 2030,0.0,,0.0,0.01,100,EQ,NSE,NSE
5135,5653505,22084,793UP30-SG,SDL UP 7.93% 2030,0.0,,0.0,0.01,100,EQ,NSE,NSE
5136,5653761,22085,704UP30-SG,SDL UP 7.04% 2030,0.0,,0.0,0.01,100,EQ,NSE,NSE
5137,5654017,22086,765UP30-SG,SDL UP 7.65% 2030,0.0,,0.0,0.01,100,EQ,NSE,NSE
5138,5654273,22087,703UP30-SG,SDL UP 7.03% 2030,0.0,,0.0,0.01,100,EQ,NSE,NSE
5139,5654529,22088,70UP30-SG,SDL UP 7.0% 2030,0.0,,0.0,0.01,100,EQ,NSE,NSE
5140,5654785,22089,722UP30-SG,SDL UP 7.22% 2030,0.0,,0.0,0.01,100,EQ,NSE,NSE
5141,5655041,22090,716UP29-SG,SDL UP 7.16% 2029,0.0,,0.0,0.01,100,EQ,NSE,NSE
5142,5655297,22091,73UP30-SG,SDL UP 7.3% 2030,0.0,,0.0,0.01,100,EQ,NSE,NSE
5143,5655553,22092,719UP29-SG,SDL UP 7.19% 2029,0.0,,0.0,0.01,100,EQ,NSE,NSE
5144,5655809,22093,690UP30-SG,SDL UP 6.90% 2030,0.0,,0.0,0.01,100,EQ,NSE,NSE
5145,5656065,22094,686UP30-SG,SDL UP 6.86% 2030,0.0,,0.0,0.01,100,EQ,NSE,NSE
5146,5656321,22095,714UP30-SG,SDL UP 7.14% 2030,0.0,,0.0,0.01,100,EQ,NSE,NSE
5147,5656577,22096,709UP30-SG,SDL UP 7.09% 2030,0.0,,0.0,0.01,100,EQ,NSE,NSE
5148,5656833,22097,669UP30-SG,SDL UP 6.69% 2030,0.0,,0.0,0.01,100,EQ,NSE,NSE
5149,5657089,22098,728UP29-SG,SDL UP 7.28% 2029,0.0,,0.0,0.01,100,EQ,NSE,NSE
5150,5657345,22099,729UP29-SG,SDL UP 7.29% 2029,0.0,,0.0,0.01,100,EQ,NSE,NSE
5151,5657601,22100,691UP30-SG,SDL UP 6.91% 2030,0.0,,0.0,0.01,100,EQ,NSE,NSE
5152,5658113,22102,663TN55-SG,SDL TN 6.63% 2055,0.0,,0.0,0.01,100,EQ,NSE,NSE
5153,5658369,22103,641TN30-SG,SDL TN 6.41% 2030,0.0,,0.0,0.01,100,EQ,NSE,NSE
5154,5658625,22104,775TN30-SG,SDL TN 7.75% 2030,0.0,,0.0,0.01,100,EQ,NSE,NSE
5155,5659393,22107,750TN29-SG,SDL TN 7.50% 2029,0.0,,0.0,0.01,100,EQ,NSE,NSE
5156,5660161,22110,719TN35-SG,SDL TN 7.19% 2035,0.0,,0.0,0.01,100,EQ,NSE,NSE
5157,5660417,22111,66TN30-SG,SDL TN 6.6% 2030,0.0,,0.0,0.01,100,EQ,NSE,NSE
5158,5660673,22112,674TN50-SG,SDL TN 6.74% 2050,0.0,,0.0,0.01,100,EQ,NSE,NSE
5159,5660929,22113,669TN50-SG,SDL TN 6.69% 2050,0.0,,0.0,0.01,100,EQ,NSE,NSE
5160,5661185,22114,655TN30-SG,SDL TN 6.55% 2030,0.0,,0.0,0.01,100,EQ,NSE,NSE
5161,5661441,22115,733TN54-SG,SDL TN 7.33% 2054,0.0,,0.0,0.01,100,EQ,NSE,NSE
5162,5662465,22119,705TN26-SG,SDL TN 7.05% 2026,0.0,,0.0,0.01,100,EQ,NSE,NSE
5163,5662721,22120,715TN27-SG,SDL TN 7.15% 2027,0.0,,0.0,0.01,100,EQ,NSE,NSE
5164,5663233,22122,673TN30-SG,SDL TN 6.73% 2030,0.0,,0.0,0.01,100,EQ,NSE,NSE
5165,5663489,22123,717TN29-SG,SDL TN 7.17% 2029,0.0,,0.0,0.01,100,EQ,NSE,NSE
5166,5663745,22124,72TN31-SG,SDL TN 7.2% 2031,0.0,,0.0,0.01,100,EQ,NSE,NSE
5167,5664001,22125,719TN30-SG,SDL TN 7.19% 2030,0.0,,0.0,0.01,100,EQ,NSE,NSE
5168,5664257,22126,694TN50-SG,SDL TN 6.94% 2050,0.0,,0.0,0.01,100,EQ,NSE,NSE
5169,5664513,22127,725TN27-SG,SDL TN 7.25% 2027,0.0,,0.0,0.01,100,EQ,NSE,NSE
5170,5664769,22128,670TN50-SG,SDL TN 6.70% 2050,0.0,,0.0,0.01,100,EQ,NSE,NSE
5171,5665025,22129,66TN29-SG,SDL TN 6.6% 2029,0.0,,0.0,0.01,100,EQ,NSE,NSE
5172,5666305,22134,668TN55-SG,SDL TN 6.68% 2055,0.0,,0.0,0.01,100,EQ,NSE,NSE
5173,5666561,22135,633TN30-SG,SDL TN 6.33% 2030,0.0,,0.0,0.01,100,EQ,NSE,NSE
5174,5666817,22136,649TN50-SG,SDL TN 6.49% 2050,0.0,,0.0,0.01,100,EQ,NSE,NSE
5175,5667073,22137,75TR30-SG,SDL TR 7.5% 2030,0.0,,0.0,0.01,100,EQ,NSE,NSE
5176,5667329,22138,698TR30-SG,SDL TR 6.98% 2030,0.0,,0.0,0.01,100,EQ,NSE,NSE
5177,5667585,22139,721TR29-SG,SDL TR 7.21% 2029,0.0,,0.0,0.01,100,EQ,NSE,NSE
5178,5667841,22140,717TR30-SG,SDL TR 7.17% 2030,0.0,,0.0,0.01,100,EQ,NSE,NSE
5179,5668097,22141,731WB34-SG,SDL WB 7.31% 2034,0.0,,0.0,0.01,100,EQ,NSE,NSE
5180,5668353,22142,72WB30-SG,SDL WB 7.2% 2030,0.0,,0.0,0.01,100,EQ,NSE,NSE
5181,5668609,22143,705WB30-SG,SDL WB 7.05% 2030,0.0,,0.0,0.01,100,EQ,NSE,NSE
5182,5668865,22144,718WB35-SG,SDL WB 7.18% 2035,0.0,,0.0,0.01,100,EQ,NSE,NSE
5183,5669121,22145,695WB35-SG,SDL WB 6.95% 2035,0.0,,0.0,0.01,100,EQ,NSE,NSE
5184,5669377,22146,726WB34-SG,SDL WB 7.26% 2034,0.0,,0.0,0.01,100,EQ,NSE,NSE
5185,5669633,22147,723WB30-SG,SDL WB 7.23% 2030,0.0,,0.0,0.01,100,EQ,NSE,NSE
5186,5669889,22148,719WB29-SG,SDL WB 7.19% 2029,0.0,,0.0,0.01,100,EQ,NSE,NSE
5187,5670145,22149,698WB35-SG,SDL WB 6.98% 2035,0.0,,0.0,0.01,100,EQ,NSE,NSE
5188,5670401,22150,715WB35-SG,SDL WB 7.15% 2035,0.0,,0.0,0.01,100,EQ,NSE,NSE
5189,5670657,22151,71WB30-SG,SDL WB 7.1% 2030,0.0,,0.0,0.01,100,EQ,NSE,NSE
5190,5670913,22152,730WB29-SG,SDL WB 7.30% 2029,0.0,,0.0,0.01,100,EQ,NSE,NSE
5191,5671169,22153,729WB29-SG,SDL WB 7.29% 2029,0.0,,0.0,0.01,100,EQ,NSE,NSE
5192,5671425,22154,714SK30-SG,SDL SK 7.14% 2030,0.0,,0.0,0.01,100,EQ,NSE,NSE
5193,5671681,22155,728SK30-SG,SDL SK 7.28% 2030,0.0,,0.0,0.01,100,EQ,NSE,NSE
5194,5671937,22156,695SK30-SG,SDL SK 6.95% 2030,0.0,,0.0,0.01,100,EQ,NSE,NSE
5195,5672193,22157,711CG30-SG,SDL CG 7.11% 2030,0.0,,0.0,0.01,100,EQ,NSE,NSE
5196,5672449,22158,759CG30-SG,SDL CG 7.59% 2030,0.0,,0.0,0.01,100,EQ,NSE,NSE
5197,5672705,22159,708CG30-SG,SDL CG 7.08% 2030,0.0,,0.0,0.01,100,EQ,NSE,NSE
5198,5672961,22160,717CG30-SG,SDL CG 7.17% 2030,0.0,,0.0,0.01,100,EQ,NSE,NSE
5199,5673217,22161,718CG27-SG,SDL CG 7.18% 2027,0.0,,0.0,0.01,100,EQ,NSE,NSE
5200,5673473,22162,735CG30-SG,SDL CG 7.35% 2030,0.0,,0.0,0.01,100,EQ,NSE,NSE
5201,5673729,22163,718CG30-SG,SDL CG 7.18% 2030,0.0,,0.0,0.01,100,EQ,NSE,NSE
5202,5673985,22164,710UK30-SG,SDL UK 7.10% 2030,0.0,,0.0,0.01,100,EQ,NSE,NSE
5203,5674241,22165,745UK30-SG,SDL UK 7.45% 2030,0.0,,0.0,0.01,100,EQ,NSE,NSE
5204,5674497,22166,706UK30-SG,SDL UK 7.06% 2030,0.0,,0.0,0.01,100,EQ,NSE,NSE
5205,5674753,22167,717UK29-SG,SDL UK 7.17% 2029,0.0,,0.0,0.01,100,EQ,NSE,NSE
5206,5675009,22168,688UK30-SG,SDL UK 6.88% 2030,0.0,,0.0,0.01,100,EQ,NSE,NSE
5207,5675265,22169,711UK30-SG,SDL UK 7.11% 2030,0.0,,0.0,0.01,100,EQ,NSE,NSE
5208,5675521,22170,704UK30-SG,SDL UK 7.04% 2030,0.0,,0.0,0.01,100,EQ,NSE,NSE
5209,5675777,22171,729UK29-SG,SDL UK 7.29% 2029,0.0,,0.0,0.01,100,EQ,NSE,NSE
5210,5676033,22172,69UK30-SG,SDL UK 6.9% 2030,0.0,,0.0,0.01,100,EQ,NSE,NSE
5211,5676289,22173,654WB35-SG,SDL WB 6.54% 2035,0.0,,0.0,0.01,100,EQ,NSE,NSE
5212,5676545,22174,65WB30-SG,SDL WB 6.5% 2030,0.0,,0.0,0.01,100,EQ,NSE,NSE
5213,5676801,22175,799WB35-SG,SDL WB 7.99% 2035,0.0,,0.0,0.01,100,EQ,NSE,NSE
5214,5677057,22176,665WB30-SG,SDL WB 6.65% 2030,0.0,,0.0,0.01,100,EQ,NSE,NSE
5215,5677313,22177,735WB30-SG,SDL WB 7.35% 2030,0.0,,0.0,0.01,100,EQ,NSE,NSE
5216,5677569,22178,655WB30-SG,SDL WB 6.55% 2030,0.0,,0.0,0.01,100,EQ,NSE,NSE
5217,5677825,22179,658JK30-SG,SDL JK 6.58% 2030,0.0,,0.0,0.01,100,EQ,NSE,NSE
5218,5678081,22180,662JK30-SG,SDL JK 6.62% 2030,0.0,,0.0,0.01,100,EQ,NSE,NSE
5219,5678337,22181,815JK30-SG,SDL JK 8.15% 2030,0.0,,0.0,0.01,100,EQ,NSE,NSE
5220,5678593,22182,679JK30-SG,SDL JK 6.79% 2030,0.0,,0.0,0.01,100,EQ,NSE,NSE
5221,5678849,22183,664TS50-SG,SDL TS 6.64% 2050,0.0,,0.0,0.01,100,EQ,NSE,NSE
5222,5679873,22187,624TS26-SG,SDL TS 6.24% 2026,0.0,,0.0,0.01,100,EQ,NSE,NSE
5223,5680129,22188,765TS30-SG,SDL TS 7.65% 2030,0.0,,0.0,0.01,100,EQ,NSE,NSE
5224,5680385,22189,750TS28-SG,SDL TS 7.50% 2028,0.0,,0.0,0.01,100,EQ,NSE,NSE
5225,5680641,22190,699TS28-SG,SDL TS 6.99% 2028,0.0,,0.0,0.01,100,EQ,NSE,NSE
5226,5680897,22191,698TS28-SG,SDL TS 6.98% 2028,0.0,,0.0,0.01,100,EQ,NSE,NSE
5227,5681153,22192,672TS26-SG,SDL TS 6.72% 2026,0.0,,0.0,0.01,100,EQ,NSE,NSE
5228,5681921,22195,660TS30-SG,SDL TS 6.60% 2030,0.0,,0.0,0.01,100,EQ,NSE,NSE
5229,5682177,22196,726JH27-SG,SDL JH 7.26% 2027,0.0,,0.0,0.01,100,EQ,NSE,NSE
5230,5682433,22197,737JH31-SG,SDL JH 7.37% 2031,0.0,,0.0,0.01,100,EQ,NSE,NSE
5231,5682689,22198,705JH30-SG,SDL JH 7.05% 2030,0.0,,0.0,0.01,100,EQ,NSE,NSE
5232,5682945,22199,810JH32-SG,SDL JH 8.10% 2032,0.0,,0.0,0.01,100,EQ,NSE,NSE
5233,5683201,22200,699JH30-SG,SDL JH 6.99% 2030,0.0,,0.0,0.01,100,EQ,NSE,NSE
5234,5683457,22201,785UK30-SG,SDL UK 7.85% 2030,0.0,,0.0,0.01,100,EQ,NSE,NSE
5235,5683713,22202,735UK30-SG,SDL UK 7.35% 2030,0.0,,0.0,0.01,100,EQ,NSE,NSE
5236,5683969,22203,739TS59-SG,SDL TS 7.39% 2059,0.0,,0.0,0.01,100,EQ,NSE,NSE
5237,5684225,22204,799TS35-SG,SDL TS 7.99% 2035,0.0,,0.0,0.01,100,EQ,NSE,NSE
5238,5684481,22205,799TS30-SG,SDL TS 7.99% 2030,0.0,,0.0,0.01,100,EQ,NSE,NSE
5239,5684737,22206,731TS60-SG,SDL TS 7.31% 2060,0.0,,0.0,0.01,100,EQ,NSE,NSE
5240,5684993,22207,694TS60-SG,SDL TS 6.94% 2060,0.0,,0.0,0.01,100,EQ,NSE,NSE
5241,5685249,22208,735TS30-SG,SDL TS 7.35% 2030,0.0,,0.0,0.01,100,EQ,NSE,NSE
5242,5685761,22210,725TS28-SG,SDL TS 7.25% 2028,0.0,,0.0,0.01,100,EQ,NSE,NSE
5243,5686017,22211,743TS54-SG,SDL TS 7.43% 2054,0.0,,0.0,0.01,100,EQ,NSE,NSE
5244,5686273,22212,717PN30-SG,SDL PN 7.17% 2030,0.0,,0.0,0.01,100,EQ,NSE,NSE
5245,5686529,22213,718UP30-SG,SDL UP 7.18% 2030,0.0,,0.0,0.01,100,EQ,NSE,NSE
5246,5686785,22214,717GJ30-SG,SDL GJ 7.17% 2030,0.0,,0.0,0.01,100,EQ,NSE,NSE
5247,5687041,22215,722AP31-SG,SDL AP 7.22% 2031,0.0,,0.0,0.01,100,EQ,NSE,NSE
5248,5687297,22216,717BR30-SG,SDL BR 7.17% 2030,0.0,,0.0,0.01,100,EQ,NSE,NSE
5249,5687553,22217,729GA29-SG,SDL GA 7.29% 2029,0.0,,0.0,0.01,100,EQ,NSE,NSE
5250,5687809,22218,714KA29-SG,SDL KA 7.14% 2029,0.0,,0.0,0.01,100,EQ,NSE,NSE
5251,5688065,22219,685WB30-SG,SDL WB 6.85% 2030,0.0,,0.0,0.01,100,EQ,NSE,NSE
5252,5688321,22220,717PN30A-SG,SDL PN 7.17% 2030,0.0,,0.0,0.01,100,EQ,NSE,NSE
5253,5688577,22221,718UP30A-SG,SDL UP 7.18% 2030,0.0,,0.0,0.01,100,EQ,NSE,NSE
5254,5688833,22222,717GJ30A-SG,SDL GJ 7.17% 2030,0.0,,0.0,0.01,100,EQ,NSE,NSE
5255,5689089,22223,717BR30A-SG,SDL BR 7.17% 2030,0.0,,0.0,0.01,100,EQ,NSE,NSE
5256,5689345,22224,729GA29A-SG,SDL GA 7.29% 2029,0.0,,0.0,0.01,100,EQ,NSE,NSE
5257,5689601,22225,714KA29A-SG,SDL KA 7.14% 2029,0.0,,0.0,0.01,100,EQ,NSE,NSE
5258,5689857,22226,685WB30A-SG,SDL WB 6.85% 2030,0.0,,0.0,0.01,100,EQ,NSE,NSE
5259,5691649,22233,DHUNINV,DHUNSERI INVESTMENTS,0.0,,0.0,0.1,1,EQ,NSE,NSE
5260,5691905,22234,757BOB24-N0,,0.0,,0.0,0.01,1,EQ,NSE,NSE
5261,5693185,22239,EBBETF0431,EDELAMC - EBBETF0431,0.0,,0.0,0.01,1,EQ,NSE,NSE
5262,5693953,22242,SGBJUL28IV-GB,2.50%GOLDBONDS2028SR-IV,0.0,,0.0,0.01,1,EQ,NSE,NSE
5263,5697281,22255,NDRAUTO,NDR AUTO COMPONENTS,0.0,,0.0,0.05,1,EQ,NSE,NSE
5264,5698817,22261,65GA30-SG,SDL GA 6.5% 2030,0.0,,0.0,0.01,100,EQ,NSE,NSE
5265,5699073,22262,644UP30-SG,SDL UP 6.44% 2030,0.0,,0.0,0.01,100,EQ,NSE,NSE
5266,5699329,22263,649TS50-SG,SDL TS 6.49% 2050,0.0,,0.0,0.01,100,EQ,NSE,NSE
5267,5699585,22264,649AP33-SG,SDL AP 6.49% 2033,0.0,,0.0,0.01,100,EQ,NSE,NSE
5268,5699841,22265,64KA30-SG,SDL KA 6.4% 2030,0.0,,0.0,0.01,100,EQ,NSE,NSE
5269,5700097,22266,64KA31-SG,SDL KA 6.4% 2031,0.0,,0.0,0.01,100,EQ,NSE,NSE
5270,5700353,22267,636HP28-SG,SDL HP 6.36% 2028,0.0,,0.0,0.01,100,EQ,NSE,NSE
5271,5700865,22269,646WB30-SG,SDL WB 6.46% 2030,0.0,,0.0,0.01,100,EQ,NSE,NSE
5272,5701633,22272,62RJ27-SG,SDL RJ 6.2% 2027,0.0,,0.0,0.01,100,EQ,NSE,NSE
5273,5702913,22277,WORTHPERI,WORTH PERIPHERALS,0.0,,0.0,0.01,1,EQ,NSE,NSE
5274,5704193,22282,TIRUPATIFL,TIRUPATI FORGE,0.0,,0.0,0.01,1,EQ,NSE,NSE
5275,5706753,22292,577GS2030-GS,GOI LOAN 5.77% 2030,0.0,,0.0,0.01,1,EQ,NSE,NSE
5276,5707009,22293,65RJ50-SG,SDL RJ 6.5% 2050,0.0,,0.0,0.01,100,EQ,NSE,NSE
5277,5707265,22294,655AP35-SG,SDL AP 6.55% 2035,0.0,,0.0,0.01,100,EQ,NSE,NSE
5278,5707521,22295,65AP38-SG,SDL AP 6.5% 2038,0.0,,0.0,0.01,100,EQ,NSE,NSE
5279,5707777,22296,64GJ30-SG,SDL GJ 6.4% 2030,0.0,,0.0,0.01,100,EQ,NSE,NSE
5280,5708033,22297,654MP35-SG,SDL MP 6.54% 2035,0.0,,0.0,0.01,100,EQ,NSE,NSE
5281,5708289,22298,642PN30-SG,SDL PN 6.42% 2030,0.0,,0.0,0.01,100,EQ,NSE,NSE
5282,5708545,22299,648HR40-SG,SDL HR 6.48% 2040,0.0,,0.0,0.01,100,EQ,NSE,NSE
5283,5709057,22301,645MN30-SG,SDL MN 6.45% 2030,0.0,,0.0,0.01,100,EQ,NSE,NSE
5284,5709313,22302,632KA28-SG,SDL KA 6.32% 2028,0.0,,0.0,0.01,100,EQ,NSE,NSE
5285,5709569,22303,646JK30-SG,SDL JK 6.46% 2030,0.0,,0.0,0.01,100,EQ,NSE,NSE
5286,5709825,22304,652TS50-SG,SDL TS 6.52% 2050,0.0,,0.0,0.01,100,EQ,NSE,NSE
5287,5710849,22308,MINDSPACE-RR,MINDSPACE BUSINESS P REIT,0.0,,0.0,0.01,1,EQ,NSE,NSE
5288,5716993,22332,660AP39-SG,SDL AP 6.60% 2039,0.0,,0.0,0.01,100,EQ,NSE,NSE
5289,5717249,22333,660AP40-SG,SDL AP 6.60% 2040,0.0,,0.0,0.01,100,EQ,NSE,NSE
5290,5717761,22335,648KA30-SG,SDL KA 6.48% 2030,0.0,,0.0,0.01,100,EQ,NSE,NSE
5291,5718017,22336,649KA31-SG,SDL KA 6.49% 2031,0.0,,0.0,0.01,100,EQ,NSE,NSE
5292,5718273,22337,644GJ29A-SG,SDL GJ 6.44% 2029,0.0,,0.0,0.01,100,EQ,NSE,NSE
5293,5718529,22338,661MP35-SG,SDL MP 6.61% 2035,0.0,,0.0,0.01,100,EQ,NSE,NSE
5294,5719041,22340,646RJ30-SG,SDL RJ 6.46% 2030,0.0,,0.0,0.01,100,EQ,NSE,NSE
5295,5719297,22341,662WB35-SG,SDL WB 6.62% 2035,0.0,,0.0,0.01,100,EQ,NSE,NSE
5296,5719553,22342,644MH28-SG,SDL MH 6.44% 2028,0.0,,0.0,0.01,100,EQ,NSE,NSE
5297,5719809,22343,649MH31-SG,SDL MH 6.49% 2031,0.0,,0.0,0.01,100,EQ,NSE,NSE
5298,5720065,22344,ALPL30IETF,ICICIPRAMC - ICICIALPLV,0.0,,0.0,0.01,1,EQ,NSE,NSE
5299,5720833,22347,MACPOWER,MACPOWER CNC MACHINES,0.0,,0.0,0.05,1,EQ,NSE,NSE
5300,5724673,22362,MCL-BE,MADHAV COPPER,0.0,,0.0,0.01,1,EQ,NSE,NSE
5301,5725441,22365,ITIETF,ICICIPRAMC - ICICITECH,0.0,,0.0,0.01,1,EQ,NSE,NSE
5302,5726209,22368,65KA30-SG,SDL KA 6.5% 2030,0.0,,0.0,0.01,100,EQ,NSE,NSE
5303,5726465,22369,65GA30A-SG,SDL GA 6.5% 2030,0.0,,0.0,0.01,100,EQ,NSE,NSE
5304,5726721,22370,664KA32-SG,SDL KA 6.64% 2032,0.0,,0.0,0.01,100,EQ,NSE,NSE
5305,5726977,22371,669TS50-SG,SDL TS 6.69% 2050,0.0,,0.0,0.01,100,EQ,NSE,NSE
5306,5727233,22372,65RJ30-SG,SDL RJ 6.5% 2030,0.0,,0.0,0.01,100,EQ,NSE,NSE
5307,5727489,22373,668HR39-SG,SDL HR 6.68% 2039,0.0,,0.0,0.01,100,EQ,NSE,NSE
5308,5727745,22374,65TN30-SG,SDL TN 6.5% 2030,0.0,,0.0,0.01,100,EQ,NSE,NSE
5309,5728001,22375,667TN50-SG,SDL TN 6.67% 2050,0.0,,0.0,0.01,100,EQ,NSE,NSE
5310,5728513,22377,MAXHEALTH,MAX HEALTHCARE INS,0.0,,0.0,0.1,1,EQ,NSE,NSE
5311,5730561,22385,SGBAUG28V-GB,2.50%GOLDBONDS2028SR-V,0.0,,0.0,0.01,1,EQ,NSE,NSE
5312,5735681,22405,668GA30-SG,SDL GA 6.68% 2030,0.0,,0.0,0.01,100,EQ,NSE,NSE
5313,5735937,22406,665GJ30-SG,SDL GJ 6.65% 2030,0.0,,0.0,0.01,100,EQ,NSE,NSE
5314,5736961,22410,663KA30-SG,SDL KA 6.63% 2030,0.0,,0.0,0.01,100,EQ,NSE,NSE
5315,5737217,22411,668WB30-SG,SDL WB 6.68% 2030,0.0,,0.0,0.01,100,EQ,NSE,NSE
5316,5737473,22412,664RJ30-SG,SDL RJ 6.64% 2030,0.0,,0.0,0.01,100,EQ,NSE,NSE
5317,5737729,22413,666TN30-SG,SDL TN 6.66% 2030,0.0,,0.0,0.01,100,EQ,NSE,NSE
5318,5737985,22414,667UP30-SG,SDL UP 6.67% 2030,0.0,,0.0,0.01,100,EQ,NSE,NSE
5319,5738241,22415,LOVABLE,LOVABLE LINGERIE,0.0,,0.0,0.01,1,EQ,NSE,NSE
5320,5738497,22416,807NIIF39-N1,,0.0,,0.0,0.01,1,EQ,NSE,NSE
5321,5739777,22421,677KA33-SG,SDL KA 6.77% 2033,0.0,,0.0,0.01,100,EQ,NSE,NSE
5322,5740033,22422,677AP40-SG,SDL AP 6.77% 2040,0.0,,0.0,0.01,100,EQ,NSE,NSE
5323,5740289,22423,TOTAL,TOTAL TRANSPORT SYS,0.0,,0.0,0.01,1,EQ,NSE,NSE
5324,5741569,22428,MAXIND,MAX INDIA,0.0,,0.0,0.01,1,EQ,NSE,NSE
5325,5742849,22433,HDFCNIFBAN,HDFCAMC - HDFCNIFBAN,0.0,,0.0,0.01,1,EQ,NSE,NSE
5326,5744129,22438,68GS2060-GS,GOI LOAN  6.8% 2060,0.0,,0.0,0.01,1,EQ,NSE,NSE
5327,5744641,22440,UTIBANKETF,UTIAMC - UTIBANKETF,0.0,,0.0,0.01,1,EQ,NSE,NSE
5328,5746433,22447,655AS30A-SG,SDL AS 6.55% 2030,0.0,,0.0,0.01,100,EQ,NSE,NSE
5329,5746689,22448,645GJ30-SG,SDL GJ 6.45% 2030,0.0,,0.0,0.01,100,EQ,NSE,NSE
5330,5746945,22449,645ML30-SG,SDL ML 6.45% 2030,0.0,,0.0,0.01,100,EQ,NSE,NSE
5331,5747201,22450,646RJ30A-SG,SDL RJ 6.46% 2030,0.0,,0.0,0.01,100,EQ,NSE,NSE
5332,5747457,22451,643UK30-SG,SDL UK 6.43% 2030,0.0,,0.0,0.01,100,EQ,NSE,NSE
5333,5747713,22452,64KA30A-SG,SDL KA 6.4% 2030,0.0,,0.0,0.01,100,EQ,NSE,NSE
5334,5747969,22453,668AP35-SG,SDL AP 6.68% 2035,0.0,,0.0,0.01,100,EQ,NSE,NSE
5335,5748225,22454,661KA35-SG,SDL KA 6.61% 2035,0.0,,0.0,0.01,100,EQ,NSE,NSE
5336,5748481,22455,668AP39-SG,SDL AP 6.68% 2039,0.0,,0.0,0.01,100,EQ,NSE,NSE
5337,5748737,22456,67PN40-SG,SDL PN 6.7% 2040,0.0,,0.0,0.01,100,EQ,NSE,NSE
5338,5748993,22457,671TS50-SG,SDL TS 6.71% 2050,0.0,,0.0,0.01,100,EQ,NSE,NSE
5339,5750017,22461,810NIIF34-N0,,0.0,,0.0,0.01,1,EQ,NSE,NSE
5340,5750529,22463,EPACK,EPACK DURABLE,0.0,,0.0,0.05,1,EQ,NSE,NSE
5341,5751809,22468,LAWSIKHO-SM,ADDICTIVE LEARNING TECH L,0.0,,0.0,0.05,500,EQ,NSE,NSE
5342,5752833,22472,KONSTELEC-SM,KONSTELEC ENGINEERS,0.0,,0.0,0.05,1000,EQ,NSE,NSE
5343,5753857,22476,SGBDE31III-GB,2.50%GOLDBONDS2031SR-III,0.0,,0.0,0.01,1,EQ,NSE,NSE
5344,5754113,22477,NOVAAGRI,NOVA AGRITECH,0.0,,0.0,0.01,1,EQ,NSE,NSE
5345,5755393,22482,813LTF29-NP,,0.0,,0.0,0.01,1,EQ,NSE,NSE
5346,5756929,22488,NIFITETF,UTIAMC - NIFITETF,0.0,,0.0,0.01,1,EQ,NSE,NSE
5347,5757953,22492,76TN31-SG,SDL TN 7.6% 2031,0.0,,0.0,0.01,100,EQ,NSE,NSE
5348,5758209,22493,76GJ33-SG,SDL GJ 7.6% 2033,0.0,,0.0,0.01,100,EQ,NSE,NSE
5349,5758465,22494,765CG33-SG,SDL CG 7.65% 2033,0.0,,0.0,0.01,100,EQ,NSE,NSE
5350,5758721,22495,766RJ33A-SG,SDL RJ 7.66% 2033,0.0,,0.0,0.01,100,EQ,NSE,NSE
5351,5758977,22496,765GA34-SG,SDL GA 7.65% 2034,0.0,,0.0,0.01,100,EQ,NSE,NSE
5352,5759233,22497,766RJ34-SG,SDL RJ 7.66% 2034,0.0,,0.0,0.01,100,EQ,NSE,NSE
5353,5759489,22498,77SK34-SG,SDL SK 7.7% 2034,0.0,,0.0,0.01,100,EQ,NSE,NSE
5354,5759745,22499,762TN34-SG,SDL TN 7.62% 2034,0.0,,0.0,0.01,100,EQ,NSE,NSE
5355,5760001,22500,763MH35-SG,SDL MH 7.63% 2035,0.0,,0.0,0.01,100,EQ,NSE,NSE
5356,5760257,22501,766HR36-SG,SDL HR 7.66% 2036,0.0,,0.0,0.01,100,EQ,NSE,NSE
5357,5760513,22502,763MH36-SG,SDL MH 7.63% 2036,0.0,,0.0,0.01,100,EQ,NSE,NSE
5358,5760769,22503,769PN36-SG,SDL PN 7.69% 2036,0.0,,0.0,0.01,100,EQ,NSE,NSE
5359,5761025,22504,769BR39-SG,SDL BR 7.69% 2039,0.0,,0.0,0.01,100,EQ,NSE,NSE
5360,5761281,22505,763RJ41-SG,SDL RJ 7.63% 2041,0.0,,0.0,0.01,100,EQ,NSE,NSE
5361,5761537,22506,767KL43-SG,SDL KL 7.67% 2043,0.0,,0.0,0.01,100,EQ,NSE,NSE
5362,5761793,22507,767WB43-SG,SDL WB 7.67% 2043,0.0,,0.0,0.01,100,EQ,NSE,NSE
5363,5762049,22508,767WB44-SG,SDL WB 7.67% 2044,0.0,,0.0,0.01,100,EQ,NSE,NSE
5364,5762305,22509,755TN54-SG,SDL TN 7.55% 2054,0.0,,0.0,0.01,100,EQ,NSE,NSE
5365,5763329,22513,885MFL29-NJ,,0.0,,0.0,0.01,1,EQ,NSE,NSE
5366,5763841,22515,806SDIL29-N0,,0.0,,0.0,0.01,1,EQ,NSE,NSE
5367,5765121,22520,FONEBOX-ST,FONEBOX RETAIL,0.0,,0.0,0.05,1000,EQ,NSE,NSE
5368,5765377,22521,NIF5GETF,UTIAMC - NIF5GETF,0.0,,0.0,0.01,1,EQ,NSE,NSE
5369,5766145,22524,NIF10GETF,UTIAMC - NIF10GETF,0.0,,0.0,0.01,1,EQ,NSE,NSE
5370,5766913,22527,DELAPLEX-SM,DELAPLEX,0.0,,0.0,0.05,600,EQ,NSE,NSE
5371,5769473,22537,DHTL-ST,DOCMODE HEALTH TECH,0.0,,0.0,0.05,800,EQ,NSE,NSE
5372,5770753,22542,875CIFC23B-NJ,,0.0,,0.0,0.01,1,EQ,NSE,NSE
5373,5771521,22545,CIFC26-NK,,0.0,,0.0,0.01,1,EQ,NSE,NSE
5374,5773057,22551,85CIFC27-NL,,0.0,,0.0,0.01,1,EQ,NSE,NSE
5375,5773569,22553,CIF27-NM,,0.0,,0.0,0.01,1,EQ,NSE,NSE
5376,5774337,22556,86CIFC29-NN,,0.0,,0.0,0.01,1,EQ,NSE,NSE
5377,5774849,22558,CIF29-NO,,0.0,,0.0,0.01,1,EQ,NSE,NSE
5378,5775361,22560,MEGATHERM-SM,MEGATHERM INDUCTION,0.0,,0.0,0.05,400,EQ,NSE,NSE
5379,5776385,22564,860HFL29-N1,,0.0,,0.0,0.01,1,EQ,NSE,NSE
5380,5776897,22566,BLSE,BLS E-SERVICES,0.0,,0.0,0.01,1,EQ,NSE,NSE
5381,5778177,22571,BAWEJA-SM,BAWEJA STUDIOS,0.0,,0.0,0.05,800,EQ,NSE,NSE
5382,5779201,22575,837SMFG29-N2,,0.0,,0.0,0.01,1,EQ,NSE,NSE
5383,5783553,22592,HEALTHADD,DSPAMC - HEALTHADD,0.0,,0.0,0.01,1,EQ,NSE,NSE
5384,5784321,22595,HDFCPSUBK,HDFCAMC HDFCPSUBK,0.0,,0.0,0.01,1,EQ,NSE,NSE
5385,5785601,22600,855NCPL26-N0,,0.0,,0.0,0.01,1,EQ,NSE,NSE
5386,5786113,22602,PFS,PTC INDIA FIN SERV,0.0,,0.0,0.01,1,EQ,NSE,NSE
5387,5786369,22603,725GJ26-SG,SDL GJ 7.25% 2026,0.0,,0.0,0.01,100,EQ,NSE,NSE
5388,5786625,22604,739AP29-SG,SDL AP 7.39% 2029,0.0,,0.0,0.01,100,EQ,NSE,NSE
5389,5787649,22608,742GJ31-SG,SDL GJ 7.42% 2031,0.0,,0.0,0.01,100,EQ,NSE,NSE
5390,5787905,22609,751CG32-SG,SDL CG 7.51% 2032,0.0,,0.0,0.01,100,EQ,NSE,NSE
5391,5788161,22610,749UP34A-SG,SDL UP 7.49% 2034,0.0,,0.0,0.01,100,EQ,NSE,NSE
5392,5788417,22611,751RJ34-SG,SDL RJ 7.51% 2034,0.0,,0.0,0.01,100,EQ,NSE,NSE
5393,5788673,22612,752AS34-SG,SDL AS 7.52% 2034,0.0,,0.0,0.01,100,EQ,NSE,NSE
5394,5788929,22613,748MH35-SG,SDL MH 7.48% 2035,0.0,,0.0,0.01,100,EQ,NSE,NSE
5395,5789185,22614,749TS35-SG,SDL TS 7.49% 2035,0.0,,0.0,0.01,100,EQ,NSE,NSE
5396,5789441,22615,749AP36-SG,SDL AP 7.49% 2036,0.0,,0.0,0.01,100,EQ,NSE,NSE
5397,5789697,22616,749HR36-SG,SDL HR 7.49% 2036,0.0,,0.0,0.01,100,EQ,NSE,NSE
5398,5789953,22617,749MH36-SG,SDL MH 7.49% 2036,0.0,,0.0,0.01,100,EQ,NSE,NSE
5399,5790209,22618,749AP39-SG,SDL AP 7.49% 2039,0.0,,0.0,0.01,100,EQ,NSE,NSE
5400,5790465,22619,752BR39-SG,SDL BR 7.52% 2039,0.0,,0.0,0.01,100,EQ,NSE,NSE
5401,5790721,22620,748MP40-SG,SDL MP 7.48% 2040,0.0,,0.0,0.01,100,EQ,NSE,NSE
5402,5790977,22621,752MZ40-SG,SDL MZ 7.52% 2040,0.0,,0.0,0.01,100,EQ,NSE,NSE
5403,5791233,22622,746AP41A-SG,SDL AP 7.46% 2041,0.0,,0.0,0.01,100,EQ,NSE,NSE
5404,5791489,22623,748MP41-SG,SDL MP 7.48% 2041,0.0,,0.0,0.01,100,EQ,NSE,NSE
5405,5791745,22624,752AP43-SG,SDL AP 7.52% 2043,0.0,,0.0,0.01,100,EQ,NSE,NSE
5406,5792001,22625,746TS45-SG,SDL TS 7.46% 2045,0.0,,0.0,0.01,100,EQ,NSE,NSE
5407,5792257,22626,748JK54-SG,SDL JK 7.48% 2054,0.0,,0.0,0.01,100,EQ,NSE,NSE
5408,5794049,22633,769LIC34-N0,,0.0,,0.0,0.01,1,EQ,NSE,NSE
5409,5794561,22635,8ABHF34-N4,,0.0,,0.0,0.01,1,EQ,NSE,NSE
5410,5796609,22643,799TCL34-ND,,0.0,,0.0,0.01,1,EQ,NSE,NSE
5411,5797121,22645,ITALIANE-SM,ITALIAN EDIBLES,0.0,,0.0,0.05,2000,EQ,NSE,NSE
5412,5798145,22649,PARKHOTELS,PARKHOTELS,0.0,,0.0,0.01,1,EQ,NSE,NSE
5413,5799425,22654,AAFS27A-N0,,0.0,,0.0,0.01,1,EQ,NSE,NSE
5414,5799937,22656,SIGNPOST,SIGNPOST INDIA,0.0,,0.0,0.01,1,EQ,NSE,NSE
5415,5801217,22661,745EXIM28-N0,,0.0,,0.0,0.01,1,EQ,NSE,NSE
5416,5801729,22663,JSFB,JANA SMALL FIN BANK,0.0,,0.0,0.05,1,EQ,NSE,NSE
5417,5803009,22668,768SIDB27-N2,,0.0,,0.0,0.01,1,EQ,NSE,NSE
5418,5803521,22670,RPTECH,RASHI PERIPHERALS,0.0,,0.0,0.05,1,EQ,NSE,NSE
5419,5804801,22675,CAPITALSFB,CAPITAL SMALL FIN BANK L,0.0,,0.0,0.05,1,EQ,NSE,NSE
5420,5806081,22680,NDRINVIT-IV,NDR INVIT TRUST,0.0,,0.0,0.01,25000,EQ,NSE,NSE
5421,5807105,22684,799TCL29-NE,,0.0,,0.0,0.01,1,EQ,NSE,NSE
5422,5808129,22688,ALPEXSOLAR-SM,ALPEX SOLAR,0.0,,0.0,0.05,100,EQ,NSE,NSE
5423,5809153,22692,744CG30-SG,SDL CG 7.44% 2030,0.0,,0.0,0.01,100,EQ,NSE,NSE
5424,5809409,22693,743GJ31-SG,SDL GJ 7.43% 2031,0.0,,0.0,0.01,100,EQ,NSE,NSE
5425,5809665,22694,743CG29-SG,SDL CG 7.43% 2029,0.0,,0.0,0.01,100,EQ,NSE,NSE
5426,5809921,22695,745AS31-SG,SDL AS 7.45% 2031,0.0,,0.0,0.01,100,EQ,NSE,NSE
5427,5810177,22696,746CG31-SG,SDL CG 7.46% 2031,0.0,,0.0,0.01,100,EQ,NSE,NSE
5428,5810433,22697,742GJ33-SG,SDL GJ 7.42% 2033,0.0,,0.0,0.01,100,EQ,NSE,NSE
5429,5810689,22698,746CG33-SG,SDL CG 7.46% 2033,0.0,,0.0,0.01,100,EQ,NSE,NSE
5430,5810945,22699,747HR36-SG,SDL HR 7.47% 2036,0.0,,0.0,0.01,100,EQ,NSE,NSE
5431,5811201,22700,745AP38-SG,SDL AP 7.45% 2038,0.0,,0.0,0.01,100,EQ,NSE,NSE
5432,5811457,22701,744AP39-SG,SDL AP 7.44% 2039,0.0,,0.0,0.01,100,EQ,NSE,NSE
5433,5811713,22702,749BR39-SG,SDL BR 7.49% 2039,0.0,,0.0,0.01,100,EQ,NSE,NSE
5434,5811969,22703,748WB43-SG,SDL WB 7.48% 2043,0.0,,0.0,0.01,100,EQ,NSE,NSE
5435,5812225,22704,748AP44-SG,SDL AP 7.48% 2044,0.0,,0.0,0.01,100,EQ,NSE,NSE
5436,5812481,22705,748WB44-SG,SDL WB 7.48% 2044,0.0,,0.0,0.01,100,EQ,NSE,NSE
5437,5812737,22706,744TS46-SG,SDL TS 7.44% 2046,0.0,,0.0,0.01,100,EQ,NSE,NSE
5438,5812993,22707,746JK49-SG,SDL JK 7.46% 2049,0.0,,0.0,0.01,100,EQ,NSE,NSE
5439,5814785,22714,POLYSIL-ST,POLYSIL IRRIGATION SYST L,0.0,,0.0,0.05,500,EQ,NSE,NSE
5440,5815553,22717,ENTERO,ENTERO HEALTHCARE SOLU L,0.0,,0.0,0.1,1,EQ,NSE,NSE
5441,5816833,22722,LICNMID100,LICNAMC - LICNMID100,0.0,,0.0,0.01,1,EQ,NSE,NSE
5442,5818369,22728,WTICAB-ST,WISE TRAVEL INDIA,0.0,,0.0,0.05,500,EQ,NSE,NSE
5443,5818881,22730,VSTL,VIBHOR STEEL TUBES,0.0,,0.0,0.01,1,EQ,NSE,NSE
5444,5820161,22735,748IRFC34A-NQ,,0.0,,0.0,0.01,1,EQ,NSE,NSE
5445,5820673,22737,890NCPL28-N1,,0.0,,0.0,0.01,1,EQ,NSE,NSE
5446,5821185,22739,MON100,MOTILAL OS NASDAQ100 ETF,0.0,,0.0,0.01,1,EQ,NSE,NSE
5447,5821697,22741,735PY27-SG,SDL PY 7.35% 2027,0.0,,0.0,0.01,100,EQ,NSE,NSE
5448,5821953,22742,744CG29-SG,SDL CG 7.44% 2029,0.0,,0.0,0.01,100,EQ,NSE,NSE
5449,5822209,22743,747CG30A-SG,SDL CG 7.47% 2030,0.0,,0.0,0.01,100,EQ,NSE,NSE
5450,5822465,22744,747CG31-SG,SDL CG 7.47% 2031,0.0,,0.0,0.01,100,EQ,NSE,NSE
5451,5822721,22745,748CG32-SG,SDL CG 7.48% 2032,0.0,,0.0,0.01,100,EQ,NSE,NSE
5452,5822977,22746,748KA33-SG,SDL KA 7.48% 2033,0.0,,0.0,0.01,100,EQ,NSE,NSE
5453,5823233,22747,744TN34-SG,SDL TN 7.44% 2034,0.0,,0.0,0.01,100,EQ,NSE,NSE
5454,5823489,22748,748RJ34-SG,SDL RJ 7.48% 2034,0.0,,0.0,0.01,100,EQ,NSE,NSE
5455,5823745,22749,748UP34-SG,SDL UP 7.48% 2034,0.0,,0.0,0.01,100,EQ,NSE,NSE
5456,5824001,22750,749NL34-SG,SDL NL 7.49% 2034,0.0,,0.0,0.01,100,EQ,NSE,NSE
5457,5824257,22751,746MH35-SG,SDL MH 7.46% 2035,0.0,,0.0,0.01,100,EQ,NSE,NSE
5458,5824513,22752,747MH36-SG,SDL MH 7.47% 2036,0.0,,0.0,0.01,100,EQ,NSE,NSE
5459,5824769,22753,747PY37-SG,SDL PY 7.47% 2037,0.0,,0.0,0.01,100,EQ,NSE,NSE
5460,5825025,22754,744AP39A-SG,SDL AP 7.44% 2039,0.0,,0.0,0.01,100,EQ,NSE,NSE
5461,5825281,22755,747BR39-SG,SDL BR 7.47% 2039,0.0,,0.0,0.01,100,EQ,NSE,NSE
5462,5825537,22756,744MP40-SG,SDL MP 7.44% 2040,0.0,,0.0,0.01,100,EQ,NSE,NSE
5463,5825793,22757,745KA40-SG,SDL KA 7.45% 2040,0.0,,0.0,0.01,100,EQ,NSE,NSE
5464,5826049,22758,745MP44A-SG,SDL MP 7.45% 2044,0.0,,0.0,0.01,100,EQ,NSE,NSE
5465,5826305,22759,745MP45-SG,SDL MP 7.45% 2045,0.0,,0.0,0.01,100,EQ,NSE,NSE
5466,5826561,22760,745JK54-SG,SDL JK 7.45% 2054,0.0,,0.0,0.01,100,EQ,NSE,NSE
5467,5827585,22764,ESCONET-SM,ESCONET TECHNOLOGIES,0.0,,0.0,0.05,400,EQ,NSE,NSE
5468,5828609,22768,810TCHFL27-ND,,0.0,,0.0,0.01,1,EQ,NSE,NSE
5469,5829121,22770,INM-SM,INTERIORS & MORE,0.0,,0.0,0.05,300,EQ,NSE,NSE
5470,5830913,22777,TCL-SM,THAAI CASTING,0.0,,0.0,0.05,800,EQ,NSE,NSE
5471,5832961,22785,ATMASTCO-SM,ATMASTCO,0.0,,0.0,0.05,400,EQ,NSE,NSE
5472,5835009,22793,760PFC29-N0,,0.0,,0.0,0.01,1,EQ,NSE,NSE
5473,5835521,22795,749PFC34-N9,,0.0,,0.0,0.01,1,EQ,NSE,NSE
5474,5836033,22797,783NHB27-N9,,0.0,,0.0,0.01,1,EQ,NSE,NSE
5475,5836545,22799,DEEM-SM,DEEM ROLL TECH,0.0,,0.0,0.05,1000,EQ,NSE,NSE
5476,5837569,22803,ZENITHDRUG-SM,ZENITH DRUGS,0.0,,0.0,0.05,800,EQ,NSE,NSE
5477,5839105,22809,840NIRMA26-N6,,0.0,,0.0,0.01,1,EQ,NSE,NSE
5478,5839617,22811,850NIRMA27-N7,,0.0,,0.0,0.01,1,EQ,NSE,NSE
5479,5840129,22813,747RL34-NL,,0.0,,0.0,0.01,1,EQ,NSE,NSE
5480,5840641,22815,764RL27-NM,,0.0,,0.0,0.01,1,EQ,NSE,NSE
5481,5841921,22820,759IREDA34-N0,,0.0,,0.0,0.01,1,EQ,NSE,NSE
5482,5842433,22822,825CFHL27-N0,,0.0,,0.0,0.01,1,EQ,NSE,NSE
5483,5842945,22824,JUNIPER,JUNIPER HOTELS,0.0,,0.0,0.01,1,EQ,NSE,NSE
5484,5844993,22832,SMALLCAP,MIRAEAMC - SMALLCAP,0.0,,0.0,0.01,1,EQ,NSE,NSE
5485,5846785,22839,1035UCL26-NA,,0.0,,0.0,0.01,1,EQ,NSE,NSE
5486,5847297,22841,105UCL2026-NB,,0.0,,0.0,0.01,1,EQ,NSE,NSE
5487,5847809,22843,11UCL26-NC,,0.0,,0.0,0.01,1,EQ,NSE,NSE
5488,5848577,22846,GPTHEALTH,GPT HEALTHCARE,0.0,,0.0,0.01,1,EQ,NSE,NSE
5489,5850625,22854,830TFSIL27-N2,,0.0,,0.0,0.01,1,EQ,NSE,NSE
5490,5851137,22856,ALPHA27-N1,,0.0,,0.0,0.01,1,EQ,NSE,NSE
5491,5853185,22864,745CG33-SG,SDL CG 7.45% 2033,0.0,,0.0,0.01,100,EQ,NSE,NSE
5492,5853441,22865,746PN33-SG,SDL PN 7.46% 2033,0.0,,0.0,0.01,100,EQ,NSE,NSE
5493,5853697,22866,742TN34-SG,SDL TN 7.42% 2034,0.0,,0.0,0.01,100,EQ,NSE,NSE
5494,5853953,22867,744RJ34-SG,SDL RJ 7.44% 2034,0.0,,0.0,0.01,100,EQ,NSE,NSE
5495,5854209,22868,744KA34-SG,SDL KA 7.44% 2034,0.0,,0.0,0.01,100,EQ,NSE,NSE
5496,5854465,22869,742RJ39-SG,SDL RJ 7.42% 2039,0.0,,0.0,0.01,100,EQ,NSE,NSE
5497,5854721,22870,743BR39-SG,SDL BR 7.43% 2039,0.0,,0.0,0.01,100,EQ,NSE,NSE
5498,5854977,22871,744WB41-SG,SDL WB 7.44% 2041,0.0,,0.0,0.01,100,EQ,NSE,NSE
5499,5855233,22872,742MP44-SG,SDL MP 7.42% 2044,0.0,,0.0,0.01,100,EQ,NSE,NSE
5500,5855489,22873,743RJ44-SG,SDL RJ 7.43% 2044,0.0,,0.0,0.01,100,EQ,NSE,NSE
5501,5855745,22874,744WB44-SG,SDL WB 7.44% 2044,0.0,,0.0,0.01,100,EQ,NSE,NSE
5502,5856001,22875,746UK34-SG,SDL UK 7.46% 2034,0.0,,0.0,0.01,100,EQ,NSE,NSE
5503,5856257,22876,746UP34-SG,SDL UP 7.46% 2034,0.0,,0.0,0.01,100,EQ,NSE,NSE
5504,5856513,22877,743MH35-SG,SDL MH 7.43% 2035,0.0,,0.0,0.01,100,EQ,NSE,NSE
5505,5856769,22878,743MH36-SG,SDL MH 7.43% 2036,0.0,,0.0,0.01,100,EQ,NSE,NSE
5506,5857025,22879,744HR36-SG,SDL HR 7.44% 2036,0.0,,0.0,0.01,100,EQ,NSE,NSE
5507,5857281,22880,742KA39-SG,SDL KA 7.42% 2039,0.0,,0.0,0.01,100,EQ,NSE,NSE
5508,5857537,22881,742MP45-SG,SDL MP 7.42% 2045,0.0,,0.0,0.01,100,EQ,NSE,NSE
5509,5857793,22882,742MP46-SG,SDL MP 7.42% 2046,0.0,,0.0,0.01,100,EQ,NSE,NSE
5510,5858817,22886,SGBFEB32IV-GB,2.50%GOLDBONDS2032SR-IV,0.0,,0.0,0.01,1,EQ,NSE,NSE
5511,5859073,22887,744IRFC34-NR,,0.0,,0.0,0.01,1,EQ,NSE,NSE
5512,5859585,22889,832TPL26-N4,,0.0,,0.0,0.01,1,EQ,NSE,NSE
5513,5860097,22891,832TPL27-N5,,0.0,,0.0,0.01,1,EQ,NSE,NSE
5514,5860609,22893,832TPL28-N6,,0.0,,0.0,0.01,1,EQ,NSE,NSE
5515,5861121,22895,832TPL29-N7,,0.0,,0.0,0.01,1,EQ,NSE,NSE
5516,5861633,22897,SADHAV-SM,SADHAV SHIPPING,0.0,,0.0,0.05,600,EQ,NSE,NSE
5517,5862657,22901,GOLDCASE,ZERODHA GOLD ETF,0.0,,0.0,0.01,1,EQ,NSE,NSE
5518,5863681,22905,836GIL26-N0,,0.0,,0.0,0.01,1,EQ,NSE,NSE
5519,5864193,22907,840GIL27-N1,,0.0,,0.0,0.01,1,EQ,NSE,NSE
5520,5865217,22911,OWAIS-SM,OWAIS METAL & MINERAL,0.0,,0.0,0.05,100,EQ,NSE,NSE
5521,5866753,22917,865CIFC865-NP,,0.0,,0.0,0.01,1,EQ,NSE,NSE
5522,5867265,22919,8258TCL27-NF,,0.0,,0.0,0.01,1,EQ,NSE,NSE
5523,5867777,22921,797SFL30-N0,,0.0,,0.0,0.01,1,EQ,NSE,NSE
5524,5868289,22923,1048IIFL27-N6,,0.0,,0.0,0.01,1,EQ,NSE,NSE
5525,5868801,22925,820ABHF27-N5,,0.0,,0.0,0.01,1,EQ,NSE,NSE
5526,5869313,22927,AAFS34-N2,,0.0,,0.0,0.01,1,EQ,NSE,NSE
5527,5870081,22930,PLATIND,PLATINUM INDUSTRIES,0.0,,0.0,0.05,1,EQ,NSE,NSE
5528,5873153,22942,PURVFLEXI-ST,PURV FLEXIPACK,0.0,,0.0,0.05,800,EQ,NSE,NSE
5529,5873665,22944,755DDL39-N0,,0.0,,0.0,0.01,1,EQ,NSE,NSE
5530,5874433,22947,EXICOM,EXICOM TELE SYSTEMS,0.0,,0.0,0.01,1,EQ,NSE,NSE
5531,5878273,22962,925BCIL28-N0,,0.0,,0.0,0.01,1,EQ,NSE,NSE
5532,5878785,22964,925BCIPL28-N1,,0.0,,0.0,0.01,1,EQ,NSE,NSE
5533,5880577,22971,7835LIC27-N1,,0.0,,0.0,0.01,1,EQ,NSE,NSE
5534,5882625,22979,MVKAGRO-ST,M.V.K. AGRO FOOD PROD,0.0,,0.0,0.05,300,EQ,NSE,NSE
5535,5882881,22980,MUKKA,MUKKA PROTEINS,0.0,,0.0,0.01,1,EQ,NSE,NSE
5536,5884161,22985,74MZ39-SG,SDL MZ 7.4% 2039,0.0,,0.0,0.01,100,EQ,NSE,NSE
5537,5884417,22986,74BR39-SG,SDL BR 7.4% 2039,0.0,,0.0,0.01,100,EQ,NSE,NSE
5538,5884673,22987,74RJ42-SG,SDL RJ 7.4% 2042,0.0,,0.0,0.01,100,EQ,NSE,NSE
5539,5884929,22988,738TS43-SG,SDL TS 7.38% 2043,0.0,,0.0,0.01,100,EQ,NSE,NSE
5540,5885185,22989,74WB44-SG,SDL WB 7.4% 2044,0.0,,0.0,0.01,100,EQ,NSE,NSE
5541,5885441,22990,74TN34-SG,SDL TN 7.4% 2034,0.0,,0.0,0.01,100,EQ,NSE,NSE
5542,5885697,22991,742AS34-SG,SDL AS 7.42% 2034,0.0,,0.0,0.01,100,EQ,NSE,NSE
5543,5885953,22992,74MH35-SG,SDL MH 7.4% 2035,0.0,,0.0,0.01,100,EQ,NSE,NSE
5544,5886209,22993,742KA35-SG,SDL KA 7.42% 2035,0.0,,0.0,0.01,100,EQ,NSE,NSE
5545,5886465,22994,742HR35-SG,SDL HR 7.42% 2035,0.0,,0.0,0.01,100,EQ,NSE,NSE
5546,5886721,22995,74MH36-SG,SDL MH 7.4% 2036,0.0,,0.0,0.01,100,EQ,NSE,NSE
5547,5886977,22996,741KA36-SG,SDL KA 7.41% 2036,0.0,,0.0,0.01,100,EQ,NSE,NSE
5548,5887233,22997,74JK44-SG,SDL JK 7.4% 2044,0.0,,0.0,0.01,100,EQ,NSE,NSE
5549,5887745,22999,738TS49-SG,SDL TS 7.38% 2049,0.0,,0.0,0.01,100,EQ,NSE,NSE
5550,5888001,23000,738TN54-SG,SDL TN 7.38% 2054,0.0,,0.0,0.01,100,EQ,NSE,NSE
5551,5889537,23006,753IRED34-NA,,0.0,,0.0,0.01,1,EQ,NSE,NSE
5552,5890305,23009,83044SMF29-N3,,0.0,,0.0,0.01,1,EQ,NSE,NSE
5553,5891073,23012,860CIFC29-NQ,,0.0,,0.0,0.01,1,EQ,NSE,NSE
5554,5892609,23018,VR-SM,V R INFRASPACE,0.0,,0.0,0.05,400,EQ,NSE,NSE
5555,5894145,23024,1077IIFL30-N7,,0.0,,0.0,0.01,1,EQ,NSE,NSE
5556,5895681,23030,LANCORHOL-BE,LANCOR HOLDINGS,0.0,,0.0,0.01,1,EQ,NSE,NSE
5557,5896705,23034,950BCIPL28-N2,,0.0,,0.0,0.01,1,EQ,NSE,NSE
5558,5897217,23036,INDUSINVIT-IV,INDUS INFRA TRUST,0.0,,0.0,0.01,1,EQ,NSE,NSE
5559,5898497,23041,764ABL34-N0,,0.0,,0.0,0.01,1,EQ,NSE,NSE
5560,5899009,23043,RKSWAMY,R K SWAMY,0.0,,0.0,0.01,1,EQ,NSE,NSE
5561,5900801,23050,740EXIM29-N1,,0.0,,0.0,0.01,1,EQ,NSE,NSE
5562,5901313,23052,SONAMAC-SM,SONA MACHINERY,0.0,,0.0,0.05,1000,EQ,NSE,NSE
5563,5902337,23056,JGCHEM,J.G.CHEMICALS,0.0,,0.0,0.05,1,EQ,NSE,NSE
5564,5903617,23061,735PGCIL34-N1,,0.0,,0.0,0.01,1,EQ,NSE,NSE
5565,5904129,23063,778NHB27-NA,,0.0,,0.0,0.01,1,EQ,NSE,NSE
5566,5904897,23066,GOPAL,GOPAL SNACKS,0.0,,0.0,0.05,1,EQ,NSE,NSE
5567,5906945,23074,SHREEKARNI-SM,SHREE KARNI FABCOM,0.0,,0.0,0.05,150,EQ,NSE,NSE
5568,5907969,23078,738CG32-SG,SDL CG 7.38% 2032,0.0,,0.0,0.01,100,EQ,NSE,NSE
5569,5908225,23079,739CG33-SG,SDL CG 7.39% 2033,0.0,,0.0,0.01,100,EQ,NSE,NSE
5570,5908481,23080,738CG34-SG,SDL CG 7.38% 2034,0.0,,0.0,0.01,100,EQ,NSE,NSE
5571,5908737,23081,739HP34-SG,SDL HP 7.39% 2034,0.0,,0.0,0.01,100,EQ,NSE,NSE
5572,5908993,23082,737RJ34A-SG,SDL RJ 7.37% 2034,0.0,,0.0,0.01,100,EQ,NSE,NSE
5573,5909249,23083,736KA34-SG,SDL KA 7.36% 2034,0.0,,0.0,0.01,100,EQ,NSE,NSE
5574,5909505,23084,741AR34-SG,SDL AR 7.41% 2034,0.0,,0.0,0.01,100,EQ,NSE,NSE
5575,5909761,23085,739KL34-SG,SDL KL 7.39% 2034,0.0,,0.0,0.01,100,EQ,NSE,NSE
5576,5910017,23086,738UP34-SG,SDL UP 7.38% 2034,0.0,,0.0,0.01,100,EQ,NSE,NSE
5577,5910273,23087,738HR35-SG,SDL HR 7.38% 2035,0.0,,0.0,0.01,100,EQ,NSE,NSE
5578,5910529,23088,729PY26-SG,SDL PY 7.29% 2026,0.0,,0.0,0.01,100,EQ,NSE,NSE
5579,5910785,23089,738UP36-SG,SDL UP 7.38% 2036,0.0,,0.0,0.01,100,EQ,NSE,NSE
5580,5911041,23090,741HP36-SG,SDL HP 7.41% 2036,0.0,,0.0,0.01,100,EQ,NSE,NSE
5581,5911297,23091,737KA37-SG,SDL KA 7.37% 2037,0.0,,0.0,0.01,100,EQ,NSE,NSE
5582,5911553,23092,737KA38A-SG,SDL KA 7.37% 2038,0.0,,0.0,0.01,100,EQ,NSE,NSE
5583,5911809,23093,738PY38-SG,SDL PY 7.38% 2038,0.0,,0.0,0.01,100,EQ,NSE,NSE
5584,5912321,23095,739BR39-SG,SDL BR 7.39% 2039,0.0,,0.0,0.01,100,EQ,NSE,NSE
5585,5912577,23096,737TS41-SG,SDL TS 7.37% 2041,0.0,,0.0,0.01,100,EQ,NSE,NSE
5586,5913089,23098,739WB42-SG,SDL WB 7.39% 2042,0.0,,0.0,0.01,100,EQ,NSE,NSE
5587,5913345,23099,738KL44-SG,SDL KL 7.38% 2044,0.0,,0.0,0.01,100,EQ,NSE,NSE
5588,5913601,23100,739WB44-SG,SDL WB 7.39% 2044,0.0,,0.0,0.01,100,EQ,NSE,NSE
5589,5913857,23101,737RJ45-SG,SDL RJ 7.37% 2045,0.0,,0.0,0.01,100,EQ,NSE,NSE
5590,5914113,23102,736JK49-SG,SDL JK 7.36% 2049,0.0,,0.0,0.01,100,EQ,NSE,NSE
5591,5914369,23103,736TS50-SG,SDL TS 7.36% 2050,0.0,,0.0,0.01,100,EQ,NSE,NSE
5592,5914625,23104,736KL54-SG,SDL KL 7.36% 2054,0.0,,0.0,0.01,100,EQ,NSE,NSE
5593,5914881,23105,736TN54-SG,SDL TN 7.36% 2054,0.0,,0.0,0.01,100,EQ,NSE,NSE
5594,5915905,23109,755PFC27-NA,,0.0,,0.0,0.01,1,EQ,NSE,NSE
5595,5916417,23111,18MVL27-N0,,0.0,,0.0,0.01,1,EQ,NSE,NSE
5596,5916929,23113,PRATHAM-SM,PRATHAM EPC PROJECTS,0.0,,0.0,0.05,400,EQ,NSE,NSE
5597,5918465,23119,1040NFL26-NA,,0.0,,0.0,0.01,1,EQ,NSE,NSE
5598,5918977,23121,1090NFL26-NB,,0.0,,0.0,0.01,1,EQ,NSE,NSE
5599,5919489,23123,1065NFL27-NC,,0.0,,0.0,0.01,1,EQ,NSE,NSE
5600,5920001,23125,1119NFL27-ND,,0.0,,0.0,0.01,1,EQ,NSE,NSE
5601,5920513,23127,SCILAL,SHIPPING CORP OF ILA,0.0,,0.0,0.01,1,EQ,NSE,NSE
5602,5923841,23140,795NIIF36-N2,,0.0,,0.0,0.01,1,EQ,NSE,NSE
5603,5924353,23142,PVSL,POPULAR VEHICLES N SER L,0.0,,0.0,0.01,1,EQ,NSE,NSE
5604,5925633,23147,SIGNORIA-SM,SIGNORIA CREATION,0.0,,0.0,0.05,1000,EQ,NSE,NSE
5605,5926657,23151,GFL27-N1,,0.0,,0.0,0.01,1,EQ,NSE,NSE
5606,5927169,23153,824LTF27-NQ,,0.0,,0.0,0.01,1,EQ,NSE,NSE
5607,5927681,23155,757IREDL29-NB,,0.0,,0.0,0.01,1,EQ,NSE,NSE
5608,5928193,23157,746IRFC29-NS,,0.0,,0.0,0.01,1,EQ,NSE,NSE
5609,5928705,23159,AVPINFRA-SM,AVP INFRACON,0.0,,0.0,0.05,800,EQ,NSE,NSE
5610,5931009,23168,835KSFL27-N0,,0.0,,0.0,0.01,1,EQ,NSE,NSE
5611,5931521,23170,8254KSFP29-N1,,0.0,,0.0,0.01,1,EQ,NSE,NSE
5612,5932033,23172,860CIFCL29-NR,,0.0,,0.0,0.01,1,EQ,NSE,NSE
5613,5932801,23175,KRYSTAL,KRYSTAL INTEGRATED SER L,0.0,,0.0,0.05,1,EQ,NSE,NSE
5614,5934337,23181,MOSMALL250,MOTILALAMC - MOSMALL250,0.0,,0.0,0.01,1,EQ,NSE,NSE
5615,5935105,23184,MOREALTY,MOTILALAMC - MOREALTY,0.0,,0.0,0.01,1,EQ,NSE,NSE
5616,5936385,23189,744TS30-SG,SDL TS 7.44% 2030,0.0,,0.0,0.01,100,EQ,NSE,NSE
5617,5936641,23190,746CG32-SG,SDL CG 7.46% 2032,0.0,,0.0,0.01,100,EQ,NSE,NSE
5618,5936897,23191,746UP32-SG,SDL UP 7.46% 2032,0.0,,0.0,0.01,100,EQ,NSE,NSE
5619,5937153,23192,747CG33-SG,SDL CG 7.47% 2033,0.0,,0.0,0.01,100,EQ,NSE,NSE
5620,5937409,23193,744TN34A-SG,SDL TN 7.44% 2034,0.0,,0.0,0.01,100,EQ,NSE,NSE
5621,5937665,23194,746RJ34-SG,SDL RJ 7.46% 2034,0.0,,0.0,0.01,100,EQ,NSE,NSE
5622,5937921,23195,747CG34-SG,SDL CG 7.47% 2034,0.0,,0.0,0.01,100,EQ,NSE,NSE
5623,5938177,23196,747UK34-SG,SDL UK 7.47% 2034,0.0,,0.0,0.01,100,EQ,NSE,NSE
5624,5938433,23197,747AS34-SG,SDL AS 7.47% 2034,0.0,,0.0,0.01,100,EQ,NSE,NSE
5625,5938689,23198,747GA34-SG,SDL GA 7.47% 2034,0.0,,0.0,0.01,100,EQ,NSE,NSE
5626,5938945,23199,748NL34-SG,SDL NL 7.48% 2034,0.0,,0.0,0.01,100,EQ,NSE,NSE
5627,5939201,23200,75SK34-SG,SDL SK 7.5% 2034,0.0,,0.0,0.01,100,EQ,NSE,NSE
5628,5939457,23201,745KA35-SG,SDL KA 7.45% 2035,0.0,,0.0,0.01,100,EQ,NSE,NSE
5629,5939713,23202,745HR35B-SG,SDL HR 7.45% 2035,0.0,,0.0,0.01,100,EQ,NSE,NSE
5630,5939969,23203,748UP36-SG,SDL UP 7.48% 2036,0.0,,0.0,0.01,100,EQ,NSE,NSE
5631,5940225,23204,75MN36-SG,SDL MN 7.5% 2036,0.0,,0.0,0.01,100,EQ,NSE,NSE
5632,5940481,23205,745KA37-SG,SDL KA 7.45% 2037,0.0,,0.0,0.01,100,EQ,NSE,NSE
5633,5940737,23206,745MH37-SG,SDL MH 7.45% 2037,0.0,,0.0,0.01,100,EQ,NSE,NSE
5634,5940993,23207,748RJ37-SG,SDL RJ 7.48% 2037,0.0,,0.0,0.01,100,EQ,NSE,NSE
5635,5941249,23208,745MH38-SG,SDL MH 7.45% 2038,0.0,,0.0,0.01,100,EQ,NSE,NSE
5636,5941505,23209,746KA38-SG,SDL KA 7.46% 2038,0.0,,0.0,0.01,100,EQ,NSE,NSE
5637,5941761,23210,742TS41-SG,SDL TS 7.42% 2041,0.0,,0.0,0.01,100,EQ,NSE,NSE
5638,5942017,23211,745WB42-SG,SDL WB 7.45% 2042,0.0,,0.0,0.01,100,EQ,NSE,NSE
5639,5942273,23212,746RJ42-SG,SDL RJ 7.46% 2042,0.0,,0.0,0.01,100,EQ,NSE,NSE
5640,5942529,23213,744TN44-SG,SDL TN 7.44% 2044,0.0,,0.0,0.01,100,EQ,NSE,NSE
5641,5942785,23214,745WB44-SG,SDL WB 7.45% 2044,0.0,,0.0,0.01,100,EQ,NSE,NSE
5642,5943041,23215,747JK44-SG,SDL JK 7.47% 2044,0.0,,0.0,0.01,100,EQ,NSE,NSE
5643,5943297,23216,742KL49-SG,SDL KL 7.42% 2049,0.0,,0.0,0.01,100,EQ,NSE,NSE
5644,5943553,23217,74TN54-SG,SDL TN 7.4% 2054,0.0,,0.0,0.01,100,EQ,NSE,NSE
5645,5943809,23218,742KL64-SG,SDL KL 7.42% 2064,0.0,,0.0,0.01,100,EQ,NSE,NSE
5646,5944833,23222,765HDFC34-N1,,0.0,,0.0,0.01,1,EQ,NSE,NSE
5647,5945345,23224,ENFUSE-SM,ENFUSE SOLUTIONS,0.0,,0.0,0.05,600,EQ,NSE,NSE
5648,5946369,23228,820ABHFL27-N6,,0.0,,0.0,0.01,1,EQ,NSE,NSE
5649,5946881,23230,ENSER-SM,ENSER COMMUNICATIONS,0.0,,0.0,0.05,5000,EQ,NSE,NSE
5650,5949441,23240,780BFL27-N0,,0.0,,0.0,0.01,1,EQ,NSE,NSE
5651,5949953,23242,950IIFL27-Y2,,0.0,,0.0,0.01,1,EQ,NSE,NSE
5652,5950465,23244,885CIFCL34-NS,,0.0,,0.0,0.01,1,EQ,NSE,NSE
5653,5950977,23246,792TCHFL34-NF,,0.0,,0.0,0.01,1,EQ,NSE,NSE
5654,5951489,23248,773LIC34-N2,,0.0,,0.0,0.01,1,EQ,NSE,NSE
5655,5952001,23250,759IRDA34-NC,,0.0,,0.0,0.01,1,EQ,NSE,NSE
5656,5952513,23252,768SIDBI27-N3,,0.0,,0.0,0.01,1,EQ,NSE,NSE
5657,5953025,23254,762NABAR29-N3,,0.0,,0.0,0.01,1,EQ,NSE,NSE
5658,5959937,23281,925SCL26A-YN,,0.0,,0.0,0.01,1,EQ,NSE,NSE
5659,5960449,23283,965SCL26-YO,,0.0,,0.0,0.01,1,EQ,NSE,NSE
5660,5960961,23285,888SCL26-YP,,0.0,,0.0,0.01,1,EQ,NSE,NSE
5661,5961473,23287,925SCL26B-YQ,,0.0,,0.0,0.01,1,EQ,NSE,NSE
5662,5961985,23289,0SCL26-YR,,0.0,,0.0,0.01,1,EQ,NSE,NSE
5663,5962497,23291,940SCL27-YS,,0.0,,0.0,0.01,1,EQ,NSE,NSE
5664,5963009,23293,990SCL27-YT,,0.0,,0.0,0.01,1,EQ,NSE,NSE
5665,5963521,23295,902SCL27-YU,,0.0,,0.0,0.01,1,EQ,NSE,NSE
5666,5964033,23297,948SCL27-YV,,0.0,,0.0,0.01,1,EQ,NSE,NSE
5667,5964545,23299,0SCL27-YW,,0.0,,0.0,0.01,1,EQ,NSE,NSE
5668,5965057,23301,965SCL29-YX,,0.0,,0.0,0.01,1,EQ,NSE,NSE
5669,5965569,23303,1015SCFL29-YY,,0.0,,0.0,0.01,1,EQ,NSE,NSE
5670,5966081,23305,925SCL29-YZ,,0.0,,0.0,0.01,1,EQ,NSE,NSE
5671,5966593,23307,971SCL29-Z0,,0.0,,0.0,0.01,1,EQ,NSE,NSE
5672,5967105,23309,10SCL31-Z1,,0.0,,0.0,0.01,1,EQ,NSE,NSE
5673,5967617,23311,1050SCFL31-Z2,,0.0,,0.0,0.01,1,EQ,NSE,NSE
5674,5968129,23313,957SCL31-Z3,,0.0,,0.0,0.01,1,EQ,NSE,NSE
5675,5968641,23315,1003SCFL31-Z4,,0.0,,0.0,0.01,1,EQ,NSE,NSE
5676,5969153,23317,1025SCFL34-Z5,,0.0,,0.0,0.01,1,EQ,NSE,NSE
5677,5969665,23319,1075SCFL34-Z6,,0.0,,0.0,0.01,1,EQ,NSE,NSE
5678,5970177,23321,980SCL34-Z7,,0.0,,0.0,0.01,1,EQ,NSE,NSE
5679,5970689,23323,1025SCL34-Z8,,0.0,,0.0,0.01,1,EQ,NSE,NSE
5680,5971201,23325,747RJ33-SG,SDL RJ 7.47% 2033,0.0,,0.0,0.01,100,EQ,NSE,NSE
5681,5971457,23326,743TN34-SG,SDL TN 7.43% 2034,0.0,,0.0,0.01,100,EQ,NSE,NSE
5682,5971713,23327,749RJ40-SG,SDL RJ 7.49% 2040,0.0,,0.0,0.01,100,EQ,NSE,NSE
5683,5971969,23328,752WB39-SG,SDL WB 7.52% 2039,0.0,,0.0,0.01,100,EQ,NSE,NSE
5684,5972225,23329,751UP40-SG,SDL UP 7.51% 2040,0.0,,0.0,0.01,100,EQ,NSE,NSE
5685,5972481,23330,746MH41-SG,SDL MH 7.46% 2041,0.0,,0.0,0.01,100,EQ,NSE,NSE
5686,5972737,23331,748MH42-SG,SDL MH 7.48% 2042,0.0,,0.0,0.01,100,EQ,NSE,NSE
5687,5972993,23332,75MH44-SG,SDL MH 7.5% 2044,0.0,,0.0,0.01,100,EQ,NSE,NSE
5688,5973249,23333,752RJ44-SG,SDL RJ 7.52% 2044,0.0,,0.0,0.01,100,EQ,NSE,NSE
5689,5973505,23334,753WB44-SG,SDL WB 7.53% 2044,0.0,,0.0,0.01,100,EQ,NSE,NSE
5690,5973761,23335,748TS50-SG,SDL TS 7.48% 2050,0.0,,0.0,0.01,100,EQ,NSE,NSE
5691,5974017,23336,753KL50-SG,SDL KL 7.53% 2050,0.0,,0.0,0.01,100,EQ,NSE,NSE
5692,5974273,23337,75TN54-SG,SDL TN 7.5% 2054,0.0,,0.0,0.01,100,EQ,NSE,NSE
5693,5974529,23338,751JK54-SG,SDL JK 7.51% 2054,0.0,,0.0,0.01,100,EQ,NSE,NSE
5694,5974785,23339,754KL55-SG,SDL KL 7.54% 2055,0.0,,0.0,0.01,100,EQ,NSE,NSE
5695,5975041,23340,736UK26-SG,SDL UK 7.36% 2026,0.0,,0.0,0.01,100,EQ,NSE,NSE
5696,5975297,23341,746AS31-SG,SDL AS 7.46% 2031,0.0,,0.0,0.01,100,EQ,NSE,NSE
5697,5975553,23342,742KA32-SG,SDL KA 7.42% 2032,0.0,,0.0,0.01,100,EQ,NSE,NSE
5698,5975809,23343,747CG32-SG,SDL CG 7.47% 2032,0.0,,0.0,0.01,100,EQ,NSE,NSE
5699,5976065,23344,744KA33-SG,SDL KA 7.44% 2033,0.0,,0.0,0.01,100,EQ,NSE,NSE
5700,5976321,23345,747CG33A-SG,SDL CG 7.47% 2033,0.0,,0.0,0.01,100,EQ,NSE,NSE
5701,5976577,23346,744RJ34A-SG,SDL RJ 7.44% 2034,0.0,,0.0,0.01,100,EQ,NSE,NSE
5702,5976833,23347,747CG34A-SG,SDL CG 7.47% 2034,0.0,,0.0,0.01,100,EQ,NSE,NSE
5703,5977089,23348,749HR35-SG,SDL HR 7.49% 2035,0.0,,0.0,0.01,100,EQ,NSE,NSE
5704,5977345,23349,749CG35-SG,SDL CG 7.49% 2035,0.0,,0.0,0.01,100,EQ,NSE,NSE
5705,5977601,23350,749UP36-SG,SDL UP 7.49% 2036,0.0,,0.0,0.01,100,EQ,NSE,NSE
5706,5977857,23351,749KL36-SG,SDL KL 7.49% 2036,0.0,,0.0,0.01,100,EQ,NSE,NSE
5707,5978113,23352,75MN36A-SG,SDL MN 7.5% 2036,0.0,,0.0,0.01,100,EQ,NSE,NSE
5708,5978369,23353,751UP38-SG,SDL UP 7.51% 2038,0.0,,0.0,0.01,100,EQ,NSE,NSE
5709,5978625,23354,745MH39-SG,SDL MH 7.45% 2039,0.0,,0.0,0.01,100,EQ,NSE,NSE
5710,5978881,23355,752HP39-SG,SDL HP 7.52% 2039,0.0,,0.0,0.01,100,EQ,NSE,NSE
5711,5979137,23356,752UP39-SG,SDL UP 7.52% 2039,0.0,,0.0,0.01,100,EQ,NSE,NSE
5712,5979393,23357,752GA39-SG,SDL GA 7.52% 2039,0.0,,0.0,0.01,100,EQ,NSE,NSE
5713,5980417,23361,890MFL27-NK,,0.0,,0.0,0.01,1,EQ,NSE,NSE
5714,5980929,23363,MUTF27-NL,,0.0,,0.0,0.01,1,EQ,NSE,NSE
5715,5981441,23365,SABTNL,SRI ADHIKARI BRO TELE N L,0.0,,0.0,0.1,1,EQ,NSE,NSE
5716,5982721,23370,VISHWAS-SM,VISHWAS AGRI SEEDS,0.0,,0.0,0.05,1600,EQ,NSE,NSE
5717,5985025,23379,NAMAN-SM,NAMAN IN-STORE (INDIA) L,0.0,,0.0,0.05,800,EQ,NSE,NSE
5718,5986817,23386,VHLTD-BE,VICEROY HOTELS,0.0,,0.0,0.01,1,EQ,NSE,NSE
5719,5987841,23390,1035CCSP26-N2,,0.0,,0.0,0.01,1,EQ,NSE,NSE
5720,5989377,23396,ASPIRE-SM,ASPIRE & INNOVATIVE ADV L,0.0,,0.0,0.05,2000,EQ,NSE,NSE
5721,5990913,23402,SRM,SRM CONTRACTORS,0.0,,0.0,0.05,1,EQ,NSE,NSE
5722,5992193,23407,LIQUIDADD,DSPAMC - LIQUIDADD,0.0,,0.0,0.01,1,EQ,NSE,NSE
5723,5992961,23410,BLUEPEBBLE-SM,BLUE PEBBLE,0.0,,0.0,0.05,400,EQ,NSE,NSE
5724,5995521,23420,TRUST-ST,TRUST FINTECH,0.0,,0.0,0.05,600,EQ,NSE,NSE
5725,5995777,23421,739AP30-SG,SDL AP 7.39% 2030,0.0,,0.0,0.01,100,EQ,NSE,NSE
5726,5996033,23422,749PN32-SG,SDL PN 7.49% 2032,0.0,,0.0,0.01,100,EQ,NSE,NSE
5727,5996289,23423,742TN34A-SG,SDL TN 7.42% 2034,0.0,,0.0,0.01,100,EQ,NSE,NSE
5728,5996545,23424,745HP44-SG,SDL HP 7.45% 2044,0.0,,0.0,0.01,100,EQ,NSE,NSE
5729,5996801,23425,746AP44-SG,SDL AP 7.46% 2044,0.0,,0.0,0.01,100,EQ,NSE,NSE
5730,5997057,23426,746ML34-SG,SDL ML 7.46% 2034,0.0,,0.0,0.01,100,EQ,NSE,NSE
5731,5997313,23427,744TS36-SG,SDL TS 7.44% 2036,0.0,,0.0,0.01,100,EQ,NSE,NSE
5732,5997569,23428,748PN37-SG,SDL PN 7.48% 2037,0.0,,0.0,0.01,100,EQ,NSE,NSE
5733,5997825,23429,743MH39-SG,SDL MH 7.43% 2039,0.0,,0.0,0.01,100,EQ,NSE,NSE
5734,5998081,23430,744MH41-SG,SDL MH 7.44% 2041,0.0,,0.0,0.01,100,EQ,NSE,NSE
5735,5998337,23431,746AP41B-SG,SDL AP 7.46% 2041,0.0,,0.0,0.01,100,EQ,NSE,NSE
5736,5998593,23432,744MH42-SG,SDL MH 7.44% 2042,0.0,,0.0,0.01,100,EQ,NSE,NSE
5737,5998849,23433,746AP42-SG,SDL AP 7.46% 2042,0.0,,0.0,0.01,100,EQ,NSE,NSE
5738,5999105,23434,746AP43A-SG,SDL AP 7.46% 2043,0.0,,0.0,0.01,100,EQ,NSE,NSE
5739,6000897,23441,TAC-ST,TAC INFOSEC,0.0,,0.0,0.05,200,EQ,NSE,NSE
5740,6001153,23442,RADIOWALLA-SM,RADIOWALLA NETWORK,0.0,,0.0,0.05,1600,EQ,NSE,NSE
5741,6002945,23449,818CANF29-N1,,0.0,,0.0,0.01,1,EQ,NSE,NSE
5742,6005249,23458,YASHOPTICS-ST,YASH OPTICS & LENS,0.0,,0.0,0.05,800,EQ,NSE,NSE
5743,6005505,23459,K2INFRA-SM,K2 INFRAGEN,0.0,,0.0,0.05,600,EQ,NSE,NSE
5744,6006529,23463,71GS2034-GS,GOI LOAN  7.1% 2034,0.0,,0.0,0.01,1,EQ,NSE,NSE
5745,6007041,23465,975SCL27-Z9,,0.0,,0.0,0.01,1,EQ,NSE,NSE
5746,6007809,23468,CGRAPHICS-SM,CREATIVE GRAPHICS S IND L,0.0,,0.0,0.05,800,EQ,NSE,NSE
5747,6009345,23474,ALUWIND-SM,ALUWIND INFRA-TECH,0.0,,0.0,0.05,1500,EQ,NSE,NSE
5748,6010881,23480,SINCLAIR,SINCLAIRS HOTELS,0.0,,0.0,0.01,1,EQ,NSE,NSE
5749,6012929,23488,DRSCARGO-ST,DRS CARGO MOVERS,0.0,,0.0,0.05,800,EQ,NSE,NSE
5750,6013185,23489,BHARTIHEXA,BHARTI HEXACOM,0.0,,0.0,0.1,1,EQ,NSE,NSE
5751,6014465,23494,75AS34-SG,SDL AS 7.5% 2034,0.0,,0.0,0.01,100,EQ,NSE,NSE
5752,6014721,23495,745MH41-SG,SDL MH 7.45% 2041,0.0,,0.0,0.01,100,EQ,NSE,NSE
5753,6014977,23496,744MH42A-SG,SDL MH 7.44% 2042,0.0,,0.0,0.01,100,EQ,NSE,NSE
5754,6015233,23497,744TS51-SG,SDL TS 7.44% 2051,0.0,,0.0,0.01,100,EQ,NSE,NSE
5755,6015489,23498,744TS53-SG,SDL TS 7.44% 2053,0.0,,0.0,0.01,100,EQ,NSE,NSE
5756,6018305,23509,UEL-BE,UJAAS ENERGY,0.0,,0.0,0.01,1,EQ,NSE,NSE
5757,6019073,23512,TARACHAND,TARA CHAND INFRA SOLN,0.0,,0.0,0.01,1,EQ,NSE,NSE
5758,6020609,23518,723GS2039-GS,GOI LOAN  7.23% 2039,0.0,,0.0,0.01,1,EQ,NSE,NSE
5759,6021121,23520,DCG-SM,DCG CABLES & WIRES,0.0,,0.0,0.05,1200,EQ,NSE,NSE
5760,6022657,23526,TGL-SM,TEERTH GOPICON,0.0,,0.0,0.05,200,EQ,NSE,NSE
5761,6024193,23532,745RL34-NN,,0.0,,0.0,0.01,1,EQ,NSE,NSE
5762,6024705,23534,759RL27-NO,,0.0,,0.0,0.01,1,EQ,NSE,NSE
5763,6025217,23536,745MH38A-SG,SDL MH 7.45% 2038,0.0,,0.0,0.01,100,EQ,NSE,NSE
5764,6025473,23537,745MH39A-SG,SDL MH 7.45% 2039,0.0,,0.0,0.01,100,EQ,NSE,NSE
5765,6026241,23540,742MH34-SG,SDL MH 7.42% 2034,0.0,,0.0,0.01,100,EQ,NSE,NSE
5766,6026497,23541,742MH37-SG,SDL MH 7.42% 2037,0.0,,0.0,0.01,100,EQ,NSE,NSE
5767,6026753,23542,746UP39-SG,SDL UP 7.46% 2039,0.0,,0.0,0.01,100,EQ,NSE,NSE
5768,6027009,23543,748UP40-SG,SDL UP 7.48% 2040,0.0,,0.0,0.01,100,EQ,NSE,NSE
5769,6027265,23544,748UP42-SG,SDL UP 7.48% 2042,0.0,,0.0,0.01,100,EQ,NSE,NSE
5770,6027521,23545,748UP44-SG,SDL UP 7.48% 2044,0.0,,0.0,0.01,100,EQ,NSE,NSE
5771,6027777,23546,75UK29-SG,SDL UK 7.5% 2029,0.0,,0.0,0.01,100,EQ,NSE,NSE
5772,6028033,23547,748HR34-SG,SDL HR 7.48% 2034,0.0,,0.0,0.01,100,EQ,NSE,NSE
5773,6029057,23551,885NOM28-N2,,0.0,,0.0,0.01,1,EQ,NSE,NSE
5774,6029569,23553,AIIL,AUTHUM INVEST & INFRA,0.0,,0.0,0.1,1,EQ,NSE,NSE
5775,6030849,23558,734GS2064-GS,GOI LOAN  7.34% 2064,0.0,,0.0,0.01,1,EQ,NSE,NSE
5776,6031873,23562,BIRDYS-ST,GRILL SPLENDOUR SER,0.0,,0.0,0.05,1200,EQ,NSE,NSE
5777,6032129,23563,795SHFL34-N2,,0.0,,0.0,0.01,1,EQ,NSE,NSE
5778,6032641,23565,RBS-SM,RAMDEVBABA SOLVENT,0.0,,0.0,0.05,800,EQ,NSE,NSE
5779,6034177,23571,755PGCI34-N2,,0.0,,0.0,0.01,1,EQ,NSE,NSE
5780,6035969,23578,TCL26-NG,,0.0,,0.0,0.01,1,EQ,NSE,NSE
5781,6036737,23581,75TN31-SG,SDL TN 7.5% 2031,0.0,,0.0,0.01,100,EQ,NSE,NSE
5782,6036993,23582,75AP32-SG,SDL AP 7.5% 2032,0.0,,0.0,0.01,100,EQ,NSE,NSE
5783,6037249,23583,755PN32-SG,SDL PN 7.55% 2032,0.0,,0.0,0.01,100,EQ,NSE,NSE
5784,6037505,23584,749TN34-SG,SDL TN 7.49% 2034,0.0,,0.0,0.01,100,EQ,NSE,NSE
5785,6037761,23585,751PN37-SG,SDL PN 7.51% 2037,0.0,,0.0,0.01,100,EQ,NSE,NSE
5786,6038017,23586,749KL39-SG,SDL KL 7.49% 2039,0.0,,0.0,0.01,100,EQ,NSE,NSE
5787,6038273,23587,749AP40-SG,SDL AP 7.49% 2040,0.0,,0.0,0.01,100,EQ,NSE,NSE
5788,6038529,23588,748TS42-SG,SDL TS 7.48% 2042,0.0,,0.0,0.01,100,EQ,NSE,NSE
5789,6038785,23589,748AP44A-SG,SDL AP 7.48% 2044,0.0,,0.0,0.01,100,EQ,NSE,NSE
5790,6039041,23590,GLOSTERLTD,GLOSTER,0.0,,0.0,0.05,1,EQ,NSE,NSE
5791,6042625,23604,1035CCSP27-N3,,0.0,,0.0,0.01,1,EQ,NSE,NSE
5792,6043393,23607,BALUFORGE,BALU FORGE INDUSTRIES,0.0,,0.0,0.05,1,EQ,NSE,NSE
5793,6046977,23621,JNKINDIA,JNK INDIA,0.0,,0.0,0.01,1,EQ,NSE,NSE
5794,6048257,23626,751NHB31-NC,,0.0,,0.0,0.01,1,EQ,NSE,NSE
5795,6048769,23628,AAFS27B-N3,,0.0,,0.0,0.01,1,EQ,NSE,NSE
5796,6049281,23630,754PN32-SG,SDL PN 7.54% 2032,0.0,,0.0,0.01,100,EQ,NSE,NSE
5797,6049537,23631,754AS34-SG,SDL AS 7.54% 2034,0.0,,0.0,0.01,100,EQ,NSE,NSE
5798,6049793,23632,752HR34-SG,SDL HR 7.52% 2034,0.0,,0.0,0.01,100,EQ,NSE,NSE
5799,6050049,23633,752RJ34-SG,SDL RJ 7.52% 2034,0.0,,0.0,0.01,100,EQ,NSE,NSE
5800,6050305,23634,753AP36-SG,SDL AP 7.53% 2036,0.0,,0.0,0.01,100,EQ,NSE,NSE
5801,6050561,23635,753PN36-SG,SDL PN 7.53% 2036,0.0,,0.0,0.01,100,EQ,NSE,NSE
5802,6050817,23636,753PN37-SG,SDL PN 7.53% 2037,0.0,,0.0,0.01,100,EQ,NSE,NSE
5803,6051073,23637,752RJ37-SG,SDL RJ 7.52% 2037,0.0,,0.0,0.01,100,EQ,NSE,NSE
5804,6051329,23638,752RJ39-SG,SDL RJ 7.52% 2039,0.0,,0.0,0.01,100,EQ,NSE,NSE
5805,6051585,23639,751AP41-SG,SDL AP 7.51% 2041,0.0,,0.0,0.01,100,EQ,NSE,NSE
5806,6051841,23640,749TN44-SG,SDL TN 7.49% 2044,0.0,,0.0,0.01,100,EQ,NSE,NSE
5807,6052097,23641,749AP44-SG,SDL AP 7.49% 2044,0.0,,0.0,0.01,100,EQ,NSE,NSE
5808,6052353,23642,749RJ44-SG,SDL RJ 7.49% 2044,0.0,,0.0,0.01,100,EQ,NSE,NSE
5809,6052609,23643,747KL50-SG,SDL KL 7.47% 2050,0.0,,0.0,0.01,100,EQ,NSE,NSE
5810,6053633,23647,FILATFASH,FILATEX FASHIONS,0.0,,0.0,0.01,1,EQ,NSE,NSE
5811,6054401,23650,MUTHOOTFIN,MUTHOOT FINANCE,0.0,,0.0,0.1,1,EQ,NSE,NSE
5812,6055937,23656,789SDIL29-N1,,0.0,,0.0,0.01,1,EQ,NSE,NSE
5813,6056449,23658,859CIFCL29-NT,,0.0,,0.0,0.01,1,EQ,NSE,NSE
5814,6058241,23665,903MFL29-NN,,0.0,,0.0,0.01,1,EQ,NSE,NSE
5815,6058753,23667,895MFL27-NM,,0.0,,0.0,0.01,1,EQ,NSE,NSE
5816,6059265,23669,AAFS27B-N4,,0.0,,0.0,0.01,1,EQ,NSE,NSE
5817,6059777,23671,AAFS34A-N5,,0.0,,0.0,0.01,1,EQ,NSE,NSE
5818,6060289,23673,747HP33-SG,SDL HP 7.47% 2033,0.0,,0.0,0.01,100,EQ,NSE,NSE
5819,6060545,23674,743TN34A-SG,SDL TN 7.43% 2034,0.0,,0.0,0.01,100,EQ,NSE,NSE
5820,6060801,23675,748ML34-SG,SDL ML 7.48% 2034,0.0,,0.0,0.01,100,EQ,NSE,NSE
5821,6061057,23676,747TS36-SG,SDL TS 7.47% 2036,0.0,,0.0,0.01,100,EQ,NSE,NSE
5822,6061313,23677,747AP37A-SG,SDL AP 7.47% 2037,0.0,,0.0,0.01,100,EQ,NSE,NSE
5823,6061569,23678,743TS41A-SG,SDL TS 7.43% 2041,0.0,,0.0,0.01,100,EQ,NSE,NSE
5824,6061825,23679,743AP42A-SG,SDL AP 7.43% 2042,0.0,,0.0,0.01,100,EQ,NSE,NSE
5825,6062081,23680,742AP43A-SG,SDL AP 7.42% 2043,0.0,,0.0,0.01,100,EQ,NSE,NSE
5826,6062337,23681,742AP44-SG,SDL AP 7.42% 2044,0.0,,0.0,0.01,100,EQ,NSE,NSE
5827,6062593,23682,746AP38A-SG,SDL AP 7.46% 2038,0.0,,0.0,0.01,100,EQ,NSE,NSE
5828,6062849,23683,742TS48-SG,SDL TS 7.42% 2048,0.0,,0.0,0.01,100,EQ,NSE,NSE
5829,6063873,23687,ANURAS-W1,ANUPAM RASAYAN INDIA,0.0,,0.0,0.05,1,EQ,NSE,NSE
5830,6064385,23689,SLONE-SM,SLONE INFOSYSTEMS,0.0,,0.0,0.05,400,EQ,NSE,NSE
5831,6065409,23693,INDGN,INDEGENE,0.0,,0.0,0.05,1,EQ,NSE,NSE
5832,6066689,23698,885MOFSL26-N0,,0.0,,0.0,0.01,1,EQ,NSE,NSE
5833,6067201,23700,0MOFSL26-N1,,0.0,,0.0,0.01,1,EQ,NSE,NSE
5834,6067713,23702,91MOFSL27-N2,,0.0,,0.0,0.01,1,EQ,NSE,NSE
5835,6068225,23704,0MOFSL27-N3,,0.0,,0.0,0.01,1,EQ,NSE,NSE
5836,6068737,23706,897MOFSL29-N4,,0.0,,0.0,0.01,1,EQ,NSE,NSE
5837,6069249,23708,935MOFSL29-N5,,0.0,,0.0,0.01,1,EQ,NSE,NSE
5838,6069761,23710,93MOFSL34-N6,,0.0,,0.0,0.01,1,EQ,NSE,NSE
5839,6070273,23712,97MOFSL34-N7,,0.0,,0.0,0.01,1,EQ,NSE,NSE
5840,6070785,23714,WINSOL-SM,WINSOL ENGINEERS,0.0,,0.0,0.05,400,EQ,NSE,NSE
5841,6071809,23718,REFRACTORY-SM,REFRACTORY SHAPES,0.0,,0.0,0.05,1000,EQ,NSE,NSE
5842,6072833,23722,935AKCF27-N0,,0.0,,0.0,0.01,1,EQ,NSE,NSE
5843,6074625,23729,AADHARHFC,AADHAR HOUSING FINANCE L,0.0,,0.0,0.05,1,EQ,NSE,NSE
5844,6075905,23734,858CIF27-NU,,0.0,,0.0,0.01,1,EQ,NSE,NSE
5845,6076417,23736,SILKFLEX-SM,SILKFLEX POLYMERS INDIA L,0.0,,0.0,0.05,2000,EQ,NSE,NSE
5846,6077441,23740,TBOTEK,TBO TEK,0.0,,0.0,0.1,1,EQ,NSE,NSE
5847,6078721,23745,EMMIL-SM,ENERGY MISSION MACH IND L,0.0,,0.0,0.05,250,EQ,NSE,NSE
5848,6079745,23749,753RECL34-NP,,0.0,,0.0,0.01,1,EQ,NSE,NSE
5849,6080257,23751,787LIC29-N3,,0.0,,0.0,0.01,1,EQ,NSE,NSE
5850,6080769,23753,747PN32-SG,SDL PN 7.47% 2032,0.0,,0.0,0.01,100,EQ,NSE,NSE
5851,6081025,23754,745AP33A-SG,SDL AP 7.45% 2033,0.0,,0.0,0.01,100,EQ,NSE,NSE
5852,6081281,23755,745AP40B-SG,SDL AP 7.45% 2040,0.0,,0.0,0.01,100,EQ,NSE,NSE
5853,6081537,23756,744TS41-SG,SDL TS 7.44% 2041,0.0,,0.0,0.01,100,EQ,NSE,NSE
5854,6081793,23757,742AP45-SG,SDL AP 7.42% 2045,0.0,,0.0,0.01,100,EQ,NSE,NSE
5855,6082049,23758,742AP46-SG,SDL AP 7.42% 2046,0.0,,0.0,0.01,100,EQ,NSE,NSE
5856,6082305,23759,741AP47-SG,SDL AP 7.41% 2047,0.0,,0.0,0.01,100,EQ,NSE,NSE
5857,6082561,23760,741JK49-SG,SDL JK 7.41% 2049,0.0,,0.0,0.01,100,EQ,NSE,NSE
5858,6083585,23764,PRLIND-SM,PREMIER ROADLINES,0.0,,0.0,0.05,1000,EQ,NSE,NSE
5859,6084609,23768,902MFL27-NO,,0.0,,0.0,0.01,1,EQ,NSE,NSE
5860,6086401,23775,VERITAAS-SM,VERITAAS ADVERTISING,0.0,,0.0,0.05,1200,EQ,NSE,NSE
5861,6087425,23779,MANDEEP-SM,MANDEEP AUTO INDUSTRIES L,0.0,,0.0,0.05,2000,EQ,NSE,NSE
5862,6088449,23783,ABSMARINE-SM,ABS MARINE SERVICES,0.0,,0.0,0.05,500,EQ,NSE,NSE
5863,6089985,23789,IEML-SM,INDIAN EMULSIFIERS,0.0,,0.0,0.05,500,EQ,NSE,NSE
5864,6091009,23793,QUESTLAB-SM,QUEST LABORATORIES,0.0,,0.0,0.05,1200,EQ,NSE,NSE
5865,6092033,23797,770NABAR27-N4,,0.0,,0.0,0.01,1,EQ,NSE,NSE
5866,6092545,23799,GODIGIT,GO DIGIT GENERAL INS,0.0,,0.0,0.05,1,EQ,NSE,NSE
5867,6093825,23804,BSLGOLDETF,ADITYBIRLA SL GOLD ETF-GR,0.0,,0.0,0.01,1,EQ,NSE,NSE
5868,6094337,23806,ABSLPSE,BIRLASLAMC-ABSLPSE,0.0,,0.0,0.01,1,EQ,NSE,NSE
5869,6095105,23809,8137TCL24-NH,,0.0,,0.0,0.01,1,EQ,NSE,NSE
5870,6095873,23812,738JK51-SG,SDL JK 7.38% 2051,0.0,,0.0,0.01,100,EQ,NSE,NSE
5871,6096129,23813,742RJ32-SG,SDL RJ 7.42% 2032,0.0,,0.0,0.01,100,EQ,NSE,NSE
5872,6096385,23814,741RJ34-SG,SDL RJ 7.41% 2034,0.0,,0.0,0.01,100,EQ,NSE,NSE
5873,6096641,23815,742HR34-SG,SDL HR 7.42% 2034,0.0,,0.0,0.01,100,EQ,NSE,NSE
5874,6096897,23816,743MN36-SG,SDL MN 7.43% 2036,0.0,,0.0,0.01,100,EQ,NSE,NSE
5875,6097153,23817,74AP41-SG,SDL AP 7.4% 2041,0.0,,0.0,0.01,100,EQ,NSE,NSE
5876,6097409,23818,738AP44-SG,SDL AP 7.38% 2044,0.0,,0.0,0.01,100,EQ,NSE,NSE
5877,6099457,23826,HOACFOODS-ST,HOAC FOODS INDIA,0.0,,0.0,0.05,750,EQ,NSE,NSE
5878,6100481,23830,RULKA-SM,RULKA ELECTRICALS,0.0,,0.0,0.05,300,EQ,NSE,NSE
5879,6101505,23834,80650SFL26-N1,,0.0,,0.0,0.01,1,EQ,NSE,NSE
5880,6102273,23837,865CIF29-NV,,0.0,,0.0,0.01,1,EQ,NSE,NSE
5881,6106625,23854,702GS2027-GS,GOI LOAN  7.02% 2027,0.0,,0.0,0.01,1,EQ,NSE,NSE
5882,6106881,23855,MIDSMALL,MIRAEAMC - MIDSMALL,0.0,,0.0,0.01,1,EQ,NSE,NSE
5883,6109185,23864,AWFIS,AWFIS SPACE SOLUTIONS,0.0,,0.0,0.05,1,EQ,NSE,NSE
5884,6110465,23869,734TN29-SG,SDL TN 7.34% 2029,0.0,,0.0,0.01,100,EQ,NSE,NSE
5885,6110721,23870,738TN33-SG,SDL TN 7.38% 2033,0.0,,0.0,0.01,100,EQ,NSE,NSE
5886,6110977,23871,737AS34-SG,SDL AS 7.37% 2034,0.0,,0.0,0.01,100,EQ,NSE,NSE
5887,6111233,23872,737RJ34B-SG,SDL RJ 7.37% 2034,0.0,,0.0,0.01,100,EQ,NSE,NSE
5888,6111489,23873,738TN34-SG,SDL TN 7.38% 2034,0.0,,0.0,0.01,100,EQ,NSE,NSE
5889,6111745,23874,736KL36-SG,SDL KL 7.36% 2036,0.0,,0.0,0.01,100,EQ,NSE,NSE
5890,6112001,23875,737PN36-SG,SDL PN 7.37% 2036,0.0,,0.0,0.01,100,EQ,NSE,NSE
5891,6112257,23876,734KL55-SG,SDL KL 7.34% 2055,0.0,,0.0,0.01,100,EQ,NSE,NSE
5892,6112513,23877,736RJ37-SG,SDL RJ 7.36% 2037,0.0,,0.0,0.01,100,EQ,NSE,NSE
5893,6112769,23878,737MZ39-SG,SDL MZ 7.37% 2039,0.0,,0.0,0.01,100,EQ,NSE,NSE
5894,6113025,23879,737RJ39-SG,SDL RJ 7.37% 2039,0.0,,0.0,0.01,100,EQ,NSE,NSE
5895,6113281,23880,737WB40-SG,SDL WB 7.37% 2040,0.0,,0.0,0.01,100,EQ,NSE,NSE
5896,6113537,23881,734RJ45-SG,SDL RJ 7.34% 2045,0.0,,0.0,0.01,100,EQ,NSE,NSE
5897,6113793,23882,734JK54-SG,SDL JK 7.34% 2054,0.0,,0.0,0.01,100,EQ,NSE,NSE
5898,6114049,23883,734AP48-SG,SDL AP 7.34% 2048,0.0,,0.0,0.01,100,EQ,NSE,NSE
5899,6114305,23884,734AP49-SG,SDL AP 7.34% 2049,0.0,,0.0,0.01,100,EQ,NSE,NSE
5900,6115329,23888,GSMFOILS-SM,GSM FOILS,0.0,,0.0,0.05,500,EQ,NSE,NSE
5901,6116353,23892,776TIL34-N1,,0.0,,0.0,0.01,1,EQ,NSE,NSE
5902,6116865,23894,758RECL29-NQ,,0.0,,0.0,0.01,1,EQ,NSE,NSE
5903,6117377,23896,770RECL26-NR,,0.0,,0.0,0.01,1,EQ,NSE,NSE
5904,6117889,23898,825SMFG27-N1,,0.0,,0.0,0.01,1,EQ,NSE,NSE
5905,6118401,23900,865CIFL29-NW,,0.0,,0.0,0.01,1,EQ,NSE,NSE
5906,6120193,23907,768LIC34-N4,,0.0,,0.0,0.01,1,EQ,NSE,NSE
5907,6120705,23909,VILAS-SM,VILAS TRANSCORE,0.0,,0.0,0.05,250,EQ,NSE,NSE
5908,6121729,23913,759NHB27-ND,,0.0,,0.0,0.01,1,EQ,NSE,NSE
5909,6122241,23915,LIQUIDBETF,BFAM - LIQUIDBETF,0.0,,0.0,0.01,1,EQ,NSE,NSE
5910,6123265,23919,704GS2029-GS,GOI LOAN  7.04% 2029,0.0,,0.0,0.01,1,EQ,NSE,NSE
5911,6123521,23920,744PFCL34-NB,,0.0,,0.0,0.01,1,EQ,NSE,NSE
5912,6124033,23922,BEACON-SM,BEACON TRUSTEESHIP,0.0,,0.0,0.05,1000,EQ,NSE,NSE
5913,6125057,23926,925SCL26C-ZA,,0.0,,0.0,0.01,1,EQ,NSE,NSE
5914,6125569,23928,965SCL26A-ZB,,0.0,,0.0,0.01,1,EQ,NSE,NSE
5915,6126081,23930,888SCL26A-ZC,,0.0,,0.0,0.01,1,EQ,NSE,NSE
5916,6126593,23932,925SCL26D-ZD,,0.0,,0.0,0.01,1,EQ,NSE,NSE
5917,6127105,23934,SCFL310524-ZE,,0.0,,0.0,0.01,1,EQ,NSE,NSE
5918,6127873,23937,SCL310524-ZF,,0.0,,0.0,0.01,1,EQ,NSE,NSE
5919,6129153,23942,94SCL27-ZG,,0.0,,0.0,0.01,1,EQ,NSE,NSE
5920,6129665,23944,99SCL27-ZH,,0.0,,0.0,0.01,1,EQ,NSE,NSE
5921,6130177,23946,902SCL27A-ZI,,0.0,,0.0,0.01,1,EQ,NSE,NSE
5922,6130689,23948,948SCL27A-ZJ,,0.0,,0.0,0.01,1,EQ,NSE,NSE
5923,6131201,23950,SCL310524A-ZK,,0.0,,0.0,0.01,1,EQ,NSE,NSE
5924,6131713,23952,1015SCL29-ZL,,0.0,,0.0,0.01,1,EQ,NSE,NSE
5925,6132481,23955,925SCL29A-ZM,,0.0,,0.0,0.01,1,EQ,NSE,NSE
5926,6133249,23958,971SCL29A-ZN,,0.0,,0.0,0.01,1,EQ,NSE,NSE
5927,6134017,23961,10SCL31A-ZO,,0.0,,0.0,0.01,1,EQ,NSE,NSE
5928,6134785,23964,1050SCL31-ZP,,0.0,,0.0,0.01,1,EQ,NSE,NSE
5929,6135553,23967,1003SCL31-ZQ,,0.0,,0.0,0.01,1,EQ,NSE,NSE
5930,6136321,23970,1075SCL34-ZR,,0.0,,0.0,0.01,1,EQ,NSE,NSE
5931,6136833,23972,98SCL34-ZS,,0.0,,0.0,0.01,1,EQ,NSE,NSE
5932,6137345,23974,1025SCL34A-ZT,,0.0,,0.0,0.01,1,EQ,NSE,NSE
5933,6137857,23976,ZTECH-SM,Z-TECH (INDIA),0.0,,0.0,0.05,300,EQ,NSE,NSE
5934,6138881,23980,817TFSIL27-N3,,0.0,,0.0,0.01,1,EQ,NSE,NSE
5935,6139393,23982,8277SMF27-N5,,0.0,,0.0,0.01,1,EQ,NSE,NSE
5936,6139905,23984,AIMTRON-SM,AIMTRON ELECTRONICS,0.0,,0.0,0.05,200,EQ,NSE,NSE
5937,6140929,23988,909MFL29-NP,,0.0,,0.0,0.01,1,EQ,NSE,NSE
5938,6141441,23990,9CIFL34-NX,,0.0,,0.0,0.01,1,EQ,NSE,NSE
5939,6142721,23995,746HP36-SG,SDL HP 7.46% 2036,0.0,,0.0,0.01,100,EQ,NSE,NSE
5940,6142977,23996,744TS40-SG,SDL TS 7.44% 2040,0.0,,0.0,0.01,100,EQ,NSE,NSE
5941,6143233,23997,743RJ34-SG,SDL RJ 7.43% 2034,0.0,,0.0,0.01,100,EQ,NSE,NSE
5942,6143489,23998,744TN34B-SG,SDL TN 7.44% 2034,0.0,,0.0,0.01,100,EQ,NSE,NSE
5943,6143745,23999,744HP34-SG,SDL HP 7.44% 2034,0.0,,0.0,0.01,100,EQ,NSE,NSE
5944,6144001,24000,745NL34-SG,SDL NL 7.45% 2034,0.0,,0.0,0.01,100,EQ,NSE,NSE
5945,6144257,24001,743AP46-SG,SDL AP 7.43% 2046,0.0,,0.0,0.01,100,EQ,NSE,NSE
5946,6144513,24002,738AP49-SG,SDL AP 7.38% 2049,0.0,,0.0,0.01,100,EQ,NSE,NSE
5947,6144769,24003,738KL55-SG,SDL KL 7.38% 2055,0.0,,0.0,0.01,100,EQ,NSE,NSE
5948,6145025,24004,743TN32-SG,SDL TN 7.43% 2032,0.0,,0.0,0.01,100,EQ,NSE,NSE
5949,6145281,24005,743HR34-SG,SDL HR 7.43% 2034,0.0,,0.0,0.01,100,EQ,NSE,NSE
5950,6145537,24006,745ML34-SG,SDL ML 7.45% 2034,0.0,,0.0,0.01,100,EQ,NSE,NSE
5951,6145793,24007,748PN35-SG,SDL PN 7.48% 2035,0.0,,0.0,0.01,100,EQ,NSE,NSE
5952,6146049,24008,747PN37-SG,SDL PN 7.47% 2037,0.0,,0.0,0.01,100,EQ,NSE,NSE
5953,6146305,24009,745RJ40-SG,SDL RJ 7.45% 2040,0.0,,0.0,0.01,100,EQ,NSE,NSE
5954,6146561,24010,743AP42B-SG,SDL AP 7.43% 2042,0.0,,0.0,0.01,100,EQ,NSE,NSE
5955,6146817,24011,743TS43-SG,SDL TS 7.43% 2043,0.0,,0.0,0.01,100,EQ,NSE,NSE
5956,6147073,24012,743AP44-SG,SDL AP 7.43% 2044,0.0,,0.0,0.01,100,EQ,NSE,NSE
5957,6147329,24013,743JK46-SG,SDL JK 7.43% 2046,0.0,,0.0,0.01,100,EQ,NSE,NSE
5958,6147585,24014,BOROSCI,BOROSIL SCIENTIFIC,0.0,,0.0,0.01,1,EQ,NSE,NSE
5959,6148865,24019,TBI-SM,TBI CORN,0.0,,0.0,0.05,600,EQ,NSE,NSE
5960,6149889,24023,75IREDA34-ND,,0.0,,0.0,0.01,1,EQ,NSE,NSE
5961,6150401,24025,KRONOX,KRONOX LAB SCIENCES,0.0,,0.0,0.01,1,EQ,NSE,NSE
5962,6152961,24035,825TPL27-N6,,0.0,,0.0,0.01,1,EQ,NSE,NSE
5963,6153985,24039,830SMF29-N6,,0.0,,0.0,0.01,1,EQ,NSE,NSE
5964,6154497,24041,865TVSH29-N0,,0.0,,0.0,0.01,1,EQ,NSE,NSE
5965,6156289,24048,738PY38A-SG,SDL PY 7.38% 2038,0.0,,0.0,0.01,100,EQ,NSE,NSE
5966,6156801,24050,735JK49-SG,SDL JK 7.35% 2049,0.0,,0.0,0.01,100,EQ,NSE,NSE
5967,6157057,24051,739UK30-SG,SDL UK 7.39% 2030,0.0,,0.0,0.01,100,EQ,NSE,NSE
5968,6157569,24053,74PY30-SG,SDL PY 7.4% 2030,0.0,,0.0,0.01,100,EQ,NSE,NSE
5969,6157825,24054,739TN32-SG,SDL TN 7.39% 2032,0.0,,0.0,0.01,100,EQ,NSE,NSE
5970,6158337,24056,738HR34-SG,SDL HR 7.38% 2034,0.0,,0.0,0.01,100,EQ,NSE,NSE
5971,6158593,24057,741PN34A-SG,SDL PN 7.41% 2034,0.0,,0.0,0.01,100,EQ,NSE,NSE
5972,6160129,24063,805SHFL29-N3,,0.0,,0.0,0.01,1,EQ,NSE,NSE
5973,6160641,24065,744IRF34-N0,,0.0,,0.0,0.01,1,EQ,NSE,NSE
5974,6161153,24067,IXIGO,LE TRAVENUES TECHNOLOGY L,0.0,,0.0,0.05,1,EQ,NSE,NSE
5975,6162433,24072,702GS2031-GS,GOI LOAN  7.02% 2031,0.0,,0.0,0.01,1,EQ,NSE,NSE
5976,6162689,24073,792LIC27-N5,,0.0,,0.0,0.01,1,EQ,NSE,NSE
5977,6163201,24075,735RECL34-NS,,0.0,,0.0,0.01,1,EQ,NSE,NSE
5978,6163713,24077,MID150CASE,ZERODHA NIFTY MIDCAP 150 ETF,0.0,,0.0,0.01,1,EQ,NSE,NSE
5979,6164737,24081,TOP100CASE,ZERODHA NIFTY LARGECAP 100 ETF,0.0,,0.0,0.01,1,EQ,NSE,NSE
5980,6166785,24089,805TCHFL29-NG,,0.0,,0.0,0.01,1,EQ,NSE,NSE
5981,6168577,24096,723GJ27-SG,SDL GJ 7.23% 2027,0.0,,0.0,0.01,100,EQ,NSE,NSE
5982,6169089,24098,738RJ33-SG,SDL RJ 7.38% 2033,0.0,,0.0,0.01,100,EQ,NSE,NSE
5983,6169345,24099,739PN33-SG,SDL PN 7.39% 2033,0.0,,0.0,0.01,100,EQ,NSE,NSE
5984,6169857,24101,736HR34-SG,SDL HR 7.36% 2034,0.0,,0.0,0.01,100,EQ,NSE,NSE
5985,6170113,24102,735TS36-SG,SDL TS 7.35% 2036,0.0,,0.0,0.01,100,EQ,NSE,NSE
5986,6170625,24104,735TS38-SG,SDL TS 7.35% 2038,0.0,,0.0,0.01,100,EQ,NSE,NSE
5987,6170881,24105,733JK51-SG,SDL JK 7.33% 2051,0.0,,0.0,0.01,100,EQ,NSE,NSE
5988,6171393,24107,SKIL-BZ,SKIL INFRASTRUCTURE,0.0,,0.0,0.01,1,EQ,NSE,NSE
5989,6171649,24108,GPECO-SM,GP ECO SOLUTIONS INDIA L,0.0,,0.0,0.05,200,EQ,NSE,NSE
5990,6173185,24114,759NH27-NE,,0.0,,0.0,0.01,1,EQ,NSE,NSE
5991,6173953,24117,BBNPNBETF,BARODABNP - BBNPNBETF,0.0,,0.0,0.01,1,EQ,NSE,NSE
5992,6177025,24129,807NIIF29-N3,,0.0,,0.0,0.01,1,EQ,NSE,NSE
5993,6177537,24131,812SFL27-N2,,0.0,,0.0,0.01,1,EQ,NSE,NSE
5994,6178049,24133,920IIFLS26-N8,,0.0,,0.0,0.01,1,EQ,NSE,NSE
5995,6178561,24135,960IIFLS26-N9,,0.0,,0.0,0.01,1,EQ,NSE,NSE
5996,6179073,24137,957IIFLS27-NA,,0.0,,0.0,0.01,1,EQ,NSE,NSE
5997,6179585,24139,10IIFLSF27-NB,,0.0,,0.0,0.01,1,EQ,NSE,NSE
5998,6180097,24141,1003IIFL29-NC,,0.0,,0.0,0.01,1,EQ,NSE,NSE
5999,6180609,24143,1050IIFL29-ND,,0.0,,0.0,0.01,1,EQ,NSE,NSE
6000,6181121,24145,RETAIL,JHS SVENDGAARD RETAIL V L,0.0,,0.0,0.01,1,EQ,NSE,NSE
6001,6182401,24150,FALCONTECH-SM,FALCON TECHNOPROJ IND,0.0,,0.0,0.05,1200,EQ,NSE,NSE
6002,6183425,24154,DEEDEV,DEE DEVELOPMENT ENG,0.0,,0.0,0.01,1,EQ,NSE,NSE
6003,6184705,24159,AFIL,AKME FINTRADE (INDIA),0.0,,0.0,0.01,1,EQ,NSE,NSE
6004,6185985,24164,DURLAX-SM,DURLAX TOP SURFACE,0.0,,0.0,0.05,2000,EQ,NSE,NSE
6005,6187777,24171,768SID27-N0,,0.0,,0.0,0.01,1,EQ,NSE,NSE
6006,6188289,24173,WINNY-SM,WINNY IMMIGRA & EDU SER L,0.0,,0.0,0.05,500,EQ,NSE,NSE
6007,6189313,24177,825NOM27-N0,,0.0,,0.0,0.01,1,EQ,NSE,NSE
6008,6189825,24179,744IREDA34-N0,,0.0,,0.0,0.01,1,EQ,NSE,NSE
6009,6190337,24181,734RJ34-SG,SDL RJ 7.34% 2034,0.0,,0.0,0.01,100,EQ,NSE,NSE
6010,6190593,24182,734AP35-SG,SDL AP 7.34% 2035,0.0,,0.0,0.01,100,EQ,NSE,NSE
6011,6190849,24183,733HR36-SG,SDL HR 7.33% 2036,0.0,,0.0,0.01,100,EQ,NSE,NSE
6012,6191105,24184,PIIND,PI INDUSTRIES,0.0,,0.0,0.1,1,EQ,NSE,NSE
6013,6191361,24185,734WB39-SG,SDL WB 7.34% 2039,0.0,,0.0,0.01,100,EQ,NSE,NSE
6014,6191617,24186,736MZ39-SG,SDL MZ 7.36% 2039,0.0,,0.0,0.01,100,EQ,NSE,NSE
6015,6192641,24190,SYMPHONY,SYMPHONY,0.0,,0.0,0.05,1,EQ,NSE,NSE
6016,6192897,24191,732KL41-SG,SDL KL 7.32% 2041,0.0,,0.0,0.01,100,EQ,NSE,NSE
6017,6193153,24192,731TS42-SG,SDL TS 7.31% 2042,0.0,,0.0,0.01,100,EQ,NSE,NSE
6018,6194177,24196,VADILALIND,VADILAL INDUSTRIES,0.0,,0.0,0.5,1,EQ,NSE,NSE
6019,6194433,24197,734WB42-SG,SDL WB 7.34% 2042,0.0,,0.0,0.01,100,EQ,NSE,NSE
6020,6194689,24198,733RJ43-SG,SDL RJ 7.33% 2043,0.0,,0.0,0.01,100,EQ,NSE,NSE
6021,6195713,24202,731AP44-SG,SDL AP 7.31% 2044,0.0,,0.0,0.01,100,EQ,NSE,NSE
6022,6195969,24203,733RJ44-SG,SDL RJ 7.33% 2044,0.0,,0.0,0.01,100,EQ,NSE,NSE
6023,6196225,24204,727TN54-SG,SDL TN 7.27% 2054,0.0,,0.0,0.01,100,EQ,NSE,NSE
6024,6196481,24205,728JK54-SG,SDL JK 7.28% 2054,0.0,,0.0,0.01,100,EQ,NSE,NSE
6025,6199553,24217,IVZINNIFTY,INVESCO INDIA NIFTY ETF,0.0,,0.0,0.01,1,EQ,NSE,NSE
6026,6201089,24223,1190VCCL26-N0,,0.0,,0.0,0.01,1,EQ,NSE,NSE
6027,6201601,24225,RELAXO,RELAXO FOOT,0.0,,0.0,0.05,1,EQ,NSE,NSE
6028,6201857,24226,STANLEY,STANLEY LIFESTYLES,0.0,,0.0,0.01,1,EQ,NSE,NSE
6029,6203137,24231,OMINFRAL,OM INFRA,0.0,,0.0,0.01,1,EQ,NSE,NSE
6030,6205185,24239,MEDIORG-SM,MEDICAMEN ORGANICS,0.0,,0.0,0.05,2000,EQ,NSE,NSE
6031,6206977,24246,CITI2626-N0,,0.0,,0.0,0.01,1,EQ,NSE,NSE
6032,6207745,24249,SPCL-SM,SHIVALIC POWER CONTROL L,0.0,,0.0,0.05,600,EQ,NSE,NSE
6033,6208769,24253,842GIL27-N0,,0.0,,0.0,0.01,1,EQ,NSE,NSE
6034,6209281,24255,793TPRE34-N0,,0.0,,0.0,0.01,1,EQ,NSE,NSE
6035,6209793,24257,793TPRE29-N0,,0.0,,0.0,0.01,1,EQ,NSE,NSE
6036,6210561,24260,864CIFL29-N0,,0.0,,0.0,0.01,1,EQ,NSE,NSE
6037,6211841,24265,ESTER,ESTER INDUSTRIES,0.0,,0.0,0.01,1,EQ,NSE,NSE
6038,6212353,24267,SYLVANPLY-SM,SYLVAN PLYBOARD (INDIA) L,0.0,,0.0,0.05,2000,EQ,NSE,NSE
6039,6214913,24277,VISAMAN-ST,VISAMAN GLOBAL SALES,0.0,,0.0,0.05,1000,EQ,NSE,NSE
6040,6215169,24278,MASON-SM,MASON INFRATECH,0.0,,0.0,0.05,500,EQ,NSE,NSE
6041,6216193,24282,736SBOI39-N0,,0.0,,0.0,0.01,1,EQ,NSE,NSE
6042,6216705,24284,98VFPL28-N0,,0.0,,0.0,0.01,1,EQ,NSE,NSE
6043,6217985,24289,DPEL-ST,DIVINE POWER ENERGY,0.0,,0.0,0.05,500,EQ,NSE,NSE
6044,6218241,24290,PCCL-SM,PETRO CARBON AND CHEMI L,0.0,,0.0,0.05,400,EQ,NSE,NSE
6045,6218753,24292,VSTTILLERS,VST TILLERS TRACTORS,0.0,,0.0,0.5,1,EQ,NSE,NSE
6046,6220289,24298,NXT-INFRA-IV,NXT-INFRA TRUST,0.0,,0.0,0.01,25000,EQ,NSE,NSE
6047,6221313,24302,816LTFH27-N0,,0.0,,0.0,0.01,1,EQ,NSE,NSE
6048,6222593,24307,AKIKO-ST,AKIKO GLOBAL SERVICES L,0.0,,0.0,0.05,800,EQ,NSE,NSE
6049,6222849,24308,ABDL,ALLIED BLEND N DISTILS L,0.0,,0.0,0.05,1,EQ,NSE,NSE
6050,6224129,24313,DTL-SM,DIENSTEN TECH,0.0,,0.0,0.05,1200,EQ,NSE,NSE
6051,6225153,24317,AAFS28-N0,,0.0,,0.0,0.01,1,EQ,NSE,NSE
6052,6225665,24319,10IIFL26-N0,,0.0,,0.0,0.01,1,EQ,NSE,NSE
6053,6226177,24321,VRAJ,VRAJ IRON AND STEEL,0.0,,0.0,0.01,1,EQ,NSE,NSE
6054,6227457,24326,1278VCCL25-N0,,0.0,,0.0,0.01,1,EQ,NSE,NSE
6055,6227969,24328,753ICICI34-N0,,0.0,,0.0,0.01,1,EQ,NSE,NSE
6056,6228481,24330,737AP33A-SG,SDL AP 7.37% 2033,0.0,,0.0,0.01,100,EQ,NSE,NSE
6057,6228737,24331,738PN33-SG,SDL PN 7.38% 2033,0.0,,0.0,0.01,100,EQ,NSE,NSE
6058,6228993,24332,735TN34-SG,SDL TN 7.35% 2034,0.0,,0.0,0.01,100,EQ,NSE,NSE
6059,6229249,24333,738PN34-SG,SDL PN 7.38% 2034,0.0,,0.0,0.01,100,EQ,NSE,NSE
6060,6229505,24334,739ML34-SG,SDL ML 7.39% 2034,0.0,,0.0,0.01,100,EQ,NSE,NSE
6061,6229761,24335,737AP36-SG,SDL AP 7.37% 2036,0.0,,0.0,0.01,100,EQ,NSE,NSE
6062,6230017,24336,739MN36-SG,SDL MN 7.39% 2036,0.0,,0.0,0.01,100,EQ,NSE,NSE
6063,6230273,24337,736TS37-SG,SDL TS 7.36% 2037,0.0,,0.0,0.01,100,EQ,NSE,NSE
6064,6230529,24338,736AP41-SG,SDL AP 7.36% 2041,0.0,,0.0,0.01,100,EQ,NSE,NSE
6065,6230785,24339,737TS42-SG,SDL TS 7.37% 2042,0.0,,0.0,0.01,100,EQ,NSE,NSE
6066,6231041,24340,736AP45-SG,SDL AP 7.36% 2045,0.0,,0.0,0.01,100,EQ,NSE,NSE
6067,6231297,24341,736JK46-SG,SDL JK 7.36% 2046,0.0,,0.0,0.01,100,EQ,NSE,NSE
6068,6231553,24342,742KL46-SG,SDL KL 7.42% 2046,0.0,,0.0,0.01,100,EQ,NSE,NSE
6069,6231809,24343,736AP48-SG,SDL AP 7.36% 2048,0.0,,0.0,0.01,100,EQ,NSE,NSE
6070,6232833,24347,864CIFL29A-N0,,0.0,,0.0,0.01,1,EQ,NSE,NSE
6071,6234369,24353,NEPHROCARE-ST,NEPHRO CARE INDIA,0.0,,0.0,0.05,400,EQ,NSE,NSE
6072,6237185,24364,743NBFID34-N0,,0.0,,0.0,0.01,1,EQ,NSE,NSE
6073,6237697,24366,SBISILVER,SBIAMC - SBISILVER,0.0,,0.0,0.01,1,EQ,NSE,NSE
6074,6238721,24370,823SFL34-N0,,0.0,,0.0,0.01,1,EQ,NSE,NSE
6075,6239233,24372,833PHFL29-N0,,0.0,,0.0,0.01,1,EQ,NSE,NSE
6076,6239745,24374,LIQUIDSHRI,SHRIRAM - LIQUIDSHRI,0.0,,0.0,0.01,1,EQ,NSE,NSE
6077,6241281,24380,RELIABLE-BE,RELIABLE DATA SERVICE,0.0,,0.0,0.01,1,EQ,NSE,NSE
6078,6242049,24383,792TCHF34-N0,,0.0,,0.0,0.01,1,EQ,NSE,NSE
6079,6242817,24386,BANSALWIRE,BANSAL WIRE INDUSTRIES L,0.0,,0.0,0.05,1,EQ,NSE,NSE
6080,6243585,24389,KARMAENG-BE,KARMA ENERGY,0.0,,0.0,0.01,1,EQ,NSE,NSE
6081,6244097,24391,DELPHIFX,DELPHI WORLD MONEY,0.0,,0.0,0.01,1,EQ,NSE,NSE
6082,6245889,24398,EMCURE,EMCURE PHARMACEUTICALS L,0.0,,0.0,0.1,1,EQ,NSE,NSE
6083,6247169,24403,ASHIANA,ASHIANA HOUSING,0.0,,0.0,0.05,1,EQ,NSE,NSE
6084,6247425,24404,ABGSEC,BIRLASLAMC - ABGSEC,0.0,,0.0,0.01,1,EQ,NSE,NSE
6085,6248705,24409,DHANUKA,DHANUKA AGRITECH,0.0,,0.0,0.1,1,EQ,NSE,NSE
6086,6250241,24415,AMBEY-SM,AMBEY LABORATORIES,0.0,,0.0,0.05,2000,EQ,NSE,NSE
6087,6251265,24419,733GA39-SG,SDL GA 7.33% 2039,0.0,,0.0,0.01,100,EQ,NSE,NSE
6088,6251521,24420,732HR36-SG,SDL HR 7.32% 2036,0.0,,0.0,0.01,100,EQ,NSE,NSE
6089,6251777,24421,738JK49-SG,SDL JK 7.38% 2049,0.0,,0.0,0.01,100,EQ,NSE,NSE
6090,6252033,24422,732RJ34-SG,SDL RJ 7.32% 2034,0.0,,0.0,0.01,100,EQ,NSE,NSE
6091,6252289,24423,736RJ46-SG,SDL RJ 7.36% 2046,0.0,,0.0,0.01,100,EQ,NSE,NSE
6092,6252545,24424,731TN54-SG,SDL TN 7.31% 2054,0.0,,0.0,0.01,100,EQ,NSE,NSE
6093,6255361,24435,EFFWA-SM,EFFWA INFRA & RESEARCH L,0.0,,0.0,0.05,400,EQ,NSE,NSE
6094,6256385,24439,GGBL-SM,GANESH GREEN BHARAT,0.0,,0.0,0.05,300,EQ,NSE,NSE
6095,6257409,24443,820ABSLI34-N0,,0.0,,0.0,0.01,1,EQ,NSE,NSE
6096,6257921,24445,AGIIL,AGI INFRA,0.0,,0.0,0.05,1,EQ,NSE,NSE
6097,6260481,24455,736SBI39-N0,,0.0,,0.0,0.01,1,EQ,NSE,NSE
6098,6262017,24461,EVINDIA,MIRAEAMC - EVINDIA,0.0,,0.0,0.01,1,EQ,NSE,NSE
6099,6262785,24464,817ABHF27-N0,,0.0,,0.0,0.01,1,EQ,NSE,NSE
6100,6263297,24466,812ABHF29-N0,,0.0,,0.0,0.01,1,EQ,NSE,NSE
6101,6264833,24472,7865LICH26-N0,,0.0,,0.0,0.01,1,EQ,NSE,NSE
6102,6265345,24474,739IRFC34-N0,,0.0,,0.0,0.01,1,EQ,NSE,NSE
6103,6265857,24476,862HHFL29-N0,,0.0,,0.0,0.01,1,EQ,NSE,NSE
6104,6266369,24478,SAHAJSOLAR-SM,SAHAJ SOLAR,0.0,,0.0,0.05,400,EQ,NSE,NSE
6105,6267393,24482,820TFSIL29-N0,,0.0,,0.0,0.01,1,EQ,NSE,NSE
6106,6267905,24484,736IOCL29-N0,,0.0,,0.0,0.01,1,EQ,NSE,NSE
6107,6268417,24486,735HP34-SG,SDL HP 7.35% 2034,0.0,,0.0,0.01,100,EQ,NSE,NSE
6108,6268673,24487,732TS36-SG,SDL TS 7.32% 2036,0.0,,0.0,0.01,100,EQ,NSE,NSE
6109,6268929,24488,732HR36A-SG,SDL HR 7.32% 2036,0.0,,0.0,0.01,100,EQ,NSE,NSE
6110,6269185,24489,735MZ37-SG,SDL MZ 7.35% 2037,0.0,,0.0,0.01,100,EQ,NSE,NSE
6111,6269441,24490,733TS40-SG,SDL TS 7.33% 2040,0.0,,0.0,0.01,100,EQ,NSE,NSE
6112,6269697,24491,733AP40-SG,SDL AP 7.33% 2040,0.0,,0.0,0.01,100,EQ,NSE,NSE
6113,6269953,24492,735JK51-SG,SDL JK 7.35% 2051,0.0,,0.0,0.01,100,EQ,NSE,NSE
6114,6270209,24493,733AP43A-SG,SDL AP 7.33% 2043,0.0,,0.0,0.01,100,EQ,NSE,NSE
6115,6272001,24500,756RECL27-N0,,0.0,,0.0,0.01,1,EQ,NSE,NSE
6116,6272513,24502,745RECL35-N0,,0.0,,0.0,0.01,1,EQ,NSE,NSE
6117,6273025,24504,SATIPOLY-SM,SATI POLY PLAST,0.0,,0.0,0.05,500,EQ,NSE,NSE
6118,6274049,24508,PRIZOR-SM,PRIZOR VIZTECH,0.0,,0.0,0.05,400,EQ,NSE,NSE
6119,6275073,24512,897MFL27-N0,,0.0,,0.0,0.01,1,EQ,NSE,NSE
6120,6275585,24514,74CB34-N0,,0.0,,0.0,0.01,1,EQ,NSE,NSE
6121,6276097,24516,754BOI34-N0,,0.0,,0.0,0.01,1,EQ,NSE,NSE
6122,6276609,24518,955ICCL26-N0,,0.0,,0.0,0.01,1,EQ,NSE,NSE
6123,6277121,24520,TUNWAL-SM,TUNWAL E-MOTORS,0.0,,0.0,0.05,2000,EQ,NSE,NSE
6124,6278145,24524,SBINEQWETF,SBIAMC - SBINEQWETF,0.0,,0.0,0.01,1,EQ,NSE,NSE
6125,6279169,24528,KATARIA-SM,KATARIA INDUSTRIES,0.0,,0.0,0.05,600,EQ,NSE,NSE
6126,6280193,24532,FILATEX,FILATEX INDIA,0.0,,0.0,0.01,1,EQ,NSE,NSE
6127,6280449,24533,OILIETF,ICICIPRAMC - OILIETF,0.0,,0.0,0.01,1,EQ,NSE,NSE
6128,6281729,24538,MAITHANALL,MAITHAN ALLOYS,0.0,,0.0,0.05,1,EQ,NSE,NSE
6129,6283521,24545,MACOBSTECH-SM,MACOBS TECHNOLOGIES,0.0,,0.0,0.05,800,EQ,NSE,NSE
6130,6284545,24549,10157PCP27-N0,,0.0,,0.0,0.01,1,EQ,NSE,NSE
6131,6286337,24556,835TPL27-N0,,0.0,,0.0,0.01,1,EQ,NSE,NSE
6132,6286849,24558,801TCL34-N0,,0.0,,0.0,0.01,1,EQ,NSE,NSE
6133,6287361,24560,738PGCIL34-N0,,0.0,,0.0,0.01,1,EQ,NSE,NSE
6134,6287873,24562,733TN32-SG,SDL TN 7.33% 2032,0.0,,0.0,0.01,100,EQ,NSE,NSE
6135,6288129,24563,734TN34-SG,SDL TN 7.34% 2034,0.0,,0.0,0.01,100,EQ,NSE,NSE
6136,6288385,24564,736GA34-SG,SDL GA 7.36% 2034,0.0,,0.0,0.01,100,EQ,NSE,NSE
6137,6288641,24565,736RJ34-SG,SDL RJ 7.36% 2034,0.0,,0.0,0.01,100,EQ,NSE,NSE
6138,6288897,24566,734TS37-SG,SDL TS 7.34% 2037,0.0,,0.0,0.01,100,EQ,NSE,NSE
6139,6289153,24567,735AS39-SG,SDL AS 7.35% 2039,0.0,,0.0,0.01,100,EQ,NSE,NSE
6140,6289409,24568,735TS40-SG,SDL TS 7.35% 2040,0.0,,0.0,0.01,100,EQ,NSE,NSE
6141,6289665,24569,736WB40-SG,SDL WB 7.36% 2040,0.0,,0.0,0.01,100,EQ,NSE,NSE
6142,6289921,24570,733TS42-SG,SDL TS 7.33% 2042,0.0,,0.0,0.01,100,EQ,NSE,NSE
6143,6290177,24571,733KL54-SG,SDL KL 7.33% 2054,0.0,,0.0,0.01,100,EQ,NSE,NSE
6144,6292481,24580,739IREDA39-N0,,0.0,,0.0,0.01,1,EQ,NSE,NSE
6145,6292993,24582,SANSTAR,SANSTAR,0.0,,0.0,0.01,1,EQ,NSE,NSE
6146,6294273,24587,975SCL29-N0,,0.0,,0.0,0.01,1,EQ,NSE,NSE
6147,6294785,24589,RNFI-SM,RNFI SERVICES,0.0,,0.0,0.05,600,EQ,NSE,NSE
6148,6295809,24593,860GFL27-N0,,0.0,,0.0,0.01,1,EQ,NSE,NSE
6149,6296321,24595,RUSHIL,RUSHIL DECOR,0.0,,0.0,0.01,1,EQ,NSE,NSE
6150,6296577,24596,RELTD,RAVINDRA ENERGY,0.0,,0.0,0.01,1,EQ,NSE,NSE
6151,6298625,24604,850CIFL27-N0,,0.0,,0.0,0.01,1,EQ,NSE,NSE
6152,6299137,24606,VLINFRA-SM,V.L.INFRAPROJECTS,0.0,,0.0,0.05,1500,EQ,NSE,NSE
6153,6300161,24610,AVANTEL,AVANTEL,0.0,,0.0,0.01,1,EQ,NSE,NSE
6154,6304001,24625,CHETANA-SM,CHETANA EDUCATION,0.0,,0.0,0.05,1600,EQ,NSE,NSE
6155,6305793,24632,MIEL-ST,MANGLAM INFRA & ENG,0.0,,0.0,0.05,2000,EQ,NSE,NSE
6156,6306817,24636,830ABHFL34-N0,,0.0,,0.0,0.01,1,EQ,NSE,NSE
6157,6307329,24638,APRAMEYA-SM,APRAMEYA ENGINEERING,0.0,,0.0,0.05,500,EQ,NSE,NSE
6158,6308353,24642,TROM-SM,TROM INDUSTRIES,0.0,,0.0,0.05,600,EQ,NSE,NSE
6159,6309377,24646,727TN32-SG,SDL TN 7.27% 2032,0.0,,0.0,0.01,100,EQ,NSE,NSE
6160,6309633,24647,727MH34-SG,SDL MH 7.27% 2034,0.0,,0.0,0.01,100,EQ,NSE,NSE
6161,6309889,24648,729RJ34-SG,SDL RJ 7.29% 2034,0.0,,0.0,0.01,100,EQ,NSE,NSE
6162,6310145,24649,734PN35-SG,SDL PN 7.34% 2035,0.0,,0.0,0.01,100,EQ,NSE,NSE
6163,6310401,24650,734HR36-SG,SDL HR 7.34% 2036,0.0,,0.0,0.01,100,EQ,NSE,NSE
6164,6310657,24651,730MH38-SG,SDL MH 7.30% 2038,0.0,,0.0,0.01,100,EQ,NSE,NSE
6165,6310913,24652,733AP39-SG,SDL AP 7.33% 2039,0.0,,0.0,0.01,100,EQ,NSE,NSE
6166,6311169,24653,730MH39-SG,SDL MH 7.30% 2039,0.0,,0.0,0.01,100,EQ,NSE,NSE
6167,6311425,24654,735WB40-SG,SDL WB 7.35% 2040,0.0,,0.0,0.01,100,EQ,NSE,NSE
6168,6311681,24655,735WB43-SG,SDL WB 7.35% 2043,0.0,,0.0,0.01,100,EQ,NSE,NSE
6169,6311937,24656,734AP44-SG,SDL AP 7.34% 2044,0.0,,0.0,0.01,100,EQ,NSE,NSE
6170,6312193,24657,733MH44-SG,SDL MH 7.33% 2044,0.0,,0.0,0.01,100,EQ,NSE,NSE
6171,6312449,24658,734RJ45A-SG,SDL RJ 7.34% 2045,0.0,,0.0,0.01,100,EQ,NSE,NSE
6172,6312705,24659,735JK46-SG,SDL JK 7.35% 2046,0.0,,0.0,0.01,100,EQ,NSE,NSE
6173,6312961,24660,734AP49A-SG,SDL AP 7.34% 2049,0.0,,0.0,0.01,100,EQ,NSE,NSE
6174,6313217,24661,735RJ49-SG,SDL RJ 7.35% 2049,0.0,,0.0,0.01,100,EQ,NSE,NSE
6175,6313473,24662,731TS50-SG,SDL TS 7.31% 2050,0.0,,0.0,0.01,100,EQ,NSE,NSE
6176,6313729,24663,730KL52-SG,SDL KL 7.30% 2052,0.0,,0.0,0.01,100,EQ,NSE,NSE
6177,6313985,24664,729TN54-SG,SDL TN 7.29% 2054,0.0,,0.0,0.01,100,EQ,NSE,NSE
6178,6314241,24665,724TN30-SG,SDL TN 7.24% 2030,0.0,,0.0,0.01,100,EQ,NSE,NSE
6179,6314497,24666,734PN32-SG,SDL PN 7.34% 2032,0.0,,0.0,0.01,100,EQ,NSE,NSE
6180,6315521,24670,85GHFL27-N0,,0.0,,0.0,0.01,1,EQ,NSE,NSE
6181,6316033,24672,737IRFC29-N0,,0.0,,0.0,0.01,1,EQ,NSE,NSE
6182,6316545,24674,SATECH-SM,S A TECH SOFTWARE INDIA L,0.0,,0.0,0.05,1000,EQ,NSE,NSE
6183,6317569,24678,ESPRIT-SM,ESPRIT STONES,0.0,,0.0,0.05,1600,EQ,NSE,NSE
6184,6318593,24682,910CIFL31-N0,,0.0,,0.0,0.01,1,EQ,NSE,NSE
6185,6321409,24693,1650RARL27-N0,,0.0,,0.0,0.01,1,EQ,NSE,NSE
6186,6321921,24695,818TFSIL27-N0,,0.0,,0.0,0.01,1,EQ,NSE,NSE
6187,6322433,24697,SSEGL-SM,SATHLOKHAR SYN E&C GLOB L,0.0,,0.0,0.05,200,EQ,NSE,NSE
6188,6323457,24701,BULKCORP-SM,BULKCORP INTERNATIONAL L,0.0,,0.0,0.05,1200,EQ,NSE,NSE
6189,6324481,24705,697GR2034-GS,GOI LOAN   6.97% 2034,0.0,,0.0,0.01,1,EQ,NSE,NSE
6190,6324993,24707,RAJINDLTD-SM,RAJPUTANA INDUSTRIES,0.0,,0.0,0.05,1500,EQ,NSE,NSE
6191,6326017,24711,ASHALOG-SM,ASHAPURA LOGISTICS,0.0,,0.0,0.05,1000,EQ,NSE,NSE
6192,6327041,24715,AKUMS,AKUMS DRUGS AND PHARMA L,0.0,,0.0,0.05,1,EQ,NSE,NSE
6193,6328321,24720,798SHFL26-N0,,0.0,,0.0,0.01,1,EQ,NSE,NSE
6194,6329089,24723,830SICC27-N0,,0.0,,0.0,0.01,1,EQ,NSE,NSE
6195,6329345,24724,828SICC26-N0,,0.0,,0.0,0.01,1,EQ,NSE,NSE
6196,6329857,24726,UTSSAV-SM,UTSSAV CZ GOLD JEWELS,0.0,,0.0,0.05,600,EQ,NSE,NSE
6197,6330881,24730,RUBFILA,RUBFILA INTERNATIONAL,0.0,,0.0,0.01,1,EQ,NSE,NSE
6198,6332161,24735,RPEL,RAGHAV PRODUCTIVITY ENH L,0.0,,0.0,0.1,1,EQ,NSE,NSE
6199,6333697,24741,787SDIL30-N0,,0.0,,0.0,0.01,1,EQ,NSE,NSE
6200,6333953,24742,CEIGALL,CEIGALL INDIA,0.0,,0.0,0.01,1,EQ,NSE,NSE
6201,6336001,24750,DHARIWAL-ST,DHARIWALCORP,0.0,,0.0,0.05,600,EQ,NSE,NSE
6202,6336257,24751,725HP33-SG,SDL HP 7.25% 2033,0.0,,0.0,0.01,100,EQ,NSE,NSE
6203,6336513,24752,722MH34-SG,SDL MH 7.22% 2034,0.0,,0.0,0.01,100,EQ,NSE,NSE
6204,6336769,24753,723TN34-SG,SDL TN 7.23% 2034,0.0,,0.0,0.01,100,EQ,NSE,NSE
6205,6337025,24754,726MP35-SG,SDL MP 7.26% 2035,0.0,,0.0,0.01,100,EQ,NSE,NSE
6206,6337281,24755,726HR36-SG,SDL HR 7.26% 2036,0.0,,0.0,0.01,100,EQ,NSE,NSE
6207,6337537,24756,727MH39-SG,SDL MH 7.27% 2039,0.0,,0.0,0.01,100,EQ,NSE,NSE
6208,6337793,24757,731KL40-SG,SDL KL 7.31% 2040,0.0,,0.0,0.01,100,EQ,NSE,NSE
6209,6338049,24758,729TS42-SG,SDL TS 7.29% 2042,0.0,,0.0,0.01,100,EQ,NSE,NSE
6210,6338305,24759,727MH44-SG,SDL MH 7.27% 2044,0.0,,0.0,0.01,100,EQ,NSE,NSE
6211,6338561,24760,728MP45-SG,SDL MP 7.28% 2045,0.0,,0.0,0.01,100,EQ,NSE,NSE
6212,6338817,24761,729JK45-SG,SDL JK 7.29% 2045,0.0,,0.0,0.01,100,EQ,NSE,NSE
6213,6339073,24762,728TS46-SG,SDL TS 7.28% 2046,0.0,,0.0,0.01,100,EQ,NSE,NSE
6214,6339329,24763,726MH49-SG,SDL MH 7.26% 2049,0.0,,0.0,0.01,100,EQ,NSE,NSE
6215,6339585,24764,727KL59-SG,SDL KL 7.27% 2059,0.0,,0.0,0.01,100,EQ,NSE,NSE
6216,6339841,24765,73AS39-SG,SDL AS 7.3% 2039,0.0,,0.0,0.01,100,EQ,NSE,NSE
6217,6340097,24766,729TS40-SG,SDL TS 7.29% 2040,0.0,,0.0,0.01,100,EQ,NSE,NSE
6218,6341889,24773,80956ABH26-N0,,0.0,,0.0,0.01,1,EQ,NSE,NSE
6219,6342401,24775,799RCFL27-N0,,0.0,,0.0,0.01,1,EQ,NSE,NSE
6220,6343425,24779,OLAELEC-BE,OLA ELECTRIC MOBILITY,0.0,,0.0,0.01,1,EQ,NSE,NSE
6221,6343937,24781,BSLNIFTY,ADITYBIRLA SL NIF ETF-GR,0.0,,0.0,0.01,1,EQ,NSE,NSE
6222,6344961,24785,PPSL-SM,PICTUREPOST STUDIOS,0.0,,0.0,0.05,3000,EQ,NSE,NSE
6223,6346753,24792,975SIPL27-N0,,0.0,,0.0,0.01,1,EQ,NSE,NSE
6224,6347265,24794,890MFL27A-N0,,0.0,,0.0,0.01,1,EQ,NSE,NSE
6225,6347777,24796,828PHFL26-N0,,0.0,,0.0,0.01,1,EQ,NSE,NSE
6226,6348289,24798,GROWWEV,GROWWAMC - GROWWEV,0.0,,0.0,0.01,1,EQ,NSE,NSE
6227,6350081,24805,755RECL26-N0,,0.0,,0.0,0.01,1,EQ,NSE,NSE
6228,6351105,24809,UNIECOM,UNICOMMERCE ESOLUTIONS L,0.0,,0.0,0.01,1,EQ,NSE,NSE
6229,6352385,24814,FIRSTCRY,BRAINBEES SOLUTIONS,0.0,,0.0,0.05,1,EQ,NSE,NSE
6230,6353665,24819,849ABSLI34-N0,,0.0,,0.0,0.01,1,EQ,NSE,NSE
6231,6354177,24821,975SCL28A-N0,,0.0,,0.0,0.01,1,EQ,NSE,NSE
6232,6354689,24823,MANCREDIT,MANGAL CREDIT N FINCORP L,0.0,,0.0,0.01,1,EQ,NSE,NSE
6233,6355969,24828,119VCCL26-N0,,0.0,,0.0,0.01,1,EQ,NSE,NSE
6234,6356481,24830,AESTHETIK-SM,AESTHETIK ENGINEERS,0.0,,0.0,0.05,1000,EQ,NSE,NSE
6235,6357505,24834,736NBFID44-N0,,0.0,,0.0,0.01,1,EQ,NSE,NSE
6236,6358017,24836,728TS45-SG,SDL TS 7.28% 2045,0.0,,0.0,0.01,100,EQ,NSE,NSE
6237,6358273,24837,727JK49-SG,SDL JK 7.27% 2049,0.0,,0.0,0.01,100,EQ,NSE,NSE
6238,6358529,24838,705GJ28-SG,SDL GJ 7.05% 2028,0.0,,0.0,0.01,100,EQ,NSE,NSE
6239,6358785,24839,706GJ29-SG,SDL GJ 7.06% 2029,0.0,,0.0,0.01,100,EQ,NSE,NSE
6240,6359041,24840,726BR33-SG,SDL BR 7.26% 2033,0.0,,0.0,0.01,100,EQ,NSE,NSE
6241,6359297,24841,721TN34-SG,SDL TN 7.21% 2034,0.0,,0.0,0.01,100,EQ,NSE,NSE
6242,6359553,24842,726TS35-SG,SDL TS 7.26% 2035,0.0,,0.0,0.01,100,EQ,NSE,NSE
6243,6359809,24843,728TS38-SG,SDL TS 7.28% 2038,0.0,,0.0,0.01,100,EQ,NSE,NSE
6244,6360833,24847,GSEC10ABSL,BIRLASLAMC - GSEC10ABSL,0.0,,0.0,0.01,1,EQ,NSE,NSE
6245,6361857,24851,SUYOG,SUYOG TELEMATICS,0.0,,0.0,0.05,1,EQ,NSE,NSE
6246,6363137,24856,SSDL,SARASWATI SAREE DEPOT,0.0,,0.0,0.01,1,EQ,NSE,NSE
6247,6364417,24861,METALIETF,ICICIPRAMC - METALIETF,0.0,,0.0,0.01,1,EQ,NSE,NSE
6248,6365185,24864,POSITRON-SM,POSITRON ENERGY,0.0,,0.0,0.05,300,EQ,NSE,NSE
6249,6366721,24870,INVENTURE,INVENTURE GRO & SEC,0.0,,0.0,0.01,1,EQ,NSE,NSE
6250,6367233,24872,SUNLITE-ST,SUNLITE RECYCLING IND,0.0,,0.0,0.05,600,EQ,NSE,NSE
6251,6368513,24877,AAFS28A-N0,,0.0,,0.0,0.01,1,EQ,NSE,NSE
6252,6369025,24879,BALCO-SM,SOLVE PLASTIC PRODUCTS L,0.0,,0.0,0.05,1200,EQ,NSE,NSE
6253,6370049,24883,781TCHE27-N0,,0.0,,0.0,0.01,1,EQ,NSE,NSE
6254,6370561,24885,721MH35-SG,SDL MH 7.21% 2035,0.0,,0.0,0.01,100,EQ,NSE,NSE
6255,6370817,24886,724HR36-SG,SDL HR 7.24% 2036,0.0,,0.0,0.01,100,EQ,NSE,NSE
6256,6371073,24887,725HR39-SG,SDL HR 7.25% 2039,0.0,,0.0,0.01,100,EQ,NSE,NSE
6257,6371329,24888,723MH40-SG,SDL MH 7.23% 2040,0.0,,0.0,0.01,100,EQ,NSE,NSE
6258,6371585,24889,724WB42-SG,SDL WB 7.24% 2042,0.0,,0.0,0.01,100,EQ,NSE,NSE
6259,6371841,24890,722MH45-SG,SDL MH 7.22% 2045,0.0,,0.0,0.01,100,EQ,NSE,NSE
6260,6372097,24891,722MH50-SG,SDL MH 7.22% 2050,0.0,,0.0,0.01,100,EQ,NSE,NSE
6261,6372353,24892,723JK51-SG,SDL JK 7.23% 2051,0.0,,0.0,0.01,100,EQ,NSE,NSE
6262,6372609,24893,72MZ31-SG,SDL MZ 7.2% 2031,0.0,,0.0,0.01,100,EQ,NSE,NSE
6263,6372865,24894,724BR33-SG,SDL BR 7.24% 2033,0.0,,0.0,0.01,100,EQ,NSE,NSE
6264,6373121,24895,719TN34-SG,SDL TN 7.19% 2034,0.0,,0.0,0.01,100,EQ,NSE,NSE
6265,6374145,24899,732PFCL39-N0,,0.0,,0.0,0.01,1,EQ,NSE,NSE
6266,6374657,24901,845NOM27-N0,,0.0,,0.0,0.01,1,EQ,NSE,NSE
6267,6375169,24903,845NOM27A-N0,,0.0,,0.0,0.01,1,EQ,NSE,NSE
6268,6375681,24905,BRACEPORT-SM,BRACE PORT LOGISTICS,0.0,,0.0,0.05,1600,EQ,NSE,NSE
6269,6376705,24909,INTERARCH,INTERARCH BLDNG SOLTN,0.0,,0.0,0.1,1,EQ,NSE,NSE
6270,6377985,24914,FORCAS-SM,FORCAS STUDIO,0.0,,0.0,0.05,1600,EQ,NSE,NSE
6271,6381569,24928,ELGIRUBCO-BE,ELGI RUBBER CO.,0.0,,0.0,0.01,1,EQ,NSE,NSE
6272,6382593,24932,GLOBALE,GLOBALE TESSILE,0.0,,0.0,0.01,1,EQ,NSE,NSE
6273,6383873,24937,MFML,MAHALAXMI FABRIC MILLS LT,0.0,,0.0,0.01,1,EQ,NSE,NSE
6274,6385153,24942,775LICH29-N0,,0.0,,0.0,0.01,1,EQ,NSE,NSE
6275,6385665,24944,MODEFENCE,MOTILALAMC - MODEFENCE,0.0,,0.0,0.01,1,EQ,NSE,NSE
6276,6386689,24948,LTF,L&T FINANCE,0.0,,0.0,0.05,1,EQ,NSE,NSE
6277,6386945,24949,709GS2054-GS,GOI LOAN  7.09% 2054,0.0,,0.0,0.01,1,EQ,NSE,NSE
6278,6388737,24956,IDEALTECHO-ST,IDEAL TECHNOPLAST IND,0.0,,0.0,0.05,500,EQ,NSE,NSE
6279,6388993,24957,QVCEL-SM,QVC EXPORTS,0.0,,0.0,0.05,1600,EQ,NSE,NSE
6280,6390017,24961,ORIENTTECH,ORIENT TECHNOLOGIES,0.0,,0.0,0.05,1,EQ,NSE,NSE
6281,6391297,24966,SURAJLTD,SURAJ,0.0,,0.0,0.05,1,EQ,NSE,NSE
6282,6392065,24969,WINDMACHIN,WINDSOR MACHINES,0.0,,0.0,0.05,1,EQ,NSE,NSE
6283,6393601,24975,73BOB34-N0,,0.0,,0.0,0.01,1,EQ,NSE,NSE
6284,6394113,24977,975SIPL27A-N0,,0.0,,0.0,0.01,1,EQ,NSE,NSE
6285,6394625,24979,731RECL39-N0,,0.0,,0.0,0.01,1,EQ,NSE,NSE
6286,6395905,24984,727MN36-SG,SDL MN 7.27% 2036,0.0,,0.0,0.01,100,EQ,NSE,NSE
6287,6396161,24985,726PN36-SG,SDL PN 7.26% 2036,0.0,,0.0,0.01,100,EQ,NSE,NSE
6288,6396417,24986,726PN37-SG,SDL PN 7.26% 2037,0.0,,0.0,0.01,100,EQ,NSE,NSE
6289,6396673,24987,726MP38-SG,SDL MP 7.26% 2038,0.0,,0.0,0.01,100,EQ,NSE,NSE
6290,6396929,24988,726AS39-SG,SDL AS 7.26% 2039,0.0,,0.0,0.01,100,EQ,NSE,NSE
6291,6397185,24989,726KL39-SG,SDL KL 7.26% 2039,0.0,,0.0,0.01,100,EQ,NSE,NSE
6292,6397441,24990,724MH39-SG,SDL MH 7.24% 2039,0.0,,0.0,0.01,100,EQ,NSE,NSE
6293,6397697,24991,727AP41-SG,SDL AP 7.27% 2041,0.0,,0.0,0.01,100,EQ,NSE,NSE
6294,6397953,24992,727RJ42-SG,SDL RJ 7.27% 2042,0.0,,0.0,0.01,100,EQ,NSE,NSE
6295,6398209,24993,725MH44-SG,SDL MH 7.25% 2044,0.0,,0.0,0.01,100,EQ,NSE,NSE
6296,6398465,24994,722MP45-SG,SDL MP 7.22% 2045,0.0,,0.0,0.01,100,EQ,NSE,NSE
6297,6398721,24995,723AP46-SG,SDL AP 7.23% 2046,0.0,,0.0,0.01,100,EQ,NSE,NSE
6298,6398977,24996,723RJ46-SG,SDL RJ 7.23% 2046,0.0,,0.0,0.01,100,EQ,NSE,NSE
6299,6399233,24997,722MH49-SG,SDL MH 7.22% 2049,0.0,,0.0,0.01,100,EQ,NSE,NSE
6300,6399489,24998,723WB49-SG,SDL WB 7.23% 2049,0.0,,0.0,0.01,100,EQ,NSE,NSE
6301,6400001,25000,723JK54-SG,SDL JK 7.23% 2054,0.0,,0.0,0.01,100,EQ,NSE,NSE
6302,6400257,25001,722TN54-SG,SDL TN 7.22% 2054,0.0,,0.0,0.01,100,EQ,NSE,NSE
6303,6400769,25003,IBULLSLTD-BE,INDIABULLS,0.0,,0.0,0.01,1,EQ,NSE,NSE
6304,6401281,25005,722KL59-SG,SDL KL 7.22% 2059,0.0,,0.0,0.01,100,EQ,NSE,NSE
6305,6401537,25006,706TN29-SG,SDL TN 7.06% 2029,0.0,,0.0,0.01,100,EQ,NSE,NSE
6306,6401793,25007,725BR33-SG,SDL BR 7.25% 2033,0.0,,0.0,0.01,100,EQ,NSE,NSE
6307,6402049,25008,723RJ33-SG,SDL RJ 7.23% 2033,0.0,,0.0,0.01,100,EQ,NSE,NSE
6308,6402305,25009,723GA34-SG,SDL GA 7.23% 2034,0.0,,0.0,0.01,100,EQ,NSE,NSE
6309,6402561,25010,720MH34-SG,SDL MH 7.20% 2034,0.0,,0.0,0.01,100,EQ,NSE,NSE
6310,6402817,25011,722RJ34-SG,SDL RJ 7.22% 2034,0.0,,0.0,0.01,100,EQ,NSE,NSE
6311,6403073,25012,724AP36-SG,SDL AP 7.24% 2036,0.0,,0.0,0.01,100,EQ,NSE,NSE
6312,6403329,25013,724HR36A-SG,SDL HR 7.24% 2036,0.0,,0.0,0.01,100,EQ,NSE,NSE
6313,6403585,25014,722HPCL29-N0,,0.0,,0.0,0.01,1,EQ,NSE,NSE
6314,6404097,25016,79123SHF26-N0,,0.0,,0.0,0.01,1,EQ,NSE,NSE
6315,6404353,25017,BODALCHEM,BODAL CHEMICALS,0.0,,0.0,0.01,1,EQ,NSE,NSE
6316,6407937,25031,725IRFC34-N0,,0.0,,0.0,0.01,1,EQ,NSE,NSE
6317,6408449,25033,IPHL-SM,INDIAN PHOSPHATE,0.0,,0.0,0.05,1200,EQ,NSE,NSE
6318,6409473,25037,JAYBEE-SM,JAY BEE LAMINATIONS,0.0,,0.0,0.05,500,EQ,NSE,NSE
6319,6410753,25042,761LIC34-N0,,0.0,,0.0,0.01,1,EQ,NSE,NSE
6320,6412033,25047,774LIC28-N0,,0.0,,0.0,0.01,1,EQ,NSE,NSE
6321,6412545,25049,PREMIERENE,PREMIER ENERGIES,0.0,,0.0,0.05,1,EQ,NSE,NSE
6322,6413825,25054,VDEAL-SM,VDEAL SYSTEM,0.0,,0.0,0.05,600,EQ,NSE,NSE
6323,6414849,25058,785IIFL27-N0,,0.0,,0.0,0.01,1,EQ,NSE,NSE
6324,6415361,25060,ECOSMOBLTY,ECOS (INDIA) MOB & HOSP L,0.0,,0.0,0.01,1,EQ,NSE,NSE
6325,6416641,25065,AERON-SM,AERON COMPOSITE,0.0,,0.0,0.05,1000,EQ,NSE,NSE
6326,6417665,25069,PARAMATRIX-SM,PARAMATRIX TECHNOLOGIES L,0.0,,0.0,0.05,1200,EQ,NSE,NSE
6327,6418689,25073,RAYMONDLSL,RAYMOND LIFESTYLE,0.0,,0.0,0.1,1,EQ,NSE,NSE
6328,6419969,25078,772TIL34-N0,,0.0,,0.0,0.01,1,EQ,NSE,NSE
6329,6420481,25080,MULTICAP,MIRAEAMC - MULTICAP,0.0,,0.0,0.01,1,EQ,NSE,NSE
6330,6420993,25082,TREEHOUSE,TREE HOUSE EDU,0.0,,0.0,0.01,1,EQ,NSE,NSE
6331,6422529,25088,ASAHISONG,ASAHI SONGWON COLOR,0.0,,0.0,0.05,1,EQ,NSE,NSE
6332,6422785,25089,725GA35-SG,SDL GA 7.25% 2035,0.0,,0.0,0.01,100,EQ,NSE,NSE
6333,6423041,25090,723MH35-SG,SDL MH 7.23% 2035,0.0,,0.0,0.01,100,EQ,NSE,NSE
6334,6424065,25094,725HR36-SG,SDL HR 7.25% 2036,0.0,,0.0,0.01,100,EQ,NSE,NSE
6335,6424321,25095,725AP37-SG,SDL AP 7.25% 2037,0.0,,0.0,0.01,100,EQ,NSE,NSE
6336,6424577,25096,725TS38-SG,SDL TS 7.25% 2038,0.0,,0.0,0.01,100,EQ,NSE,NSE
6337,6424833,25097,724KL40-SG,SDL KL 7.24% 2040,0.0,,0.0,0.01,100,EQ,NSE,NSE
6338,6425089,25098,724MH40-SG,SDL MH 7.24% 2040,0.0,,0.0,0.01,100,EQ,NSE,NSE
6339,6425345,25099,725AP44-SG,SDL AP 7.25% 2044,0.0,,0.0,0.01,100,EQ,NSE,NSE
6340,6425601,25100,725AS44-SG,SDL AS 7.25% 2044,0.0,,0.0,0.01,100,EQ,NSE,NSE
6341,6425857,25101,725MH45-SG,SDL MH 7.25% 2045,0.0,,0.0,0.01,100,EQ,NSE,NSE
6342,6426113,25102,725WB45-SG,SDL WB 7.25% 2045,0.0,,0.0,0.01,100,EQ,NSE,NSE
6343,6426369,25103,725TS46-SG,SDL TS 7.25% 2046,0.0,,0.0,0.01,100,EQ,NSE,NSE
6344,6426625,25104,725AP47-SG,SDL AP 7.25% 2047,0.0,,0.0,0.01,100,EQ,NSE,NSE
6345,6426881,25105,706TN29A-SG,SDL TN 7.06% 2029,0.0,,0.0,0.01,100,EQ,NSE,NSE
6346,6427137,25106,719TN32A-SG,SDL TN 7.19% 2032,0.0,,0.0,0.01,100,EQ,NSE,NSE
6347,6427393,25107,723AP34-SG,SDL AP 7.23% 2034,0.0,,0.0,0.01,100,EQ,NSE,NSE
6348,6427649,25108,725ML34-SG,SDL ML 7.25% 2034,0.0,,0.0,0.01,100,EQ,NSE,NSE
6349,6427905,25109,724RJ34-SG,SDL RJ 7.24% 2034,0.0,,0.0,0.01,100,EQ,NSE,NSE
6350,6428161,25110,726MH50-SG,SDL MH 7.26% 2050,0.0,,0.0,0.01,100,EQ,NSE,NSE
6351,6429185,25114,STYLEBAAZA,BAAZAR STYLE RETAIL,0.0,,0.0,0.05,1,EQ,NSE,NSE
6352,6430465,25119,BOSS-SM,BOSS PACKAGING SOLU,0.0,,0.0,0.05,2000,EQ,NSE,NSE
6353,6431489,25123,730PFCL34-N0,,0.0,,0.0,0.01,1,EQ,NSE,NSE
6354,6433281,25130,840GHFL28-N0,,0.0,,0.0,0.01,1,EQ,NSE,NSE
6355,6433793,25132,747SIDBI29-N0,,0.0,,0.0,0.01,1,EQ,NSE,NSE
6356,6434305,25134,GALAPREC,GALA PRECISION ENG,0.0,,0.0,0.05,1,EQ,NSE,NSE
6357,6434817,25136,BROOKS,BROOKS LAB,0.0,,0.0,0.01,1,EQ,NSE,NSE
6358,6436609,25143,745ABL34-N0,,0.0,,0.0,0.01,1,EQ,NSE,NSE
6359,6437121,25145,8049ABHF27-N0,,0.0,,0.0,0.01,1,EQ,NSE,NSE
6360,6438401,25150,JEYYAM-ST,JEYYAM GLOBAL FOODS,0.0,,0.0,0.05,2000,EQ,NSE,NSE
6361,6438657,25151,799LTFH27-N0,,0.0,,0.0,0.01,1,EQ,NSE,NSE
6362,6439169,25153,8887HFL26-N0,,0.0,,0.0,0.01,1,EQ,NSE,NSE
6363,6439681,25155,980ICCL29-N0,,0.0,,0.0,0.01,1,EQ,NSE,NSE
6364,6440193,25157,RVTH,REVATHI EQUIPMENT INDIA L,0.0,,0.0,0.05,1,EQ,NSE,NSE
6365,6441473,25162,EUREKAFORB,EUREKA FORBES,0.0,,0.0,0.05,1,EQ,NSE,NSE
6366,6442753,25167,NAMOEWASTE-SM,NAMO EWASTE MANAGEMENT L,0.0,,0.0,0.05,800,EQ,NSE,NSE
6367,6443777,25171,TOP10ADD,DSPAMC - TOP10ADD,0.0,,0.0,0.01,1,EQ,NSE,NSE
6368,6445057,25176,726BOB34-N0,,0.0,,0.0,0.01,1,EQ,NSE,NSE
6369,6445569,25178,TDPOWERSYS,TD POWER SYSTEMS,0.0,,0.0,0.05,1,EQ,NSE,NSE
6370,6451457,25201,736IRED39-N0,,0.0,,0.0,0.01,1,EQ,NSE,NSE
6371,6451969,25203,BALAJEE,SHREE TIRUPATI BALAJEE L,0.0,,0.0,0.01,1,EQ,NSE,NSE
6372,6454017,25211,MYMUDRA-ST,MY MUDRA FINCORP,0.0,,0.0,0.05,1200,EQ,NSE,NSE
6373,6454273,25212,703TN29-SG,SDL TN 7.03% 2029,0.0,,0.0,0.01,100,EQ,NSE,NSE
6374,6454529,25213,722TS38-SG,SDL TS 7.22% 2038,0.0,,0.0,0.01,100,EQ,NSE,NSE
6375,6454785,25214,721BR33-SG,SDL BR 7.21% 2033,0.0,,0.0,0.01,100,EQ,NSE,NSE
6376,6455041,25215,722HP39-SG,SDL HP 7.22% 2039,0.0,,0.0,0.01,100,EQ,NSE,NSE
6377,6455297,25216,723KL45-SG,SDL KL 7.23% 2045,0.0,,0.0,0.01,100,EQ,NSE,NSE
6378,6455553,25217,722TN54A-SG,SDL TN 7.22% 2054,0.0,,0.0,0.01,100,EQ,NSE,NSE
6379,6455809,25218,723MZ38-SG,SDL MZ 7.23% 2038,0.0,,0.0,0.01,100,EQ,NSE,NSE
6380,6456833,25222,SANOFICONR,SANOFI CONS HEALTHC IND L,0.0,,0.0,0.1,1,EQ,NSE,NSE
6381,6458113,25227,803ABHFL29-N0,,0.0,,0.0,0.01,1,EQ,NSE,NSE
6382,6458625,25229,807SMFG27-N0,,0.0,,0.0,0.01,1,EQ,NSE,NSE
6383,6459905,25234,VIESL-ST,VISION INFRA EQUIP SOL L,0.0,,0.0,0.05,800,EQ,NSE,NSE
6384,6460161,25235,XTGLOBAL,XTGLOBAL INFOTECH,0.0,,0.0,0.01,1,EQ,NSE,NSE
6385,6461441,25240,SHUBHSHREE-SM,SHUBHSHREE BIOFUELS ENE L,0.0,,0.0,0.05,300,EQ,NSE,NSE
6386,6462465,25244,GAJANAND-SM,GAJANAND INTERNATIONAL L,0.0,,0.0,0.05,3000,EQ,NSE,NSE
6387,6463489,25248,AUSL-SM,ADITYA ULTRA STEEL,0.0,,0.0,0.05,2000,EQ,NSE,NSE
6388,6464513,25252,KROSS,KROSS,0.0,,0.0,0.01,1,EQ,NSE,NSE
6389,6466049,25258,EBANKNIFTY,EDELAMC - EBANKNIFTY,0.0,,0.0,0.01,1,EQ,NSE,NSE
6390,6467073,25262,TOLINS,TOLINS TYRES,0.0,,0.0,0.01,1,EQ,NSE,NSE
6391,6469121,25270,BAJAJHFL,BAJAJ HOUSING FINANCE,0.0,,0.0,0.01,1,EQ,NSE,NSE
6392,6470913,25277,925AEL26-N1,,0.0,,0.0,0.01,1,EQ,NSE,NSE
6393,6471681,25280,AEL120924-N2,,0.0,,0.0,0.01,1,EQ,NSE,NSE
6394,6472449,25283,932AEL27-N3,,0.0,,0.0,0.01,1,EQ,NSE,NSE
6395,6473473,25287,965AEL27-N4,,0.0,,0.0,0.01,1,EQ,NSE,NSE
6396,6474753,25292,AEL120924A-N5,,0.0,,0.0,0.01,1,EQ,NSE,NSE
6397,6475265,25294,956AEL29-N6,,0.0,,0.0,0.01,1,EQ,NSE,NSE
6398,6475777,25296,99AEL29-N7,,0.0,,0.0,0.01,1,EQ,NSE,NSE
6399,6476289,25298,AEL120924B-N8,,0.0,,0.0,0.01,1,EQ,NSE,NSE
6400,6478337,25306,SPPPOLY-SM,SPP POLYMER,0.0,,0.0,0.05,2000,EQ,NSE,NSE
6401,6479873,25312,PNGJL,P N GADGIL JEWELLERS,0.0,,0.0,0.05,1,EQ,NSE,NSE
6402,6481409,25318,724INBK34-N0,,0.0,,0.0,0.01,1,EQ,NSE,NSE
6403,6481921,25320,INNOMET-SM,INNOMET ADVANCED MATERI L,0.0,,0.0,0.05,600,EQ,NSE,NSE
6404,6482945,25324,EXCELLENT-SM,EXCELLENT WIRES N PACK L,0.0,,0.0,0.05,1600,EQ,NSE,NSE
6405,6483969,25328,APLLTD,ALEMBIC PHARMA,0.0,,0.0,0.05,1,EQ,NSE,NSE
6406,6487041,25340,VASWANI,VASWANI IND,0.0,,0.0,0.01,1,EQ,NSE,NSE
6407,6489857,25351,70CG29-SG,SDL CG 7.0% 2029,0.0,,0.0,0.01,100,EQ,NSE,NSE
6408,6490113,25352,71MH33-SG,SDL MH 7.1% 2033,0.0,,0.0,0.01,100,EQ,NSE,NSE
6409,6490369,25353,711BR33-SG,SDL BR 7.11% 2033,0.0,,0.0,0.01,100,EQ,NSE,NSE
6410,6490625,25354,71TN34-SG,SDL TN 7.1% 2034,0.0,,0.0,0.01,100,EQ,NSE,NSE
6411,6490881,25355,713AS34-SG,SDL AS 7.13% 2034,0.0,,0.0,0.01,100,EQ,NSE,NSE
6412,6491137,25356,712MH36-SG,SDL MH 7.12% 2036,0.0,,0.0,0.01,100,EQ,NSE,NSE
6413,6491393,25357,713TS36-SG,SDL TS 7.13% 2036,0.0,,0.0,0.01,100,EQ,NSE,NSE
6414,6491649,25358,PGEL,PG ELECTROPLAST,0.0,,0.0,0.05,1,EQ,NSE,NSE
6415,6491905,25359,713HR36-SG,SDL HR 7.13% 2036,0.0,,0.0,0.01,100,EQ,NSE,NSE
6416,6492161,25360,713MH37-SG,SDL MH 7.13% 2037,0.0,,0.0,0.01,100,EQ,NSE,NSE
6417,6493185,25364,713MH43-SG,SDL MH 7.13% 2043,0.0,,0.0,0.01,100,EQ,NSE,NSE
6418,6493441,25365,714KL47-SG,SDL KL 7.14% 2047,0.0,,0.0,0.01,100,EQ,NSE,NSE
6419,6495233,25372,785TRPEL34-N0,,0.0,,0.0,0.01,1,EQ,NSE,NSE
6420,6495745,25374,845GHFL29-N0,,0.0,,0.0,0.01,1,EQ,NSE,NSE
6421,6496257,25376,765LICH31-N0,,0.0,,0.0,0.01,1,EQ,NSE,NSE
6422,6498817,25386,OSELDEVICE-SM,OSEL DEVICES,0.0,,0.0,0.05,200,EQ,NSE,NSE
6423,6499841,25390,799NIIF29-N0,,0.0,,0.0,0.01,1,EQ,NSE,NSE
6424,6500353,25392,PANAMAPET,PANAMA PETROCHEM,0.0,,0.0,0.05,1,EQ,NSE,NSE
6425,6500609,25393,840CIFL27-N0,,0.0,,0.0,0.01,1,EQ,NSE,NSE
6426,6501889,25398,ARKADE,ARKADE DEVELOPERS,0.0,,0.0,0.01,1,EQ,NSE,NSE
6427,6503169,25403,WCIL,WESTERN CARRIERS (IND) L,0.0,,0.0,0.01,1,EQ,NSE,NSE
6428,6504449,25408,PELATRO-SM,PELATRO,0.0,,0.0,0.05,300,EQ,NSE,NSE
6429,6505473,25412,ENVIRO-SM,ENVIROTECH SYSTEMS,0.0,,0.0,0.05,1000,EQ,NSE,NSE
6430,6507777,25421,DECCANTRAN-SM,DECCAN TRANSCON LEASING L,0.0,,0.0,0.05,1200,EQ,NSE,NSE
6431,6509057,25426,NORTHARC,NORTHERN ARC CAPITAL,0.0,,0.0,0.05,1,EQ,NSE,NSE
6432,6510337,25431,PSFL-SM,PARAMOUNT SPECIALI FORG L,0.0,,0.0,0.05,2000,EQ,NSE,NSE
6433,6511361,25435,727PFCL31-N0,,0.0,,0.0,0.01,1,EQ,NSE,NSE
6434,6511873,25437,722PFCL39-N0,,0.0,,0.0,0.01,1,EQ,NSE,NSE
6435,6512385,25439,786TCHFL29-N0,,0.0,,0.0,0.01,1,EQ,NSE,NSE
6436,6512897,25441,744NBRD28-N0,,0.0,,0.0,0.01,1,EQ,NSE,NSE
6437,6513409,25443,KALANA-SM,KALANA ISPAT,0.0,,0.0,0.05,2000,EQ,NSE,NSE
6438,6514433,25447,GROWWLIQID,GROWWAMC - GROWWLIQID,0.0,,0.0,0.01,1,EQ,NSE,NSE
6439,6515457,25451,815SICC27-N0,,0.0,,0.0,0.01,1,EQ,NSE,NSE
6440,6516481,25455,815SICC26-N0,,0.0,,0.0,0.01,1,EQ,NSE,NSE
6441,6517505,25459,CITI26-N0,,0.0,,0.0,0.01,1,EQ,NSE,NSE
6442,6518273,25462,AAFS28B-N0,,0.0,,0.0,0.01,1,EQ,NSE,NSE
6443,6518785,25464,12VCCL27-N0,,0.0,,0.0,0.01,1,EQ,NSE,NSE
6444,6519297,25466,12VCCL29-N0,,0.0,,0.0,0.01,1,EQ,NSE,NSE
6445,6519809,25468,PAISALO,PAISALO DIGITAL,0.0,,0.0,0.01,1,EQ,NSE,NSE
6446,6520321,25470,695KA28-SG,SDL KA 6.95% 2028,0.0,,0.0,0.01,100,EQ,NSE,NSE
6447,6521345,25474,713RJ39-SG,SDL RJ 7.13% 2039,0.0,,0.0,0.01,100,EQ,NSE,NSE
6448,6521601,25475,715RJ42-SG,SDL RJ 7.15% 2042,0.0,,0.0,0.01,100,EQ,NSE,NSE
6449,6521857,25476,712MH43-SG,SDL MH 7.12% 2043,0.0,,0.0,0.01,100,EQ,NSE,NSE
6450,6522113,25477,714MP43-SG,SDL MP 7.14% 2043,0.0,,0.0,0.01,100,EQ,NSE,NSE
6451,6522369,25478,715WB44-SG,SDL WB 7.15% 2044,0.0,,0.0,0.01,100,EQ,NSE,NSE
6452,6522625,25479,715PN44-SG,SDL PN 7.15% 2044,0.0,,0.0,0.01,100,EQ,NSE,NSE
6453,6522881,25480,715WB45-SG,SDL WB 7.15% 2045,0.0,,0.0,0.01,100,EQ,NSE,NSE
6454,6523137,25481,713RJ46-SG,SDL RJ 7.13% 2046,0.0,,0.0,0.01,100,EQ,NSE,NSE
6455,6523393,25482,TIJARIA,TIJARIA POLYPIPES,0.0,,0.0,0.01,1,EQ,NSE,NSE
6456,6523649,25483,714PN49-SG,SDL PN 7.14% 2049,0.0,,0.0,0.01,100,EQ,NSE,NSE
6457,6523905,25484,703CG30-SG,SDL CG 7.03% 2030,0.0,,0.0,0.01,100,EQ,NSE,NSE
6458,6525185,25489,705AS31-SG,SDL AS 7.05% 2031,0.0,,0.0,0.01,100,EQ,NSE,NSE
6459,6525697,25491,707MH32-SG,SDL MH 7.07% 2032,0.0,,0.0,0.01,100,EQ,NSE,NSE
6460,6526209,25493,712BR33-SG,SDL BR 7.12% 2033,0.0,,0.0,0.01,100,EQ,NSE,NSE
6461,6526465,25494,71RJ34-SG,SDL RJ 7.1% 2034,0.0,,0.0,0.01,100,EQ,NSE,NSE
6462,6526977,25496,ONELIFECAP-BE,ONELIFE CAP ADVISORS,0.0,,0.0,0.01,1,EQ,NSE,NSE
6463,6527489,25498,712GA34-SG,SDL GA 7.12% 2034,0.0,,0.0,0.01,100,EQ,NSE,NSE
6464,6527745,25499,711MH36-SG,SDL MH 7.11% 2036,0.0,,0.0,0.01,100,EQ,NSE,NSE
6465,6528001,25500,712MP36-SG,SDL MP 7.12% 2036,0.0,,0.0,0.01,100,EQ,NSE,NSE
6466,6528257,25501,712HR36-SG,SDL HR 7.12% 2036,0.0,,0.0,0.01,100,EQ,NSE,NSE
6467,6528513,25502,712MH38-SG,SDL MH 7.12% 2038,0.0,,0.0,0.01,100,EQ,NSE,NSE
6468,6528769,25503,INDOUS,INDO US BIOTECH,0.0,,0.0,0.01,1,EQ,NSE,NSE
6469,6530049,25508,824PHFL28-N0,,0.0,,0.0,0.01,1,EQ,NSE,NSE
6470,6530561,25510,MOTHERSON-D1,,0.0,,0.0,0.05,1,EQ,NSE,NSE
6471,6531073,25512,FLEXITUFF,FLEXITUFF VENTURES INT L,0.0,,0.0,0.01,1,EQ,NSE,NSE
6472,6531329,25513,PHOGLOBAL-SM,PHOENIX OVERSEAS,0.0,,0.0,0.05,2000,EQ,NSE,NSE
6473,6533121,25520,AVIANSH-SM,AVI ANSH TEXTILE,0.0,,0.0,0.05,1000,EQ,NSE,NSE
6474,6534145,25524,BIKEWO-SM,BIKEWO GREEN TECH,0.0,,0.0,0.05,2000,EQ,NSE,NSE
6475,6535169,25528,SDREAMS-SM,S D RETAIL,0.0,,0.0,0.05,1000,EQ,NSE,NSE
6476,6536193,25532,925SCL26E-N1,,0.0,,0.0,0.01,1,EQ,NSE,NSE
6477,6536705,25534,965SCL26F-N1,,0.0,,0.0,0.01,1,EQ,NSE,NSE
6478,6537473,25537,925SCL26F-N1,,0.0,,0.0,0.01,1,EQ,NSE,NSE
6479,6538753,25542,SCL25924-N1,,0.0,,0.0,0.01,1,EQ,NSE,NSE
6480,6539265,25544,SCL25924A-N1,,0.0,,0.0,0.01,1,EQ,NSE,NSE
6481,6539777,25546,940SCL27A-N1,,0.0,,0.0,0.01,1,EQ,NSE,NSE
6482,6540289,25548,990SCL27B-N1,,0.0,,0.0,0.01,1,EQ,NSE,NSE
6483,6540801,25550,902SCL27C-N1,,0.0,,0.0,0.01,1,EQ,NSE,NSE
6484,6541313,25552,948SCL27D-N1,,0.0,,0.0,0.01,1,EQ,NSE,NSE
6485,6541825,25554,SCL25924C-N1,,0.0,,0.0,0.01,1,EQ,NSE,NSE
6486,6542337,25556,SCL25924D-N1,,0.0,,0.0,0.01,1,EQ,NSE,NSE
6487,6542849,25558,1015SCL29B-N1,,0.0,,0.0,0.01,1,EQ,NSE,NSE
6488,6543361,25560,925SCL29C-N1,,0.0,,0.0,0.01,1,EQ,NSE,NSE
6489,6543873,25562,971SCL29B-N1,,0.0,,0.0,0.01,1,EQ,NSE,NSE
6490,6544385,25564,1050SCL31A-N1,,0.0,,0.0,0.01,1,EQ,NSE,NSE
6491,6544897,25566,1003SCL31A-N1,,0.0,,0.0,0.01,1,EQ,NSE,NSE
6492,6545409,25568,1025SCL34C-N1,,0.0,,0.0,0.01,1,EQ,NSE,NSE
6493,6545921,25570,1075SCL34C-N1,,0.0,,0.0,0.01,1,EQ,NSE,NSE
6494,6546433,25572,980SCL34B-N1,,0.0,,0.0,0.01,1,EQ,NSE,NSE
6495,6546945,25574,SHAKTIPUMP,SHAKTI PUMPS (I),0.0,,0.0,0.05,1,EQ,NSE,NSE
6496,6547201,25575,1025SCL34B-N1,,0.0,,0.0,0.01,1,EQ,NSE,NSE
6497,6549505,25584,TRITURBINE,TRIVENI TURBINE,0.0,,0.0,0.05,1,EQ,NSE,NSE
6498,6551297,25591,734SIDBI29-N0,,0.0,,0.0,0.01,1,EQ,NSE,NSE
6499,6551809,25593,79SHFL27-N0,,0.0,,0.0,0.01,1,EQ,NSE,NSE
6500,6552321,25595,AAFS28C-N0,,0.0,,0.0,0.01,1,EQ,NSE,NSE
6501,6552833,25597,MANBA,MANBA FINANCE,0.0,,0.0,0.01,1,EQ,NSE,NSE
6502,6554113,25602,WOL3D-SM,WOL 3D INDIA,0.0,,0.0,0.05,1000,EQ,NSE,NSE
6503,6555137,25606,MOMENTUM50,MOTILALAMC - MOMENTUM50,0.0,,0.0,0.01,1,EQ,NSE,NSE
6504,6556161,25610,RAPPID-SM,RAPPID VALVES (INDIA),0.0,,0.0,0.05,600,EQ,NSE,NSE
6505,6556673,25612,INDOTHAI-BE,INDO THAI SEC,0.0,,0.0,0.05,1,EQ,NSE,NSE
6506,6559233,25622,920HFL30-N0,,0.0,,0.0,0.01,1,EQ,NSE,NSE
6507,6559745,25624,GFL26-N0,,0.0,,0.0,0.01,1,EQ,NSE,NSE
6508,6561025,25629,UYFINCORP-BE,U. Y. FINCORP,0.0,,0.0,0.01,1,EQ,NSE,NSE
6509,6561537,25631,975SIPL27B-N0,,0.0,,0.0,0.01,1,EQ,NSE,NSE
6510,6562049,25633,UNILEX-SM,UNILEX COLOURS AND CHEM L,0.0,,0.0,0.05,1600,EQ,NSE,NSE
6511,6563329,25638,ESSARSHPNG-BE,ESSAR SHIPPING,0.0,,0.0,0.01,1,EQ,NSE,NSE
6512,6563841,25640,LICMFGOLD,LIC MF - LIC GOLD ETF,0.0,,0.0,0.05,1,EQ,NSE,NSE
6513,6564609,25643,KRN,KRN HEAT EXCHANGE N REF L,0.0,,0.0,0.05,1,EQ,NSE,NSE
6514,6565889,25648,THESL-SM,THINKING HATS ENTER SOL L,0.0,,0.0,0.05,3000,EQ,NSE,NSE
6515,6567681,25655,TECHERA-ST,TECHERA ENGINEER (IND) L,0.0,,0.0,0.05,800,EQ,NSE,NSE
6516,6568193,25657,PCPL27-N0,,0.0,,0.0,0.01,1,EQ,NSE,NSE
6517,6569473,25662,950ISF26-N0,,0.0,,0.0,0.01,1,EQ,NSE,NSE
6518,6569985,25664,FORGEAUTO-SM,FORGE AUTO INTERNATION L,0.0,,0.0,0.05,1200,EQ,NSE,NSE
6519,6571009,25668,SAHASRA-SM,SAHASRA ELECTRONIC SOLU L,0.0,,0.0,0.05,400,EQ,NSE,NSE
6520,6572033,25672,DIFFNKG,DIFFUSION ENGINEERS,0.0,,0.0,0.05,1,EQ,NSE,NSE
6521,6573313,25677,DIVYADHAN-SM,DIVYADHAN RECYCLING IND L,0.0,,0.0,0.05,2000,EQ,NSE,NSE
6522,6575105,25684,JISLDVREQS,JAIN DVR EQUITY SHARES,0.0,,0.0,0.01,1,EQ,NSE,NSE
6523,6575361,25685,711AP38-SG,SDL AP 7.11% 2038,0.0,,0.0,0.01,100,EQ,NSE,NSE
6524,6575617,25686,712TS39-SG,SDL TS 7.12% 2039,0.0,,0.0,0.01,100,EQ,NSE,NSE
6525,6576641,25690,DSSL,DYNACONS SYS & SOLN,0.0,,0.0,0.05,1,EQ,NSE,NSE
6526,6576897,25691,713AS39-SG,SDL AS 7.13% 2039,0.0,,0.0,0.01,100,EQ,NSE,NSE
6527,6577153,25692,714TS42-SG,SDL TS 7.14% 2042,0.0,,0.0,0.01,100,EQ,NSE,NSE
6528,6578177,25696,714AP44-SG,SDL AP 7.14% 2044,0.0,,0.0,0.01,100,EQ,NSE,NSE
6529,6578433,25697,715WB44A-SG,SDL WB 7.15% 2044,0.0,,0.0,0.01,100,EQ,NSE,NSE
6530,6578689,25698,714AP48-SG,SDL AP 7.14% 2048,0.0,,0.0,0.01,100,EQ,NSE,NSE
6531,6578945,25699,69KA27-SG,SDL KA 6.9% 2027,0.0,,0.0,0.01,100,EQ,NSE,NSE
6532,6579201,25700,70KA30-SG,SDL KA 7.0% 2030,0.0,,0.0,0.01,100,EQ,NSE,NSE
6533,6579457,25701,711BR33A-SG,SDL BR 7.11% 2033,0.0,,0.0,0.01,100,EQ,NSE,NSE
6534,6579713,25702,71KL34-SG,SDL KL 7.1% 2034,0.0,,0.0,0.01,100,EQ,NSE,NSE
6535,6579969,25703,712ML34-SG,SDL ML 7.12% 2034,0.0,,0.0,0.01,100,EQ,NSE,NSE
6536,6580225,25704,712GA35-SG,SDL GA 7.12% 2035,0.0,,0.0,0.01,100,EQ,NSE,NSE
6537,6580481,25705,712HR36A-SG,SDL HR 7.12% 2036,0.0,,0.0,0.01,100,EQ,NSE,NSE
6538,6580737,25706,0RL34-N0,,0.0,,0.0,0.01,1,EQ,NSE,NSE
6539,6581249,25708,HVAX-SM,HVAX TECHNOLOGIES,0.0,,0.0,0.05,150,EQ,NSE,NSE
6540,6582273,25712,SAJHOTELS-SM,SAJ HOTELS,0.0,,0.0,0.05,2000,EQ,NSE,NSE
6541,6583297,25716,PARAMOUNT-SM,PARAMOUNT DYE TEC,0.0,,0.0,0.05,1200,EQ,NSE,NSE
6542,6583809,25718,POLYMED,POLY MEDICURE,0.0,,0.0,0.1,1,EQ,NSE,NSE
6543,6585345,25724,RUPA,RUPA & COMPANY,0.0,,0.0,0.01,1,EQ,NSE,NSE
6544,6585601,25725,BANKPSU,MIRAEAMC - BANKPSU,0.0,,0.0,0.01,1,EQ,NSE,NSE
6545,6588417,25736,679GS2034-GS,GOI LOAN  6.79% 2034,0.0,,0.0,0.01,1,EQ,NSE,NSE
6546,6589441,25740,SRD-BE,SHANKAR LAL RAMPAL,0.0,,0.0,0.01,1,EQ,NSE,NSE
6547,6589953,25742,878MUTF29-N0,,0.0,,0.0,0.01,1,EQ,NSE,NSE
6548,6590465,25744,METAL,MIRAEAMC - METAL,0.0,,0.0,0.01,1,EQ,NSE,NSE
6549,6593537,25756,VIKASECO,VIKAS ECOTECH,0.0,,0.0,0.01,1,EQ,NSE,NSE
6550,6594049,25758,GROWWDEFNC,GROWWAMC - GROWWDEFNC,0.0,,0.0,0.01,1,EQ,NSE,NSE
6551,6595585,25764,71MH32A-SG,SDL MH 7.1% 2032,0.0,,0.0,0.01,100,EQ,NSE,NSE
6552,6595841,25765,705UK29-SG,SDL UK 7.05% 2029,0.0,,0.0,0.01,100,EQ,NSE,NSE
6553,6596097,25766,71KA32A-SG,SDL KA 7.1% 2032,0.0,,0.0,0.01,100,EQ,NSE,NSE
6554,6596353,25767,712KA33-SG,SDL KA 7.12% 2033,0.0,,0.0,0.01,100,EQ,NSE,NSE
6555,6596609,25768,714BR33-SG,SDL BR 7.14% 2033,0.0,,0.0,0.01,100,EQ,NSE,NSE
6556,6596865,25769,712TN34-SG,SDL TN 7.12% 2034,0.0,,0.0,0.01,100,EQ,NSE,NSE
6557,6597121,25770,713AS34A-SG,SDL AS 7.13% 2034,0.0,,0.0,0.01,100,EQ,NSE,NSE
6558,6597377,25771,714SK34-SG,SDL SK 7.14% 2034,0.0,,0.0,0.01,100,EQ,NSE,NSE
6559,6597633,25772,715MP35-SG,SDL MP 7.15% 2035,0.0,,0.0,0.01,100,EQ,NSE,NSE
6560,6597889,25773,713MH37A-SG,SDL MH 7.13% 2037,0.0,,0.0,0.01,100,EQ,NSE,NSE
6561,6598145,25774,715MZ39-SG,SDL MZ 7.15% 2039,0.0,,0.0,0.01,100,EQ,NSE,NSE
6562,6598401,25775,716JK49-SG,SDL JK 7.16% 2049,0.0,,0.0,0.01,100,EQ,NSE,NSE
6563,6598657,25776,715MP43-SG,SDL MP 7.15% 2043,0.0,,0.0,0.01,100,EQ,NSE,NSE
6564,6599681,25780,APLAPOLLO,APL APOLLO TUBES,0.0,,0.0,0.1,1,EQ,NSE,NSE
6565,6600193,25782,814TPL27-N0,,0.0,,0.0,0.01,1,EQ,NSE,NSE
6566,6601217,25786,KANANIIND,KANANI INDUSTRIES,0.0,,0.0,0.01,1,EQ,NSE,NSE
6567,6603009,25793,805HLICL34-N0,,0.0,,0.0,0.01,1,EQ,NSE,NSE
6568,6604801,25800,GARUDA,GARUDA CONSTRUCT N ENG L,0.0,,0.0,0.01,1,EQ,NSE,NSE
6569,6606081,25805,815PHFL27-N0,,0.0,,0.0,0.01,1,EQ,NSE,NSE
6570,6606593,25807,LLOYDSENT,LLOYDS ENTERPRISES,0.0,,0.0,0.01,1,EQ,NSE,NSE
6571,6607873,25812,12VCCL27A-N0,,0.0,,0.0,0.01,1,EQ,NSE,NSE
6572,6608385,25814,1180VCCL26-N0,,0.0,,0.0,0.01,1,EQ,NSE,NSE
6573,6608897,25816,116VCCL26-N0,,0.0,,0.0,0.01,1,EQ,NSE,NSE
6574,6609409,25818,PRANIK-SM,PRANIK LOGISTICS,0.0,,0.0,0.05,1600,EQ,NSE,NSE
6575,6611201,25825,709RJ35-SG,SDL RJ 7.09% 2035,0.0,,0.0,0.01,100,EQ,NSE,NSE
6576,6611713,25827,709KA35-SG,SDL KA 7.09% 2035,0.0,,0.0,0.01,100,EQ,NSE,NSE
6577,6611969,25828,682GJ27-SG,SDL GJ 6.82% 2027,0.0,,0.0,0.01,100,EQ,NSE,NSE
6578,6612225,25829,708UP32-SG,SDL UP 7.08% 2032,0.0,,0.0,0.01,100,EQ,NSE,NSE
6579,6612481,25830,708HP34-SG,SDL HP 7.08% 2034,0.0,,0.0,0.01,100,EQ,NSE,NSE
6580,6612737,25831,708KA34B-SG,SDL KA 7.08% 2034,0.0,,0.0,0.01,100,EQ,NSE,NSE
6581,6612993,25832,709PY34-SG,SDL PY 7.09% 2034,0.0,,0.0,0.01,100,EQ,NSE,NSE
6582,6613249,25833,711PN44-SG,SDL PN 7.11% 2044,0.0,,0.0,0.01,100,EQ,NSE,NSE
6583,6613505,25834,711TS45-SG,SDL TS 7.11% 2045,0.0,,0.0,0.01,100,EQ,NSE,NSE
6584,6613761,25835,VINCOFE,VINTAGE COFFEE N BVRGS L,0.0,,0.0,0.01,1,EQ,NSE,NSE
6585,6615041,25840,7712TCHF28-N0,,0.0,,0.0,0.01,1,EQ,NSE,NSE
6586,6616065,25844,HYUNDAI,HYUNDAI MOTOR INDIA,0.0,,0.0,0.1,1,EQ,NSE,NSE
6587,6617345,25849,757LICH29-N0,,0.0,,0.0,0.01,1,EQ,NSE,NSE
6588,6617857,25851,VAL30IETF,ICICIPRAMC - VAL30IETF,0.0,,0.0,0.01,1,EQ,NSE,NSE
6589,6618881,25855,AFFORDABLE,AFFORD ROBO & AUTO,0.0,,0.0,0.01,1,EQ,NSE,NSE
6590,6620161,25860,LAKSHYA-SM,LAKSHYA POWERTECH,0.0,,0.0,0.05,800,EQ,NSE,NSE
6591,6621185,25864,975SCL29A-N0,,0.0,,0.0,0.01,1,EQ,NSE,NSE
6592,6621697,25866,925SCL26G-N0,,0.0,,0.0,0.01,1,EQ,NSE,NSE
6593,6622209,25868,FRESHARA-SM,FRESHARA AGRO EXPORTS,0.0,,0.0,0.05,600,EQ,NSE,NSE
6594,6623233,25872,GROWWGOLD,GROWWAMC - GROWWGOLD,0.0,,0.0,0.01,1,EQ,NSE,NSE
6595,6624257,25876,MORARJEE-BZ,MORARJEE TEXTILES,0.0,,0.0,0.01,1,EQ,NSE,NSE
6596,6624769,25878,ANKITMETAL-BZ,ANKIT MET & POW,0.0,,0.0,0.01,1,EQ,NSE,NSE
6597,6625025,25879,BFUTILITIE-BZ,BF UTILITIES,0.0,,0.0,0.05,1,EQ,NSE,NSE
6598,6625537,25881,IMPEXFERRO-BZ,IMPEX FERRO TECH,0.0,,0.0,0.01,1,EQ,NSE,NSE
6599,6625793,25882,MEP-BZ,MEP INFRA. DEVELOPERS,0.0,,0.0,0.01,1,EQ,NSE,NSE
6600,6626049,25883,711BR33B-SG,SDL BR 7.11% 2033,0.0,,0.0,0.01,100,EQ,NSE,NSE
6601,6626305,25884,710KA35-SG,SDL KA 7.10% 2035,0.0,,0.0,0.01,100,EQ,NSE,NSE
6602,6626561,25885,712GA34A-SG,SDL GA 7.12% 2034,0.0,,0.0,0.01,100,EQ,NSE,NSE
6603,6626817,25886,700TN29-SG,SDL TN 7.00% 2029,0.0,,0.0,0.01,100,EQ,NSE,NSE
6604,6627841,25890,744SIDBI28-N0,,0.0,,0.0,0.01,1,EQ,NSE,NSE
6605,6628353,25892,DBEIL,DEEPAK BUILDERS & ENG I L,0.0,,0.0,0.01,1,EQ,NSE,NSE
6606,6629633,25897,MINDACORP,MINDA CORPORATION,0.0,,0.0,0.05,1,EQ,NSE,NSE
6607,6629889,25898,PREMIUM-SM,PREMIUM PLAST,0.0,,0.0,0.05,3000,EQ,NSE,NSE
6608,6631681,25905,708PGC34-N0,,0.0,,0.0,0.01,1,EQ,NSE,NSE
6609,6632193,25907,WAAREEENER,WAAREE ENERGIES,0.0,,0.0,0.1,1,EQ,NSE,NSE
6610,6633473,25912,1015UCL26-N1,,0.0,,0.0,0.01,1,EQ,NSE,NSE
6611,6633985,25914,1025UCL26A-N1,,0.0,,0.0,0.01,1,EQ,NSE,NSE
6612,6634497,25916,1040UCL27B-N1,,0.0,,0.0,0.01,1,EQ,NSE,NSE
6613,6635009,25918,OCCLLTD,OCCL,0.0,,0.0,0.01,1,EQ,NSE,NSE
6614,6636289,25923,OBSCP-SM,OBSC PERFECTION,0.0,,0.0,0.05,400,EQ,NSE,NSE
6615,6637313,25927,DANISH-SM,DANISH POWER,0.0,,0.0,0.05,150,EQ,NSE,NSE
6616,6638337,25931,712INBK34-N0,,0.0,,0.0,0.01,1,EQ,NSE,NSE
6617,6638849,25933,7875NIIF30-N0,,0.0,,0.0,0.01,1,EQ,NSE,NSE
6618,6639361,25935,UHTL-SM,UNITED HEAT TRANSFER,0.0,,0.0,0.05,2000,EQ,NSE,NSE
6619,6640385,25939,7798LTFH29-N0,,0.0,,0.0,0.01,1,EQ,NSE,NSE
6620,6640897,25941,GODAVARIB,GODAVARI BIOREFINERIES L,0.0,,0.0,0.01,1,EQ,NSE,NSE
6621,6642177,25946,835TCSL27-N0,,0.0,,0.0,0.01,1,EQ,NSE,NSE
6622,6642689,25948,765SHFL29-N0,,0.0,,0.0,0.01,1,EQ,NSE,NSE
6623,6643201,25950,SIHF27-N0,,0.0,,0.0,0.01,1,EQ,NSE,NSE
6624,6643713,25952,USHAFIN-SM,USHA FINANCIAL SERVICES L,0.0,,0.0,0.05,1600,EQ,NSE,NSE
6625,6644737,25956,713TN34-SG,SDL TN 7.13% 2034,0.0,,0.0,0.01,100,EQ,NSE,NSE
6626,6644993,25957,713RJ34-SG,SDL RJ 7.13% 2034,0.0,,0.0,0.01,100,EQ,NSE,NSE
6627,6645249,25958,715BR34-SG,SDL BR 7.15% 2034,0.0,,0.0,0.01,100,EQ,NSE,NSE
6628,6645505,25959,715KA36-SG,SDL KA 7.15% 2036,0.0,,0.0,0.01,100,EQ,NSE,NSE
6629,6645761,25960,715KL39-SG,SDL KL 7.15% 2039,0.0,,0.0,0.01,100,EQ,NSE,NSE
6630,6646017,25961,715MN39-SG,SDL MN 7.15% 2039,0.0,,0.0,0.01,100,EQ,NSE,NSE
6631,6646273,25962,715AP39-SG,SDL AP 7.15% 2039,0.0,,0.0,0.01,100,EQ,NSE,NSE
6632,6646529,25963,717AP43-SG,SDL AP 7.17% 2043,0.0,,0.0,0.01,100,EQ,NSE,NSE
6633,6646785,25964,717PN44-SG,SDL PN 7.17% 2044,0.0,,0.0,0.01,100,EQ,NSE,NSE
6634,6647041,25965,716RJ45-SG,SDL RJ 7.16% 2045,0.0,,0.0,0.01,100,EQ,NSE,NSE
6635,6647297,25966,716AP47-SG,SDL AP 7.16% 2047,0.0,,0.0,0.01,100,EQ,NSE,NSE
6636,6647553,25967,716TS47-SG,SDL TS 7.16% 2047,0.0,,0.0,0.01,100,EQ,NSE,NSE
6637,6647809,25968,716TS49-SG,SDL TS 7.16% 2049,0.0,,0.0,0.01,100,EQ,NSE,NSE
6638,6648065,25969,716TN54-SG,SDL TN 7.16% 2054,0.0,,0.0,0.01,100,EQ,NSE,NSE
6639,6650113,25977,AFCONS,AFCONS INFRASTRUCTURE,0.0,,0.0,0.05,1,EQ,NSE,NSE
6640,6651393,25982,758SDIL31-N0,,0.0,,0.0,0.01,1,EQ,NSE,NSE
6641,6651905,25984,AVL,ADITYA VISION,0.0,,0.0,0.05,1,EQ,NSE,NSE
6642,6653185,25989,732IREDA29-N0,,0.0,,0.0,0.01,1,EQ,NSE,NSE
6643,6654977,25996,EMULTIMQ,EDELAMC - EMULTIMQ,0.0,,0.0,0.01,1,EQ,NSE,NSE
6644,6912001,27000,702TN29-SG,SDL TN 7.02% 2029,0.0,,0.0,0.01,100,EQ,NSE,NSE
6645,6912257,27001,706UK30A-SG,SDL UK 7.06% 2030,0.0,,0.0,0.01,100,EQ,NSE,NSE
6646,6912513,27002,713BR34-SG,SDL BR 7.13% 2034,0.0,,0.0,0.01,100,EQ,NSE,NSE
6647,6912769,27003,712TN34A-SG,SDL TN 7.12% 2034,0.0,,0.0,0.01,100,EQ,NSE,NSE
6648,6913025,27004,713HR36A-SG,SDL HR 7.13% 2036,0.0,,0.0,0.01,100,EQ,NSE,NSE
6649,6913281,27005,715KL40-SG,SDL KL 7.15% 2040,0.0,,0.0,0.01,100,EQ,NSE,NSE
6650,6913537,27006,715MZ40-SG,SDL MZ 7.15% 2040,0.0,,0.0,0.01,100,EQ,NSE,NSE
6651,6913793,27007,715AP42-SG,SDL AP 7.15% 2042,0.0,,0.0,0.01,100,EQ,NSE,NSE
6652,6914049,27008,HEXATRADEX,HEXA TRADEX,0.0,,0.0,0.01,1,EQ,NSE,NSE
6653,6914305,27009,715AP47-SG,SDL AP 7.15% 2047,0.0,,0.0,0.01,100,EQ,NSE,NSE
6654,6917121,27020,ABINFRA,A B INFRABUILD,0.0,,0.0,0.01,1,EQ,NSE,NSE
6655,6917377,27021,890BTL34-N0,,0.0,,0.0,0.01,1,EQ,NSE,NSE
6656,6917889,27023,865BTL27-N0,,0.0,,0.0,0.01,1,EQ,NSE,NSE
6657,6918401,27025,890BTL31-N0,,0.0,,0.0,0.01,1,EQ,NSE,NSE
6658,6918913,27027,825BTL27-N0,,0.0,,0.0,0.01,1,EQ,NSE,NSE
6659,6919425,27029,875BTL28-N0,,0.0,,0.0,0.01,1,EQ,NSE,NSE
6660,6919937,27031,875BTL29-N0,,0.0,,0.0,0.01,1,EQ,NSE,NSE
6661,6920449,27033,78241ABH29-N0,,0.0,,0.0,0.01,1,EQ,NSE,NSE
6662,6920961,27035,747IIFCL27-N0,,0.0,,0.0,0.01,1,EQ,NSE,NSE
6663,6921473,27037,TBZ,TRIB BHIMJI ZAVERI,0.0,,0.0,0.01,1,EQ,NSE,NSE
6664,6921729,27038,726IIFCL34-N0,,0.0,,0.0,0.01,1,EQ,NSE,NSE
6665,6924033,27047,MASTERTR,MASTER TRUST,0.0,,0.0,0.01,1,EQ,NSE,NSE
6666,6925313,27052,SAGILITY,SAGILITY,0.0,,0.0,0.01,1,EQ,NSE,NSE
6667,6926593,27057,709RL39-N0,,0.0,,0.0,0.01,1,EQ,NSE,NSE
6668,6927105,27059,734RL30-N0,,0.0,,0.0,0.01,1,EQ,NSE,NSE
6669,6927617,27061,ACMESOLAR,ACME SOLAR HOLDINGS,0.0,,0.0,0.01,1,EQ,NSE,NSE
6670,6928897,27066,SWIGGY,SWIGGY,0.0,,0.0,0.05,1,EQ,NSE,NSE
6671,6929153,27067,VSSL,VARDHMAN SPC STEEL,0.0,,0.0,0.05,1,EQ,NSE,NSE
6672,6931201,27075,LIQUIDPLUS,MIRAEAMC - LIQUIDPLUS,0.0,,0.0,0.01,1,EQ,NSE,NSE
6673,6932225,27079,KPEL,K.P. ENERGY,0.0,,0.0,0.05,1,EQ,NSE,NSE
6674,6933505,27084,KMEW,KNOWLEDGE MARINE & EN W L,0.0,,0.0,0.1,1,EQ,NSE,NSE
6675,6935553,27092,850CIFL34-N0,,0.0,,0.0,0.01,1,EQ,NSE,NSE
6676,6936065,27094,776FEDB34-N0,,0.0,,0.0,0.01,1,EQ,NSE,NSE
6677,6936321,27095,SWANCORP,SWAN CORP,0.0,,0.0,0.05,1,EQ,NSE,NSE
6678,6936833,27097,NIVABUPA,NIVA BUPA HEALTH INS CO L,0.0,,0.0,0.01,1,EQ,NSE,NSE
6679,6939393,27107,SPECIALITY,SPECIALITY REST,0.0,,0.0,0.01,1,EQ,NSE,NSE
6680,6940929,27113,705GJ31-SG,SDL GJ 7.05% 2031,0.0,,0.0,0.01,100,EQ,NSE,NSE
6681,6941185,27114,708GJ33-SG,SDL GJ 7.08% 2033,0.0,,0.0,0.01,100,EQ,NSE,NSE
6682,6941441,27115,713TS39-SG,SDL TS 7.13% 2039,0.0,,0.0,0.01,100,EQ,NSE,NSE
6683,6941697,27116,713HP39-SG,SDL HP 7.13% 2039,0.0,,0.0,0.01,100,EQ,NSE,NSE
6684,6941953,27117,712HR37-SG,SDL HR 7.12% 2037,0.0,,0.0,0.01,100,EQ,NSE,NSE
6685,6942977,27121,715IRFC39-N0,,0.0,,0.0,0.01,1,EQ,NSE,NSE
6686,6943489,27123,NEELAM-SM,NEELAM LINENS & GAR (I) L,0.0,,0.0,0.05,6000,EQ,NSE,NSE
6687,6944513,27127,692GS2039-GS,GOI LOAN   6.92% 2039,0.0,,0.0,0.01,1,EQ,NSE,NSE
6688,6944769,27128,723SBI39-N0,,0.0,,0.0,0.01,1,EQ,NSE,NSE
6689,6945281,27130,714NHB34-N0,,0.0,,0.0,0.01,1,EQ,NSE,NSE
6690,6945793,27132,920DCBBL34-N0,,0.0,,0.0,0.01,1,EQ,NSE,NSE
6691,6946305,27134,1020CCSP27-N0,,0.0,,0.0,0.01,1,EQ,NSE,NSE
6692,6946817,27136,ONYX-SM,ONYX BIOTEC,0.0,,0.0,0.05,2000,EQ,NSE,NSE
6693,6948865,27144,BLACKBUCK,BLACKBUCK,0.0,,0.0,0.05,1,EQ,NSE,NSE
6694,6950145,27149,713BR34A-SG,SDL BR 7.13% 2034,0.0,,0.0,0.01,100,EQ,NSE,NSE
6695,6950401,27150,713GA34-SG,SDL GA 7.13% 2034,0.0,,0.0,0.01,100,EQ,NSE,NSE
6696,6950657,27151,708KL31-SG,SDL KL 7.08% 2031,0.0,,0.0,0.01,100,EQ,NSE,NSE
6697,6950913,27152,715OR38-SG,SDL OR 7.15% 2038,0.0,,0.0,0.01,100,EQ,NSE,NSE
6698,6951169,27153,711TN34-SG,SDL TN 7.11% 2034,0.0,,0.0,0.01,100,EQ,NSE,NSE
6699,6951425,27154,710UP32-SG,SDL UP 7.10% 2032,0.0,,0.0,0.01,100,EQ,NSE,NSE
6700,6952449,27158,770SHFL29-N0,,0.0,,0.0,0.01,1,EQ,NSE,NSE
6701,6952961,27160,810GIL28-N0,,0.0,,0.0,0.01,1,EQ,NSE,NSE
6702,6953217,27161,CINELINE,CINELINE INDIA,0.0,,0.0,0.01,1,EQ,NSE,NSE
6703,6953729,27163,815GIL29-N0,,0.0,,0.0,0.01,1,EQ,NSE,NSE
6704,6955009,27168,975SIPL29-N0,,0.0,,0.0,0.01,1,EQ,NSE,NSE
6705,6955521,27170,709GS2074-GS,GOI LOAN   7.09% 2074,0.0,,0.0,0.01,1,EQ,NSE,NSE
6706,6955777,27171,RACLGEAR,RACL GEARTECH,0.0,,0.0,0.1,1,EQ,NSE,NSE
6707,6957057,27176,NTPCGREEN,NTPC GREEN ENERGY,0.0,,0.0,0.01,1,EQ,NSE,NSE
6708,6958337,27181,722UCL34-N0,,0.0,,0.0,0.01,1,EQ,NSE,NSE
6709,6958849,27183,705GJ29-SG,SDL GJ 7.05% 2029,0.0,,0.0,0.01,100,EQ,NSE,NSE
6710,6959105,27184,707KA29-SG,SDL KA 7.07% 2029,0.0,,0.0,0.01,100,EQ,NSE,NSE
6711,6959361,27185,709KA30A-SG,SDL KA 7.09% 2030,0.0,,0.0,0.01,100,EQ,NSE,NSE
6712,6959617,27186,71TN32A-SG,SDL TN 7.1% 2032,0.0,,0.0,0.01,100,EQ,NSE,NSE
6713,6959873,27187,714AP34A-SG,SDL AP 7.14% 2034,0.0,,0.0,0.01,100,EQ,NSE,NSE
6714,6960129,27188,718BR34-SG,SDL BR 7.18% 2034,0.0,,0.0,0.01,100,EQ,NSE,NSE
6715,6960385,27189,716RJ34-SG,SDL RJ 7.16% 2034,0.0,,0.0,0.01,100,EQ,NSE,NSE
6716,6960641,27190,714TN34-SG,SDL TN 7.14% 2034,0.0,,0.0,0.01,100,EQ,NSE,NSE
6717,6962433,27197,717GA35-SG,SDL GA 7.17% 2035,0.0,,0.0,0.01,100,EQ,NSE,NSE
6718,6962689,27198,719UP36-SG,SDL UP 7.19% 2036,0.0,,0.0,0.01,100,EQ,NSE,NSE
6719,6962945,27199,719HR37-SG,SDL HR 7.19% 2037,0.0,,0.0,0.01,100,EQ,NSE,NSE
6720,6963201,27200,719MP38-SG,SDL MP 7.19% 2038,0.0,,0.0,0.01,100,EQ,NSE,NSE
6721,6963457,27201,718RJ38-SG,SDL RJ 7.18% 2038,0.0,,0.0,0.01,100,EQ,NSE,NSE
6722,6963713,27202,718WB39-SG,SDL WB 7.18% 2039,0.0,,0.0,0.01,100,EQ,NSE,NSE
6723,6963969,27203,718AP40A-SG,SDL AP 7.18% 2040,0.0,,0.0,0.01,100,EQ,NSE,NSE
6724,6964225,27204,718WB41-SG,SDL WB 7.18% 2041,0.0,,0.0,0.01,100,EQ,NSE,NSE
6725,6964481,27205,716AR44-SG,SDL AR 7.16% 2044,0.0,,0.0,0.01,100,EQ,NSE,NSE
6726,6964737,27206,716MP44-SG,SDL MP 7.16% 2044,0.0,,0.0,0.01,100,EQ,NSE,NSE
6727,6964993,27207,716TN54A-SG,SDL TN 7.16% 2054,0.0,,0.0,0.01,100,EQ,NSE,NSE
6728,6966017,27211,751SIDBI28-N0,,0.0,,0.0,0.01,1,EQ,NSE,NSE
6729,6966529,27213,EIEL,ENVIRO INFRA ENGINEERS L,0.0,,0.0,0.01,1,EQ,NSE,NSE
6730,6967809,27218,LAMOSAIC-SM,LAMOSAIC INDIA,0.0,,0.0,0.05,600,EQ,NSE,NSE
6731,6969857,27226,737IREDA31-N0,,0.0,,0.0,0.01,1,EQ,NSE,NSE
6732,6980097,27266,ITTL-ST,INNOVATIVE TYRE & TUBE LT,0.0,,0.0,0.05,105,EQ,NSE,NSE
6733,6980353,27267,815PNB27-N0,,0.0,,0.0,0.01,1,EQ,NSE,NSE
6734,6980865,27269,RAJPUTANA-SM,RAJPUTANA BIODIESEL,0.0,,0.0,0.05,500,EQ,NSE,NSE
6735,6981889,27273,679GS2034A-GS,GOI LOAN   6.79% 2034,0.0,,0.0,0.01,1,EQ,NSE,NSE
6736,6982913,27277,C2C-ST,C2C ADVANCED SYSTEMS,0.0,,0.0,0.05,150,EQ,NSE,NSE
6737,6983169,27278,741BOI34-N0,,0.0,,0.0,0.01,1,EQ,NSE,NSE
6738,6983681,27280,774LICH27-N0,,0.0,,0.0,0.01,1,EQ,NSE,NSE
6739,6984193,27282,778SHFL28-N0,,0.0,,0.0,0.01,1,EQ,NSE,NSE
6740,6984705,27284,ABHAPOWER-SM,ABHA POWER N STEEL,0.0,,0.0,0.05,1600,EQ,NSE,NSE
6741,6985729,27288,APEXECO-SM,APEX ECOTECH,0.0,,0.0,0.05,800,EQ,NSE,NSE
6742,6986753,27292,892CIFL34-N0,,0.0,,0.0,0.01,1,EQ,NSE,NSE
6743,6988033,27297,RTNINDIA,RATTANINDIA ENT,0.0,,0.0,0.01,1,EQ,NSE,NSE
6744,6989569,27303,SAMPANN,SAMPANN UTPADAN INDIA,0.0,,0.0,0.01,1,EQ,NSE,NSE
6745,6989825,27304,793NIIF30-N0,,0.0,,0.0,0.01,1,EQ,NSE,NSE
6746,6991105,27309,AGARWALTUF-SM,AGARWAL TOUGH GLASS IND L,0.0,,0.0,0.05,1200,EQ,NSE,NSE
6747,6992129,27313,711HP34-SG,SDL HP 7.11% 2034,0.0,,0.0,0.01,100,EQ,NSE,NSE
6748,6992385,27314,708RJ34-SG,SDL RJ 7.08% 2034,0.0,,0.0,0.01,100,EQ,NSE,NSE
6749,6992641,27315,712KL35-SG,SDL KL 7.12% 2035,0.0,,0.0,0.01,100,EQ,NSE,NSE
6750,6992897,27316,711AP38A-SG,SDL AP 7.11% 2038,0.0,,0.0,0.01,100,EQ,NSE,NSE
6751,6993153,27317,710JK44-SG,SDL JK 7.10% 2044,0.0,,0.0,0.01,100,EQ,NSE,NSE
6752,6993409,27318,712AS34-SG,SDL AS 7.12% 2034,0.0,,0.0,0.01,100,EQ,NSE,NSE
6753,6993665,27319,713BR34B-SG,SDL BR 7.13% 2034,0.0,,0.0,0.01,100,EQ,NSE,NSE
6754,6993921,27320,708PN34-SG,SDL PN 7.08% 2034,0.0,,0.0,0.01,100,EQ,NSE,NSE
6755,6994177,27321,708TN34-SG,SDL TN 7.08% 2034,0.0,,0.0,0.01,100,EQ,NSE,NSE
6756,6994433,27322,712PN36-SG,SDL PN 7.12% 2036,0.0,,0.0,0.01,100,EQ,NSE,NSE
6757,6994689,27323,711AP39-SG,SDL AP 7.11% 2039,0.0,,0.0,0.01,100,EQ,NSE,NSE
6758,6994945,27324,710TS44-SG,SDL TS 7.10% 2044,0.0,,0.0,0.01,100,EQ,NSE,NSE
6759,6995201,27325,710TS45-SG,SDL TS 7.10% 2045,0.0,,0.0,0.01,100,EQ,NSE,NSE
6760,6995457,27326,696TN28-SG,SDL TN 6.96% 2028,0.0,,0.0,0.01,100,EQ,NSE,NSE
6761,6995713,27327,704GJ32-SG,SDL GJ 7.04% 2032,0.0,,0.0,0.01,100,EQ,NSE,NSE
6762,6995969,27328,710AP34-SG,SDL AP 7.10% 2034,0.0,,0.0,0.01,100,EQ,NSE,NSE
6763,6996737,27331,364D041225-TB,GOI TBILL 364D-04/12/25,0.0,,0.0,0.01,100,EQ,NSE,NSE
6764,6997505,27334,SURAKSHA,SURAKSHA DIAGNOSTIC,0.0,,0.0,0.05,1,EQ,NSE,NSE
6765,6998785,27339,GANESHIN-SM,GANESH INFRAWORLD,0.0,,0.0,0.05,800,EQ,NSE,NSE
6766,7002369,27353,ROSSTECH,ROSSELL TECHSYS,0.0,,0.0,0.05,1,EQ,NSE,NSE
6767,7008257,27376,719LT34-N0,,0.0,,0.0,0.01,1,EQ,NSE,NSE
6768,7013377,27396,818TPL27-N0,,0.0,,0.0,0.01,1,EQ,NSE,NSE
6769,7015681,27405,664GS2027-GS,GOI LOAN   6.64% 2027,0.0,,0.0,0.01,1,EQ,NSE,NSE
6770,7016449,27408,935TSI29-N0,,0.0,,0.0,0.01,1,EQ,NSE,NSE
6771,7019777,27421,935TSIIC28-N0,,0.0,,0.0,0.01,1,EQ,NSE,NSE
6772,7022337,27431,935TSI32-N0,,0.0,,0.0,0.01,1,EQ,NSE,NSE
6773,7024897,27441,935TSI34-N0,,0.0,,0.0,0.01,1,EQ,NSE,NSE
6774,7026689,27448,935TSI30-N0,,0.0,,0.0,0.01,1,EQ,NSE,NSE
6775,7046657,27526,935TSIIC33-N0,,0.0,,0.0,0.01,1,EQ,NSE,NSE
6776,7049473,27537,935TSI27-N0,,0.0,,0.0,0.01,1,EQ,NSE,NSE
6777,7053569,27553,935TSI31-N0,,0.0,,0.0,0.01,1,EQ,NSE,NSE
6778,7059201,27575,ODIGMA-BE,ODIGMA CONSULTANCY SOL L,0.0,,0.0,0.01,1,EQ,NSE,NSE
6779,7065089,27598,711PFCL40-N0,,0.0,,0.0,0.01,1,EQ,NSE,NSE
6780,7069953,27617,710PFCL35-N0,,0.0,,0.0,0.01,1,EQ,NSE,NSE
6781,7073025,27629,ETML-SM,EMERALD TYRE MANUF,0.0,,0.0,0.05,1200,EQ,NSE,NSE
6782,7080961,27660,704GJ33-SG,SDL GJ 7.04% 2033,0.0,,0.0,0.01,100,EQ,NSE,NSE
6783,7081985,27664,710TN34-SG,SDL TN 7.10% 2034,0.0,,0.0,0.01,100,EQ,NSE,NSE
6784,7084033,27672,709HR37-SG,SDL HR 7.09% 2037,0.0,,0.0,0.01,100,EQ,NSE,NSE
6785,7087617,27686,708UP38-SG,SDL UP 7.08% 2038,0.0,,0.0,0.01,100,EQ,NSE,NSE
6786,7088129,27688,708JK46-SG,SDL JK 7.08% 2046,0.0,,0.0,0.01,100,EQ,NSE,NSE
6787,7092225,27704,364D111225-TB,GOI TBILL 364D-11/12/25,0.0,,0.0,0.01,100,EQ,NSE,NSE
6788,7094017,27711,723DMEDL34-N0,,0.0,,0.0,0.01,1,EQ,NSE,NSE
6789,7094529,27713,785ABHFL28-N0,,0.0,,0.0,0.01,1,EQ,NSE,NSE
6790,7097089,27723,DHANLAXMI-SM,DHANLAXMI CROP SCIENCE L,0.0,,0.0,0.05,2000,EQ,NSE,NSE
6791,7104001,27750,769LICH26-N0,,0.0,,0.0,0.01,1,EQ,NSE,NSE
6792,7105025,27754,INNOVANA,INNOVANA THINKLABS,0.0,,0.0,0.05,1,EQ,NSE,NSE
6793,7117569,27803,775LTFL27-N0,,0.0,,0.0,0.01,1,EQ,NSE,NSE
6794,7119617,27811,714EXIM29-N0,,0.0,,0.0,0.01,1,EQ,NSE,NSE
6795,7121665,27819,698GR2054-GS,GOI LOAN   6.98% 2054,0.0,,0.0,0.01,1,EQ,NSE,NSE
6796,7126785,27839,SAILIFE,SAI LIFE SCIENCES,0.0,,0.0,0.05,1,EQ,NSE,NSE
6797,7144193,27907,780SICC29-N0,,0.0,,0.0,0.01,1,EQ,NSE,NSE
6798,7149569,27928,775SFL26-N0,,0.0,,0.0,0.01,1,EQ,NSE,NSE
6799,7151105,27934,965SFL27-N0,,0.0,,0.0,0.01,1,EQ,NSE,NSE
6800,7155457,27951,709IRFC34-N0,,0.0,,0.0,0.01,1,EQ,NSE,NSE
6801,7160065,27969,VMM,VISHAL MEGA MART,0.0,,0.0,0.01,1,EQ,NSE,NSE
6802,7179265,28044,PURPLEUTED-ST,PURPLE UNITED SALES,0.0,,0.0,0.05,250,EQ,NSE,NSE
6803,7179777,28046,MOBIKWIK,ONE MOBIKWIK SYSTEMS,0.0,,0.0,0.01,1,EQ,NSE,NSE
6804,7185665,28069,SFML-SM,SUPREME FACILITY MGMT,0.0,,0.0,0.05,1600,EQ,NSE,NSE
6805,7195905,28109,790LTFL34-N0,,0.0,,0.0,0.01,1,EQ,NSE,NSE
6806,7200001,28125,IKS,INVENTURUS KNOWLEDGE SO L,0.0,,0.0,0.1,1,EQ,NSE,NSE
6807,7214081,28180,697TN28-SG,SDL TN 6.97% 2028,0.0,,0.0,0.01,100,EQ,NSE,NSE
6808,7220481,28205,711ML33-SG,SDL ML 7.11% 2033,0.0,,0.0,0.01,100,EQ,NSE,NSE
6809,7222017,28211,711RJ34-SG,SDL RJ 7.11% 2034,0.0,,0.0,0.01,100,EQ,NSE,NSE
6810,7222529,28213,712BR34-SG,SDL BR 7.12% 2034,0.0,,0.0,0.01,100,EQ,NSE,NSE
6811,7224321,28220,711KA35-SG,SDL KA 7.11% 2035,0.0,,0.0,0.01,100,EQ,NSE,NSE
6812,7225857,28226,712HP36-SG,SDL HP 7.12% 2036,0.0,,0.0,0.01,100,EQ,NSE,NSE
6813,7227649,28233,712KA36-SG,SDL KA 7.12% 2036,0.0,,0.0,0.01,100,EQ,NSE,NSE
6814,7228161,28235,712RJ39-SG,SDL RJ 7.12% 2039,0.0,,0.0,0.01,100,EQ,NSE,NSE
6815,7229697,28241,713MZ39-SG,SDL MZ 7.13% 2039,0.0,,0.0,0.01,100,EQ,NSE,NSE
6816,7232001,28250,713WB40-SG,SDL WB 7.13% 2040,0.0,,0.0,0.01,100,EQ,NSE,NSE
6817,7233537,28256,710KL42-SG,SDL KL 7.10% 2042,0.0,,0.0,0.01,100,EQ,NSE,NSE
6818,7234561,28260,711AR44-SG,SDL AR 7.11% 2044,0.0,,0.0,0.01,100,EQ,NSE,NSE
6819,7236353,28267,710RJ46-SG,SDL RJ 7.10% 2046,0.0,,0.0,0.01,100,EQ,NSE,NSE
6820,7237633,28272,710TS46-SG,SDL TS 7.10% 2046,0.0,,0.0,0.01,100,EQ,NSE,NSE
6821,7238913,28277,710TS47-SG,SDL TS 7.10% 2047,0.0,,0.0,0.01,100,EQ,NSE,NSE
6822,7239169,28278,710JK49-SG,SDL JK 7.10% 2049,0.0,,0.0,0.01,100,EQ,NSE,NSE
6823,7239425,28279,710TN54-SG,SDL TN 7.10% 2054,0.0,,0.0,0.01,100,EQ,NSE,NSE
6824,7247617,28311,364D181225-TB,GOI TBILL 364D-18/12/25,0.0,,0.0,0.01,100,EQ,NSE,NSE
6825,7248385,28314,ANUHPHR,ANUH PHARMA,0.0,,0.0,0.01,1,EQ,NSE,NSE
6826,7262977,28371,714NPC39-N0,,0.0,,0.0,0.01,1,EQ,NSE,NSE
6827,7264769,28378,IGIL,INTERNATIO GEMM INS (I) L,0.0,,0.0,0.05,1,EQ,NSE,NSE
6828,7290625,28479,710RECL35-N0,,0.0,,0.0,0.01,1,EQ,NSE,NSE
6829,7294209,28493,720NHB31-N0,,0.0,,0.0,0.01,1,EQ,NSE,NSE
6830,7296769,28503,816KSFP29-N0,,0.0,,0.0,0.01,1,EQ,NSE,NSE
6831,7300865,28519,803ICPR34-N0,,0.0,,0.0,0.01,1,EQ,NSE,NSE
6832,7303681,28530,675GS2029-GS,GOI LOAN   6.75% 2029,0.0,,0.0,0.01,1,EQ,NSE,NSE
6833,7305985,28539,799TFSIL27-N0,,0.0,,0.0,0.01,1,EQ,NSE,NSE
6834,7308801,28550,774PSB34-N0,,0.0,,0.0,0.01,1,EQ,NSE,NSE
6835,7313665,28569,990IIFL27-N0,,0.0,,0.0,0.01,1,EQ,NSE,NSE
6836,7314945,28574,IDENTICAL-SM,IDENTICAL BRAINS STUDIO L,0.0,,0.0,0.05,2000,EQ,NSE,NSE
6837,7325441,28615,712PGCIL34-N0,,0.0,,0.0,0.01,1,EQ,NSE,NSE
6838,7330561,28635,SRPL-BZ,SHREE RAM PROTEINS,0.0,,0.0,0.01,1,EQ,NSE,NSE
6839,7333377,28646,SUULD-BZ,SUUMAYA INDUSTRIES,0.0,,0.0,0.01,1,EQ,NSE,NSE
6840,7337473,28662,DAMCAPITAL,DAM CAPITAL ADVISORS,0.0,,0.0,0.01,1,EQ,NSE,NSE
6841,7343873,28687,MAMATA,MAMATA MACHINERY,0.0,,0.0,0.05,1,EQ,NSE,NSE
6842,7350785,28714,TRANSRAILL,TRANSRAIL LIGHTING,0.0,,0.0,0.05,1,EQ,NSE,NSE
6843,7363585,28764,CEWATER,CONCORD ENVIRO SYSTEMS L,0.0,,0.0,0.05,1,EQ,NSE,NSE
6844,7369217,28786,716PFCL40-N0,,0.0,,0.0,0.01,1,EQ,NSE,NSE
6845,7370497,28791,74PFCL30-N0,,0.0,,0.0,0.01,1,EQ,NSE,NSE
6846,7371521,28795,748SIDBI29-N0,,0.0,,0.0,0.01,1,EQ,NSE,NSE
6847,7372033,28797,770TPREL34-N0,,0.0,,0.0,0.01,1,EQ,NSE,NSE
6848,7372545,28799,805NIT32-N0,,0.0,,0.0,0.01,1,EQ,NSE,NSE
6849,7373057,28801,NMSTEEL-SM,NEWMALAYALAM STEEL,0.0,,0.0,0.05,1600,EQ,NSE,NSE
6850,7374081,28805,SANATHAN,SANATHAN TEXTILES,0.0,,0.0,0.05,1,EQ,NSE,NSE
6851,7375873,28812,364D261225-TB,GOI TBILL 364D-26/12/25,0.0,,0.0,0.01,100,EQ,NSE,NSE
6852,7376129,28813,719AS34-SG,SDL AS 7.19% 2034,0.0,,0.0,0.01,100,EQ,NSE,NSE
6853,7376385,28814,715BR34A-SG,SDL BR 7.15% 2034,0.0,,0.0,0.01,100,EQ,NSE,NSE
6854,7376641,28815,711GJ33-SG,SDL GJ 7.11% 2033,0.0,,0.0,0.01,100,EQ,NSE,NSE
6855,7376897,28816,716HR37-SG,SDL HR 7.16% 2037,0.0,,0.0,0.01,100,EQ,NSE,NSE
6856,7377153,28817,714JK51-SG,SDL JK 7.14% 2051,0.0,,0.0,0.01,100,EQ,NSE,NSE
6857,7377409,28818,716KA40-SG,SDL KA 7.16% 2040,0.0,,0.0,0.01,100,EQ,NSE,NSE
6858,7377665,28819,717MP41-SG,SDL MP 7.17% 2041,0.0,,0.0,0.01,100,EQ,NSE,NSE
6859,7377921,28820,714MP45-SG,SDL MP 7.14% 2045,0.0,,0.0,0.01,100,EQ,NSE,NSE
6860,7378177,28821,715MN39A-SG,SDL MN 7.15% 2039,0.0,,0.0,0.01,100,EQ,NSE,NSE
6861,7378433,28822,715NL34-SG,SDL NL 7.15% 2034,0.0,,0.0,0.01,100,EQ,NSE,NSE
6862,7378689,28823,714PY35-SG,SDL PY 7.14% 2035,0.0,,0.0,0.01,100,EQ,NSE,NSE
6863,7378945,28824,703TN29A-SG,SDL TN 7.03% 2029,0.0,,0.0,0.01,100,EQ,NSE,NSE
6864,7379201,28825,711TN34A-SG,SDL TN 7.11% 2034,0.0,,0.0,0.01,100,EQ,NSE,NSE
6865,7379457,28826,714TN44-SG,SDL TN 7.14% 2044,0.0,,0.0,0.01,100,EQ,NSE,NSE
6866,7379713,28827,716UP39-SG,SDL UP 7.16% 2039,0.0,,0.0,0.01,100,EQ,NSE,NSE
6867,7379969,28828,715UK30-SG,SDL UK 7.15% 2030,0.0,,0.0,0.01,100,EQ,NSE,NSE
6868,7380225,28829,716WB39-SG,SDL WB 7.16% 2039,0.0,,0.0,0.01,100,EQ,NSE,NSE
6869,7380737,28831,717WB42-SG,SDL WB 7.17% 2042,0.0,,0.0,0.01,100,EQ,NSE,NSE
6870,7383041,28840,7685TCHF28-N0,,0.0,,0.0,0.01,1,EQ,NSE,NSE
6871,7384833,28847,VENTIVE,VENTIVE HOSPITALITY,0.0,,0.0,0.05,1,EQ,NSE,NSE
6872,7386113,28852,885IHL26-N1,,0.0,,0.0,0.01,1,EQ,NSE,NSE
6873,7386625,28854,IHFL261224-N1,,0.0,,0.0,0.01,1,EQ,NSE,NSE
6874,7387137,28856,865IHFL27-N1,,0.0,,0.0,0.01,1,EQ,NSE,NSE
6875,7387649,28858,9IHFL27-N1,,0.0,,0.0,0.01,1,EQ,NSE,NSE
6876,7388417,28861,IHF261224-N1,,0.0,,0.0,0.01,1,EQ,NSE,NSE
6877,7388929,28863,PROZONER-BE,PROZONE REALTY,0.0,,0.0,0.01,1,EQ,NSE,NSE
6878,7390465,28869,89IHFL29-N1,,0.0,,0.0,0.01,1,EQ,NSE,NSE
6879,7391233,28872,925IHFL29-N1,,0.0,,0.0,0.01,1,EQ,NSE,NSE
6880,7391745,28874,IHF261224A-N1,,0.0,,0.0,0.01,1,EQ,NSE,NSE
6881,7392257,28876,925IHFL31-N1,,0.0,,0.0,0.01,1,EQ,NSE,NSE
6882,7393025,28879,CARRARO,CARRARO INDIA,0.0,,0.0,0.05,1,EQ,NSE,NSE
6883,7395329,28888,SENORES,SENORES PHARMACEUTICALS L,0.0,,0.0,0.05,1,EQ,NSE,NSE
6884,7396865,28894,679GS2031-GS,GOI LOAN   6.79% 2031,0.0,,0.0,0.01,1,EQ,NSE,NSE
6885,7397121,28895,715IRFC34-N0,,0.0,,0.0,0.01,1,EQ,NSE,NSE
6886,7397633,28897,925SCL26Z-N1,,0.0,,0.0,0.01,1,EQ,NSE,NSE
6887,7397889,28898,965SCL26Y-N1,,0.0,,0.0,0.01,1,EQ,NSE,NSE
6888,7398145,28899,KITEX,KITEX GARMENTS,0.0,,0.0,0.01,1,EQ,NSE,NSE
6889,7398401,28900,888SCL26X-N1,,0.0,,0.0,0.01,1,EQ,NSE,NSE
6890,7398657,28901,925SCL26W-N1,,0.0,,0.0,0.01,1,EQ,NSE,NSE
6891,7399937,28906,MAYURUNIQ,MAYUR UNIQUOTERS,0.0,,0.0,0.05,1,EQ,NSE,NSE
6892,7400193,28907,SCL271224-N1,,0.0,,0.0,0.01,1,EQ,NSE,NSE
6893,7400449,28908,SCL271224A-N1,,0.0,,0.0,0.01,1,EQ,NSE,NSE
6894,7401729,28913,ROSSELLIND,ROSSELL INDIA,0.0,,0.0,0.01,1,EQ,NSE,NSE
6895,7401985,28914,94SCL27U-N1,,0.0,,0.0,0.01,1,EQ,NSE,NSE
6896,7402241,28915,99SCL27V-N1,,0.0,,0.0,0.01,1,EQ,NSE,NSE
6897,7403521,28920,902SCL27Q-N1,,0.0,,0.0,0.01,1,EQ,NSE,NSE
6898,7403777,28921,948SCL27R-N1,,0.0,,0.0,0.01,1,EQ,NSE,NSE
6899,7404289,28923,SCL271224B-N1,,0.0,,0.0,0.01,1,EQ,NSE,NSE
6900,7404545,28924,965SCL29S-N1,,0.0,,0.0,0.01,1,EQ,NSE,NSE
6901,7404801,28925,1015SCL29T-N1,,0.0,,0.0,0.01,1,EQ,NSE,NSE
6902,7405057,28926,925SCL29S-N1,,0.0,,0.0,0.01,1,EQ,NSE,NSE
6903,7405313,28927,971SCL29T-N1,,0.0,,0.0,0.01,1,EQ,NSE,NSE
6904,7405569,28928,1050SCL31T-N1,,0.0,,0.0,0.01,1,EQ,NSE,NSE
6905,7405825,28929,1003SCL31P-N1,,0.0,,0.0,0.01,1,EQ,NSE,NSE
6906,7406081,28930,1025SCL34U-N1,,0.0,,0.0,0.01,1,EQ,NSE,NSE
6907,7406337,28931,1075SCL34T-N1,,0.0,,0.0,0.01,1,EQ,NSE,NSE
6908,7406593,28932,98SCL34Z-N1,,0.0,,0.0,0.01,1,EQ,NSE,NSE
6909,7406849,28933,1025SCL34Z-N1,,0.0,,0.0,0.01,1,EQ,NSE,NSE
6910,7411713,28952,DUCON,DUCON INFRATECHNOLOGIES L,0.0,,0.0,0.01,1,EQ,NSE,NSE
6911,7413761,28960,UNIMECH,UNIMECH AEROSPACE N MFG L,0.0,,0.0,0.05,1,EQ,NSE,NSE
6912,7415041,28965,818GFL26-N0,,0.0,,0.0,0.01,1,EQ,NSE,NSE
6913,7415553,28967,102CCSP27A-N0,,0.0,,0.0,0.01,1,EQ,NSE,NSE
6914,7416065,28969,CONSUMER,MIRAEAMC - CONSUMER,0.0,,0.0,0.01,1,EQ,NSE,NSE
6915,7417089,28973,825TCSL27-N0,,0.0,,0.0,0.01,1,EQ,NSE,NSE
6916,7417601,28975,93HFL34-N0,,0.0,,0.0,0.01,1,EQ,NSE,NSE
6917,7418113,28977,87HFL27-N0,,0.0,,0.0,0.01,1,EQ,NSE,NSE
6918,7418625,28979,87HFL26-N0,,0.0,,0.0,0.01,1,EQ,NSE,NSE
6919,7419137,28981,819CIFL26-N0,,0.0,,0.0,0.01,1,EQ,NSE,NSE
6920,7419649,28983,ANYA-SM,ANYA POLYTECH & FERTI,0.0,,0.0,0.05,5000,EQ,NSE,NSE
6921,7421697,28991,364D010126-TB,GOI TBILL 364D-01/01/26,0.0,,0.0,0.01,100,EQ,NSE,NSE
6922,7421953,28992,717AP37-SG,SDL AP 7.17% 2037,0.0,,0.0,0.01,100,EQ,NSE,NSE
6923,7422209,28993,717AP38-SG,SDL AP 7.17% 2038,0.0,,0.0,0.01,100,EQ,NSE,NSE
6924,7422721,28995,717AP39-SG,SDL AP 7.17% 2039,0.0,,0.0,0.01,100,EQ,NSE,NSE
6925,7422977,28996,718HR38-SG,SDL HR 7.18% 2038,0.0,,0.0,0.01,100,EQ,NSE,NSE
6926,7424257,29001,711JK55-SG,SDL JK 7.11% 2055,0.0,,0.0,0.01,100,EQ,NSE,NSE
6927,7424513,29002,715KA42-SG,SDL KA 7.15% 2042,0.0,,0.0,0.01,100,EQ,NSE,NSE
6928,7424769,29003,715KA43-SG,SDL KA 7.15% 2043,0.0,,0.0,0.01,100,EQ,NSE,NSE
6929,7425025,29004,717MP38-SG,SDL MP 7.17% 2038,0.0,,0.0,0.01,100,EQ,NSE,NSE
6930,7425281,29005,712MP47-SG,SDL MP 7.12% 2047,0.0,,0.0,0.01,100,EQ,NSE,NSE
6931,7425537,29006,712TS51-SG,SDL TS 7.12% 2051,0.0,,0.0,0.01,100,EQ,NSE,NSE
6932,7425793,29007,715UP37-SG,SDL UP 7.15% 2037,0.0,,0.0,0.01,100,EQ,NSE,NSE
6933,7426049,29008,TVSHLTD,TVS HOLDINGS,0.0,,0.0,1.0,1,EQ,NSE,NSE
6934,7426305,29009,715WB40-SG,SDL WB 7.15% 2040,0.0,,0.0,0.01,100,EQ,NSE,NSE
6935,7426561,29010,716WB42-SG,SDL WB 7.16% 2042,0.0,,0.0,0.01,100,EQ,NSE,NSE
6936,7427841,29015,ARSHIYA-BZ,ARSHIYA,0.0,,0.0,0.01,1,EQ,NSE,NSE
6937,7428097,29016,CEREBRAINT-BZ,CEREBRA INT TECH,0.0,,0.0,0.01,1,EQ,NSE,NSE
6938,7428353,29017,950ISF26A-N0,,0.0,,0.0,0.01,1,EQ,NSE,NSE
6939,7428865,29019,ECAPINSURE,EDELAMC - ECAPINSURE,0.0,,0.0,0.01,1,EQ,NSE,NSE
6940,7429633,29022,810NIT40-N0,,0.0,,0.0,0.01,1,EQ,NSE,NSE
6941,7430401,29025,INDOFARM,INDO FARM EQUIPMENT,0.0,,0.0,0.01,1,EQ,NSE,NSE
6942,7432961,29035,725IOCL30-N0,,0.0,,0.0,0.01,1,EQ,NSE,NSE
6943,7433473,29037,930PCHFL27-N0,,0.0,,0.0,0.01,1,EQ,NSE,NSE
6944,7435777,29046,364D080126-TB,GOI TBILL 364D-08/01/26,0.0,,0.0,0.01,100,EQ,NSE,NSE
6945,7436033,29047,701GJ31-SG,SDL GJ 7.01% 2031,0.0,,0.0,0.01,100,EQ,NSE,NSE
6946,7436289,29048,710KA32-SG,SDL KA 7.10% 2032,0.0,,0.0,0.01,100,EQ,NSE,NSE
6947,7436545,29049,713UK32-SG,SDL UK 7.13% 2032,0.0,,0.0,0.01,100,EQ,NSE,NSE
6948,7436801,29050,ZUARI,ZUARI AGRO CHEMICALS,0.0,,0.0,0.05,1,EQ,NSE,NSE
6949,7437057,29051,705GJ32-SG,SDL GJ 7.05% 2032,0.0,,0.0,0.01,100,EQ,NSE,NSE
6950,7437313,29052,710KA33-SG,SDL KA 7.10% 2033,0.0,,0.0,0.01,100,EQ,NSE,NSE
6951,7438593,29057,706GJ34-SG,SDL GJ 7.06% 2034,0.0,,0.0,0.01,100,EQ,NSE,NSE
6952,7438849,29058,715AS35-SG,SDL AS 7.15% 2035,0.0,,0.0,0.01,100,EQ,NSE,NSE
6953,7439105,29059,715BR35-SG,SDL BR 7.15% 2035,0.0,,0.0,0.01,100,EQ,NSE,NSE
6954,7439361,29060,715HR38-SG,SDL HR 7.15% 2038,0.0,,0.0,0.01,100,EQ,NSE,NSE
6955,7439617,29061,711MH38-SG,SDL MH 7.11% 2038,0.0,,0.0,0.01,100,EQ,NSE,NSE
6956,7440129,29063,715BR40-SG,SDL BR 7.15% 2040,0.0,,0.0,0.01,100,EQ,NSE,NSE
6957,7440385,29064,714MH43-SG,SDL MH 7.14% 2043,0.0,,0.0,0.01,100,EQ,NSE,NSE
6958,7441665,29069,713TS49-SG,SDL TS 7.13% 2049,0.0,,0.0,0.01,100,EQ,NSE,NSE
6959,7441921,29070,712TS54-SG,SDL TS 7.12% 2054,0.0,,0.0,0.01,100,EQ,NSE,NSE
6960,7442177,29071,711TS55-SG,SDL TS 7.11% 2055,0.0,,0.0,0.01,100,EQ,NSE,NSE
6961,7442433,29072,711TN55-SG,SDL TN 7.11% 2055,0.0,,0.0,0.01,100,EQ,NSE,NSE
6962,7442689,29073,8104PHFL28-N0,,0.0,,0.0,0.01,1,EQ,NSE,NSE
6963,7443201,29075,SGLTL,STANDARD GLASS LIN TECH L,0.0,,0.0,0.01,1,EQ,NSE,NSE
6964,7446273,29087,QUADFUTURE,QUADRANT FUTURE TEK,0.0,,0.0,0.05,1,EQ,NSE,NSE
6965,7447553,29092,DELTIC-SM,DELTA AUTOCORP,0.0,,0.0,0.05,1000,EQ,NSE,NSE
6966,7448577,29096,830TPL28-N0,,0.0,,0.0,0.01,1,EQ,NSE,NSE
6967,7449089,29098,DDEVPLSTIK,DDEV PLASTIKS IND,0.0,,0.0,0.05,1,EQ,NSE,NSE
6968,7450369,29103,773TCHFL30-N0,,0.0,,0.0,0.01,1,EQ,NSE,NSE
6969,7450881,29105,995SCL35-N0,,0.0,,0.0,0.01,1,EQ,NSE,NSE
6970,7451393,29107,722GJ35-SG,SDL GJ 7.22% 2035,0.0,,0.0,0.01,100,EQ,NSE,NSE
6971,7451649,29108,722TN35-SG,SDL TN 7.22% 2035,0.0,,0.0,0.01,100,EQ,NSE,NSE
6972,7452417,29111,738REC27TF-N2,,0.0,,0.0,0.01,1,EQ,NSE,NSE
6973,7452929,29113,CARERATING,CARE RATINGS,0.0,,0.0,0.1,1,EQ,NSE,NSE
6974,7453185,29114,722KA36-SG,SDL KA 7.22% 2036,0.0,,0.0,0.01,100,EQ,NSE,NSE
6975,7453441,29115,723PN37-SG,SDL PN 7.23% 2037,0.0,,0.0,0.01,100,EQ,NSE,NSE
6976,7454721,29120,722HR38-SG,SDL HR 7.22% 2038,0.0,,0.0,0.01,100,EQ,NSE,NSE
6977,7454977,29121,722BR40-SG,SDL BR 7.22% 2040,0.0,,0.0,0.01,100,EQ,NSE,NSE
6978,7455233,29122,723MZ40-SG,SDL MZ 7.23% 2040,0.0,,0.0,0.01,100,EQ,NSE,NSE
6979,7455489,29123,723MH41-SG,SDL MH 7.23% 2041,0.0,,0.0,0.01,100,EQ,NSE,NSE
6980,7455745,29124,PCJEWELLER,PC JEWELLER,0.0,,0.0,0.01,1,EQ,NSE,NSE
6981,7456001,29125,724MH44-SG,SDL MH 7.24% 2044,0.0,,0.0,0.01,100,EQ,NSE,NSE
6982,7456257,29126,724KL44-SG,SDL KL 7.24% 2044,0.0,,0.0,0.01,100,EQ,NSE,NSE
6983,7457537,29131,72JK47-SG,SDL JK 7.2% 2047,0.0,,0.0,0.01,100,EQ,NSE,NSE
6984,7457793,29132,722BR35-SG,SDL BR 7.22% 2035,0.0,,0.0,0.01,100,EQ,NSE,NSE
6985,7458561,29135,INDUSTOWER,INDUS TOWERS,0.0,,0.0,0.05,1,EQ,NSE,NSE
6986,7458817,29136,364D150126-TB,GOI TBILL 364D-15/01/26,0.0,,0.0,0.01,100,EQ,NSE,NSE
6987,7461377,29146,NAVKARURB,NAVKAR URBANSTRUCTURE,0.0,,0.0,0.01,1,EQ,NSE,NSE
6988,7462657,29151,SATKARTAR-SM,SAT KARTAR SHOPPING,0.0,,0.0,0.05,800,EQ,NSE,NSE
6989,7463681,29155,720RECL35-N0,,0.0,,0.0,0.01,1,EQ,NSE,NSE
6990,7464193,29157,CAPINVIT-IV,CAPITAL INFRA TRUST,0.0,,0.0,0.01,1,EQ,NSE,NSE
6991,7465985,29164,SWANDEF-BE,SWAN DEFENCE N HEVY IND L,0.0,,0.0,0.1,1,EQ,NSE,NSE
6992,7466753,29167,723BOB35-N0,,0.0,,0.0,0.01,1,EQ,NSE,NSE
6993,7467265,29169,770SUNF28-N0,,0.0,,0.0,0.01,1,EQ,NSE,NSE
6994,7467777,29171,LAXMIDENTL,LAXMI DENTAL,0.0,,0.0,0.05,1,EQ,NSE,NSE
6995,7469057,29176,BARFLEX-SM,BARFLEX POLYFILMS,0.0,,0.0,0.05,2000,EQ,NSE,NSE
6996,7470081,29180,725IRFC35B-N0,,0.0,,0.0,0.01,1,EQ,NSE,NSE
6997,7470593,29182,990IIFL26-N0,,0.0,,0.0,0.01,1,EQ,NSE,NSE
6998,7471105,29184,867MUTF30-N0,,0.0,,0.0,0.01,1,EQ,NSE,NSE
6999,7471617,29186,990IIFL26B-N0,,0.0,,0.0,0.01,1,EQ,NSE,NSE
7000,7472129,29188,990IIFL26A-N0,,0.0,,0.0,0.01,1,EQ,NSE,NSE
7001,7472641,29190,78537ABH30-N0,,0.0,,0.0,0.01,1,EQ,NSE,NSE
7002,7473153,29192,KKJEWELS-SM,KABRA JEWELS,0.0,,0.0,0.05,1000,EQ,NSE,NSE
7003,7474177,29196,728IREDA35-N0,,0.0,,0.0,0.01,1,EQ,NSE,NSE
7004,7475201,29200,758LICH35-N0,,0.0,,0.0,0.01,1,EQ,NSE,NSE
7005,7475713,29202,806TFSIL28-N0,,0.0,,0.0,0.01,1,EQ,NSE,NSE
7006,7476481,29205,STALLION-BE,STALLION IND FLUOROCHEM L,0.0,,0.0,0.01,1,EQ,NSE,NSE
7007,7477761,29210,SITINET-BZ,SITI NETWORKS,0.0,,0.0,0.01,1,EQ,NSE,NSE
7008,7478529,29213,364D220126-TB,GOI TBILL 364D-22/01/26,0.0,,0.0,0.01,100,EQ,NSE,NSE
7009,7481345,29224,ONESOURCE,ONESOURCE SPECL PHARMA L,0.0,,0.0,0.1,1,EQ,NSE,NSE
7010,7482625,29229,EMAPARTNER-SM,EMA PARTNERS INDIA,0.0,,0.0,0.05,1000,EQ,NSE,NSE
7011,7483649,29233,720LT35-N0,,0.0,,0.0,0.01,1,EQ,NSE,NSE
7012,7484161,29235,715BR37-SG,SDL BR 7.15% 2037,0.0,,0.0,0.01,100,EQ,NSE,NSE
7013,7484417,29236,714BR45-SG,SDL BR 7.14% 2045,0.0,,0.0,0.01,100,EQ,NSE,NSE
7014,7484673,29237,712GJ35-SG,SDL GJ 7.12% 2035,0.0,,0.0,0.01,100,EQ,NSE,NSE
7015,7484929,29238,714HR38-SG,SDL HR 7.14% 2038,0.0,,0.0,0.01,100,EQ,NSE,NSE
7016,7485185,29239,715KA38-SG,SDL KA 7.15% 2038,0.0,,0.0,0.01,100,EQ,NSE,NSE
7017,7485441,29240,714KL45-SG,SDL KL 7.14% 2045,0.0,,0.0,0.01,100,EQ,NSE,NSE
7018,7485697,29241,715TN35-SG,SDL TN 7.15% 2035,0.0,,0.0,0.01,100,EQ,NSE,NSE
7019,7485953,29242,712TN55-SG,SDL TN 7.12% 2055,0.0,,0.0,0.01,100,EQ,NSE,NSE
7020,7486209,29243,PCHFL23125-N0,,0.0,,0.0,0.01,1,EQ,NSE,NSE
7021,7486721,29245,875TVSH30-N0,,0.0,,0.0,0.01,1,EQ,NSE,NSE
7022,7487233,29247,PCHF230125-N0,,0.0,,0.0,0.01,1,EQ,NSE,NSE
7023,7487745,29249,900CIFL35-N0,,0.0,,0.0,0.01,1,EQ,NSE,NSE
7024,7488257,29251,ITCHOTELS,ITC HOTELS,0.0,,0.0,0.01,1,EQ,NSE,NSE
7025,7489537,29256,DENTA,DENTA WATER N INFRA SOL L,0.0,,0.0,0.05,1,EQ,NSE,NSE
7026,7491585,29264,735EXIM28-N0,,0.0,,0.0,0.01,1,EQ,NSE,NSE
7027,7492097,29266,720NHPC35-N0,,0.0,,0.0,0.01,1,EQ,NSE,NSE
7028,7492609,29268,729NHB31-N0,,0.0,,0.0,0.01,1,EQ,NSE,NSE
7029,7493121,29270,REXPRO-SM,REXPRO ENTERPRISES,0.0,,0.0,0.05,1000,EQ,NSE,NSE
7030,7494145,29274,12VCCL29A-N0,,0.0,,0.0,0.01,1,EQ,NSE,NSE
7031,7494657,29276,970ISF28-N0,,0.0,,0.0,0.01,1,EQ,NSE,NSE
7032,7495169,29278,703OR31-SG,SDL OR 7.03% 2031,0.0,,0.0,0.01,100,EQ,NSE,NSE
7033,7495425,29279,705GJ34-SG,SDL GJ 7.05% 2034,0.0,,0.0,0.01,100,EQ,NSE,NSE
7034,7495681,29280,713RJ35-SG,SDL RJ 7.13% 2035,0.0,,0.0,0.01,100,EQ,NSE,NSE
7035,7495937,29281,703GJ35-SG,SDL GJ 7.03% 2035,0.0,,0.0,0.01,100,EQ,NSE,NSE
7036,7496193,29282,712BR37-SG,SDL BR 7.12% 2037,0.0,,0.0,0.01,100,EQ,NSE,NSE
7037,7496449,29283,714HR38A-SG,SDL HR 7.14% 2038,0.0,,0.0,0.01,100,EQ,NSE,NSE
7038,7496705,29284,VMART,VMART RETAIL,0.0,,0.0,0.05,1,EQ,NSE,NSE
7039,7496961,29285,713KA41-SG,SDL KA 7.13% 2041,0.0,,0.0,0.01,100,EQ,NSE,NSE
7040,7497217,29286,713WB42-SG,SDL WB 7.13% 2042,0.0,,0.0,0.01,100,EQ,NSE,NSE
7041,7498497,29291,713WB44-SG,SDL WB 7.13% 2044,0.0,,0.0,0.01,100,EQ,NSE,NSE
7042,7498753,29292,711TN45-SG,SDL TN 7.11% 2045,0.0,,0.0,0.01,100,EQ,NSE,NSE
7043,7499009,29293,711BR45-SG,SDL BR 7.11% 2045,0.0,,0.0,0.01,100,EQ,NSE,NSE
7044,7499265,29294,711AS45-SG,SDL AS 7.11% 2045,0.0,,0.0,0.01,100,EQ,NSE,NSE
7045,7499521,29295,712PN45-SG,SDL PN 7.12% 2045,0.0,,0.0,0.01,100,EQ,NSE,NSE
7046,7499777,29296,710RJ50-SG,SDL RJ 7.10% 2050,0.0,,0.0,0.01,100,EQ,NSE,NSE
7047,7500033,29297,711TS47-SG,SDL TS 7.11% 2047,0.0,,0.0,0.01,100,EQ,NSE,NSE
7048,7500289,29298,708TS49-SG,SDL TS 7.08% 2049,0.0,,0.0,0.01,100,EQ,NSE,NSE
7049,7500545,29299,710TS50-SG,SDL TS 7.10% 2050,0.0,,0.0,0.01,100,EQ,NSE,NSE
7050,7500801,29300,710RJ51-SG,SDL RJ 7.10% 2051,0.0,,0.0,0.01,100,EQ,NSE,NSE
7051,7501057,29301,708JK55-SG,SDL JK 7.08% 2055,0.0,,0.0,0.01,100,EQ,NSE,NSE
7052,7501825,29304,364D290126-TB,GOI TBILL 364D-29/01/26,0.0,,0.0,0.01,100,EQ,NSE,NSE
7053,7502081,29305,766LICH29-N0,,0.0,,0.0,0.01,1,EQ,NSE,NSE
7054,7502593,29307,857IHFL26-N0,,0.0,,0.0,0.01,1,EQ,NSE,NSE
7055,7503873,29312,751HUDCO28-N5,,0.0,,0.0,0.01,1,EQ,NSE,NSE
7056,7506689,29323,734IRFC28-N4,,0.0,,0.0,0.01,1,EQ,NSE,NSE
7057,7532801,29425,0NHIT35-N0,,0.0,,0.0,0.01,1,EQ,NSE,NSE
7058,7533313,29427,MOHITIND-BE,MOHIT INDUSTRIES,0.0,,0.0,0.01,1,EQ,NSE,NSE
7059,7534593,29432,0NHIT34-N0,,0.0,,0.0,0.01,1,EQ,NSE,NSE
7060,7536385,29439,SUPREME,SUPREME HOLDIN N HOSP I L,0.0,,0.0,0.01,1,EQ,NSE,NSE
7061,7539713,29452,AGARWALEYE,DR AGARWALS HEALTH CARE L,0.0,,0.0,0.05,1,EQ,NSE,NSE
7062,7540993,29457,790CANF30-N0,,0.0,,0.0,0.01,1,EQ,NSE,NSE
7063,7541505,29459,MOSCHIP,MOSCHIP TECHNOLOGIES,0.0,,0.0,0.01,1,EQ,NSE,NSE
7064,7542785,29464,NEXT30ADD,DSPAMC - NEXT30ADD,0.0,,0.0,0.01,1,EQ,NSE,NSE
7065,7543553,29467,79742SIC30-N0,,0.0,,0.0,0.01,1,EQ,NSE,NSE
7066,7544065,29469,865MFL28-N0,,0.0,,0.0,0.01,1,EQ,NSE,NSE
7067,7544833,29472,PROTEAN,PROTEAN EGOV TECHNO,0.0,,0.0,0.05,1,EQ,NSE,NSE
7068,7547137,29481,364D050226-TB,GOI TBILL 364D-05/02/26,0.0,,0.0,0.01,100,EQ,NSE,NSE
7069,7547393,29482,MCLOUD,MAGELLANIC CLOUD,0.0,,0.0,0.01,1,EQ,NSE,NSE
7070,7548673,29487,NIBE,NIBE,0.0,,0.0,0.1,1,EQ,NSE,NSE
7071,7550721,29495,ORCHASP-BE,ORCHASP,0.0,,0.0,0.01,1,EQ,NSE,NSE
7072,7551233,29497,717AP32-SG,SDL AP 7.17% 2032,0.0,,0.0,0.01,100,EQ,NSE,NSE
7073,7551489,29498,707AP34-SG,SDL AP 7.07% 2034,0.0,,0.0,0.01,100,EQ,NSE,NSE
7074,7551745,29499,707GJ34-SG,SDL GJ 7.07% 2034,0.0,,0.0,0.01,100,EQ,NSE,NSE
7075,7552001,29500,711KA35A-SG,SDL KA 7.11% 2035,0.0,,0.0,0.01,100,EQ,NSE,NSE
7076,7552257,29501,712MH36A-SG,SDL MH 7.12% 2036,0.0,,0.0,0.01,100,EQ,NSE,NSE
7077,7552513,29502,712BR37A-SG,SDL BR 7.12% 2037,0.0,,0.0,0.01,100,EQ,NSE,NSE
7078,7552769,29503,713MH37B-SG,SDL MH 7.13% 2037,0.0,,0.0,0.01,100,EQ,NSE,NSE
7079,7553025,29504,711OR37-SG,SDL OR 7.11% 2037,0.0,,0.0,0.01,100,EQ,NSE,NSE
7080,7553281,29505,711AP38B-SG,SDL AP 7.11% 2038,0.0,,0.0,0.01,100,EQ,NSE,NSE
7081,7553537,29506,716KL38-SG,SDL KL 7.16% 2038,0.0,,0.0,0.01,100,EQ,NSE,NSE
7082,7553793,29507,712MH38A-SG,SDL MH 7.12% 2038,0.0,,0.0,0.01,100,EQ,NSE,NSE
7083,7554049,29508,714MH39-SG,SDL MH 7.14% 2039,0.0,,0.0,0.01,100,EQ,NSE,NSE
7084,7555073,29512,716AP40-SG,SDL AP 7.16% 2040,0.0,,0.0,0.01,100,EQ,NSE,NSE
7085,7555329,29513,716AS40-SG,SDL AS 7.16% 2040,0.0,,0.0,0.01,100,EQ,NSE,NSE
7086,7555585,29514,719BR45-SG,SDL BR 7.19% 2045,0.0,,0.0,0.01,100,EQ,NSE,NSE
7087,7555841,29515,719PN45-SG,SDL PN 7.19% 2045,0.0,,0.0,0.01,100,EQ,NSE,NSE
7088,7556097,29516,719TS46-SG,SDL TS 7.19% 2046,0.0,,0.0,0.01,100,EQ,NSE,NSE
7089,7556353,29517,675GJ27-SG,SDL GJ 6.75% 2027,0.0,,0.0,0.01,100,EQ,NSE,NSE
7090,7556609,29518,70OR30-SG,SDL OR 7.0% 2030,0.0,,0.0,0.01,100,EQ,NSE,NSE
7091,7556865,29519,714UK32-SG,SDL UK 7.14% 2032,0.0,,0.0,0.01,100,EQ,NSE,NSE
7092,7557121,29520,708AP35A-SG,SDL AP 7.08% 2035,0.0,,0.0,0.01,100,EQ,NSE,NSE
7093,7557377,29521,718TS47-SG,SDL TS 7.18% 2047,0.0,,0.0,0.01,100,EQ,NSE,NSE
7094,7557633,29522,718TS49-SG,SDL TS 7.18% 2049,0.0,,0.0,0.01,100,EQ,NSE,NSE
7095,7557889,29523,718KL50-SG,SDL KL 7.18% 2050,0.0,,0.0,0.01,100,EQ,NSE,NSE
7096,7558145,29524,718TN55-SG,SDL TN 7.18% 2055,0.0,,0.0,0.01,100,EQ,NSE,NSE
7097,7558401,29525,725NBFI40-N0,,0.0,,0.0,0.01,1,EQ,NSE,NSE
7098,7558913,29527,GROWWRAIL,GROWWAMC - GROWWRAIL,0.0,,0.0,0.01,1,EQ,NSE,NSE
7099,7559937,29531,918IHFL28-N0,,0.0,,0.0,0.01,1,EQ,NSE,NSE
7100,7560449,29533,950ISF27-N0,,0.0,,0.0,0.01,1,EQ,NSE,NSE
7101,7560961,29535,805PHFL30-N0,,0.0,,0.0,0.01,1,EQ,NSE,NSE
7102,7561473,29537,724PFCL35-N0,,0.0,,0.0,0.01,1,EQ,NSE,NSE
7103,7561985,29539,725PFCL45-N0,,0.0,,0.0,0.01,1,EQ,NSE,NSE
7104,7562497,29541,CHAMUNDA-SM,CHAMUNDA ELECTRICAL,0.0,,0.0,0.05,3000,EQ,NSE,NSE
7105,7563521,29545,860TPL31-N0,,0.0,,0.0,0.01,1,EQ,NSE,NSE
7106,7564033,29547,KEN-SM,KEN ENTERPRISES,0.0,,0.0,0.05,1200,EQ,NSE,NSE
7107,7565057,29551,775CIT38-N0,,0.0,,0.0,0.01,1,EQ,NSE,NSE
7108,7565569,29553,NIFTYIETF,ICICI PRUD NIFTY ETF,0.0,,0.0,0.01,1,EQ,NSE,NSE
7109,7566593,29557,790ABHFL27-N0,,0.0,,0.0,0.01,1,EQ,NSE,NSE
7110,7567105,29559,786ABHFL28-N0,,0.0,,0.0,0.01,1,EQ,NSE,NSE
7111,7568385,29564,READYMIX-ST,READYMIX CONSTRU MACHI L,0.0,,0.0,0.05,1000,EQ,NSE,NSE
7112,7568641,29565,714BR37-SG,SDL BR 7.14% 2037,0.0,,0.0,0.01,100,EQ,NSE,NSE
7113,7568897,29566,718BR45-SG,SDL BR 7.18% 2045,0.0,,0.0,0.01,100,EQ,NSE,NSE
7114,7569153,29567,714CG33-SG,SDL CG 7.14% 2033,0.0,,0.0,0.01,100,EQ,NSE,NSE
7115,7569409,29568,707GJ32-SG,SDL GJ 7.07% 2032,0.0,,0.0,0.01,100,EQ,NSE,NSE
7116,7569665,29569,708GJ34-SG,SDL GJ 7.08% 2034,0.0,,0.0,0.01,100,EQ,NSE,NSE
7117,7569921,29570,714HR38B-SG,SDL HR 7.14% 2038,0.0,,0.0,0.01,100,EQ,NSE,NSE
7118,7570177,29571,718JK45-SG,SDL JK 7.18% 2045,0.0,,0.0,0.01,100,EQ,NSE,NSE
7119,7570433,29572,708KA31A-SG,SDL KA 7.08% 2031,0.0,,0.0,0.01,100,EQ,NSE,NSE
7120,7570689,29573,711KA33-SG,SDL KA 7.11% 2033,0.0,,0.0,0.01,100,EQ,NSE,NSE
7121,7570945,29574,716MZ35-SG,SDL MZ 7.16% 2035,0.0,,0.0,0.01,100,EQ,NSE,NSE
7122,7571201,29575,709TN35-SG,SDL TN 7.09% 2035,0.0,,0.0,0.01,100,EQ,NSE,NSE
7123,7571457,29576,717TN45-SG,SDL TN 7.17% 2045,0.0,,0.0,0.01,100,EQ,NSE,NSE
7124,7571713,29577,NIF100BEES,NIP IND ETF NIFTY 100,0.0,,0.0,0.01,1,EQ,NSE,NSE
7125,7572225,29579,718TN55A-SG,SDL TN 7.18% 2055,0.0,,0.0,0.01,100,EQ,NSE,NSE
7126,7572993,29582,364D120226-TB,GOI TBILL 364D-12/02/26,0.0,,0.0,0.01,100,EQ,NSE,NSE
7127,7574529,29588,NATCAPSUQ-BE,NATURAL CAPSULES,0.0,,0.0,0.01,1,EQ,NSE,NSE
7128,7575553,29592,JUBLCPL-BE,JUBILANT AGRI N CON PRO L,0.0,,0.0,0.1,1,EQ,NSE,NSE
7129,7576321,29595,ELGNZ-SM,ELEGANZ INTERIORS,0.0,,0.0,0.05,1000,EQ,NSE,NSE
7130,7577089,29598,REPCOHOME,REPCO HOME FINANCE,0.0,,0.0,0.05,1,EQ,NSE,NSE
7131,7577601,29600,742SIDBI29-N0,,0.0,,0.0,0.01,1,EQ,NSE,NSE
7132,7579393,29607,704IRFC28-N6,,0.0,,0.0,0.01,1,EQ,NSE,NSE
7133,7581185,29614,704REC28-N4,,0.0,,0.0,0.01,1,EQ,NSE,NSE
7134,7583745,29624,AJAXENGG,AJAX ENGINEERING,0.0,,0.0,0.05,1,EQ,NSE,NSE
7135,7585025,29629,728RECL40-N0,,0.0,,0.0,0.01,1,EQ,NSE,NSE
7136,7585537,29631,756IIFCL28-N0,,0.0,,0.0,0.01,1,EQ,NSE,NSE
7137,7586049,29633,CHANDAN-SM,CHANDAN HEALTHCARE,0.0,,0.0,0.05,800,EQ,NSE,NSE
7138,7587073,29637,CITI27-N0,,0.0,,0.0,0.01,1,EQ,NSE,NSE
7139,7587585,29639,810HLICL35-N0,,0.0,,0.0,0.01,1,EQ,NSE,NSE
7140,7588097,29641,728IRFC40-N0,,0.0,,0.0,0.01,1,EQ,NSE,NSE
7141,7588609,29643,779LTFL30-N0,,0.0,,0.0,0.01,1,EQ,NSE,NSE
7142,7590401,29650,719HUDCO28-N7,,0.0,,0.0,0.01,1,EQ,NSE,NSE
7143,7592193,29657,MAXVOLT-ST,MAXVOLT ENERGY INDUS L,0.0,,0.0,0.05,800,EQ,NSE,NSE
7144,7593217,29661,VOLERCAR-ST,VOLER CAR,0.0,,0.0,0.05,800,EQ,NSE,NSE
7145,7594241,29665,PSRAJ-ST,P S RAJ STEELS,0.0,,0.0,0.05,1000,EQ,NSE,NSE
7146,7594497,29666,HEXT,HEXAWARE TECHNOLOGIES,0.0,,0.0,0.05,1,EQ,NSE,NSE
7147,7597057,29676,773TIL35-N0,,0.0,,0.0,0.01,1,EQ,NSE,NSE
7148,7597569,29678,BAJAJINDEF,INDEF MANUFACTURING,0.0,,0.0,0.05,1,EQ,NSE,NSE
7149,7598849,29683,820CIFL28-N0,,0.0,,0.0,0.01,1,EQ,NSE,NSE
7150,7599361,29685,750BOI35-N0,,0.0,,0.0,0.01,1,EQ,NSE,NSE
7151,7599873,29687,UNIONGOLD,UNIONAMC - UNIONGOLD,0.0,,0.0,0.05,1,EQ,NSE,NSE
7152,7600897,29691,364D200226-TB,GOI TBILL 364D-20/02/26,0.0,,0.0,0.01,100,EQ,NSE,NSE
7153,7601153,29692,715AS35B-SG,SDL AS 7.15% 2035,0.0,,0.0,0.01,100,EQ,NSE,NSE
7154,7601409,29693,716KA36B-SG,SDL KA 7.16% 2036,0.0,,0.0,0.01,100,EQ,NSE,NSE
7155,7601665,29694,712GJ37A-SG,SDL GJ 7.12% 2037,0.0,,0.0,0.01,100,EQ,NSE,NSE
7156,7601921,29695,714RJ37A-SG,SDL RJ 7.14% 2037,0.0,,0.0,0.01,100,EQ,NSE,NSE
7157,7602177,29696,689OR28A-SG,SDL OR 6.89% 2028,0.0,,0.0,0.01,100,EQ,NSE,NSE
7158,7602433,29697,702GJ31A-SG,SDL GJ 7.02% 2031,0.0,,0.0,0.01,100,EQ,NSE,NSE
7159,7602689,29698,706OR31A-SG,SDL OR 7.06% 2031,0.0,,0.0,0.01,100,EQ,NSE,NSE
7160,7602945,29699,716UP39B-SG,SDL UP 7.16% 2039,0.0,,0.0,0.01,100,EQ,NSE,NSE
7161,7603201,29700,716PY40A-SG,SDL PY 7.16% 2040,0.0,,0.0,0.01,100,EQ,NSE,NSE
7162,7603457,29701,716MP40A-SG,SDL MP 7.16% 2040,0.0,,0.0,0.01,100,EQ,NSE,NSE
7163,7603713,29702,718BR45B-SG,SDL BR 7.18% 2045,0.0,,0.0,0.01,100,EQ,NSE,NSE
7164,7603969,29703,718MP48A-SG,SDL MP 7.18% 2048,0.0,,0.0,0.01,100,EQ,NSE,NSE
7165,7604225,29704,715BR37B-SG,SDL BR 7.15% 2037,0.0,,0.0,0.01,100,EQ,NSE,NSE
7166,7604481,29705,716MP37A-SG,SDL MP 7.16% 2037,0.0,,0.0,0.01,100,EQ,NSE,NSE
7167,7604737,29706,716HR38A-SG,SDL HR 7.16% 2038,0.0,,0.0,0.01,100,EQ,NSE,NSE
7168,7604993,29707,714PY31A-SG,SDL PY 7.14% 2031,0.0,,0.0,0.01,100,EQ,NSE,NSE
7169,7605249,29708,708GJ33B-SG,SDL GJ 7.08% 2033,0.0,,0.0,0.01,100,EQ,NSE,NSE
7170,7605505,29709,713KA34A-SG,SDL KA 7.13% 2034,0.0,,0.0,0.01,100,EQ,NSE,NSE
7171,7605761,29710,715PY39A-SG,SDL PY 7.15% 2039,0.0,,0.0,0.01,100,EQ,NSE,NSE
7172,7606017,29711,QPOWER,QUALITY POWER ELEC EQUP L,0.0,,0.0,0.05,1,EQ,NSE,NSE
7173,7607553,29717,834MLICL35-N0,,0.0,,0.0,0.01,1,EQ,NSE,NSE
7174,7608065,29719,742PFC28-N0,,0.0,,0.0,0.01,1,EQ,NSE,NSE
7175,7608577,29721,738PFC32-N0,,0.0,,0.0,0.01,1,EQ,NSE,NSE
7176,7609857,29726,TEJASCARGO-ST,TEJAS CARGO INDIA,0.0,,0.0,0.05,400,EQ,NSE,NSE
7177,7610113,29727,ROYALARC-SM,ROYAL ARC ELECTRODES,0.0,,0.0,0.05,1200,EQ,NSE,NSE
7178,7611137,29731,GUJTHEM,GUJARAT THEMIS BIOSYN,0.0,,0.0,0.05,1,EQ,NSE,NSE
7179,7611649,29733,NIBL,NRB INDUS. BEARINGS,0.0,,0.0,0.01,1,EQ,NSE,NSE
7180,7613953,29742,7645LICH30-N0,,0.0,,0.0,0.01,1,EQ,NSE,NSE
7181,7615745,29749,12VCCL27B-N0,,0.0,,0.0,0.01,1,EQ,NSE,NSE
7182,7618049,29758,MSCIINDIA,KOTAKMAMC - MSCIINDIA,0.0,,0.0,0.01,1,EQ,NSE,NSE
7183,7647233,29872,GROWWN200,GROWWAMC - GROWWN200,0.0,,0.0,0.01,1,EQ,NSE,NSE
7184,7648513,29877,VIVIDHA,VISAGAR POLYTEX,0.0,,0.0,0.01,1,EQ,NSE,NSE
7185,7649025,29879,HPTL-ST,HP TELECOM INDIA,0.0,,0.0,0.05,600,EQ,NSE,NSE
7186,7657217,29911,364D270226-TB,GOI TBILL 364D-27/02/26,0.0,,0.0,0.01,100,EQ,NSE,NSE
7187,7657473,29912,698GJ30-SG,SDL GJ 6.98% 2030,0.0,,0.0,0.01,100,EQ,NSE,NSE
7188,7657729,29913,716KA32-SG,SDL KA 7.16% 2032,0.0,,0.0,0.01,100,EQ,NSE,NSE
7189,7657985,29914,717TN33-SG,SDL TN 7.17% 2033,0.0,,0.0,0.01,100,EQ,NSE,NSE
7190,7658753,29917,72CG34-SG,SDL CG 7.2% 2034,0.0,,0.0,0.01,100,EQ,NSE,NSE
7191,7659265,29919,719OR35-SG,SDL OR 7.19% 2035,0.0,,0.0,0.01,100,EQ,NSE,NSE
7192,7659521,29920,717RJ35-SG,SDL RJ 7.17% 2035,0.0,,0.0,0.01,100,EQ,NSE,NSE
7193,7659777,29921,72SK35-SG,SDL SK 7.2% 2035,0.0,,0.0,0.01,100,EQ,NSE,NSE
7194,7660033,29922,719CG35-SG,SDL CG 7.19% 2035,0.0,,0.0,0.01,100,EQ,NSE,NSE
7195,7660289,29923,72AP36-SG,SDL AP 7.2% 2036,0.0,,0.0,0.01,100,EQ,NSE,NSE
7196,7660545,29924,718TN36-SG,SDL TN 7.18% 2036,0.0,,0.0,0.01,100,EQ,NSE,NSE
7197,7660801,29925,724BR37-SG,SDL BR 7.24% 2037,0.0,,0.0,0.01,100,EQ,NSE,NSE
7198,7661057,29926,717MH37-SG,SDL MH 7.17% 2037,0.0,,0.0,0.01,100,EQ,NSE,NSE
7199,7661313,29927,72KA37-SG,SDL KA 7.2% 2037,0.0,,0.0,0.01,100,EQ,NSE,NSE
7200,7661569,29928,722HR38A-SG,SDL HR 7.22% 2038,0.0,,0.0,0.01,100,EQ,NSE,NSE
7201,7661825,29929,718MH38-SG,SDL MH 7.18% 2038,0.0,,0.0,0.01,100,EQ,NSE,NSE
7202,7662081,29930,718MH39-SG,SDL MH 7.18% 2039,0.0,,0.0,0.01,100,EQ,NSE,NSE
7203,7662337,29931,72AS40-SG,SDL AS 7.2% 2040,0.0,,0.0,0.01,100,EQ,NSE,NSE
7204,7662593,29932,719MH40-SG,SDL MH 7.19% 2040,0.0,,0.0,0.01,100,EQ,NSE,NSE
7205,7662849,29933,72MN40-SG,SDL MN 7.2% 2040,0.0,,0.0,0.01,100,EQ,NSE,NSE
7206,7663361,29935,719OR40-SG,SDL OR 7.19% 2040,0.0,,0.0,0.01,100,EQ,NSE,NSE
7207,7663617,29936,72UP40-SG,SDL UP 7.2% 2040,0.0,,0.0,0.01,100,EQ,NSE,NSE
7208,7663873,29937,72KL42-SG,SDL KL 7.2% 2042,0.0,,0.0,0.01,100,EQ,NSE,NSE
7209,7664129,29938,72RJ42-SG,SDL RJ 7.2% 2042,0.0,,0.0,0.01,100,EQ,NSE,NSE
7210,7664385,29939,72AS45-SG,SDL AS 7.2% 2045,0.0,,0.0,0.01,100,EQ,NSE,NSE
7211,7664641,29940,72OR45-SG,SDL OR 7.2% 2045,0.0,,0.0,0.01,100,EQ,NSE,NSE
7212,7664897,29941,72TN55-SG,SDL TN 7.2% 2055,0.0,,0.0,0.01,100,EQ,NSE,NSE
7213,7665153,29942,740IREDA36-N0,,0.0,,0.0,0.01,1,EQ,NSE,NSE
7214,7665665,29944,NIFTY100EW,KOTAKMAMC - NIFTY100EW,0.0,,0.0,0.01,1,EQ,NSE,NSE
7215,7666433,29947,737NBRD35-N0,,0.0,,0.0,0.01,1,EQ,NSE,NSE
7216,7666945,29949,749SIDBI29-N0,,0.0,,0.0,0.01,1,EQ,NSE,NSE
7217,7668225,29954,735NHB32-N0,,0.0,,0.0,0.01,1,EQ,NSE,NSE
7218,7668993,29957,CALSOFTPP-E1,CALSOFT RS.2.50 PPD UP,0.0,,0.0,0.01,1,EQ,NSE,NSE
7219,7669761,29960,799NIIF37-N0,,0.0,,0.0,0.01,1,EQ,NSE,NSE
7220,7670273,29962,JUSTDIAL,JUSTDIAL,0.0,,0.0,0.05,1,EQ,NSE,NSE
7221,7670529,29963,825TCSL28-N0,,0.0,,0.0,0.01,1,EQ,NSE,NSE
7222,7672065,29969,744PFCL30-N0,,0.0,,0.0,0.01,1,EQ,NSE,NSE
7223,7672577,29971,74PFCL35-N0,,0.0,,0.0,0.01,1,EQ,NSE,NSE
7224,7673089,29973,80980TCL27-N0,,0.0,,0.0,0.01,1,EQ,NSE,NSE
7225,7673601,29975,AONETOTAL,AONEAMC - AONETOTAL,0.0,,0.0,0.01,1,EQ,NSE,NSE
7226,7674625,29979,817GHFL30-N0,,0.0,,0.0,0.01,1,EQ,NSE,NSE
7227,7676929,29988,364D050326-TB,GOI TBILL 364D-05/03/26,0.0,,0.0,0.01,100,EQ,NSE,NSE
7228,7677185,29989,727UP41-SG,SDL UP 7.27% 2041,0.0,,0.0,0.01,100,EQ,NSE,NSE
7229,7677697,29991,727MP45-SG,SDL MP 7.27% 2045,0.0,,0.0,0.01,100,EQ,NSE,NSE
7230,7677953,29992,727TS47-SG,SDL TS 7.27% 2047,0.0,,0.0,0.01,100,EQ,NSE,NSE
7231,7678209,29993,727MP48-SG,SDL MP 7.27% 2048,0.0,,0.0,0.01,100,EQ,NSE,NSE
7232,7678465,29994,727TS49-SG,SDL TS 7.27% 2049,0.0,,0.0,0.01,100,EQ,NSE,NSE
7233,7678721,29995,706GJ30-SG,SDL GJ 7.06% 2030,0.0,,0.0,0.01,100,EQ,NSE,NSE
7234,7678977,29996,72OR32-SG,SDL OR 7.2% 2032,0.0,,0.0,0.01,100,EQ,NSE,NSE
7235,7679233,29997,722KA32-SG,SDL KA 7.22% 2032,0.0,,0.0,0.01,100,EQ,NSE,NSE
7236,7679489,29998,708TN30-SG,SDL TN 7.08% 2030,0.0,,0.0,0.01,100,EQ,NSE,NSE
7237,7679745,29999,721TN32-SG,SDL TN 7.21% 2032,0.0,,0.0,0.01,100,EQ,NSE,NSE
7238,7680001,30000,722TN33-SG,SDL TN 7.22% 2033,0.0,,0.0,0.01,100,EQ,NSE,NSE
7239,7680257,30001,722AP34-SG,SDL AP 7.22% 2034,0.0,,0.0,0.01,100,EQ,NSE,NSE
7240,7680513,30002,728CG34-SG,SDL CG 7.28% 2034,0.0,,0.0,0.01,100,EQ,NSE,NSE
7241,7680769,30003,722AP35-SG,SDL AP 7.22% 2035,0.0,,0.0,0.01,100,EQ,NSE,NSE
7242,7681025,30004,734AS35-SG,SDL AS 7.34% 2035,0.0,,0.0,0.01,100,EQ,NSE,NSE
7243,7681281,30005,721GJ35-SG,SDL GJ 7.21% 2035,0.0,,0.0,0.01,100,EQ,NSE,NSE
7244,7681537,30006,722RJ35-SG,SDL RJ 7.22% 2035,0.0,,0.0,0.01,100,EQ,NSE,NSE
7245,7681793,30007,727CG35-SG,SDL CG 7.27% 2035,0.0,,0.0,0.01,100,EQ,NSE,NSE
7246,7682049,30008,722KA35A-SG,SDL KA 7.22% 2035,0.0,,0.0,0.01,100,EQ,NSE,NSE
7247,7682305,30009,728AP36-SG,SDL AP 7.28% 2036,0.0,,0.0,0.01,100,EQ,NSE,NSE
7248,7682561,30010,722OR36-SG,SDL OR 7.22% 2036,0.0,,0.0,0.01,100,EQ,NSE,NSE
7249,7682817,30011,732CG37-SG,SDL CG 7.32% 2037,0.0,,0.0,0.01,100,EQ,NSE,NSE
7250,7683329,30013,732WB38-SG,SDL WB 7.32% 2038,0.0,,0.0,0.01,100,EQ,NSE,NSE
7251,7683585,30014,726HR39-SG,SDL HR 7.26% 2039,0.0,,0.0,0.01,100,EQ,NSE,NSE
7252,7684865,30019,726MP39-SG,SDL MP 7.26% 2039,0.0,,0.0,0.01,100,EQ,NSE,NSE
7253,7685121,30020,73OR39-SG,SDL OR 7.3% 2039,0.0,,0.0,0.01,100,EQ,NSE,NSE
7254,7685377,30021,725UP39-SG,SDL UP 7.25% 2039,0.0,,0.0,0.01,100,EQ,NSE,NSE
7255,7685633,30022,73WB39-SG,SDL WB 7.3% 2039,0.0,,0.0,0.01,100,EQ,NSE,NSE
7256,7685889,30023,ATULAUTO,ATUL AUTO,0.0,,0.0,0.05,1,EQ,NSE,NSE
7257,7686145,30024,727OR41-SG,SDL OR 7.27% 2041,0.0,,0.0,0.01,100,EQ,NSE,NSE
7258,7686401,30025,726TN55-SG,SDL TN 7.26% 2055,0.0,,0.0,0.01,100,EQ,NSE,NSE
7259,7688449,30033,BALAJIPHOS-ST,BALAJI PHOSPHATES,0.0,,0.0,0.05,1000,EQ,NSE,NSE
7260,7688705,30034,734UCL30-N0,,0.0,,0.0,0.01,1,EQ,NSE,NSE
7261,7689217,30036,760CIT38-N0,,0.0,,0.0,0.01,1,EQ,NSE,NSE
7262,7689985,30039,734UCL28-N0,,0.0,,0.0,0.01,1,EQ,NSE,NSE
7263,7690497,30041,FCONSUMER-BE,FUTURE CONSUMER,0.0,,0.0,0.01,1,EQ,NSE,NSE
7264,7691521,30045,809CANF27-N0,,0.0,,0.0,0.01,1,EQ,NSE,NSE
7265,7692033,30047,905CIFL32-N0,,0.0,,0.0,0.01,1,EQ,NSE,NSE
7266,7693057,30051,ROADSTAR-IV,ROADSTAR INFRA INVT TRUST,0.0,,0.0,0.01,25000,EQ,NSE,NSE
7267,7695105,30059,990IIFL27A-N0,,0.0,,0.0,0.01,1,EQ,NSE,NSE
7268,7695617,30061,960SFL35-N0,,0.0,,0.0,0.01,1,EQ,NSE,NSE
7269,7696129,30063,790ABHFL28-N0,,0.0,,0.0,0.01,1,EQ,NSE,NSE
7270,7696641,30065,MOCAPITAL,MOTILALAMC - MOCAPITAL,0.0,,0.0,0.01,1,EQ,NSE,NSE
7271,7697665,30069,709TN30A-SG,SDL TN 7.09% 2030,0.0,,0.0,0.01,100,EQ,NSE,NSE
7272,7697921,30070,718TN35-SG,SDL TN 7.18% 2035,0.0,,0.0,0.01,100,EQ,NSE,NSE
7273,7698177,30071,724UP40-SG,SDL UP 7.24% 2040,0.0,,0.0,0.01,100,EQ,NSE,NSE
7274,7698433,30072,722JK32-SG,SDL JK 7.22% 2032,0.0,,0.0,0.01,100,EQ,NSE,NSE
7275,7698689,30073,729WB38-SG,SDL WB 7.29% 2038,0.0,,0.0,0.01,100,EQ,NSE,NSE
7276,7698945,30074,728WB39-SG,SDL WB 7.28% 2039,0.0,,0.0,0.01,100,EQ,NSE,NSE
7277,7699201,30075,723UK32-SG,SDL UK 7.23% 2032,0.0,,0.0,0.01,100,EQ,NSE,NSE
7278,7699457,30076,727PY33-SG,SDL PY 7.27% 2033,0.0,,0.0,0.01,100,EQ,NSE,NSE
7279,7699713,30077,723TS49-SG,SDL TS 7.23% 2049,0.0,,0.0,0.01,100,EQ,NSE,NSE
7280,7699969,30078,724AR45-SG,SDL AR 7.24% 2045,0.0,,0.0,0.01,100,EQ,NSE,NSE
7281,7700225,30079,723TS53-SG,SDL TS 7.23% 2053,0.0,,0.0,0.01,100,EQ,NSE,NSE
7282,7700481,30080,687GJ28-SG,SDL GJ 6.87% 2028,0.0,,0.0,0.01,100,EQ,NSE,NSE
7283,7700737,30081,723HR39-SG,SDL HR 7.23% 2039,0.0,,0.0,0.01,100,EQ,NSE,NSE
7284,7700993,30082,724KL43-SG,SDL KL 7.24% 2043,0.0,,0.0,0.01,100,EQ,NSE,NSE
7285,7701249,30083,723TN55-SG,SDL TN 7.23% 2055,0.0,,0.0,0.01,100,EQ,NSE,NSE
7286,7701505,30084,726HP35-SG,SDL HP 7.26% 2035,0.0,,0.0,0.01,100,EQ,NSE,NSE
7287,7701761,30085,717MP31-SG,SDL MP 7.17% 2031,0.0,,0.0,0.01,100,EQ,NSE,NSE
7288,7702017,30086,722MP42-SG,SDL MP 7.22% 2042,0.0,,0.0,0.01,100,EQ,NSE,NSE
7289,7702273,30087,723MP47-SG,SDL MP 7.23% 2047,0.0,,0.0,0.01,100,EQ,NSE,NSE
7290,7702529,30088,727NL35-SG,SDL NL 7.27% 2035,0.0,,0.0,0.01,100,EQ,NSE,NSE
7291,7702785,30089,ORIENTCEM,ORIENT CEMENT,0.0,,0.0,0.01,1,EQ,NSE,NSE
7292,7703041,30090,693OR28-SG,SDL OR 6.93% 2028,0.0,,0.0,0.01,100,EQ,NSE,NSE
7293,7703297,30091,717OR30-SG,SDL OR 7.17% 2030,0.0,,0.0,0.01,100,EQ,NSE,NSE
7294,7704577,30096,723OR47-SG,SDL OR 7.23% 2047,0.0,,0.0,0.01,100,EQ,NSE,NSE
7295,7704833,30097,719RJ35-SG,SDL RJ 7.19% 2035,0.0,,0.0,0.01,100,EQ,NSE,NSE
7296,7705089,30098,723RJ38-SG,SDL RJ 7.23% 2038,0.0,,0.0,0.01,100,EQ,NSE,NSE
7297,7705345,30099,70TN29-SG,SDL TN 7.0% 2029,0.0,,0.0,0.01,100,EQ,NSE,NSE
7298,7705601,30100,723TS52-SG,SDL TS 7.23% 2052,0.0,,0.0,0.01,100,EQ,NSE,NSE
7299,7705857,30101,724AS45-SG,SDL AS 7.24% 2045,0.0,,0.0,0.01,100,EQ,NSE,NSE
7300,7706625,30104,364D120326-TB,GOI TBILL 364D-12/03/26,0.0,,0.0,0.01,100,EQ,NSE,NSE
7301,7706881,30105,GOLD360,360ONEAMC - GOLD360,0.0,,0.0,0.05,1,EQ,NSE,NSE
7302,7707649,30108,ABFRL,ADITYA BIRLA FASHION & RT,0.0,,0.0,0.01,1,EQ,NSE,NSE
7303,7707905,30109,SELECTIPO,MIRAEAMC - SELECTIPO,0.0,,0.0,0.01,1,EQ,NSE,NSE
7304,7710977,30121,EQUAL200,MIRAEAMC - EQUAL200,0.0,,0.0,0.01,1,EQ,NSE,NSE
7305,7712001,30125,SAMMAANCAP,SAMMAAN CAPITAL,0.0,,0.0,0.01,1,EQ,NSE,NSE
7306,7714305,30134,PRABHA,PRABHA ENERGY,0.0,,0.0,0.01,1,EQ,NSE,NSE
7307,7715585,30139,CASHIETF,ICICIPRAMC - CASHIETF,0.0,,0.0,0.01,1,EQ,NSE,NSE
7308,7716353,30142,775PFCL26A-N0,,0.0,,0.0,0.01,1,EQ,NSE,NSE
7309,7716865,30144,745PFCL28-N0,,0.0,,0.0,0.01,1,EQ,NSE,NSE
7310,7717633,30147,860MFL28-N0,,0.0,,0.0,0.01,1,EQ,NSE,NSE
7311,7718145,30149,773LICH27-N0,,0.0,,0.0,0.01,1,EQ,NSE,NSE
7312,7719681,30155,AXISVALUE,AXISAMC - AXISVALUE,0.0,,0.0,0.01,1,EQ,NSE,NSE
7313,7720705,30159,715RJ35-SG,SDL RJ 7.15% 2035,0.0,,0.0,0.01,100,EQ,NSE,NSE
7314,7720961,30160,715UP37A-SG,SDL UP 7.15% 2037,0.0,,0.0,0.01,100,EQ,NSE,NSE
7315,7721217,30161,717KL38-SG,SDL KL 7.17% 2038,0.0,,0.0,0.01,100,EQ,NSE,NSE
7316,7721473,30162,717UP39-SG,SDL UP 7.17% 2039,0.0,,0.0,0.01,100,EQ,NSE,NSE
7317,7721729,30163,718MZ40-SG,SDL MZ 7.18% 2040,0.0,,0.0,0.01,100,EQ,NSE,NSE
7318,7721985,30164,717OR40-SG,SDL OR 7.17% 2040,0.0,,0.0,0.01,100,EQ,NSE,NSE
7319,7722241,30165,718TN45-SG,SDL TN 7.18% 2045,0.0,,0.0,0.01,100,EQ,NSE,NSE
7320,7722497,30166,718WB45-SG,SDL WB 7.18% 2045,0.0,,0.0,0.01,100,EQ,NSE,NSE
7321,7722753,30167,718MP46-SG,SDL MP 7.18% 2046,0.0,,0.0,0.01,100,EQ,NSE,NSE
7322,7723009,30168,718OR46-SG,SDL OR 7.18% 2046,0.0,,0.0,0.01,100,EQ,NSE,NSE
7323,7723265,30169,718WB46-SG,SDL WB 7.18% 2046,0.0,,0.0,0.01,100,EQ,NSE,NSE
7324,7723521,30170,718WB47-SG,SDL WB 7.18% 2047,0.0,,0.0,0.01,100,EQ,NSE,NSE
7325,7723777,30171,718MP49-SG,SDL MP 7.18% 2049,0.0,,0.0,0.01,100,EQ,NSE,NSE
7326,7724033,30172,718KL50A-SG,SDL KL 7.18% 2050,0.0,,0.0,0.01,100,EQ,NSE,NSE
7327,7724289,30173,718TN55B-SG,SDL TN 7.18% 2055,0.0,,0.0,0.01,100,EQ,NSE,NSE
7328,7724545,30174,692JH28-SG,SDL JH 6.92% 2028,0.0,,0.0,0.01,100,EQ,NSE,NSE
7329,7724801,30175,689TN28-SG,SDL TN 6.89% 2028,0.0,,0.0,0.01,100,EQ,NSE,NSE
7330,7725057,30176,698OR29-SG,SDL OR 6.98% 2029,0.0,,0.0,0.01,100,EQ,NSE,NSE
7331,7725313,30177,702TN29A-SG,SDL TN 7.02% 2029,0.0,,0.0,0.01,100,EQ,NSE,NSE
7332,7725569,30178,704TN30B-SG,SDL TN 7.04% 2030,0.0,,0.0,0.01,100,EQ,NSE,NSE
7333,7725825,30179,714MP32-SG,SDL MP 7.14% 2032,0.0,,0.0,0.01,100,EQ,NSE,NSE
7334,7726081,30180,717UK32-SG,SDL UK 7.17% 2032,0.0,,0.0,0.01,100,EQ,NSE,NSE
7335,7726337,30181,714CG32-SG,SDL CG 7.14% 2032,0.0,,0.0,0.01,100,EQ,NSE,NSE
7336,7726593,30182,715TN33-SG,SDL TN 7.15% 2033,0.0,,0.0,0.01,100,EQ,NSE,NSE
7337,7726849,30183,717UP33-SG,SDL UP 7.17% 2033,0.0,,0.0,0.01,100,EQ,NSE,NSE
7338,7727105,30184,716CG33-SG,SDL CG 7.16% 2033,0.0,,0.0,0.01,100,EQ,NSE,NSE
7339,7727361,30185,716CG34-SG,SDL CG 7.16% 2034,0.0,,0.0,0.01,100,EQ,NSE,NSE
7340,7728129,30188,364D190326-TB,GOI TBILL 364D-19/03/26,0.0,,0.0,0.01,100,EQ,NSE,NSE
7341,7728897,30191,CURAA-BE,CURA TECHNOLOGIES,0.0,,0.0,0.01,1,EQ,NSE,NSE
7342,7729665,30194,820CANF27-N0,,0.0,,0.0,0.01,1,EQ,NSE,NSE
7343,7730177,30196,744RL28-N0,,0.0,,0.0,0.01,1,EQ,NSE,NSE
7344,7730689,30198,732RL35-N0,,0.0,,0.0,0.01,1,EQ,NSE,NSE
7345,7731201,30200,793NIIF32-N0,,0.0,,0.0,0.01,1,EQ,NSE,NSE
7346,7731713,30202,925SCL27A-N1,,0.0,,0.0,0.01,1,EQ,NSE,NSE
7347,7732225,30204,1025SCL35A-N1,,0.0,,0.0,0.01,1,EQ,NSE,NSE
7348,7732737,30206,980SCL35-N1,,0.0,,0.0,0.01,1,EQ,NSE,NSE
7349,7733249,30208,940SCL28-N1,,0.0,,0.0,0.01,1,EQ,NSE,NSE
7350,7733761,30210,SCL19325A-N1,,0.0,,0.0,0.01,1,EQ,NSE,NSE
7351,7734273,30212,SCL190325-N1,,0.0,,0.0,0.01,1,EQ,NSE,NSE
7352,7734785,30214,965SCL27-N1,,0.0,,0.0,0.01,1,EQ,NSE,NSE
7353,7735809,30218,SCL19325-N1,,0.0,,0.0,0.01,1,EQ,NSE,NSE
7354,7736321,30220,925SCL27B-N1,,0.0,,0.0,0.01,1,EQ,NSE,NSE
7355,7736833,30222,990SCL28-N1,,0.0,,0.0,0.01,1,EQ,NSE,NSE
7356,7737345,30224,971SCL30A-N1,,0.0,,0.0,0.01,1,EQ,NSE,NSE
7357,7737857,30226,SCL190325A-N1,,0.0,,0.0,0.01,1,EQ,NSE,NSE
7358,7738369,30228,1003SCL32-N1,,0.0,,0.0,0.01,1,EQ,NSE,NSE
7359,7738881,30230,971SCL30-N1,,0.0,,0.0,0.01,1,EQ,NSE,NSE
7360,7739393,30232,1075SCL35-N1,,0.0,,0.0,0.01,1,EQ,NSE,NSE
7361,7739905,30234,1025SCL35-N1,,0.0,,0.0,0.01,1,EQ,NSE,NSE
7362,7740417,30236,1015SCL30-N1,,0.0,,0.0,0.01,1,EQ,NSE,NSE
7363,7740929,30238,902SCL28-N1,,0.0,,0.0,0.01,1,EQ,NSE,NSE
7364,7741441,30240,948SCL28-N1,,0.0,,0.0,0.01,1,EQ,NSE,NSE
7365,7741953,30242,1050SCL32-N1,,0.0,,0.0,0.01,1,EQ,NSE,NSE
7366,7742465,30244,BHARATSE,BHARAT SEATS,0.0,,0.0,0.01,1,EQ,NSE,NSE
7367,7744513,30252,ISHANCH-BE,ISHAN DYES N CHEMICALS L,0.0,,0.0,0.01,1,EQ,NSE,NSE
7368,7745025,30254,835GFL28-N0,,0.0,,0.0,0.01,1,EQ,NSE,NSE
7369,7747073,30262,DIVINEHIRA-ST,DIVINE HIRA JEWELLERS,0.0,,0.0,0.05,1600,EQ,NSE,NSE
7370,7747329,30263,726NTPC40-N0,,0.0,,0.0,0.01,1,EQ,NSE,NSE
7371,7747841,30265,748NABF28-N0,,0.0,,0.0,0.01,1,EQ,NSE,NSE
7372,7748353,30267,739SIDBI30-N0,,0.0,,0.0,0.01,1,EQ,NSE,NSE
7373,7748865,30269,14RARL30-N0,,0.0,,0.0,0.01,1,EQ,NSE,NSE
7374,7750145,30274,SILVERCASE,ZERODHAAMC - SILVERCASE,0.0,,0.0,0.01,1,EQ,NSE,NSE
7375,7750913,30277,758LICH35A-N0,,0.0,,0.0,0.01,1,EQ,NSE,NSE
7376,7753985,30289,GCHOTELS-ST,GRAND CONTINENT HOTELS L,0.0,,0.0,0.05,600,EQ,NSE,NSE
7377,7754241,30290,SBIBPB,SBIAMC - SBIBPB,0.0,,0.0,0.01,1,EQ,NSE,NSE
7378,7762689,30323,ESSENTIA,INTEGRA ESSENTIA,0.0,,0.0,0.01,1,EQ,NSE,NSE
7379,7780353,30392,NIF100IETF,ICICI PRUD NIFTY 100 ETF,0.0,,0.0,0.01,1,EQ,NSE,NSE
7380,7785217,30411,364D260326-TB,GOI TBILL 364D-26/03/26,0.0,,0.0,0.01,100,EQ,NSE,NSE
7381,7785473,30412,707AP36-SG,SDL AP 7.07% 2036,0.0,,0.0,0.01,100,EQ,NSE,NSE
7382,7785729,30413,687GJ28A-SG,SDL GJ 6.87% 2028,0.0,,0.0,0.01,100,EQ,NSE,NSE
7383,7785985,30414,687TN28-SG,SDL TN 6.87% 2028,0.0,,0.0,0.01,100,EQ,NSE,NSE
7384,7786241,30415,692TN29-SG,SDL TN 6.92% 2029,0.0,,0.0,0.01,100,EQ,NSE,NSE
7385,7786497,30416,696JH29-SG,SDL JH 6.96% 2029,0.0,,0.0,0.01,100,EQ,NSE,NSE
7386,7786753,30417,702AS30A-SG,SDL AS 7.02% 2030,0.0,,0.0,0.01,100,EQ,NSE,NSE
7387,7787009,30418,696KA30-SG,SDL KA 6.96% 2030,0.0,,0.0,0.01,100,EQ,NSE,NSE
7388,7787265,30419,699TN31-SG,SDL TN 6.99% 2031,0.0,,0.0,0.01,100,EQ,NSE,NSE
7389,7787521,30420,705MP32-SG,SDL MP 7.05% 2032,0.0,,0.0,0.01,100,EQ,NSE,NSE
7390,7787777,30421,705UK32-SG,SDL UK 7.05% 2032,0.0,,0.0,0.01,100,EQ,NSE,NSE
7391,7788033,30422,704KA32-SG,SDL KA 7.04% 2032,0.0,,0.0,0.01,100,EQ,NSE,NSE
7392,7788289,30423,704RJ32-SG,SDL RJ 7.04% 2032,0.0,,0.0,0.01,100,EQ,NSE,NSE
7393,7788545,30424,704AP33-SG,SDL AP 7.04% 2033,0.0,,0.0,0.01,100,EQ,NSE,NSE
7394,7789313,30427,702GJ33-SG,SDL GJ 7.02% 2033,0.0,,0.0,0.01,100,EQ,NSE,NSE
7395,7789569,30428,703KA33-SG,SDL KA 7.03% 2033,0.0,,0.0,0.01,100,EQ,NSE,NSE
7396,7789825,30429,709AP35-SG,SDL AP 7.09% 2035,0.0,,0.0,0.01,100,EQ,NSE,NSE
7397,7790081,30430,703HR35-SG,SDL HR 7.03% 2035,0.0,,0.0,0.01,100,EQ,NSE,NSE
7398,7790337,30431,702MP35-SG,SDL MP 7.02% 2035,0.0,,0.0,0.01,100,EQ,NSE,NSE
7399,7790593,30432,71NL35-SG,SDL NL 7.1% 2035,0.0,,0.0,0.01,100,EQ,NSE,NSE
7400,7790849,30433,705OR35-SG,SDL OR 7.05% 2035,0.0,,0.0,0.01,100,EQ,NSE,NSE
7401,7791105,30434,706RJ35-SG,SDL RJ 7.06% 2035,0.0,,0.0,0.01,100,EQ,NSE,NSE
7402,7791361,30435,71SK35-SG,SDL SK 7.1% 2035,0.0,,0.0,0.01,100,EQ,NSE,NSE
7403,7791617,30436,701TN35-SG,SDL TN 7.01% 2035,0.0,,0.0,0.01,100,EQ,NSE,NSE
7404,7791873,30437,708AP37-SG,SDL AP 7.08% 2037,0.0,,0.0,0.01,100,EQ,NSE,NSE
7405,7792129,30438,704HR37-SG,SDL HR 7.04% 2037,0.0,,0.0,0.01,100,EQ,NSE,NSE
7406,7792385,30439,705RJ37-SG,SDL RJ 7.05% 2037,0.0,,0.0,0.01,100,EQ,NSE,NSE
7407,7792641,30440,708HR39-SG,SDL HR 7.08% 2039,0.0,,0.0,0.01,100,EQ,NSE,NSE
7408,7792897,30441,709HR40-SG,SDL HR 7.09% 2040,0.0,,0.0,0.01,100,EQ,NSE,NSE
7409,7793153,30442,71HP40-SG,SDL HP 7.1% 2040,0.0,,0.0,0.01,100,EQ,NSE,NSE
7410,7793409,30443,708KL40-SG,SDL KL 7.08% 2040,0.0,,0.0,0.01,100,EQ,NSE,NSE
7411,7793665,30444,712MN40-SG,SDL MN 7.12% 2040,0.0,,0.0,0.01,100,EQ,NSE,NSE
7412,7793921,30445,71KL43-SG,SDL KL 7.1% 2043,0.0,,0.0,0.01,100,EQ,NSE,NSE
7413,7794177,30446,71RJ43-SG,SDL RJ 7.1% 2043,0.0,,0.0,0.01,100,EQ,NSE,NSE
7414,7794433,30447,71AS45-SG,SDL AS 7.1% 2045,0.0,,0.0,0.01,100,EQ,NSE,NSE
7415,7794689,30448,71PN45-SG,SDL PN 7.1% 2045,0.0,,0.0,0.01,100,EQ,NSE,NSE
7416,7794945,30449,71WB45-SG,SDL WB 7.1% 2045,0.0,,0.0,0.01,100,EQ,NSE,NSE
7417,7795201,30450,71WB46-SG,SDL WB 7.1% 2046,0.0,,0.0,0.01,100,EQ,NSE,NSE
7418,7795457,30451,71WB47-SG,SDL WB 7.1% 2047,0.0,,0.0,0.01,100,EQ,NSE,NSE
7419,7795713,30452,707TS52-SG,SDL TS 7.07% 2052,0.0,,0.0,0.01,100,EQ,NSE,NSE
7420,7795969,30453,707TS55-SG,SDL TS 7.07% 2055,0.0,,0.0,0.01,100,EQ,NSE,NSE
7421,7796225,30454,706KL55-SG,SDL KL 7.06% 2055,0.0,,0.0,0.01,100,EQ,NSE,NSE
7422,7796481,30455,SPECTRUM,SPECTRUM ELECTRIC IND,0.0,,0.0,0.1,1,EQ,NSE,NSE
7423,7797761,30460,RAPIDFLEET-SM,RAPID FLEET MGT SERVICE L,0.0,,0.0,0.05,600,EQ,NSE,NSE
7424,7798785,30464,ACTIVEINFR-SM,ACTIVE INFRASTRUCTURES L,0.0,,0.0,0.05,600,EQ,NSE,NSE
7425,7800065,30469,MID150,KOTAKMAMC - MID150,0.0,,0.0,0.01,1,EQ,NSE,NSE
7426,7800833,30472,AONELIQUID,AONEAMC - AONELIQUID,0.0,,0.0,0.01,1,EQ,NSE,NSE
7427,7802625,30479,774IREDA35-N0,,0.0,,0.0,0.01,1,EQ,NSE,NSE
7428,7804673,30487,717IRFC35-N0,,0.0,,0.0,0.01,1,EQ,NSE,NSE
7429,7805185,30489,712EXIM30-N0,,0.0,,0.0,0.01,1,EQ,NSE,NSE
7430,7805697,30491,FELDVR-BZ,FUTURE ENTERPRISES,0.0,,0.0,0.01,1,EQ,NSE,NSE
7431,7805953,30492,819CIFL27-N0,,0.0,,0.0,0.01,1,EQ,NSE,NSE
7432,7806465,30494,910TIAPL26-N0,,0.0,,0.0,0.01,1,EQ,NSE,NSE
7433,7806977,30496,805TFSIL28-N0,,0.0,,0.0,0.01,1,EQ,NSE,NSE
7434,7822849,30558,MHLSRG-SF,,0.0,,0.0,0.01,1,EQ,NSE,NSE
7435,7823361,30560,MHLSRD-SF,,0.0,,0.0,0.01,1,EQ,NSE,NSE
7436,7823873,30562,MHLSRDR-SF,,0.0,,0.0,0.01,1,EQ,NSE,NSE
7437,7824385,30564,MHLSDG-SF,,0.0,,0.0,0.01,1,EQ,NSE,NSE
7438,7824897,30566,MHLSDD-SF,,0.0,,0.0,0.01,1,EQ,NSE,NSE
7439,7825409,30568,MHLSDDR-SF,,0.0,,0.0,0.01,1,EQ,NSE,NSE
7440,7893761,30835,PILITA,PIL ITALICA LIFESTYLE,0.0,,0.0,0.01,1,EQ,NSE,NSE
7441,7931905,30984,846REC28-N6,,0.0,,0.0,0.01,1,EQ,NSE,NSE
7442,7932417,30986,837REC33-N7,,0.0,,0.0,0.01,1,EQ,NSE,NSE
7443,7933441,30990,871REC28-N9,,0.0,,0.0,0.01,1,EQ,NSE,NSE
7444,7933953,30992,862REC33-NA,,0.0,,0.0,0.01,1,EQ,NSE,NSE
7445,7940353,31017,THOMASCOTT,THOMAS SCOTT (INDIA),0.0,,0.0,0.05,1,EQ,NSE,NSE
7446,7946241,31040,830NHAI27-N2,,0.0,,0.0,0.01,1,EQ,NSE,NSE
7447,7963393,31107,DBSTOCKBRO,DB (INT) STOCK BROKERS,0.0,,0.0,0.01,1,EQ,NSE,NSE
7448,7968769,31128,810IRFC27-N2,,0.0,,0.0,0.01,1,EQ,NSE,NSE
7449,7971329,31138,COMPUSOFT,COMPUCOM SOFTWARE,0.0,,0.0,0.01,1,EQ,NSE,NSE
7450,7977729,31163,RHIM,RHI MAGNESITA INDIA,0.0,,0.0,0.05,1,EQ,NSE,NSE
7451,7982337,31181,MCX,MULTI COMMODITY EXCHANGE,0.0,,0.0,1.0,1,EQ,NSE,NSE
7452,7995905,31234,SCHNEIDER,SCHNEIDER ELECTRIC INFRA,0.0,,0.0,0.05,1,EQ,NSE,NSE
7453,7997441,31240,82HUDCO27-N2,,0.0,,0.0,0.01,1,EQ,NSE,NSE
7454,8002049,31258,NDL,NANDAN DENIM,0.0,,0.0,0.01,1,EQ,NSE,NSE
7455,8041729,31413,MTEDUCARE-BE,MT EDUCARE,0.0,,0.0,0.01,1,EQ,NSE,NSE
7456,8042241,31415,NBCC,NBCC (INDIA),0.0,,0.0,0.01,1,EQ,NSE,NSE
7457,8055809,31468,LYPSAGEMS,LYPSA GEMS & JEWEL,0.0,,0.0,0.01,1,EQ,NSE,NSE
7458,8057601,31475,ORBTEXP,ORBIT EXPORTS,0.0,,0.0,0.01,1,EQ,NSE,NSE
7459,8059649,31483,854NHPC28-N2,,0.0,,0.0,0.01,1,EQ,NSE,NSE
7460,8059905,31484,867NHPC33-N3,,0.0,,0.0,0.01,1,EQ,NSE,NSE
7461,8060417,31486,879NHPC28-N5,,0.0,,0.0,0.01,1,EQ,NSE,NSE
7462,8060673,31487,892NHPC33-N6,,0.0,,0.0,0.01,1,EQ,NSE,NSE
7463,8065793,31507,JPOLYINVST,JIND POL INV & FIN CO,0.0,,0.0,0.1,1,EQ,NSE,NSE
7464,8130561,31760,848NTPC28-N2,,0.0,,0.0,0.01,1,EQ,NSE,NSE
7465,8131073,31762,866NTPC33-N3,,0.0,,0.0,0.01,1,EQ,NSE,NSE
7466,8132097,31766,873NTPC28-N5,,0.0,,0.0,0.01,1,EQ,NSE,NSE
7467,8132609,31768,891NTPC33-N6,,0.0,,0.0,0.01,1,EQ,NSE,NSE
7468,8150273,31837,SREEL,SREELEATHERS,0.0,,0.0,0.01,1,EQ,NSE,NSE
7469,8183297,31966,863NHB29-N2,,0.0,,0.0,0.01,1,EQ,NSE,NSE
7470,8183553,31967,863NHB34-N3,,0.0,,0.0,0.01,1,EQ,NSE,NSE
7471,8184065,31969,888NHB29-N5,,0.0,,0.0,0.01,1,EQ,NSE,NSE
7472,8184321,31970,901NHB34-N6,,0.0,,0.0,0.01,1,EQ,NSE,NSE
7473,193498625,755854,681HR39-SG,SDL HR 6.81% 2039,0.0,,0.0,0.01,100,EQ,NSE,NSE
7474,193498881,755855,683JK42-SG,SDL JK 6.83% 2042,0.0,,0.0,0.01,100,EQ,NSE,NSE
7475,193499137,755856,687TS47-SG,SDL TS 6.87% 2047,0.0,,0.0,0.01,100,EQ,NSE,NSE
7476,193499393,755857,687TS55-SG,SDL TS 6.87% 2055,0.0,,0.0,0.01,100,EQ,NSE,NSE
7477,193500161,755860,364D100426-TB,GOI TBILL 364D-10/04/26,0.0,,0.0,0.01,100,EQ,NSE,NSE
7478,193502977,755871,771NIIF35-N0,,0.0,,0.0,0.01,1,EQ,NSE,NSE
7479,193503489,755873,704NBFID35-N0,,0.0,,0.0,0.01,1,EQ,NSE,NSE
7480,193504001,755875,995ISF28A-N0,,0.0,,0.0,0.01,1,EQ,NSE,NSE
7481,193505025,755879,875CIFL32-N0,,0.0,,0.0,0.01,1,EQ,NSE,NSE
7482,193505537,755881,EVIETF,ICICIPRAMC - EVIETF,0.0,,0.0,0.01,1,EQ,NSE,NSE
7483,193516545,755924,MARSHALL-BZ,MARSHALL MACHINES,0.0,,0.0,0.01,1,EQ,NSE,NSE
7484,193516801,755925,684TS56-SG,SDL TS 6.84% 2056,0.0,,0.0,0.01,100,EQ,NSE,NSE
7485,193517057,755926,671TN35-SG,SDL TN 6.71% 2035,0.0,,0.0,0.01,100,EQ,NSE,NSE
7486,193517825,755929,364D160426-TB,GOI TBILL 364D-16/04/26,0.0,,0.0,0.01,100,EQ,NSE,NSE
7487,193518081,755930,850TIAPL28-N0,,0.0,,0.0,0.01,1,EQ,NSE,NSE
7488,193520641,755940,78ABCL33-N1,,0.0,,0.0,0.01,1,EQ,NSE,NSE
7489,193520897,755941,8ABCL26-N2,,0.0,,0.0,0.01,1,EQ,NSE,NSE
7490,193521153,755942,ABCL26-N3,,0.0,,0.0,0.01,1,EQ,NSE,NSE
7491,193521409,755943,81ABCL33-N4,,0.0,,0.0,0.01,1,EQ,NSE,NSE
7492,193521665,755944,805ABCL28-N5,,0.0,,0.0,0.01,1,EQ,NSE,NSE
7493,193521921,755945,ABCL28-N6,,0.0,,0.0,0.01,1,EQ,NSE,NSE
7494,193522177,755946,791ABCL34-N7,,0.0,,0.0,0.01,1,EQ,NSE,NSE
7495,193522433,755947,79413ABC28-N8,,0.0,,0.0,0.01,1,EQ,NSE,NSE
7496,193522689,755948,797ABCL28-N9,,0.0,,0.0,0.01,1,EQ,NSE,NSE
7497,193522945,755949,79ABCL28-NA,,0.0,,0.0,0.01,1,EQ,NSE,NSE
7498,193523201,755950,8016ABCL29-NB,,0.0,,0.0,0.01,1,EQ,NSE,NSE
7499,193523457,755951,801ABCL28-NC,,0.0,,0.0,0.01,1,EQ,NSE,NSE
7500,193523713,755952,80208ABC30-ND,,0.0,,0.0,0.01,1,EQ,NSE,NSE
7501,193523969,755953,8034ABCL34-NE,,0.0,,0.0,0.01,1,EQ,NSE,NSE
7502,193524225,755954,803ABCL33-NF,,0.0,,0.0,0.01,1,EQ,NSE,NSE
7503,193524481,755955,812ABCL28-NG,,0.0,,0.0,0.01,1,EQ,NSE,NSE
7504,193524737,755956,816ABCL29-NH,,0.0,,0.0,0.01,1,EQ,NSE,NSE
7505,193524993,755957,81ABCL29-NI,,0.0,,0.0,0.01,1,EQ,NSE,NSE
7506,193525249,755958,830ABCL26-NJ,,0.0,,0.0,0.01,1,EQ,NSE,NSE
7507,193525505,755959,831ABCL34-NK,,0.0,,0.0,0.01,1,EQ,NSE,NSE
7508,193525761,755960,833ABCL27-NL,,0.0,,0.0,0.01,1,EQ,NSE,NSE
7509,193526017,755961,ABCRESET27-NM,,0.0,,0.0,0.01,1,EQ,NSE,NSE
7510,193531905,755984,852MFL28-N0,,0.0,,0.0,0.01,1,EQ,NSE,NSE
7511,193532417,755986,852MFL28A-N0,,0.0,,0.0,0.01,1,EQ,NSE,NSE
7512,193532929,755988,703NBFID30-N0,,0.0,,0.0,0.01,1,EQ,NSE,NSE
7513,193533441,755990,762TCL30-N0,,0.0,,0.0,0.01,1,EQ,NSE,NSE
7514,193534977,755996,10UCL26-ND,,0.0,,0.0,0.01,1,EQ,NSE,NSE
7515,193535489,755998,1039UCL26-NE,,0.0,,0.0,0.01,1,EQ,NSE,NSE
7516,193536001,756000,1015UCL27-NF,,0.0,,0.0,0.01,1,EQ,NSE,NSE
7517,193536513,756002,1025UCL27A-NG,,0.0,,0.0,0.01,1,EQ,NSE,NSE
7518,193537025,756004,1050UCL28-NH,,0.0,,0.0,0.01,1,EQ,NSE,NSE
7519,193537537,756006,727SHFL27-N0,,0.0,,0.0,0.01,1,EQ,NSE,NSE
7520,193538049,756008,735SFL27-N0,,0.0,,0.0,0.01,1,EQ,NSE,NSE
7521,193539585,756014,690GS2065-GS,GOI LOAN  6.90% 2065,0.0,,0.0,0.01,1,EQ,NSE,NSE
7522,193539841,756015,CIFL,CAPITAL INDIA FINANCE,0.0,,0.0,0.01,1,EQ,NSE,NSE
7523,193541121,756020,TINNARUBR,TINNA RUBBER AND INFR,0.0,,0.0,0.05,1,EQ,NSE,NSE
7524,193542401,756025,759LTFL28-N0,,0.0,,0.0,0.01,1,EQ,NSE,NSE
7525,193542913,756027,815ANN30-N0,,0.0,,0.0,0.01,1,EQ,NSE,NSE
7526,193543425,756029,815ANN32-N0,,0.0,,0.0,0.01,1,EQ,NSE,NSE
7527,193543937,756031,815ANN31-N0,,0.0,,0.0,0.01,1,EQ,NSE,NSE
7528,193544449,756033,815ANN29-N0,,0.0,,0.0,0.01,1,EQ,NSE,NSE
7529,193544961,756035,18PVL29-N0,,0.0,,0.0,0.01,1,EQ,NSE,NSE
7530,193545473,756037,18PVL29A-N0,,0.0,,0.0,0.01,1,EQ,NSE,NSE
7531,193545729,756038,WAAREERTL,WAAREE RENEWABLE TECH,0.0,,0.0,0.1,1,EQ,NSE,NSE
7532,193547009,756043,78618ABH28-N0,,0.0,,0.0,0.01,1,EQ,NSE,NSE
7533,193551617,756061,675AS40-SG,SDL AS 6.75% 2040,0.0,,0.0,0.01,100,EQ,NSE,NSE
7534,193551873,756062,676MH37-SG,SDL MH 6.76% 2037,0.0,,0.0,0.01,100,EQ,NSE,NSE
7535,193552129,756063,672MH38-SG,SDL MH 6.72% 2038,0.0,,0.0,0.01,100,EQ,NSE,NSE
7536,193552385,756064,675MH39-SG,SDL MH 6.75% 2039,0.0,,0.0,0.01,100,EQ,NSE,NSE
7537,193552641,756065,672MH40-SG,SDL MH 6.72% 2040,0.0,,0.0,0.01,100,EQ,NSE,NSE
7538,193553409,756068,364D240426-TB,GOI TBILL 364D-24/04/26,0.0,,0.0,0.01,100,EQ,NSE,NSE
7539,193553665,756069,950ISF27A-N0,,0.0,,0.0,0.01,1,EQ,NSE,NSE
7540,193554177,756071,803ABHFL35-N0,,0.0,,0.0,0.01,1,EQ,NSE,NSE
7541,193558017,756086,GROWWMOM50,GROWWAMC - GROWWMOM50,0.0,,0.0,0.01,1,EQ,NSE,NSE
7542,193559297,756091,67RJ35-SG,SDL RJ 6.7% 2035,0.0,,0.0,0.01,100,EQ,NSE,NSE
7543,193559553,756092,674UK35-SG,SDL UK 6.74% 2035,0.0,,0.0,0.01,100,EQ,NSE,NSE
7544,193559809,756093,677MH37-SG,SDL MH 6.77% 2037,0.0,,0.0,0.01,100,EQ,NSE,NSE
7545,193560065,756094,675HR38-SG,SDL HR 6.75% 2038,0.0,,0.0,0.01,100,EQ,NSE,NSE
7546,193560321,756095,677MH38-SG,SDL MH 6.77% 2038,0.0,,0.0,0.01,100,EQ,NSE,NSE
7547,193560577,756096,678MH39-SG,SDL MH 6.78% 2039,0.0,,0.0,0.01,100,EQ,NSE,NSE
7548,193560833,756097,675MH40-SG,SDL MH 6.75% 2040,0.0,,0.0,0.01,100,EQ,NSE,NSE
7549,193561089,756098,675TR40-SG,SDL TR 6.75% 2040,0.0,,0.0,0.01,100,EQ,NSE,NSE
7550,193561345,756099,677PN43-SG,SDL PN 6.77% 2043,0.0,,0.0,0.01,100,EQ,NSE,NSE
7551,193561601,756100,665HP32-SG,SDL HP 6.65% 2032,0.0,,0.0,0.01,100,EQ,NSE,NSE
7552,193561857,756101,667UP32-SG,SDL UP 6.67% 2032,0.0,,0.0,0.01,100,EQ,NSE,NSE
7553,193562113,756102,679HP34-SG,SDL HP 6.79% 2034,0.0,,0.0,0.01,100,EQ,NSE,NSE
7554,193562369,756103,678KL46-SG,SDL KL 6.78% 2046,0.0,,0.0,0.01,100,EQ,NSE,NSE
7555,193562625,756104,678RJ47-SG,SDL RJ 6.78% 2047,0.0,,0.0,0.01,100,EQ,NSE,NSE
7556,193562881,756105,679TS52-SG,SDL TS 6.79% 2052,0.0,,0.0,0.01,100,EQ,NSE,NSE
7557,193571073,756137,850TIAP28A-N0,,0.0,,0.0,0.01,1,EQ,NSE,NSE
7558,193571585,756139,9IIFL26-NV,,0.0,,0.0,0.01,1,EQ,NSE,NSE
7559,193571841,756140,IIFL210425-NW,,0.0,,0.0,0.01,1,EQ,NSE,NSE
7560,193572097,756141,930IIFL27-NX,,0.0,,0.0,0.01,1,EQ,NSE,NSE
7561,193572353,756142,IIFL21425-NY,,0.0,,0.0,0.01,1,EQ,NSE,NSE
7562,193572609,756143,935IIFL28-NZ,,0.0,,0.0,0.01,1,EQ,NSE,NSE
7563,193572865,756144,975IIFL28-Y0,,0.0,,0.0,0.01,1,EQ,NSE,NSE
7564,193573121,756145,IIFL21425A-Y1,,0.0,,0.0,0.01,1,EQ,NSE,NSE
7565,193573377,756146,KTL-SZ,KALAHRIDHAAN TRENDZ,0.0,,0.0,0.05,3000,EQ,NSE,NSE
7566,193574145,756149,364D020426-TB,GOI TBILL 364D-02/04/26,0.0,,0.0,0.01,100,EQ,NSE,NSE
7567,193574401,756150,SILVER360,360ONEAMC - SILVER360,0.0,,0.0,0.01,1,EQ,NSE,NSE
7568,193575169,756153,960IIFL30-Y2,,0.0,,0.0,0.01,1,EQ,NSE,NSE
7569,193575425,756154,1025IIFL30-Y3,,0.0,,0.0,0.01,1,EQ,NSE,NSE
7570,193577217,756161,890ALSL27-N0,,0.0,,0.0,0.01,1,EQ,NSE,NSE
7571,193577729,756163,865HHFL30-N0,,0.0,,0.0,0.01,1,EQ,NSE,NSE
7572,193578241,756165,850HHFL27-N0,,0.0,,0.0,0.01,1,EQ,NSE,NSE
7573,193578753,756167,995ISF28-N0,,0.0,,0.0,0.01,1,EQ,NSE,NSE
7574,193579265,756169,715NBFID35-N0,,0.0,,0.0,0.01,1,EQ,NSE,NSE
7575,193579777,756171,770SHFL27-N0,,0.0,,0.0,0.01,1,EQ,NSE,NSE
7576,193580289,756173,9TIAPL28-N0,,0.0,,0.0,0.01,1,EQ,NSE,NSE
7577,193581825,756179,765TML28-N0,,0.0,,0.0,0.01,1,EQ,NSE,NSE
7578,193618945,756324,NPST,NETWORK PEOPLE SRV TECH L,0.0,,0.0,0.1,1,EQ,NSE,NSE
7579,193620225,756329,815GHFL35-N0,,0.0,,0.0,0.01,1,EQ,NSE,NSE
7580,193620737,756331,678IRFC30-N0,,0.0,,0.0,0.01,1,EQ,NSE,NSE
7581,193621249,756333,995CCSP27-N0,,0.0,,0.0,0.01,1,EQ,NSE,NSE
7582,193622529,756338,TANKUP-ST,TANKUP ENGINEERS,0.0,,0.0,0.05,250,EQ,NSE,NSE
7583,193638913,756402,ATCENERGY-SM,ATC ENERGIES SYSTEM,0.0,,0.0,0.05,1200,EQ,NSE,NSE
7584,193640705,756409,SHRIAHIMSA-ST,SHRI AHIMSA NATURALS,0.0,,0.0,0.05,600,EQ,NSE,NSE
7585,193716481,756705,673HPCL30-N0,,0.0,,0.0,0.01,1,EQ,NSE,NSE
7586,193716993,756707,707LICH30-N0,,0.0,,0.0,0.01,1,EQ,NSE,NSE
7587,193717505,756709,679TN55-SG,SDL TN 6.79% 2055,0.0,,0.0,0.01,100,EQ,NSE,NSE
7588,193717761,756710,679TS56-SG,SDL TS 6.79% 2056,0.0,,0.0,0.01,100,EQ,NSE,NSE
7589,193718529,756713,364D010526-TB,GOI TBILL 364D-01/05/26,0.0,,0.0,0.01,100,EQ,NSE,NSE
7590,193718785,756714,820MFL30-N0,,0.0,,0.0,0.01,1,EQ,NSE,NSE
7591,193719297,756716,832HHFL27A-N0,,0.0,,0.0,0.01,1,EQ,NSE,NSE
7592,193719809,756718,832HHFL27-N0,,0.0,,0.0,0.01,1,EQ,NSE,NSE
7593,193720321,756720,686REC35-N0,,0.0,,0.0,0.01,1,EQ,NSE,NSE
7594,193720833,756722,687REC30-N0,,0.0,,0.0,0.01,1,EQ,NSE,NSE
7595,193721345,756724,726IRMT45-N0,,0.0,,0.0,0.01,1,EQ,NSE,NSE
7596,193725697,756741,702RECL40-N0,,0.0,,0.0,0.01,1,EQ,NSE,NSE
7597,193726209,756743,694PGCIL35-N0,,0.0,,0.0,0.01,1,EQ,NSE,NSE
7598,193731841,756765,664PFCL30-N0,,0.0,,0.0,0.01,1,EQ,NSE,NSE
7599,193732353,756767,661PFCL28-N0,,0.0,,0.0,0.01,1,EQ,NSE,NSE
7600,193732865,756769,73064ABH28-N0,,0.0,,0.0,0.01,1,EQ,NSE,NSE
7601,193736193,756782,KRISHIVAL,KRISHIVAL FOODS,0.0,,0.0,0.05,1,EQ,NSE,NSE
7602,193737473,756787,642TN31-SG,SDL TN 6.42% 2031,0.0,,0.0,0.01,100,EQ,NSE,NSE
7603,193737729,756788,668RJ35-SG,SDL RJ 6.68% 2035,0.0,,0.0,0.01,100,EQ,NSE,NSE
7604,193737985,756789,711WB47-SG,SDL WB 7.11% 2047,0.0,,0.0,0.01,100,EQ,NSE,NSE
7605,193738241,756790,709TS58-SG,SDL TS 7.09% 2058,0.0,,0.0,0.01,100,EQ,NSE,NSE
7606,193738497,756791,709TS59-SG,SDL TS 7.09% 2059,0.0,,0.0,0.01,100,EQ,NSE,NSE
7607,193738753,756792,709TS60-SG,SDL TS 7.09% 2060,0.0,,0.0,0.01,100,EQ,NSE,NSE
7608,193739009,756793,709TS61-SG,SDL TS 7.09% 2061,0.0,,0.0,0.01,100,EQ,NSE,NSE
7609,193740801,756800,182D181225-TB,GOI TBILL 182D-18/12/25,0.0,,0.0,0.01,100,EQ,NSE,NSE
7610,193741057,756801,364D180626-TB,GOI TBILL 364D-18/06/26,0.0,,0.0,0.01,100,EQ,NSE,NSE
7611,193741313,756802,OSWALPUMPS,OSWAL PUMPS,0.0,,0.0,0.05,1,EQ,NSE,NSE
7612,193742593,756807,642JK31-SG,SDL JK 6.42% 2031,0.0,,0.0,0.01,100,EQ,NSE,NSE
7613,193742849,756808,651UP32-SG,SDL UP 6.51% 2032,0.0,,0.0,0.01,100,EQ,NSE,NSE
7614,193743105,756809,663AS35-SG,SDL AS 6.63% 2035,0.0,,0.0,0.01,100,EQ,NSE,NSE
7615,193743361,756810,665GA35-SG,SDL GA 6.65% 2035,0.0,,0.0,0.01,100,EQ,NSE,NSE
7616,193743617,756811,664GJ36-SG,SDL GJ 6.64% 2036,0.0,,0.0,0.01,100,EQ,NSE,NSE
7617,193743873,756812,665GJ37-SG,SDL GJ 6.65% 2037,0.0,,0.0,0.01,100,EQ,NSE,NSE
7618,193744129,756813,67HR39-SG,SDL HR 6.7% 2039,0.0,,0.0,0.01,100,EQ,NSE,NSE
7619,193744385,756814,672TR40-SG,SDL TR 6.72% 2040,0.0,,0.0,0.01,100,EQ,NSE,NSE
7620,193744641,756815,684KL47-SG,SDL KL 6.84% 2047,0.0,,0.0,0.01,100,EQ,NSE,NSE
7621,193744897,756816,685RJ47-SG,SDL RJ 6.85% 2047,0.0,,0.0,0.01,100,EQ,NSE,NSE
7622,193745153,756817,685RJ51-SG,SDL RJ 6.85% 2051,0.0,,0.0,0.01,100,EQ,NSE,NSE
7623,193745921,756820,364D210526-TB,GOI TBILL 364D-21/05/26,0.0,,0.0,0.01,100,EQ,NSE,NSE
7624,193746177,756821,753PHFL30-N0,,0.0,,0.0,0.01,1,EQ,NSE,NSE
7625,193746689,756823,7123TCHF27-N0,,0.0,,0.0,0.01,1,EQ,NSE,NSE
7626,193747201,756825,717TCHFL30-N0,,0.0,,0.0,0.01,1,EQ,NSE,NSE
7627,193747713,756827,GROWWSLVR,GROWWAMC - GROWWSLVR,0.0,,0.0,0.01,1,EQ,NSE,NSE
7628,193750529,756838,930PFL27A-N0,,0.0,,0.0,0.01,1,EQ,NSE,NSE
7629,193751809,756843,ABLBL,ADITYA BIRLA LIFES BRAN L,0.0,,0.0,0.01,1,EQ,NSE,NSE
7630,193753857,756851,SAMAY-ST,SAMAY PROJECT SERVICES L,0.0,,0.0,0.05,4000,EQ,NSE,NSE
7631,193754113,756852,690LICH27-N0,,0.0,,0.0,0.01,1,EQ,NSE,NSE
7632,193754369,756853,654TN31-SG,SDL TN 6.54% 2031,0.0,,0.0,0.01,100,EQ,NSE,NSE
7633,193754625,756854,667AP32-SG,SDL AP 6.67% 2032,0.0,,0.0,0.01,100,EQ,NSE,NSE
7634,193754881,756855,661GJ32-SG,SDL GJ 6.61% 2032,0.0,,0.0,0.01,100,EQ,NSE,NSE
7635,193755137,756856,668GJ33-SG,SDL GJ 6.68% 2033,0.0,,0.0,0.01,100,EQ,NSE,NSE
7636,193755393,756857,683AP34-SG,SDL AP 6.83% 2034,0.0,,0.0,0.01,100,EQ,NSE,NSE
7637,193755649,756858,671AP35-SG,SDL AP 6.71% 2035,0.0,,0.0,0.01,100,EQ,NSE,NSE
7638,193755905,756859,674AP37-SG,SDL AP 6.74% 2037,0.0,,0.0,0.01,100,EQ,NSE,NSE
7639,193756161,756860,679PN45-SG,SDL PN 6.79% 2045,0.0,,0.0,0.01,100,EQ,NSE,NSE
7640,193756417,756861,679TS53-SG,SDL TS 6.79% 2053,0.0,,0.0,0.01,100,EQ,NSE,NSE
7641,193756673,756862,68TS57-SG,SDL TS 6.8% 2057,0.0,,0.0,0.01,100,EQ,NSE,NSE
7642,193756929,756863,679AP36-SG,SDL AP 6.79% 2036,0.0,,0.0,0.01,100,EQ,NSE,NSE
7643,193757185,756864,677MP37-SG,SDL MP 6.77% 2037,0.0,,0.0,0.01,100,EQ,NSE,NSE
7644,193757441,756865,677MP39-SG,SDL MP 6.77% 2039,0.0,,0.0,0.01,100,EQ,NSE,NSE
7645,193757697,756866,678KL40-SG,SDL KL 6.78% 2040,0.0,,0.0,0.01,100,EQ,NSE,NSE
7646,193757953,756867,679AS45-SG,SDL AS 6.79% 2045,0.0,,0.0,0.01,100,EQ,NSE,NSE
7647,193758721,756870,364D070526-TB,GOI TBILL 364D-07/05/26,0.0,,0.0,0.01,100,EQ,NSE,NSE
7648,193758977,756871,ENRIN,SIEMENS ENERGY INDIA,0.0,,0.0,0.1,1,EQ,NSE,NSE
7649,193759745,756874,754GIL29-N0,,0.0,,0.0,0.01,1,EQ,NSE,NSE
7650,193760257,756876,759GIL30-N0,,0.0,,0.0,0.01,1,EQ,NSE,NSE
7651,193760769,756878,7IREDAL30-N0,,0.0,,0.0,0.01,1,EQ,NSE,NSE
7652,193761281,756880,731SDIL40-N0,,0.0,,0.0,0.01,1,EQ,NSE,NSE
7653,193761793,756882,803ABCL35-N0,,0.0,,0.0,0.01,1,EQ,NSE,NSE
7654,193762305,756884,686NHPCL40-N0,,0.0,,0.0,0.01,1,EQ,NSE,NSE
7655,193762817,756886,686NHPCL34-N0,,0.0,,0.0,0.01,1,EQ,NSE,NSE
7656,193763329,756888,686NHPCL35-N0,,0.0,,0.0,0.01,1,EQ,NSE,NSE
7657,193763841,756890,633GS2035-GS,GOI LOAN  6.33% 2035,0.0,,0.0,0.01,1,EQ,NSE,NSE
7658,193765377,756896,ARUNAYA-SM,ARUNAYA ORGANICS,0.0,,0.0,0.05,2000,EQ,NSE,NSE
7659,193766401,756900,MON50EQUAL,MOTILALAMC - MON50EQUAL,0.0,,0.0,0.01,1,EQ,NSE,NSE
7660,193767169,756903,686NHPCL36-N0,,0.0,,0.0,0.01,1,EQ,NSE,NSE
7661,193767681,756905,686NHPCL37-N0,,0.0,,0.0,0.01,1,EQ,NSE,NSE
7662,193767937,756906,679AP34A-SG,SDL AP 6.79% 2034,0.0,,0.0,0.01,100,EQ,NSE,NSE
7663,193768193,756907,688ML35-SG,SDL ML 6.88% 2035,0.0,,0.0,0.01,100,EQ,NSE,NSE
7664,193768449,756908,676JK31-SG,SDL JK 6.76% 2031,0.0,,0.0,0.01,100,EQ,NSE,NSE
7665,193768705,756909,678AP33-SG,SDL AP 6.78% 2033,0.0,,0.0,0.01,100,EQ,NSE,NSE
7666,193768961,756910,684HP35-SG,SDL HP 6.84% 2035,0.0,,0.0,0.01,100,EQ,NSE,NSE
7667,193769217,756911,684AP37-SG,SDL AP 6.84% 2037,0.0,,0.0,0.01,100,EQ,NSE,NSE
7668,193769473,756912,688AP40-SG,SDL AP 6.88% 2040,0.0,,0.0,0.01,100,EQ,NSE,NSE
7669,193769729,756913,685AP41-SG,SDL AP 6.85% 2041,0.0,,0.0,0.01,100,EQ,NSE,NSE
7670,193769985,756914,688PN45-SG,SDL PN 6.88% 2045,0.0,,0.0,0.01,100,EQ,NSE,NSE
7671,193770241,756915,688PN46-SG,SDL PN 6.88% 2046,0.0,,0.0,0.01,100,EQ,NSE,NSE
7672,193770497,756916,12VCCL29B-N0,,0.0,,0.0,0.01,1,EQ,NSE,NSE
7673,193771265,756919,686NHPCL38-N0,,0.0,,0.0,0.01,1,EQ,NSE,NSE
7674,193771777,756921,686NHPCL39-N0,,0.0,,0.0,0.01,1,EQ,NSE,NSE
7675,193772289,756923,686NHPCL33-N0,,0.0,,0.0,0.01,1,EQ,NSE,NSE
7676,193772801,756925,PRIMO,PRIMO CHEMICALS,0.0,,0.0,0.01,1,EQ,NSE,NSE
7677,193774081,756930,769TFSIL28-N0,,0.0,,0.0,0.01,1,EQ,NSE,NSE
7678,193774593,756932,686NHPCL32-N0,,0.0,,0.0,0.01,1,EQ,NSE,NSE
7679,193775105,756934,686NHPCL31-N0,,0.0,,0.0,0.01,1,EQ,NSE,NSE
7680,193776129,756938,689NTPC35-N0,,0.0,,0.0,0.01,1,EQ,NSE,NSE
7681,193776385,756939,SOLARAPP1-E1,SOLARA RS. 7 PPD UP,0.0,,0.0,0.05,1,EQ,NSE,NSE
7682,193778433,756947,665IRFC30-N0,,0.0,,0.0,0.01,1,EQ,NSE,NSE
7683,193779201,756950,AAFS29A-N0,,0.0,,0.0,0.01,1,EQ,NSE,NSE
7684,193779713,756952,925PFL30-N0,,0.0,,0.0,0.01,1,EQ,NSE,NSE
7685,193780225,756954,915PFL27-N0,,0.0,,0.0,0.01,1,EQ,NSE,NSE
7686,193780737,756956,91PFL27-N0,,0.0,,0.0,0.01,1,EQ,NSE,NSE
7687,193781249,756958,MONOLITH-SM,MONOLITHISCH INDIA,0.0,,0.0,0.05,250,EQ,NSE,NSE
7688,193782529,756963,PATILAUTOM-SM,PATIL AUTOMATION,0.0,,0.0,0.05,600,EQ,NSE,NSE
7689,193789953,756992,755TPREL40-N0,,0.0,,0.0,0.01,1,EQ,NSE,NSE
7690,193790465,756994,727TCHFL28-N0,,0.0,,0.0,0.01,1,EQ,NSE,NSE
7691,193790977,756996,680NHB32-N0,,0.0,,0.0,0.01,1,EQ,NSE,NSE
7692,193795585,757014,THELEELA,LEELA PALACES HOTEL,0.0,,0.0,0.05,1,EQ,NSE,NSE
7693,193796609,757018,622AS30-SG,SDL AS 6.22% 2030,0.0,,0.0,0.01,100,EQ,NSE,NSE
7694,193796865,757019,651GJ33-SG,SDL GJ 6.51% 2033,0.0,,0.0,0.01,100,EQ,NSE,NSE
7695,193797121,757020,660TN35-SG,SDL TN 6.60% 2035,0.0,,0.0,0.01,100,EQ,NSE,NSE
7696,193797377,757021,ACCPL-SM,ACCRETION PHARMA,0.0,,0.0,0.05,1200,EQ,NSE,NSE
7697,193799425,757029,740SIHF28-N0,,0.0,,0.0,0.01,1,EQ,NSE,NSE
7698,193799937,757031,MOINFRA,MOTILALAMC - MOINFRA,0.0,,0.0,0.01,1,EQ,NSE,NSE
7699,193800705,757034,664HR36-SG,SDL HR 6.64% 2036,0.0,,0.0,0.01,100,EQ,NSE,NSE
7700,193800961,757035,668HR38-SG,SDL HR 6.68% 2038,0.0,,0.0,0.01,100,EQ,NSE,NSE
7701,193801217,757036,671MN40-SG,SDL MN 6.71% 2040,0.0,,0.0,0.01,100,EQ,NSE,NSE
7702,193801473,757037,684JK42-SG,SDL JK 6.84% 2042,0.0,,0.0,0.01,100,EQ,NSE,NSE
7703,193801729,757038,689PN46-SG,SDL PN 6.89% 2046,0.0,,0.0,0.01,100,EQ,NSE,NSE
7704,193801985,757039,689RJ48-SG,SDL RJ 6.89% 2048,0.0,,0.0,0.01,100,EQ,NSE,NSE
7705,193802241,757040,689KL51-SG,SDL KL 6.89% 2051,0.0,,0.0,0.01,100,EQ,NSE,NSE
7706,193802497,757041,686RJ52-SG,SDL RJ 6.86% 2052,0.0,,0.0,0.01,100,EQ,NSE,NSE
7707,193803265,757044,364D280526-TB,GOI TBILL 364D-28/05/26,0.0,,0.0,0.01,100,EQ,NSE,NSE
7708,193803521,757045,72092LTF27-N0,,0.0,,0.0,0.01,1,EQ,NSE,NSE
7709,193804033,757047,715SHFL30-N0,,0.0,,0.0,0.01,1,EQ,NSE,NSE
7710,193804545,757049,RAJOOENG,RAJOO ENGINEERS,0.0,,0.0,0.01,1,EQ,NSE,NSE
7711,193806849,757058,708IIFCL35-N0,,0.0,,0.0,0.01,1,EQ,NSE,NSE
7712,193807361,757060,VGINFOTECH-SM,VIRTUAL GALAXY INFOTECH L,0.0,,0.0,0.05,1000,EQ,NSE,NSE
7713,193816577,757096,AONENIFTY,AONEAMC - AONENIFTY,0.0,,0.0,0.01,1,EQ,NSE,NSE
7714,193817345,757099,MOMGF,MOTILALAMC - MOMGF,0.0,,0.0,0.01,1,EQ,NSE,NSE
7715,193818113,757102,BELRISE,BELRISE INDUSTRIES,0.0,,0.0,0.01,1,EQ,NSE,NSE
7716,193819393,757107,DCCL-SM,DAR CREDIT & CAPITAL,0.0,,0.0,0.05,2000,EQ,NSE,NSE
7717,193819905,757109,669GJ34-SG,SDL GJ 6.69% 2034,0.0,,0.0,0.01,100,EQ,NSE,NSE
7718,193820161,757110,669GJ35-SG,SDL GJ 6.69% 2035,0.0,,0.0,0.01,100,EQ,NSE,NSE
7719,193820417,757111,671TN35A-SG,SDL TN 6.71% 2035,0.0,,0.0,0.01,100,EQ,NSE,NSE
7720,193820673,757112,677HR39-SG,SDL HR 6.77% 2039,0.0,,0.0,0.01,100,EQ,NSE,NSE
7721,193820929,757113,677AS40-SG,SDL AS 6.77% 2040,0.0,,0.0,0.01,100,EQ,NSE,NSE
7722,193821185,757114,677TN40-SG,SDL TN 6.77% 2040,0.0,,0.0,0.01,100,EQ,NSE,NSE
7723,193821441,757115,683MN40-SG,SDL MN 6.83% 2040,0.0,,0.0,0.01,100,EQ,NSE,NSE
7724,193821697,757116,688PN45A-SG,SDL PN 6.88% 2045,0.0,,0.0,0.01,100,EQ,NSE,NSE
7725,193821953,757117,686TS46-SG,SDL TS 6.86% 2046,0.0,,0.0,0.01,100,EQ,NSE,NSE
7726,193822209,757118,686TS47-SG,SDL TS 6.86% 2047,0.0,,0.0,0.01,100,EQ,NSE,NSE
7727,193822465,757119,685TS50-SG,SDL TS 6.85% 2050,0.0,,0.0,0.01,100,EQ,NSE,NSE
7728,193823233,757122,364D140526-TB,GOI TBILL 364D-14/05/26,0.0,,0.0,0.01,100,EQ,NSE,NSE
7729,193823489,757123,708TML28-N0,,0.0,,0.0,0.01,1,EQ,NSE,NSE
7730,193824001,757125,708TML28A-N0,,0.0,,0.0,0.01,1,EQ,NSE,NSE
7731,193825025,757129,990CCSP27-N0,,0.0,,0.0,0.01,1,EQ,NSE,NSE
7732,193827841,757140,AAFS29-N0,,0.0,,0.0,0.01,1,EQ,NSE,NSE
7733,193828353,757142,EQUAL50,MIRAEAMC - EQUAL50,0.0,,0.0,0.01,1,EQ,NSE,NSE
7734,193829377,757146,747ABCL29-N0,,0.0,,0.0,0.01,1,EQ,NSE,NSE
7735,193829889,757148,738ABCL28-N0,,0.0,,0.0,0.01,1,EQ,NSE,NSE
7736,193834753,757167,MONEXT50,MOTILALAMC - MONEXT50,0.0,,0.0,0.01,1,EQ,NSE,NSE
7737,193835521,757170,930APMD32-N0,,0.0,,0.0,0.01,1,EQ,NSE,NSE
7738,193836033,757172,930APMD33-N0,,0.0,,0.0,0.01,1,EQ,NSE,NSE
7739,193836545,757174,930APMD34-N0,,0.0,,0.0,0.01,1,EQ,NSE,NSE
7740,193837057,757176,930APMD35-N0,,0.0,,0.0,0.01,1,EQ,NSE,NSE
7741,193837569,757178,930APMD27-N0,,0.0,,0.0,0.01,1,EQ,NSE,NSE
7742,193838081,757180,930APMD28-N0,,0.0,,0.0,0.01,1,EQ,NSE,NSE
7743,193838593,757182,930APMD29-N0,,0.0,,0.0,0.01,1,EQ,NSE,NSE
7744,193839105,757184,930APMD30-N0,,0.0,,0.0,0.01,1,EQ,NSE,NSE
7745,193839617,757186,930APMD31-N0,,0.0,,0.0,0.01,1,EQ,NSE,NSE
7746,193878017,757336,AEGISVOPAK,AEGIS VOPAK TERMINALS,0.0,,0.0,0.05,1,EQ,NSE,NSE
7747,193879297,757341,699SFL27-N0,,0.0,,0.0,0.01,1,EQ,NSE,NSE
7748,193879809,757343,738CIFL27-N0,,0.0,,0.0,0.01,1,EQ,NSE,NSE
7749,193880321,757345,708JCL28-N0,,0.0,,0.0,0.01,1,EQ,NSE,NSE
7750,193885441,757365,760GFL30-N0,,0.0,,0.0,0.01,1,EQ,NSE,NSE
7751,193889793,757382,664ML35-SG,SDL ML 6.64% 2035,0.0,,0.0,0.01,100,EQ,NSE,NSE
7752,193890049,757383,664RJ35-SG,SDL RJ 6.64% 2035,0.0,,0.0,0.01,100,EQ,NSE,NSE
7753,193890305,757384,682AP36-SG,SDL AP 6.82% 2036,0.0,,0.0,0.01,100,EQ,NSE,NSE
7754,193890561,757385,678AP37-SG,SDL AP 6.78% 2037,0.0,,0.0,0.01,100,EQ,NSE,NSE
7755,193890817,757386,677KL37-SG,SDL KL 6.77% 2037,0.0,,0.0,0.01,100,EQ,NSE,NSE
7756,193891073,757387,684AP38-SG,SDL AP 6.84% 2038,0.0,,0.0,0.01,100,EQ,NSE,NSE
7757,193891329,757388,684AP39-SG,SDL AP 6.84% 2039,0.0,,0.0,0.01,100,EQ,NSE,NSE
7758,193891585,757389,688MP41-SG,SDL MP 6.88% 2041,0.0,,0.0,0.01,100,EQ,NSE,NSE
7759,193891841,757390,692MP43-SG,SDL MP 6.92% 2043,0.0,,0.0,0.01,100,EQ,NSE,NSE
7760,193892097,757391,692TS44-SG,SDL TS 6.92% 2044,0.0,,0.0,0.01,100,EQ,NSE,NSE
7761,193892353,757392,692TS45-SG,SDL TS 6.92% 2045,0.0,,0.0,0.01,100,EQ,NSE,NSE
7762,193892609,757393,692HP45-SG,SDL HP 6.92% 2045,0.0,,0.0,0.01,100,EQ,NSE,NSE
7763,193892865,757394,692TN45-SG,SDL TN 6.92% 2045,0.0,,0.0,0.01,100,EQ,NSE,NSE
7764,193893121,757395,692WB45-SG,SDL WB 6.92% 2045,0.0,,0.0,0.01,100,EQ,NSE,NSE
7765,193893377,757396,694TN55-SG,SDL TN 6.94% 2055,0.0,,0.0,0.01,100,EQ,NSE,NSE
7766,193893633,757397,694KL62-SG,SDL KL 6.94% 2062,0.0,,0.0,0.01,100,EQ,NSE,NSE
7767,193893889,757398,640TN32-SG,SDL TN 6.40% 2032,0.0,,0.0,0.01,100,EQ,NSE,NSE
7768,193894145,757399,661AP34-SG,SDL AP 6.61% 2034,0.0,,0.0,0.01,100,EQ,NSE,NSE
7769,193894401,757400,663GA35-SG,SDL GA 6.63% 2035,0.0,,0.0,0.01,100,EQ,NSE,NSE
7770,193894913,757402,182D041225-TB,GOI TBILL 182D-04/12/25,0.0,,0.0,0.01,100,EQ,NSE,NSE
7771,193895169,757403,364D040626-TB,GOI TBILL 364D-04/06/26,0.0,,0.0,0.01,100,EQ,NSE,NSE
7772,193895425,757404,857CIFL32-N0,,0.0,,0.0,0.01,1,EQ,NSE,NSE
7773,193895937,757406,LLOYDSENPP-E1,LLOYD RS.0.50 PPD UP,0.0,,0.0,0.01,1,EQ,NSE,NSE
7774,193897473,757412,SACHEEROME-ST,SACHEEROME,0.0,,0.0,0.05,600,EQ,NSE,NSE
7775,193897729,757413,1025VCCL28-N0,,0.0,,0.0,0.01,1,EQ,NSE,NSE
7776,193898241,757415,72959ABC28-N0,,0.0,,0.0,0.01,1,EQ,NSE,NSE
7777,193898753,757417,74242ABC30-N0,,0.0,,0.0,0.01,1,EQ,NSE,NSE
7778,193899265,757419,875SCL27A-N1,,0.0,,0.0,0.01,1,EQ,NSE,NSE
7779,193900801,757425,60TN28-SG,SDL TN 6.0% 2028,0.0,,0.0,0.01,100,EQ,NSE,NSE
7780,193901057,757426,642JK31A-SG,SDL JK 6.42% 2031,0.0,,0.0,0.01,100,EQ,NSE,NSE
7781,193901313,757427,665AP33-SG,SDL AP 6.65% 2033,0.0,,0.0,0.01,100,EQ,NSE,NSE
7782,193901569,757428,665AP34-SG,SDL AP 6.65% 2034,0.0,,0.0,0.01,100,EQ,NSE,NSE
7783,193901825,757429,668AP35B-SG,SDL AP 6.68% 2035,0.0,,0.0,0.01,100,EQ,NSE,NSE
7784,193902081,757430,666TN35-SG,SDL TN 6.66% 2035,0.0,,0.0,0.01,100,EQ,NSE,NSE
7785,193902337,757431,MOPSE,MOTILALAMC - MOPSE,0.0,,0.0,0.01,1,EQ,NSE,NSE
7786,193903105,757434,705AP39-SG,SDL AP 7.05% 2039,0.0,,0.0,0.01,100,EQ,NSE,NSE
7787,193903361,757435,703HR39-SG,SDL HR 7.03% 2039,0.0,,0.0,0.01,100,EQ,NSE,NSE
7788,193903617,757436,708MZ39-SG,SDL MZ 7.08% 2039,0.0,,0.0,0.01,100,EQ,NSE,NSE
7789,193903873,757437,708AP40A-SG,SDL AP 7.08% 2040,0.0,,0.0,0.01,100,EQ,NSE,NSE
7790,193904129,757438,709PY40-SG,SDL PY 7.09% 2040,0.0,,0.0,0.01,100,EQ,NSE,NSE
7791,193904385,757439,713PN50-SG,SDL PN 7.13% 2050,0.0,,0.0,0.01,100,EQ,NSE,NSE
7792,193904641,757440,71TS55-SG,SDL TS 7.1% 2055,0.0,,0.0,0.01,100,EQ,NSE,NSE
7793,193904897,757441,708TS56-SG,SDL TS 7.08% 2056,0.0,,0.0,0.01,100,EQ,NSE,NSE
7794,193905153,757442,708TS57-SG,SDL TS 7.08% 2057,0.0,,0.0,0.01,100,EQ,NSE,NSE
7795,193905409,757443,MOTOUR,MOTILALAMC - MOTOUR,0.0,,0.0,0.01,1,EQ,NSE,NSE
7796,193906433,757447,182D111225-TB,GOI TBILL 182D-11/12/25,0.0,,0.0,0.01,100,EQ,NSE,NSE
7797,193906689,757448,364D110626-TB,GOI TBILL 364D-11/06/26,0.0,,0.0,0.01,100,EQ,NSE,NSE
7798,193906945,757449,627PFCL27-N0,,0.0,,0.0,0.01,1,EQ,NSE,NSE
7799,193907457,757451,659PFCL30-N0,,0.0,,0.0,0.01,1,EQ,NSE,NSE
7800,193907969,757453,778ABSL35-N0,,0.0,,0.0,0.01,1,EQ,NSE,NSE
7801,193908481,757455,SNXT30BEES,NIPPONAMC - SNXT30BEES,0.0,,0.0,0.01,1,EQ,NSE,NSE
7802,193909249,757458,9SCL27-N2,,0.0,,0.0,0.01,1,EQ,NSE,NSE
7803,193909505,757459,842SCL27-N3,,0.0,,0.0,0.01,1,EQ,NSE,NSE
7804,193909761,757460,865SCL27-N4,,0.0,,0.0,0.01,1,EQ,NSE,NSE
7805,193910017,757461,SCL1825-N5,,0.0,,0.0,0.01,1,EQ,NSE,NSE
7806,193910273,757462,SCL01825-N6,,0.0,,0.0,0.01,1,EQ,NSE,NSE
7807,193910529,757463,9SCL28-N7,,0.0,,0.0,0.01,1,EQ,NSE,NSE
7808,193910785,757464,925SCL2028-N8,,0.0,,0.0,0.01,1,EQ,NSE,NSE
7809,193911041,757465,865SCL28-N9,,0.0,,0.0,0.01,1,EQ,NSE,NSE
7810,193911297,757466,888SCL28-NA,,0.0,,0.0,0.01,1,EQ,NSE,NSE
7811,193911553,757467,SCL010825-NB,,0.0,,0.0,0.01,1,EQ,NSE,NSE
7812,193911809,757468,SCL0182025-NC,,0.0,,0.0,0.01,1,EQ,NSE,NSE
7813,193912065,757469,965SCL30-ND,,0.0,,0.0,0.01,1,EQ,NSE,NSE
7814,193912321,757470,902SCL30-NE,,0.0,,0.0,0.01,1,EQ,NSE,NSE
7815,193912577,757471,925SCL30-NF,,0.0,,0.0,0.01,1,EQ,NSE,NSE
7816,193912833,757472,902SCL2030-NG,,0.0,,0.0,0.01,1,EQ,NSE,NSE
7817,193913089,757473,925SCL30A-NH,,0.0,,0.0,0.01,1,EQ,NSE,NSE
7818,193913345,757474,960SCL32-NI,,0.0,,0.0,0.01,1,EQ,NSE,NSE
7819,193913601,757475,985SCL32-NJ,,0.0,,0.0,0.01,1,EQ,NSE,NSE
7820,193913857,757476,920SCL32-NK,,0.0,,0.0,0.01,1,EQ,NSE,NSE
7821,193914113,757477,945SCL32-NL,,0.0,,0.0,0.01,1,EQ,NSE,NSE
7822,193914369,757478,SCODATUBES,SCODA TUBES,0.0,,0.0,0.01,1,EQ,NSE,NSE
7823,193915649,757483,667NBFID30-N0,,0.0,,0.0,0.01,1,EQ,NSE,NSE
7824,193916161,757485,842HFL27-N0,,0.0,,0.0,0.01,1,EQ,NSE,NSE
7825,193916673,757487,910HFL35-N0,,0.0,,0.0,0.01,1,EQ,NSE,NSE
7826,193917953,757492,NRVANDANA-ST,N R VANDANA TEX IND,0.0,,0.0,0.05,3000,EQ,NSE,NSE
7827,193918209,757493,NEPTUNE-SM,NEPTUNE PETROCHEMICALS L,0.0,,0.0,0.05,1000,EQ,NSE,NSE
7828,193919233,757497,995SCL2035-NM,,0.0,,0.0,0.01,1,EQ,NSE,NSE
7829,193919489,757498,930SCL35-NN,,0.0,,0.0,0.01,1,EQ,NSE,NSE
7830,193919745,757499,955SCL35-NO,,0.0,,0.0,0.01,1,EQ,NSE,NSE
7831,193923073,757512,SAHAJ-SZ,SAHAJ FASHIONS,0.0,,0.0,0.05,4000,EQ,NSE,NSE
7832,193923329,757513,805MFL27-N0,,0.0,,0.0,0.01,1,EQ,NSE,NSE
7833,193923841,757515,DIGITIDE,DIGITIDE SOLUTIONS,0.0,,0.0,0.01,1,EQ,NSE,NSE
7834,193925121,757520,BLUSPRING,BLUSPRING ENTERPRISES,0.0,,0.0,0.01,1,EQ,NSE,NSE
7835,193926401,757525,GANGABATH-SM,GANGA BATH FITTINGS,0.0,,0.0,0.05,3000,EQ,NSE,NSE
7836,193927425,757529,ABHF26625-N0,,0.0,,0.0,0.01,1,EQ,NSE,NSE
7837,193927937,757531,730SICC28-N0,,0.0,,0.0,0.01,1,EQ,NSE,NSE
7838,193931521,757545,TRAVELFOOD,TRAVEL FOOD SERVICES,0.0,,0.0,0.1,1,EQ,NSE,NSE
7839,193931777,757546,682TN36-SG,SDL TN 6.82% 2036,0.0,,0.0,0.01,100,EQ,NSE,NSE
7840,193932033,757547,698MH37-SG,SDL MH 6.98% 2037,0.0,,0.0,0.01,100,EQ,NSE,NSE
7841,193932289,757548,703MH38-SG,SDL MH 7.03% 2038,0.0,,0.0,0.01,100,EQ,NSE,NSE
7842,193932545,757549,705HR38-SG,SDL HR 7.05% 2038,0.0,,0.0,0.01,100,EQ,NSE,NSE
7843,193932801,757550,708MH39-SG,SDL MH 7.08% 2039,0.0,,0.0,0.01,100,EQ,NSE,NSE
7844,193933057,757551,704HR40-SG,SDL HR 7.04% 2040,0.0,,0.0,0.01,100,EQ,NSE,NSE
7845,193933313,757552,704MH40-SG,SDL MH 7.04% 2040,0.0,,0.0,0.01,100,EQ,NSE,NSE
7846,193933569,757553,709RJ43-SG,SDL RJ 7.09% 2043,0.0,,0.0,0.01,100,EQ,NSE,NSE
7847,193933825,757554,708JK46A-SG,SDL JK 7.08% 2046,0.0,,0.0,0.01,100,EQ,NSE,NSE
7848,193934081,757555,71WB50-SG,SDL WB 7.1% 2050,0.0,,0.0,0.01,100,EQ,NSE,NSE
7849,193934337,757556,71WB51-SG,SDL WB 7.1% 2051,0.0,,0.0,0.01,100,EQ,NSE,NSE
7850,193934593,757557,709KL52-SG,SDL KL 7.09% 2052,0.0,,0.0,0.01,100,EQ,NSE,NSE
7851,193934849,757558,709TN55-SG,SDL TN 7.09% 2055,0.0,,0.0,0.01,100,EQ,NSE,NSE
7852,193935105,757559,61GJ28-SG,SDL GJ 6.1% 2028,0.0,,0.0,0.01,100,EQ,NSE,NSE
7853,193935361,757560,673RJ35-SG,SDL RJ 6.73% 2035,0.0,,0.0,0.01,100,EQ,NSE,NSE
7854,193935617,757561,674UK35A-SG,SDL UK 6.74% 2035,0.0,,0.0,0.01,100,EQ,NSE,NSE
7855,193936129,757563,182D251225-TB,GOI TBILL 182D-25/12/25,0.0,,0.0,0.01,100,EQ,NSE,NSE
7856,193936385,757564,364D250626-TB,GOI TBILL 364D-25/06/26,0.0,,0.0,0.01,100,EQ,NSE,NSE
7857,193936641,757565,717SHFL30-N0,,0.0,,0.0,0.01,1,EQ,NSE,NSE
7858,193937153,757567,730NIIF28-N0,,0.0,,0.0,0.01,1,EQ,NSE,NSE
7859,193937665,757569,743NIIF30-N0,,0.0,,0.0,0.01,1,EQ,NSE,NSE
7860,193938177,757571,925IIFL32-N0,,0.0,,0.0,0.01,1,EQ,NSE,NSE
7861,193938689,757573,930IIFL35-N0,,0.0,,0.0,0.01,1,EQ,NSE,NSE
7862,193939201,757575,706RECL35-N0,,0.0,,0.0,0.01,1,EQ,NSE,NSE
7863,193939713,757577,660RECL27-N0,,0.0,,0.0,0.01,1,EQ,NSE,NSE
7864,193940225,757579,AAKAAR-SM,AAKAAR MEDICAL TECHNO,0.0,,0.0,0.05,1600,EQ,NSE,NSE
7865,193941249,757583,SAFEENTP-SM,SAFE ENTER RETAIL FIX,0.0,,0.0,0.05,500,EQ,NSE,NSE
7866,193943041,757590,MAYASHEEL-ST,MAYASHEEL VENTURES,0.0,,0.0,0.05,3000,EQ,NSE,NSE
7867,193944321,757595,730SICC28A-N0,,0.0,,0.0,0.01,1,EQ,NSE,NSE
7868,193946881,757605,INFLUX-ST,INFLUX HEALTHTECH,0.0,,0.0,0.05,600,EQ,NSE,NSE
7869,193947137,757606,950SCL30-N0,,0.0,,0.0,0.01,1,EQ,NSE,NSE
7870,193947649,757608,975SCL35-N0,,0.0,,0.0,0.01,1,EQ,NSE,NSE
7871,193948161,757610,945SCL28-N0,,0.0,,0.0,0.01,1,EQ,NSE,NSE
7872,193948673,757612,945SCL29-N0,,0.0,,0.0,0.01,1,EQ,NSE,NSE
7873,193949185,757614,ARISINFRA,ARISINFRA SOLUTIONS,0.0,,0.0,0.01,1,EQ,NSE,NSE
7874,193950465,757619,SMARTEN-SM,SMARTEN POWER SYSTEMS,0.0,,0.0,0.05,1200,EQ,NSE,NSE
7875,193952513,757627,688BR35-SG,SDL BR 6.88% 2035,0.0,,0.0,0.01,100,EQ,NSE,NSE
7876,193952769,757628,714JK40-SG,SDL JK 7.14% 2040,0.0,,0.0,0.01,100,EQ,NSE,NSE
7877,193955585,757639,778AIFL30-N0,,0.0,,0.0,0.01,1,EQ,NSE,NSE
7878,193956865,757644,IWARE-ST,IWARE SUPPLYCHAIN SER,0.0,,0.0,0.05,1200,EQ,NSE,NSE
7879,193957121,757645,ATHERENERG,ATHER ENERGY,0.0,,0.0,0.05,1,EQ,NSE,NSE
7880,193958401,757650,714MZ40-SG,SDL MZ 7.14% 2040,0.0,,0.0,0.01,100,EQ,NSE,NSE
7881,193958657,757651,712HR41-SG,SDL HR 7.12% 2041,0.0,,0.0,0.01,100,EQ,NSE,NSE
7882,193958913,757652,714MP41-SG,SDL MP 7.14% 2041,0.0,,0.0,0.01,100,EQ,NSE,NSE
7883,193959169,757653,715MP43A-SG,SDL MP 7.15% 2043,0.0,,0.0,0.01,100,EQ,NSE,NSE
7884,193959425,757654,714MH45-SG,SDL MH 7.14% 2045,0.0,,0.0,0.01,100,EQ,NSE,NSE
7885,193959681,757655,714MH46-SG,SDL MH 7.14% 2046,0.0,,0.0,0.01,100,EQ,NSE,NSE
7886,193959937,757656,713TS55-SG,SDL TS 7.13% 2055,0.0,,0.0,0.01,100,EQ,NSE,NSE
7887,193960449,757658,FISCHER,FISCHER MEDICAL VENTURE L,0.0,,0.0,0.01,1,EQ,NSE,NSE
7888,193961729,757663,880IIFL26-N0,,0.0,,0.0,0.01,1,EQ,NSE,NSE
7889,193962241,757665,WHITEFORCE-SM,HAPPY SQUARE OUTSOURC S L,0.0,,0.0,0.05,1600,EQ,NSE,NSE
7890,193963265,757669,MOALPHA50,MOTILALAMC - MOALPHA50,0.0,,0.0,0.01,1,EQ,NSE,NSE
7891,193964033,757672,182D080126-TB,GOI TBILL 182D-08/01/26,0.0,,0.0,0.01,100,EQ,NSE,NSE
7892,193964289,757673,364D090726-TB,GOI TBILL 364D-09/07/26,0.0,,0.0,0.01,100,EQ,NSE,NSE
7893,193964545,757674,820KSFP36-N0,,0.0,,0.0,0.01,1,EQ,NSE,NSE
7894,193965825,757679,SILKY-SM,SILKY OVERSEAS,0.0,,0.0,0.05,800,EQ,NSE,NSE
7895,193966849,757683,PUSHPA-SM,PUSHPA JEWELLERS,0.0,,0.0,0.05,1000,EQ,NSE,NSE
7896,193967873,757687,CEDAAR-SM,CEDAAR TEXTILE,0.0,,0.0,0.05,1000,EQ,NSE,NSE
7897,193971713,757702,74342PHF30-N0,,0.0,,0.0,0.01,1,EQ,NSE,NSE
7898,193972225,757704,SAVY-SM,SAVY INFRA AND LOGI,0.0,,0.0,0.05,1200,EQ,NSE,NSE
7899,193973249,757708,950ISF27C-N0,,0.0,,0.0,0.01,1,EQ,NSE,NSE
7900,193974017,757711,701BR37-SG,SDL BR 7.01% 2037,0.0,,0.0,0.01,100,EQ,NSE,NSE
7901,193974273,757712,71MN40-SG,SDL MN 7.1% 2040,0.0,,0.0,0.01,100,EQ,NSE,NSE
7902,193974529,757713,711WB44-SG,SDL WB 7.11% 2044,0.0,,0.0,0.01,100,EQ,NSE,NSE
7903,193974785,757714,71KL45-SG,SDL KL 7.1% 2045,0.0,,0.0,0.01,100,EQ,NSE,NSE
7904,193975041,757715,707TN55-SG,SDL TN 7.07% 2055,0.0,,0.0,0.01,100,EQ,NSE,NSE
7905,193975553,757717,182D220126-TB,GOI TBILL 182D-22/01/26,0.0,,0.0,0.01,100,EQ,NSE,NSE
7906,193975809,757718,364D230726-TB,GOI TBILL 364D-23/07/26,0.0,,0.0,0.01,100,EQ,NSE,NSE
7907,193976065,757719,115VCCL27-N0,,0.0,,0.0,0.01,1,EQ,NSE,NSE
7908,193976577,757721,12VCCL29C-N0,,0.0,,0.0,0.01,1,EQ,NSE,NSE
7909,193977089,757723,760ABCL35-N0,,0.0,,0.0,0.01,1,EQ,NSE,NSE
7910,193977601,757725,LIQGRWBEES,NIPPONAMC - LIQGRWBEES,0.0,,0.0,0.01,1,EQ,NSE,NSE
7911,193978369,757728,614TN28-SG,SDL TN 6.14% 2028,0.0,,0.0,0.01,100,EQ,NSE,NSE
7912,193978625,757729,649OR30-SG,SDL OR 6.49% 2030,0.0,,0.0,0.01,100,EQ,NSE,NSE
7913,193978881,757730,676AS32-SG,SDL AS 6.76% 2032,0.0,,0.0,0.01,100,EQ,NSE,NSE
7914,193979137,757731,670GJ33-SG,SDL GJ 6.70% 2033,0.0,,0.0,0.01,100,EQ,NSE,NSE
7915,193979393,757732,680AP35-SG,SDL AP 6.80% 2035,0.0,,0.0,0.01,100,EQ,NSE,NSE
7916,193979649,757733,686AS35-SG,SDL AS 6.86% 2035,0.0,,0.0,0.01,100,EQ,NSE,NSE
7917,193979905,757734,680RJ35-SG,SDL RJ 6.80% 2035,0.0,,0.0,0.01,100,EQ,NSE,NSE
7918,193980161,757735,680TN35-SG,SDL TN 6.80% 2035,0.0,,0.0,0.01,100,EQ,NSE,NSE
7919,193980417,757736,700AP37-SG,SDL AP 7.00% 2037,0.0,,0.0,0.01,100,EQ,NSE,NSE
7920,193980673,757737,715MH45-SG,SDL MH 7.15% 2045,0.0,,0.0,0.01,100,EQ,NSE,NSE
7921,193980929,757738,715MH46-SG,SDL MH 7.15% 2046,0.0,,0.0,0.01,100,EQ,NSE,NSE
7922,193981185,757739,715MH47-SG,SDL MH 7.15% 2047,0.0,,0.0,0.01,100,EQ,NSE,NSE
7923,193981441,757740,714TS49-SG,SDL TS 7.14% 2049,0.0,,0.0,0.01,100,EQ,NSE,NSE
7924,193981697,757741,715HP50-SG,SDL HP 7.15% 2050,0.0,,0.0,0.01,100,EQ,NSE,NSE
7925,193981953,757742,715WB52-SG,SDL WB 7.15% 2052,0.0,,0.0,0.01,100,EQ,NSE,NSE
7926,193982209,757743,714TS55-SG,SDL TS 7.14% 2055,0.0,,0.0,0.01,100,EQ,NSE,NSE
7927,193982465,757744,713KL58-SG,SDL KL 7.13% 2058,0.0,,0.0,0.01,100,EQ,NSE,NSE
7928,193982977,757746,182D010126-TB,GOI TBILL 182D-01/01/26,0.0,,0.0,0.01,100,EQ,NSE,NSE
7929,193983233,757747,364D020726-TB,GOI TBILL 364D-02/07/26,0.0,,0.0,0.01,100,EQ,NSE,NSE
7930,193983489,757748,694RJ35-SG,SDL RJ 6.94% 2035,0.0,,0.0,0.01,100,EQ,NSE,NSE
7931,193983745,757749,697UK35-SG,SDL UK 6.97% 2035,0.0,,0.0,0.01,100,EQ,NSE,NSE
7932,193984001,757750,706RJ38-SG,SDL RJ 7.06% 2038,0.0,,0.0,0.01,100,EQ,NSE,NSE
7933,193984257,757751,706HR39-SG,SDL HR 7.06% 2039,0.0,,0.0,0.01,100,EQ,NSE,NSE
7934,193984513,757752,715HR40-SG,SDL HR 7.15% 2040,0.0,,0.0,0.01,100,EQ,NSE,NSE
7935,193984769,757753,591GS2028-GS,GOI LOAN  5.91% 2028,0.0,,0.0,0.01,1,EQ,NSE,NSE
7936,193985025,757754,PICCADIL,PICCADILY AGRO INDUSTRI L,0.0,,0.0,0.05,1,EQ,NSE,NSE
7937,193986305,757759,750TCSL28-N0,,0.0,,0.0,0.01,1,EQ,NSE,NSE
7938,193986817,757761,749RCFL28-N0,,0.0,,0.0,0.01,1,EQ,NSE,NSE
7939,193987329,757763,SUNTECH-SM,SUNTECH INFRA SOLUTIONS L,0.0,,0.0,0.05,1600,EQ,NSE,NSE
7940,193988353,757767,SAMBHV,SAMBHV STEEL TUBES,0.0,,0.0,0.01,1,EQ,NSE,NSE
7941,193989633,757772,HDBFS,HDB FINANCIAL SERVICES L,0.0,,0.0,0.05,1,EQ,NSE,NSE
7942,193990913,757777,RTL-SM,RAMA TELECOM,0.0,,0.0,0.05,2000,EQ,NSE,NSE
7943,193991937,757781,TOP15IETF,ICICIPRAMC - TOP15IETF,0.0,,0.0,0.01,1,EQ,NSE,NSE
7944,193992705,757784,719PN40-SG,SDL PN 7.19% 2040,0.0,,0.0,0.01,100,EQ,NSE,NSE
7945,193992961,757785,723MP42-SG,SDL MP 7.23% 2042,0.0,,0.0,0.01,100,EQ,NSE,NSE
7946,193994497,757791,MOGOLD,MOTILALAMC - MOGOLD,0.0,,0.0,0.05,1,EQ,NSE,NSE
7947,193995265,757794,BRIGHOTEL,BRIGADE HOTEL VENTURE,0.0,,0.0,0.01,1,EQ,NSE,NSE
7948,193997057,757801,IGCL,INDOGULF CROPSCIENCES,0.0,,0.0,0.01,1,EQ,NSE,NSE
7949,193998337,757806,PROFX-SM,PRO FX TECH,0.0,,0.0,0.05,1600,EQ,NSE,NSE
7950,193999361,757810,MMEL-SM,MOVING MEDIA ENTER,0.0,,0.0,0.05,2000,EQ,NSE,NSE
7951,194000385,757814,GROWWNET,GROWWAMC - GROWWNET,0.0,,0.0,0.01,1,EQ,NSE,NSE
7952,194001153,757817,MOMIDMTM,MOTILALAMC - MOMIDMTM,0.0,,0.0,0.01,1,EQ,NSE,NSE
7953,194003969,757828,712LTFL28-N0,,0.0,,0.0,0.01,1,EQ,NSE,NSE
7954,194004481,757830,728HP47-SG,SDL HP 7.28% 2047,0.0,,0.0,0.01,100,EQ,NSE,NSE
7955,194004737,757831,716OR50-SG,SDL OR 7.16% 2050,0.0,,0.0,0.01,100,EQ,NSE,NSE
7956,194004993,757832,717KL51-SG,SDL KL 7.17% 2051,0.0,,0.0,0.01,100,EQ,NSE,NSE
7957,194005249,757833,715RJ53-SG,SDL RJ 7.15% 2053,0.0,,0.0,0.01,100,EQ,NSE,NSE
7958,194005505,757834,RMDRIP,R M DRIP & SPRINK SYS,0.0,,0.0,0.01,1,EQ,NSE,NSE
7959,194006785,757839,9PFL27-N0,,0.0,,0.0,0.01,1,EQ,NSE,NSE
7960,194007297,757841,91PFL30-N0,,0.0,,0.0,0.01,1,EQ,NSE,NSE
7961,194007553,757842,745TIL35-N0,,0.0,,0.0,0.01,1,EQ,NSE,NSE
7962,194008321,757845,INDIQUBE,INDIQUBE SPACES,0.0,,0.0,0.01,1,EQ,NSE,NSE
7963,194008833,757847,668GS2040-GS,GOI LOAN  6.68% 2040,0.0,,0.0,0.01,1,EQ,NSE,NSE
7964,194009089,757848,985CCSP27-N0,,0.0,,0.0,0.01,1,EQ,NSE,NSE
7965,194009601,757850,CRIZAC,CRIZAC,0.0,,0.0,0.05,1,EQ,NSE,NSE
7966,194011649,757858,TSC-SM,TSC INDIA,0.0,,0.0,0.05,2000,EQ,NSE,NSE
7967,194012673,757862,EBGNG,GNG ELECTRONICS,0.0,,0.0,0.05,1,EQ,NSE,NSE
7968,194013441,757865,SPUNWEB-SM,SPUNWEB NONWOVEN,0.0,,0.0,0.05,1200,EQ,NSE,NSE
7969,194014465,757869,895AEL27-N9,,0.0,,0.0,0.01,1,EQ,NSE,NSE
7970,194014721,757870,AEL17725-NA,,0.0,,0.0,0.01,1,EQ,NSE,NSE
7971,194014977,757871,885AEL28-NB,,0.0,,0.0,0.01,1,EQ,NSE,NSE
7972,194015233,757872,915AEL28-NC,,0.0,,0.0,0.01,1,EQ,NSE,NSE
7973,194015489,757873,AEL170725-ND,,0.0,,0.0,0.01,1,EQ,NSE,NSE
7974,194015745,757874,9AEL30-NE,,0.0,,0.0,0.01,1,EQ,NSE,NSE
7975,194016001,757875,930AEL30-NF,,0.0,,0.0,0.01,1,EQ,NSE,NSE
7976,194016257,757876,AEL170725A-NG,,0.0,,0.0,0.01,1,EQ,NSE,NSE
7977,194018561,757885,ANTHEM,ANTHEM BIOSCIENCES,0.0,,0.0,0.05,1,EQ,NSE,NSE
7978,194019841,757890,975ISF28-N0,,0.0,,0.0,0.01,1,EQ,NSE,NSE
7979,194020353,757892,111ESFB31-N0,,0.0,,0.0,0.01,1,EQ,NSE,NSE
7980,194021377,757896,715SHFL28-N0,,0.0,,0.0,0.01,1,EQ,NSE,NSE
7981,194021889,757898,719JCL28-N0,,0.0,,0.0,0.01,1,EQ,NSE,NSE
7982,194022401,757900,718SFL28-N0,,0.0,,0.0,0.01,1,EQ,NSE,NSE
7983,194022913,757902,INTEGRITY-SM,INTEGRITY INFRABUILD DE L,0.0,,0.0,0.05,1200,EQ,NSE,NSE
7984,194024449,757908,182D150126-TB,GOI TBILL 182D-15/01/26,0.0,,0.0,0.01,100,EQ,NSE,NSE
7985,194024705,757909,364D160726-TB,GOI TBILL 364D-16/07/26,0.0,,0.0,0.01,100,EQ,NSE,NSE
7986,194024961,757910,680GJ34-SG,SDL GJ 6.80% 2034,0.0,,0.0,0.01,100,EQ,NSE,NSE
7987,194025217,757911,690BR35-SG,SDL BR 6.90% 2035,0.0,,0.0,0.01,100,EQ,NSE,NSE
7988,194025473,757912,689GA35-SG,SDL GA 6.89% 2035,0.0,,0.0,0.01,100,EQ,NSE,NSE
7989,194025729,757913,682TN35-SG,SDL TN 6.82% 2035,0.0,,0.0,0.01,100,EQ,NSE,NSE
7990,194025985,757914,719PN49-SG,SDL PN 7.19% 2049,0.0,,0.0,0.01,100,EQ,NSE,NSE
7991,194026241,757915,681RL36-N0,,0.0,,0.0,0.01,1,EQ,NSE,NSE
7992,194026753,757917,652RL28-N0,,0.0,,0.0,0.01,1,EQ,NSE,NSE
7993,194027265,757919,BORANA,BORANA WEAVES,0.0,,0.0,0.05,1,EQ,NSE,NSE
7994,194028545,757924,709TS63-SG,SDL TS 7.09% 2063,0.0,,0.0,0.01,100,EQ,NSE,NSE
7995,194028801,757925,698OR37-SG,SDL OR 6.98% 2037,0.0,,0.0,0.01,100,EQ,NSE,NSE
7996,194029057,757926,707WB37-SG,SDL WB 7.07% 2037,0.0,,0.0,0.01,100,EQ,NSE,NSE
7997,194029313,757927,718JK45A-SG,SDL JK 7.18% 2045,0.0,,0.0,0.01,100,EQ,NSE,NSE
7998,194029569,757928,712MH47-SG,SDL MH 7.12% 2047,0.0,,0.0,0.01,100,EQ,NSE,NSE
7999,194029825,757929,715MH49-SG,SDL MH 7.15% 2049,0.0,,0.0,0.01,100,EQ,NSE,NSE
8000,194030081,757930,716MH50-SG,SDL MH 7.16% 2050,0.0,,0.0,0.01,100,EQ,NSE,NSE
8001,194030337,757931,613OR28-SG,SDL OR 6.13% 2028,0.0,,0.0,0.01,100,EQ,NSE,NSE
8002,194030593,757932,686UP33-SG,SDL UP 6.86% 2033,0.0,,0.0,0.01,100,EQ,NSE,NSE
8003,194030849,757933,687AP33-SG,SDL AP 6.87% 2033,0.0,,0.0,0.01,100,EQ,NSE,NSE
8004,194031105,757934,688AP34A-SG,SDL AP 6.88% 2034,0.0,,0.0,0.01,100,EQ,NSE,NSE
8005,194031361,757935,713MH48-SG,SDL MH 7.13% 2048,0.0,,0.0,0.01,100,EQ,NSE,NSE
8006,194031617,757936,710TS57-SG,SDL TS 7.10% 2057,0.0,,0.0,0.01,100,EQ,NSE,NSE
8007,194031873,757937,709TS60A-SG,SDL TS 7.09% 2060,0.0,,0.0,0.01,100,EQ,NSE,NSE
8008,194032129,757938,BELLACASA,BELLA CASA FASH AND RET L,0.0,,0.0,0.05,1,EQ,NSE,NSE
8009,194034177,757946,QUALITY30,KOTAKMAMC - QUALITY30,0.0,,0.0,0.01,1,EQ,NSE,NSE
8010,194035969,757953,EUROBOND,EURO PANEL PRODUCTS,0.0,,0.0,0.01,1,EQ,NSE,NSE
8011,194036481,757955,PASHUPATI,PASHUPATI COTSPIN,0.0,,0.0,0.05,1,EQ,NSE,NSE
8012,194039041,757965,SMARTWORKS,SMARTWORKS COWORKING SP L,0.0,,0.0,0.05,1,EQ,NSE,NSE
8013,194040321,757970,712LTFL27-N0,,0.0,,0.0,0.01,1,EQ,NSE,NSE
8014,194041857,757976,182D290126-TB,GOI TBILL 182D-29/01/26,0.0,,0.0,0.01,100,EQ,NSE,NSE
8015,194042113,757977,364D300726-TB,GOI TBILL 364D-30/07/26,0.0,,0.0,0.01,100,EQ,NSE,NSE
8016,194042369,757978,75GFL30-N0,,0.0,,0.0,0.01,1,EQ,NSE,NSE
8017,194042881,757980,75GFL28-N0,,0.0,,0.0,0.01,1,EQ,NSE,NSE
8018,194043393,757982,SELLOWRAP-SM,SELLOWRAP INDUSTRIES,0.0,,0.0,0.05,1600,EQ,NSE,NSE
8019,194043649,757983,601GS2030-GS,GOI LOAN  6.01% 2030,0.0,,0.0,0.01,1,EQ,NSE,NSE
8020,194045185,757989,CHEMBONDCH,CHEMBOND CHEMICAL,0.0,,0.0,0.01,1,EQ,NSE,NSE
8021,194046465,757994,628GS2032-GS,GOI LOAN  6.28% 2032,0.0,,0.0,0.01,1,EQ,NSE,NSE
8022,194046721,757995,71ABHFL27-N0,,0.0,,0.0,0.01,1,EQ,NSE,NSE
8023,194047233,757997,814KSFP36-N0,,0.0,,0.0,0.01,1,EQ,NSE,NSE
8024,194048513,758002,SHANTIGOLD,SHANTI GOLD INTERNATION L,0.0,,0.0,0.01,1,EQ,NSE,NSE
8025,194049793,758007,768GSGL28-N0,,0.0,,0.0,0.01,1,EQ,NSE,NSE
8026,194050305,758009,768GSGL28A-N0,,0.0,,0.0,0.01,1,EQ,NSE,NSE
8027,194050817,758011,768GSGL28B-N0,,0.0,,0.0,0.01,1,EQ,NSE,NSE
8028,194051329,758013,768GSGL28C-N0,,0.0,,0.0,0.01,1,EQ,NSE,NSE
8029,194077441,758115,JSLL,JEENA SIKHO LIFECARE,0.0,,0.0,0.05,1,EQ,NSE,NSE
8030,194078977,758121,PERFECT-SZ,PERFECT INFRAENGINEER,0.0,,0.0,0.05,3000,EQ,NSE,NSE
8031,194079233,758122,724MP45-SG,SDL MP 7.24% 2045,0.0,,0.0,0.01,100,EQ,NSE,NSE
8032,194079489,758123,721TS47-SG,SDL TS 7.21% 2047,0.0,,0.0,0.01,100,EQ,NSE,NSE
8033,194081025,758129,CUDML-SM,CASH UR DRIVE MARKETING L,0.0,,0.0,0.05,1000,EQ,NSE,NSE
8034,194082817,758136,GVPTECHPP-E1,GVPTECH RE.1 PPD UP,0.0,,0.0,0.01,1,EQ,NSE,NSE
8035,194083585,758139,920SCL28-N0,,0.0,,0.0,0.01,1,EQ,NSE,NSE
8036,194084097,758141,758ABHFL35-N0,,0.0,,0.0,0.01,1,EQ,NSE,NSE
8037,194084609,758143,712SHFL30-N0,,0.0,,0.0,0.01,1,EQ,NSE,NSE
8038,194085121,758145,LOTUSDEV,SRI LOTUS DEVLPRS N RTY L,0.0,,0.0,0.01,1,EQ,NSE,NSE
8039,194086401,758150,MBEL,M AND B ENGINEERING,0.0,,0.0,0.05,1,EQ,NSE,NSE
8040,194088961,758160,RNPL-ST,RENOL POLYCHEM,0.0,,0.0,0.05,1200,EQ,NSE,NSE
8041,194089217,758161,714SDIL32-N0,,0.0,,0.0,0.01,1,EQ,NSE,NSE
8042,194089729,758163,8IHFL27-N0,,0.0,,0.0,0.01,1,EQ,NSE,NSE
8043,194090241,758165,GROWWPOWER,GROWWAMC - GROWWPOWER,0.0,,0.0,0.01,1,EQ,NSE,NSE
8044,194090753,758167,658IRFC30-N0,,0.0,,0.0,0.01,1,EQ,NSE,NSE
8045,194091265,758169,647IRFC28-N0,,0.0,,0.0,0.01,1,EQ,NSE,NSE
8046,194091777,758171,724CANF28-N0,,0.0,,0.0,0.01,1,EQ,NSE,NSE
8047,194092289,758173,PROSTARM,PROSTARM INFO SYSTEMS,0.0,,0.0,0.01,1,EQ,NSE,NSE
8048,194094337,758181,NIKITA-ST,NIKITA GRENTEC RECYCL,0.0,,0.0,0.05,1200,EQ,NSE,NSE
8049,194094593,758182,BLUEWATER-SM,BLUE WATER LOGISTICS,0.0,,0.0,0.05,1000,EQ,NSE,NSE
8050,194095873,758187,722MP48-SG,SDL MP 7.22% 2048,0.0,,0.0,0.01,100,EQ,NSE,NSE
8051,194096129,758188,696AP34-SG,SDL AP 6.96% 2034,0.0,,0.0,0.01,100,EQ,NSE,NSE
8052,194096385,758189,702AS35-SG,SDL AS 7.02% 2035,0.0,,0.0,0.01,100,EQ,NSE,NSE
8053,194096641,758190,722BR40A-SG,SDL BR 7.22% 2040,0.0,,0.0,0.01,100,EQ,NSE,NSE
8054,194096897,758191,726MZ40-SG,SDL MZ 7.26% 2040,0.0,,0.0,0.01,100,EQ,NSE,NSE
8055,194097153,758192,724KL41-SG,SDL KL 7.24% 2041,0.0,,0.0,0.01,100,EQ,NSE,NSE
8056,194097409,758193,722MP43-SG,SDL MP 7.22% 2043,0.0,,0.0,0.01,100,EQ,NSE,NSE
8057,194097665,758194,719TS44-SG,SDL TS 7.19% 2044,0.0,,0.0,0.01,100,EQ,NSE,NSE
8058,194097921,758195,721TS48-SG,SDL TS 7.21% 2048,0.0,,0.0,0.01,100,EQ,NSE,NSE
8059,194098177,758196,719TS49-SG,SDL TS 7.19% 2049,0.0,,0.0,0.01,100,EQ,NSE,NSE
8060,194098433,758197,717RJ52-SG,SDL RJ 7.17% 2052,0.0,,0.0,0.01,100,EQ,NSE,NSE
8061,194098689,758198,717MH54-SG,SDL MH 7.17% 2054,0.0,,0.0,0.01,100,EQ,NSE,NSE
8062,194098945,758199,716MH55-SG,SDL MH 7.16% 2055,0.0,,0.0,0.01,100,EQ,NSE,NSE
8063,194099201,758200,627TN29-SG,SDL TN 6.27% 2029,0.0,,0.0,0.01,100,EQ,NSE,NSE
8064,194099457,758201,677AP31-SG,SDL AP 6.77% 2031,0.0,,0.0,0.01,100,EQ,NSE,NSE
8065,194099713,758202,684JK31A-SG,SDL JK 6.84% 2031,0.0,,0.0,0.01,100,EQ,NSE,NSE
8066,194099969,758203,696AP33-SG,SDL AP 6.96% 2033,0.0,,0.0,0.01,100,EQ,NSE,NSE
8067,194100225,758204,700ML35-SG,SDL ML 7.00% 2035,0.0,,0.0,0.01,100,EQ,NSE,NSE
8068,194100737,758206,182D050226-TB,GOI TBILL 182D-05/02/26,0.0,,0.0,0.01,100,EQ,NSE,NSE
8069,194100993,758207,364D060826-TB,GOI TBILL 364D-06/08/26,0.0,,0.0,0.01,100,EQ,NSE,NSE
8070,194102017,758211,FLYSBS-ST,FLYSBS AVIATION,0.0,,0.0,0.05,200,EQ,NSE,NSE
8071,194102273,758212,799HFL27-N0,,0.0,,0.0,0.01,1,EQ,NSE,NSE
8072,194103297,758216,AARADHYA-ST,AARADHYA DISPOSAL INDUS L,0.0,,0.0,0.05,1200,EQ,NSE,NSE
8073,194103553,758217,PARTH-SM,PARTH ELEC & ENG,0.0,,0.0,0.05,400,EQ,NSE,NSE
8074,194104577,758221,JYOTIGLOBL-SM,JYOTI GLOBAL PLAST,0.0,,0.0,0.05,2000,EQ,NSE,NSE
8075,194105601,758225,BHADORA-SM,BHADORA INDUSTRIES,0.0,,0.0,0.05,1200,EQ,NSE,NSE
8076,194122241,758290,995ISF35-N0,,0.0,,0.0,0.01,1,EQ,NSE,NSE
8077,194122753,758292,725SIHF28-N0,,0.0,,0.0,0.01,1,EQ,NSE,NSE
8078,194123265,758294,637RECL27-N0,,0.0,,0.0,0.01,1,EQ,NSE,NSE
8079,194123777,758296,670RECL29-N0,,0.0,,0.0,0.01,1,EQ,NSE,NSE
8080,194124289,758298,723LTFL28-N0,,0.0,,0.0,0.01,1,EQ,NSE,NSE
8081,194124801,758300,GROWWLOVOL,GROWWAMC - GROWWLOVOL,0.0,,0.0,0.01,1,EQ,NSE,NSE
8082,194126337,758306,JAINIK-ST,JAINIK POWER CABLES,0.0,,0.0,0.05,1200,EQ,NSE,NSE
8083,194134017,758336,635LT28-N0,,0.0,,0.0,0.01,1,EQ,NSE,NSE
8084,194134529,758338,12VCCL27D-N0,,0.0,,0.0,0.01,1,EQ,NSE,NSE
8085,194135041,758340,116VCCL26A-N0,,0.0,,0.0,0.01,1,EQ,NSE,NSE
8086,194135553,758342,118VCCL27-N0,,0.0,,0.0,0.01,1,EQ,NSE,NSE
8087,194136065,758344,950ISF27B-N0,,0.0,,0.0,0.01,1,EQ,NSE,NSE
8088,194136577,758346,EEPL-SM,EPPELTONE ENGINEERS,0.0,,0.0,0.05,1000,EQ,NSE,NSE
8089,194152449,758408,712GA36-SG,SDL GA 7.12% 2036,0.0,,0.0,0.01,100,EQ,NSE,NSE
8090,194152705,758409,735JK40-SG,SDL JK 7.35% 2040,0.0,,0.0,0.01,100,EQ,NSE,NSE
8091,194152961,758410,743BR55-SG,SDL BR 7.43% 2055,0.0,,0.0,0.01,100,EQ,NSE,NSE
8092,194153217,758411,733TS60-SG,SDL TS 7.33% 2060,0.0,,0.0,0.01,100,EQ,NSE,NSE
8093,194153729,758413,182D120226-TB,GOI TBILL 182D-12/02/26,0.0,,0.0,0.01,100,EQ,NSE,NSE
8094,194153985,758414,364D130826-TB,GOI TBILL 364D-13/08/26,0.0,,0.0,0.01,100,EQ,NSE,NSE
8095,194155521,758420,SSFLPP-E1,SPANDANA RS.5 PPD UP,0.0,,0.0,0.05,1,EQ,NSE,NSE
8096,194156289,758423,MEDISTEP-SM,MEDISTEP HEALTHCARE,0.0,,0.0,0.05,3000,EQ,NSE,NSE
8097,194158081,758430,AMCL-ST,ANB METAL CAST,0.0,,0.0,0.05,800,EQ,NSE,NSE
8098,194158337,758431,KRT-RR,KNOWLEDGE REALTY TRUST,0.0,,0.0,0.01,1,EQ,NSE,NSE
8099,194160641,758440,640NHPCL27-N0,,0.0,,0.0,0.01,1,EQ,NSE,NSE
8100,194161153,758442,AAFS29C-N0,,0.0,,0.0,0.01,1,EQ,NSE,NSE
8101,194161665,758444,SAWALIYA-SM,SAWALIYA FOOD PRODUCTS L,0.0,,0.0,0.05,600,EQ,NSE,NSE
8102,194162689,758448,ALLTIME,ALL TIME PLASTICS,0.0,,0.0,0.05,1,EQ,NSE,NSE
8103,194163969,758453,CONNPLEX-SM,CONNPLEX CINEMAS,0.0,,0.0,0.05,800,EQ,NSE,NSE
8104,194164993,758457,MOSILVER,MOTILALAMC - MOSILVER,0.0,,0.0,0.01,1,EQ,NSE,NSE
8105,194165761,758460,JSWCEMENT,JSW CEMENT,0.0,,0.0,0.01,1,EQ,NSE,NSE
8106,194174465,758494,698PGCIL35-N0,,0.0,,0.0,0.01,1,EQ,NSE,NSE
8107,194174977,758496,SBILIQETF,SBIAMC - SBILIQETF,0.0,,0.0,0.01,1,EQ,NSE,NSE
8108,194182913,758527,STUDIOLSD-SM,STUDIO LSD,0.0,,0.0,0.05,2000,EQ,NSE,NSE
8109,194183937,758531,116VCCL27-N0,,0.0,,0.0,0.01,1,EQ,NSE,NSE
8110,194184449,758533,118VCCL27A-N0,,0.0,,0.0,0.01,1,EQ,NSE,NSE
8111,194189057,758551,RAYMONDREL,RAYMOND REALTY,0.0,,0.0,0.05,1,EQ,NSE,NSE
8112,194190337,758556,LTFL28-N0,,0.0,,0.0,0.01,1,EQ,NSE,NSE
8113,194190849,758558,KALPATARU,KALPATARU,0.0,,0.0,0.05,1,EQ,NSE,NSE
8114,194192129,758563,ELLEN,ELLENBARRIE INDUS GASES L,0.0,,0.0,0.05,1,EQ,NSE,NSE
8115,194193409,758568,SHKSIL-SM,SHRI HARE-KRI SPO IRON L,0.0,,0.0,0.05,2000,EQ,NSE,NSE
8116,194194433,758572,GLOBECIVIL,GLOBE CIVIL PROJECTS,0.0,,0.0,0.01,1,EQ,NSE,NSE
8117,194195969,758578,695OR31-SG,SDL OR 6.95% 2031,0.0,,0.0,0.01,100,EQ,NSE,NSE
8118,194196225,758579,702GJ33A-SG,SDL GJ 7.02% 2033,0.0,,0.0,0.01,100,EQ,NSE,NSE
8119,194196481,758580,748BR39-SG,SDL BR 7.48% 2039,0.0,,0.0,0.01,100,EQ,NSE,NSE
8120,194196737,758581,745WB44A-SG,SDL WB 7.45% 2044,0.0,,0.0,0.01,100,EQ,NSE,NSE
8121,194196993,758582,744TN55-SG,SDL TN 7.44% 2055,0.0,,0.0,0.01,100,EQ,NSE,NSE
8122,194197249,758583,712UP33-SG,SDL UP 7.12% 2033,0.0,,0.0,0.01,100,EQ,NSE,NSE
8123,194197505,758584,709TN35A-SG,SDL TN 7.09% 2035,0.0,,0.0,0.01,100,EQ,NSE,NSE
8124,194197761,758585,717GA35A-SG,SDL GA 7.17% 2035,0.0,,0.0,0.01,100,EQ,NSE,NSE
8125,194198017,758586,749KL56-SG,SDL KL 7.49% 2056,0.0,,0.0,0.01,100,EQ,NSE,NSE
8126,194198529,758588,182D190226-TB,GOI TBILL 182D-19/02/26,0.0,,0.0,0.01,100,EQ,NSE,NSE
8127,194198785,758589,364D200826-TB,GOI TBILL 364D-20/08/26,0.0,,0.0,0.01,100,EQ,NSE,NSE
8128,194199297,758591,ETL-SM,EMKAY TOOLS,0.0,,0.0,0.05,150,EQ,NSE,NSE
8129,194200321,758595,INTERNET,MIRAEAMC - INTERNET,0.0,,0.0,0.01,1,EQ,NSE,NSE
8130,194201089,758598,TVSINVIT-IV,TVS INFRASTRUCTURE TRUST,0.0,,0.0,0.01,25000,EQ,NSE,NSE
8131,194203649,758608,AAFS29B-N0,,0.0,,0.0,0.01,1,EQ,NSE,NSE
8132,194212353,758642,666NBRD28-N0,,0.0,,0.0,0.01,1,EQ,NSE,NSE
8133,194212865,758644,666SIDBI28-N0,,0.0,,0.0,0.01,1,EQ,NSE,NSE
8134,194214401,758650,790TIL28-N0,,0.0,,0.0,0.01,1,EQ,NSE,NSE
8135,194214913,758652,796TIL29-N0,,0.0,,0.0,0.01,1,EQ,NSE,NSE
8136,194215425,758654,803TIL30-N0,,0.0,,0.0,0.01,1,EQ,NSE,NSE
8137,194217985,758664,754TS51-SG,SDL TS 7.54% 2051,0.0,,0.0,0.01,100,EQ,NSE,NSE
8138,194218241,758665,754RJ53-SG,SDL RJ 7.54% 2053,0.0,,0.0,0.01,100,EQ,NSE,NSE
8139,194218497,758666,754TS53-SG,SDL TS 7.54% 2053,0.0,,0.0,0.01,100,EQ,NSE,NSE
8140,194218753,758667,MANUFGBEES,NIPPONAMC - MANUFGBEES,0.0,,0.0,0.01,1,EQ,NSE,NSE
8141,194219521,758670,ARCIIL-SM,ARC INSULATION & INSU,0.0,,0.0,0.05,1000,EQ,NSE,NSE
8142,194220545,758674,724GS2055-GS,GOI LOAN  7.24% 2055,0.0,,0.0,0.01,1,EQ,NSE,NSE
8143,194220801,758675,EFCIL,EFC (I),0.0,,0.0,0.05,1,EQ,NSE,NSE
8144,194222081,758680,REGAAL,REGAAL RESOURCES,0.0,,0.0,0.01,1,EQ,NSE,NSE
8145,194223361,758685,MRIL-SM,MAHENDRA REALTO & INFRA L,0.0,,0.0,0.05,1600,EQ,NSE,NSE
8146,194224385,758689,773AIFL30-N0,,0.0,,0.0,0.01,1,EQ,NSE,NSE
8147,194224897,758691,76377AIF29-N0,,0.0,,0.0,0.01,1,EQ,NSE,NSE
8148,194225409,758693,850TIAP28B-N0,,0.0,,0.0,0.01,1,EQ,NSE,NSE
8149,194225921,758695,813AIFL32-N0,,0.0,,0.0,0.01,1,EQ,NSE,NSE
8150,194226433,758697,GROWWNIFTY,GROWWAMC - GROWWNIFTY,0.0,,0.0,0.01,1,EQ,NSE,NSE
8151,194227969,758703,ARFIN-BE,ARFIN INDIA,0.0,,0.0,0.01,1,EQ,NSE,NSE
8152,194228481,758705,LTGILTCASE,ZERODHAAMC - LTGILTCASE,0.0,,0.0,0.01,1,EQ,NSE,NSE
8153,194229249,758708,975ISF35-N0,,0.0,,0.0,0.01,1,EQ,NSE,NSE
8154,194229761,758710,754TS55-SG,SDL TS 7.54% 2055,0.0,,0.0,0.01,100,EQ,NSE,NSE
8155,194230017,758711,684TN29-SG,SDL TN 6.84% 2029,0.0,,0.0,0.01,100,EQ,NSE,NSE
8156,194230273,758712,70TN31A-SG,SDL TN 7.0% 2031,0.0,,0.0,0.01,100,EQ,NSE,NSE
8157,194230529,758713,713AS31-SG,SDL AS 7.13% 2031,0.0,,0.0,0.01,100,EQ,NSE,NSE
8158,194230785,758714,725OR33-SG,SDL OR 7.25% 2033,0.0,,0.0,0.01,100,EQ,NSE,NSE
8159,194231041,758715,752KL33-SG,SDL KL 7.52% 2033,0.0,,0.0,0.01,100,EQ,NSE,NSE
8160,194231297,758716,725GJ34-SG,SDL GJ 7.25% 2034,0.0,,0.0,0.01,100,EQ,NSE,NSE
8161,194231553,758717,727HP35-SG,SDL HP 7.27% 2035,0.0,,0.0,0.01,100,EQ,NSE,NSE
8162,194231809,758718,749RJ35-SG,SDL RJ 7.49% 2035,0.0,,0.0,0.01,100,EQ,NSE,NSE
8163,194232065,758719,74GA37-SG,SDL GA 7.4% 2037,0.0,,0.0,0.01,100,EQ,NSE,NSE
8164,194232321,758720,752HR39-SG,SDL HR 7.52% 2039,0.0,,0.0,0.01,100,EQ,NSE,NSE
8165,194232577,758721,756HP40-SG,SDL HP 7.56% 2040,0.0,,0.0,0.01,100,EQ,NSE,NSE
8166,194232833,758722,782JK42-SG,SDL JK 7.82% 2042,0.0,,0.0,0.01,100,EQ,NSE,NSE
8167,194233089,758723,757RJ43-SG,SDL RJ 7.57% 2043,0.0,,0.0,0.01,100,EQ,NSE,NSE
8168,194233345,758724,757MP43-SG,SDL MP 7.57% 2043,0.0,,0.0,0.01,100,EQ,NSE,NSE
8169,194233601,758725,757MP45-SG,SDL MP 7.57% 2045,0.0,,0.0,0.01,100,EQ,NSE,NSE
8170,194233857,758726,777WB46-SG,SDL WB 7.77% 2046,0.0,,0.0,0.01,100,EQ,NSE,NSE
8171,194234113,758727,775WB47-SG,SDL WB 7.75% 2047,0.0,,0.0,0.01,100,EQ,NSE,NSE
8172,194234369,758728,758KL50-SG,SDL KL 7.58% 2050,0.0,,0.0,0.01,100,EQ,NSE,NSE
8173,194234881,758730,182D270226-TB,GOI TBILL 182D-27/02/26,0.0,,0.0,0.01,100,EQ,NSE,NSE
8174,194235137,758731,364D280826-TB,GOI TBILL 364D-28/08/26,0.0,,0.0,0.01,100,EQ,NSE,NSE
8175,194235393,758732,1025PATE28-N0,,0.0,,0.0,0.01,1,EQ,NSE,NSE
8176,194235905,758734,738TFSIL28-N0,,0.0,,0.0,0.01,1,EQ,NSE,NSE
8177,194236417,758736,CLASSICEIL-SM,CLASSIC ELECTRODE (IND) L,0.0,,0.0,0.05,1600,EQ,NSE,NSE
8178,194238209,758743,ANONDITA-ST,ANONDITA MEDICARE,0.0,,0.0,0.05,1000,EQ,NSE,NSE
8179,194238465,758744,SHIVASHRIT-SM,SHIVASHRIT FOODS,0.0,,0.0,0.05,1000,EQ,NSE,NSE
8180,194239489,758748,MEIL,MANGAL ELECTRICAL IND L,0.0,,0.0,0.05,1,EQ,NSE,NSE
8181,194256641,758815,72MH36-SG,SDL MH 7.2% 2036,0.0,,0.0,0.01,100,EQ,NSE,NSE
8182,194256897,758816,714TN35-SG,SDL TN 7.14% 2035,0.0,,0.0,0.01,100,EQ,NSE,NSE
8183,194257153,758817,734CG40-SG,SDL CG 7.34% 2040,0.0,,0.0,0.01,100,EQ,NSE,NSE
8184,194257409,758818,715UP35-SG,SDL UP 7.15% 2035,0.0,,0.0,0.01,100,EQ,NSE,NSE
8185,194257665,758819,73RJ51-SG,SDL RJ 7.3% 2051,0.0,,0.0,0.01,100,EQ,NSE,NSE
8186,194257921,758820,723RJ35-SG,SDL RJ 7.23% 2035,0.0,,0.0,0.01,100,EQ,NSE,NSE
8187,194258433,758822,CYBERPP-X1,CYBERMEDIA RS.5 PPD UP,0.0,,0.0,0.01,1,EQ,NSE,NSE
8188,194258945,758824,880MOF27-N0,,0.0,,0.0,0.01,1,EQ,NSE,NSE
8189,194259457,758826,LLOYDPP-E1,LLOYD RE.0.50 PPD UP,0.0,,0.0,0.01,1,EQ,NSE,NSE
8190,194260225,758829,705SFL27-N0,,0.0,,0.0,0.01,1,EQ,NSE,NSE
8191,194260737,758831,699TN32-SG,SDL TN 6.99% 2032,0.0,,0.0,0.01,100,EQ,NSE,NSE
8192,194260993,758832,729MH50-SG,SDL MH 7.29% 2050,0.0,,0.0,0.01,100,EQ,NSE,NSE
8193,194261249,758833,91D230126-TB,GOI TBILL 91D-23/01/26,0.0,,0.0,0.01,100,EQ,NSE,NSE
8194,194261505,758834,182D240426-TB,GOI TBILL 182D-24/04/26,0.0,,0.0,0.01,100,EQ,NSE,NSE
8195,194261761,758835,364D231026-TB,GOI TBILL 364D-23/10/26,0.0,,0.0,0.01,100,EQ,NSE,NSE
8196,194262017,758836,SIMBHALS-BZ,SIMBHAOLI SUGARS,0.0,,0.0,0.01,1,EQ,NSE,NSE
8197,194263553,758842,GENSOL-BZ,GENSOL ENGINEERING,0.0,,0.0,0.01,1,EQ,NSE,NSE
8198,194263809,758843,674MH29-SG,SDL MH 6.74% 2029,0.0,,0.0,0.01,100,EQ,NSE,NSE
8199,194264065,758844,702BR30A-SG,SDL BR 7.02% 2030,0.0,,0.0,0.01,100,EQ,NSE,NSE
8200,194264321,758845,718MH33-SG,SDL MH 7.18% 2033,0.0,,0.0,0.01,100,EQ,NSE,NSE
8201,194264577,758846,724MH34-SG,SDL MH 7.24% 2034,0.0,,0.0,0.01,100,EQ,NSE,NSE
8202,194264833,758847,745BR34-SG,SDL BR 7.45% 2034,0.0,,0.0,0.01,100,EQ,NSE,NSE
8203,194265089,758848,752BR36-SG,SDL BR 7.52% 2036,0.0,,0.0,0.01,100,EQ,NSE,NSE
8204,194265345,758849,748GA36-SG,SDL GA 7.48% 2036,0.0,,0.0,0.01,100,EQ,NSE,NSE
8205,194265601,758850,747HR40-SG,SDL HR 7.47% 2040,0.0,,0.0,0.01,100,EQ,NSE,NSE
8206,194265857,758851,751HR41-SG,SDL HR 7.51% 2041,0.0,,0.0,0.01,100,EQ,NSE,NSE
8207,194266113,758852,AAFS30-N0,,0.0,,0.0,0.01,1,EQ,NSE,NSE
8208,194266369,758853,SGFIN,SG FINSERVE,0.0,,0.0,0.05,1,EQ,NSE,NSE
8209,194267649,758858,CPPLUS,ADITYA INFOTECH,0.0,,0.0,0.1,1,EQ,NSE,NSE
8210,194268929,758863,LAXMIINDIA,LAXMI INDIA FINANCE,0.0,,0.0,0.01,1,EQ,NSE,NSE
8211,194270209,758868,KAYTEX-SM,KAYTEX FABRICS,0.0,,0.0,0.05,800,EQ,NSE,NSE
8212,194271233,758872,717SIHF28-N0,,0.0,,0.0,0.01,1,EQ,NSE,NSE
8213,194271745,758874,773AIFL26-N0,,0.0,,0.0,0.01,1,EQ,NSE,NSE
8214,194272257,758876,773AIFL28-N0,,0.0,,0.0,0.01,1,EQ,NSE,NSE
8215,194272769,758878,770AIFL29-N0,,0.0,,0.0,0.01,1,EQ,NSE,NSE
8216,194273281,758880,770AIFL26-N0,,0.0,,0.0,0.01,1,EQ,NSE,NSE
8217,194274049,758883,748MP42-SG,SDL MP 7.48% 2042,0.0,,0.0,0.01,100,EQ,NSE,NSE
8218,194274305,758884,75MP44-SG,SDL MP 7.5% 2044,0.0,,0.0,0.01,100,EQ,NSE,NSE
8219,194274561,758885,751JK45-SG,SDL JK 7.51% 2045,0.0,,0.0,0.01,100,EQ,NSE,NSE
8220,194274817,758886,91D111225-TB,GOI TBILL 91D-11/12/25,0.0,,0.0,0.01,100,EQ,NSE,NSE
8221,194275073,758887,182D120326-TB,GOI TBILL 182D-12/03/26,0.0,,0.0,0.01,100,EQ,NSE,NSE
8222,194275329,758888,364D100926-TB,GOI TBILL 364D-10/09/26,0.0,,0.0,0.01,100,EQ,NSE,NSE
8223,194275585,758889,SGMART,SG MART,0.0,,0.0,0.05,1,EQ,NSE,NSE
8224,194277889,758898,VIGOR-SM,VIGOR PLAST INDIA,0.0,,0.0,0.05,1600,EQ,NSE,NSE
8225,194278401,758900,OPTIVALUE-SM,OPTIVALUE TEK CONSULT,0.0,,0.0,0.05,1600,EQ,NSE,NSE
8226,194279425,758904,AONEGOLD,AONEAMC - AONEGOLD,0.0,,0.0,0.01,1,EQ,NSE,NSE
8227,194280705,758909,AMANTA,AMANTA HEALTHCARE,0.0,,0.0,0.01,1,EQ,NSE,NSE
8228,194283009,758918,774TS55-SG,SDL TS 7.74% 2055,0.0,,0.0,0.01,100,EQ,NSE,NSE
8229,194283265,758919,773RJ55-SG,SDL RJ 7.73% 2055,0.0,,0.0,0.01,100,EQ,NSE,NSE
8230,194283521,758920,772TS57-SG,SDL TS 7.72% 2057,0.0,,0.0,0.01,100,EQ,NSE,NSE
8231,194283777,758921,774KL60-SG,SDL KL 7.74% 2060,0.0,,0.0,0.01,100,EQ,NSE,NSE
8232,194284033,758922,772TS63-SG,SDL TS 7.72% 2063,0.0,,0.0,0.01,100,EQ,NSE,NSE
8233,194284289,758923,627TN27-SG,SDL TN 6.27% 2027,0.0,,0.0,0.01,100,EQ,NSE,NSE
8234,194284545,758924,701GJ31A-SG,SDL GJ 7.01% 2031,0.0,,0.0,0.01,100,EQ,NSE,NSE
8235,194284801,758925,724BR31-SG,SDL BR 7.24% 2031,0.0,,0.0,0.01,100,EQ,NSE,NSE
8236,194285057,758926,773PN32-SG,SDL PN 7.73% 2032,0.0,,0.0,0.01,100,EQ,NSE,NSE
8237,194285313,758927,754BR33-SG,SDL BR 7.54% 2033,0.0,,0.0,0.01,100,EQ,NSE,NSE
8238,194285569,758928,748AP33-SG,SDL AP 7.48% 2033,0.0,,0.0,0.01,100,EQ,NSE,NSE
8239,194285825,758929,748AP34-SG,SDL AP 7.48% 2034,0.0,,0.0,0.01,100,EQ,NSE,NSE
8240,194286081,758930,731TN34-SG,SDL TN 7.31% 2034,0.0,,0.0,0.01,100,EQ,NSE,NSE
8241,194286337,758931,763AS35-SG,SDL AS 7.63% 2035,0.0,,0.0,0.01,100,EQ,NSE,NSE
8242,194286593,758932,769ML35-SG,SDL ML 7.69% 2035,0.0,,0.0,0.01,100,EQ,NSE,NSE
8243,194286849,758933,762AP36-SG,SDL AP 7.62% 2036,0.0,,0.0,0.01,100,EQ,NSE,NSE
8244,194287105,758934,772MN37-SG,SDL MN 7.72% 2037,0.0,,0.0,0.01,100,EQ,NSE,NSE
8245,194287361,758935,763AP37-SG,SDL AP 7.63% 2037,0.0,,0.0,0.01,100,EQ,NSE,NSE
8246,194287617,758936,778KL45-SG,SDL KL 7.78% 2045,0.0,,0.0,0.01,100,EQ,NSE,NSE
8247,194287873,758937,774TS51-SG,SDL TS 7.74% 2051,0.0,,0.0,0.01,100,EQ,NSE,NSE
8248,194288129,758938,91D041225-TB,GOI TBILL 91D-04/12/25,0.0,,0.0,0.01,100,EQ,NSE,NSE
8249,194288385,758939,182D050326-TB,GOI TBILL 182D-05/03/26,0.0,,0.0,0.01,100,EQ,NSE,NSE
8250,194288641,758940,364D030926-TB,GOI TBILL 364D-03/09/26,0.0,,0.0,0.01,100,EQ,NSE,NSE
8251,194288897,758941,CPEDU,CAREER POINT EDUTECH,0.0,,0.0,0.05,1,EQ,NSE,NSE
8252,194290177,758946,SNEHAA-SM,SNEHAA ORGANICS,0.0,,0.0,0.05,1000,EQ,NSE,NSE
8253,194291201,758950,745SICCL30-N0,,0.0,,0.0,0.01,1,EQ,NSE,NSE
8254,194291713,758952,ELM250,EDELAMC - ELM250,0.0,,0.0,0.01,1,EQ,NSE,NSE
8255,194292481,758955,SML100CASE,ZERODHAAMC - SML100CASE,0.0,,0.0,0.01,1,EQ,NSE,NSE
8256,194293249,758958,STLNETWORK,STL NETWORKS,0.0,,0.0,0.01,1,EQ,NSE,NSE
8257,194293761,758960,SATTVAENGG-SM,SATTVA ENGINEERING CSTN L,0.0,,0.0,0.05,1600,EQ,NSE,NSE
8258,194294785,758964,CURRENT-SM,CURRENT INFRAPROJECTS,0.0,,0.0,0.05,1600,EQ,NSE,NSE
8259,194296065,758969,AHCL-BE,ANLON HEALTHCARE,0.0,,0.0,0.01,1,EQ,NSE,NSE
8260,194297089,758973,VIKRAN,VIKRAN ENGINEERING,0.0,,0.0,0.01,1,EQ,NSE,NSE
8261,194299137,758981,RNBDENIMS,R&B DENIMS,0.0,,0.0,0.01,1,EQ,NSE,NSE
8262,194300929,758988,GCSL-BE,GRETEX CORPORATE SERVICES,0.0,,0.0,0.05,1,EQ,NSE,NSE
8263,194301697,758991,765TPREL40-N0,,0.0,,0.0,0.01,1,EQ,NSE,NSE
8264,194302209,758993,ABCL020925-N0,,0.0,,0.0,0.01,1,EQ,NSE,NSE
8265,194302721,758995,1075WCAP28-N0,,0.0,,0.0,0.01,1,EQ,NSE,NSE
8266,194303233,758997,SUPREMEENG-BZ,SUPREME ENGINEERING,0.0,,0.0,0.01,1,EQ,NSE,NSE
8267,194305793,759007,ATLANTAELE,ATLANTA ELECTRICALS,0.0,,0.0,0.05,1,EQ,NSE,NSE
8268,194307073,759012,GANESHCP,GANESH CONSUMER PRODUCT L,0.0,,0.0,0.05,1,EQ,NSE,NSE
8269,194308353,759017,76RCFL29-N0,,0.0,,0.0,0.01,1,EQ,NSE,NSE
8270,194308865,759019,685NBRD29-N0,,0.0,,0.0,0.01,1,EQ,NSE,NSE
8271,194309377,759021,673PFCL27-N0,,0.0,,0.0,0.01,1,EQ,NSE,NSE
8272,194309889,759023,PRIMECAB-SM,PRIME CABLE INDUSTRIES L,0.0,,0.0,0.05,1600,EQ,NSE,NSE
8273,194310657,759026,707GJ32A-SG,SDL GJ 7.07% 2032,0.0,,0.0,0.01,100,EQ,NSE,NSE
8274,194310913,759027,726TN35-SG,SDL TN 7.26% 2035,0.0,,0.0,0.01,100,EQ,NSE,NSE
8275,194311169,759028,732RJ35-SG,SDL RJ 7.32% 2035,0.0,,0.0,0.01,100,EQ,NSE,NSE
8276,194311425,759029,727MH36-SG,SDL MH 7.27% 2036,0.0,,0.0,0.01,100,EQ,NSE,NSE
8277,194311681,759030,742WB36-SG,SDL WB 7.42% 2036,0.0,,0.0,0.01,100,EQ,NSE,NSE
8278,194311937,759031,743MP43-SG,SDL MP 7.43% 2043,0.0,,0.0,0.01,100,EQ,NSE,NSE
8279,194312193,759032,745BR45-SG,SDL BR 7.45% 2045,0.0,,0.0,0.01,100,EQ,NSE,NSE
8280,194312449,759033,744MP46-SG,SDL MP 7.44% 2046,0.0,,0.0,0.01,100,EQ,NSE,NSE
8281,194312705,759034,744TS47-SG,SDL TS 7.44% 2047,0.0,,0.0,0.01,100,EQ,NSE,NSE
8282,194312961,759035,744TS48-SG,SDL TS 7.44% 2048,0.0,,0.0,0.01,100,EQ,NSE,NSE
8283,194313217,759036,744TS49-SG,SDL TS 7.44% 2049,0.0,,0.0,0.01,100,EQ,NSE,NSE
8284,194313473,759037,744KL50-SG,SDL KL 7.44% 2050,0.0,,0.0,0.01,100,EQ,NSE,NSE
8285,194313729,759038,745BR50-SG,SDL BR 7.45% 2050,0.0,,0.0,0.01,100,EQ,NSE,NSE
8286,194313985,759039,744TS51A-SG,SDL TS 7.44% 2051,0.0,,0.0,0.01,100,EQ,NSE,NSE
8287,194314241,759040,91D251225-TB,GOI TBILL 91D-25/12/25,0.0,,0.0,0.01,100,EQ,NSE,NSE
8288,194314497,759041,IVALUE,IVALUE INFOSOLUTIONS,0.0,,0.0,0.05,1,EQ,NSE,NSE
8289,194315777,759046,182D260326-TB,GOI TBILL 182D-26/03/26,0.0,,0.0,0.01,100,EQ,NSE,NSE
8290,194316033,759047,364D240926-TB,GOI TBILL 364D-24/09/26,0.0,,0.0,0.01,100,EQ,NSE,NSE
8291,194316289,759048,GKENERGY,GK ENERGY,0.0,,0.0,0.01,1,EQ,NSE,NSE
8292,194317569,759053,SIDDHICOTS-SM,SIDDHI COTSPIN,0.0,,0.0,0.05,1200,EQ,NSE,NSE
8293,194318593,759057,SAATVIKGL,SAATVIK GREEN ENERGY,0.0,,0.0,0.05,1,EQ,NSE,NSE
8294,194319873,759062,RHETAN,RHETAN TMT,0.0,,0.0,0.01,1,EQ,NSE,NSE
8295,194321153,759067,ABCRESET28-N0,,0.0,,0.0,0.01,1,EQ,NSE,NSE
8296,194321665,759069,752ABCL30-N0,,0.0,,0.0,0.01,1,EQ,NSE,NSE
8297,194322177,759071,734NRL35-N0,,0.0,,0.0,0.01,1,EQ,NSE,NSE
8298,194322689,759073,795AMLIL35-N0,,0.0,,0.0,0.01,1,EQ,NSE,NSE
8299,194324225,759079,DEVX,DEV ACCELERATOR,0.0,,0.0,0.01,1,EQ,NSE,NSE
8300,194325505,759084,URBANCO,URBAN COMPANY,0.0,,0.0,0.01,1,EQ,NSE,NSE
8301,194326785,759089,GML-SM,GALAXY MEDICARE,0.0,,0.0,0.05,2000,EQ,NSE,NSE
8302,194327809,759093,SHRINGARMS,SHRINGAR HOU OF MANGALS L,0.0,,0.0,0.01,1,EQ,NSE,NSE
8303,194329089,759098,12AFIL27A-N0,,0.0,,0.0,0.01,1,EQ,NSE,NSE
8304,194329601,759100,965ISF28-N0,,0.0,,0.0,0.01,1,EQ,NSE,NSE
8305,194329857,759101,677TCL28-N0,,0.0,,0.0,0.01,1,EQ,NSE,NSE
8306,194330369,759103,HILINFRA,HIGHWAY INFRASTRUCTURE L,0.0,,0.0,0.01,1,EQ,NSE,NSE
8307,194337281,759130,ABCOTS,A B COTSPIN INDIA,0.0,,0.0,0.05,1,EQ,NSE,NSE
8308,194340097,759141,TECHD-ST,TECHD CYBERSECURITY,0.0,,0.0,0.05,600,EQ,NSE,NSE
8309,194340865,759144,7425NIIF30-N0,,0.0,,0.0,0.01,1,EQ,NSE,NSE
8310,194341377,759146,755TCSL28-N0,,0.0,,0.0,0.01,1,EQ,NSE,NSE
8311,194341889,759148,789GIL30-N0,,0.0,,0.0,0.01,1,EQ,NSE,NSE
8312,194342401,759150,789GIL31-N0,,0.0,,0.0,0.01,1,EQ,NSE,NSE
8313,194342913,759152,VMSTMT,VMS TMT,0.0,,0.0,0.01,1,EQ,NSE,NSE
8314,194344705,759159,JAYESH-SM,JAYESH LOGISTICS,0.0,,0.0,0.05,1000,EQ,NSE,NSE
8315,194346241,759165,677OR29-SG,SDL OR 6.77% 2029,0.0,,0.0,0.01,100,EQ,NSE,NSE
8316,194346497,759166,714NL30-SG,SDL NL 7.14% 2030,0.0,,0.0,0.01,100,EQ,NSE,NSE
8317,194346753,759167,705TN31-SG,SDL TN 7.05% 2031,0.0,,0.0,0.01,100,EQ,NSE,NSE
8318,194347009,759168,709PY31-SG,SDL PY 7.09% 2031,0.0,,0.0,0.01,100,EQ,NSE,NSE
8319,194347265,759169,MWL,MANGALAM WORLDWIDE,0.0,,0.0,0.01,1,EQ,NSE,NSE
8320,194348545,759174,787LDL29-N0,,0.0,,0.0,0.01,1,EQ,NSE,NSE
8321,194349057,759176,TIGERLOGS,TIGER LOGISTICS (INDIA) L,0.0,,0.0,0.01,1,EQ,NSE,NSE
8322,194350337,759181,715TN32-SG,SDL TN 7.15% 2032,0.0,,0.0,0.01,100,EQ,NSE,NSE
8323,194350593,759182,719TN33-SG,SDL TN 7.19% 2033,0.0,,0.0,0.01,100,EQ,NSE,NSE
8324,194350849,759183,733JH34-SG,SDL JH 7.33% 2034,0.0,,0.0,0.01,100,EQ,NSE,NSE
8325,194351105,759184,739GA35-SG,SDL GA 7.39% 2035,0.0,,0.0,0.01,100,EQ,NSE,NSE
8326,194351361,759185,741SK35-SG,SDL SK 7.41% 2035,0.0,,0.0,0.01,100,EQ,NSE,NSE
8327,194351617,759186,748MZ36-SG,SDL MZ 7.48% 2036,0.0,,0.0,0.01,100,EQ,NSE,NSE
8328,194351873,759187,748PY36-SG,SDL PY 7.48% 2036,0.0,,0.0,0.01,100,EQ,NSE,NSE
8329,194352129,759188,743HR39-SG,SDL HR 7.43% 2039,0.0,,0.0,0.01,100,EQ,NSE,NSE
8330,194352385,759189,743OR40-SG,SDL OR 7.43% 2040,0.0,,0.0,0.01,100,EQ,NSE,NSE
8331,194352641,759190,747JK40-SG,SDL JK 7.47% 2040,0.0,,0.0,0.01,100,EQ,NSE,NSE
8332,194352897,759191,744JH41-SG,SDL JH 7.44% 2041,0.0,,0.0,0.01,100,EQ,NSE,NSE
8333,194353153,759192,745HR42-SG,SDL HR 7.45% 2042,0.0,,0.0,0.01,100,EQ,NSE,NSE
8334,194353409,759193,747WB44-SG,SDL WB 7.47% 2044,0.0,,0.0,0.01,100,EQ,NSE,NSE
8335,194353665,759194,747AS45-SG,SDL AS 7.47% 2045,0.0,,0.0,0.01,100,EQ,NSE,NSE
8336,194353921,759195,747WB46-SG,SDL WB 7.47% 2046,0.0,,0.0,0.01,100,EQ,NSE,NSE
8337,194354177,759196,746TS53-SG,SDL TS 7.46% 2053,0.0,,0.0,0.01,100,EQ,NSE,NSE
8338,194354433,759197,91D181225-TB,GOI TBILL 91D-18/12/25,0.0,,0.0,0.01,100,EQ,NSE,NSE
8339,194354689,759198,182D190326-TB,GOI TBILL 182D-19/03/26,0.0,,0.0,0.01,100,EQ,NSE,NSE
8340,194354945,759199,364D170926-TB,GOI TBILL 364D-17/09/26,0.0,,0.0,0.01,100,EQ,NSE,NSE
8341,194355457,759201,699HP31-SG,SDL HP 6.99% 2031,0.0,,0.0,0.01,100,EQ,NSE,NSE
8342,194355713,759202,AGSTRA-BZ,AGS TRANSACT TECH,0.0,,0.0,0.01,1,EQ,NSE,NSE
8343,194355969,759203,DHARAN-BZ,DHARAN INFRA-EPC,0.0,,0.0,0.01,1,EQ,NSE,NSE
8344,194356225,759204,RHFL-BZ,RELIANCE HOME FINANCE,0.0,,0.0,0.01,1,EQ,NSE,NSE
8345,194356481,759205,JKIPL,JINKUSHAL INDUSTRIES,0.0,,0.0,0.01,1,EQ,NSE,NSE
8346,194357761,759210,TRUALT,TRUALT BIOENERGY,0.0,,0.0,0.05,1,EQ,NSE,NSE
8347,194359041,759215,1075WCA28-N0,,0.0,,0.0,0.01,1,EQ,NSE,NSE
8348,194359553,759217,71HR33-SG,SDL HR 7.1% 2033,0.0,,0.0,0.01,100,EQ,NSE,NSE
8349,194359809,759218,723SK35-SG,SDL SK 7.23% 2035,0.0,,0.0,0.01,100,EQ,NSE,NSE
8350,194360065,759219,728GA37-SG,SDL GA 7.28% 2037,0.0,,0.0,0.01,100,EQ,NSE,NSE
8351,194360321,759220,729HR37-SG,SDL HR 7.29% 2037,0.0,,0.0,0.01,100,EQ,NSE,NSE
8352,194360577,759221,735HR39-SG,SDL HR 7.35% 2039,0.0,,0.0,0.01,100,EQ,NSE,NSE
8353,194360833,759222,735TCHFL35-N0,,0.0,,0.0,0.01,1,EQ,NSE,NSE
8354,194361345,759224,ASIFDG-SF,,0.0,,0.0,0.01,1,EQ,NSE,NSE
8355,194361857,759226,ASIFRD-SF,,0.0,,0.0,0.01,1,EQ,NSE,NSE
8356,194362369,759228,ASIFRG-SF,,0.0,,0.0,0.01,1,EQ,NSE,NSE
8357,194362881,759230,735UP39-SG,SDL UP 7.35% 2039,0.0,,0.0,0.01,100,EQ,NSE,NSE
8358,194363137,759231,749PN40-SG,SDL PN 7.49% 2040,0.0,,0.0,0.01,100,EQ,NSE,NSE
8359,194363393,759232,738HR41-SG,SDL HR 7.38% 2041,0.0,,0.0,0.01,100,EQ,NSE,NSE
8360,194364673,759237,165RARL28-N0,,0.0,,0.0,0.01,1,EQ,NSE,NSE
8361,194365185,759239,FINKURVE,FINKURVE FINANCIAL SERV L,0.0,,0.0,0.01,1,EQ,NSE,NSE
8362,194366465,759244,JAINREC,JAIN RESOURCE RECYCLING L,0.0,,0.0,0.05,1,EQ,NSE,NSE
8363,194367745,759249,950ISF35-N0,,0.0,,0.0,0.01,1,EQ,NSE,NSE
8364,194368257,759251,EPACKPEB,EPACK PREFAB TECHN,0.0,,0.0,0.05,1,EQ,NSE,NSE
8365,194369537,759256,BMWVENTLTD,BMW VENTURES,0.0,,0.0,0.01,1,EQ,NSE,NSE
8366,194370817,759261,GURUNANAK-SM,GURUNANAK AGRICULTUR IN L,0.0,,0.0,0.05,1600,EQ,NSE,NSE
8367,194371841,759265,TATACAP,TATA CAPITAL,0.0,,0.0,0.05,1,EQ,NSE,NSE
8368,194373377,759271,735BTL27-N0,,0.0,,0.0,0.01,1,EQ,NSE,NSE
8369,194373889,759273,745BTL28-N0,,0.0,,0.0,0.01,1,EQ,NSE,NSE
8370,194374401,759275,AAFS30A-N0,,0.0,,0.0,0.01,1,EQ,NSE,NSE
8371,194374913,759277,930SCL2035-N0,,0.0,,0.0,0.01,1,EQ,NSE,NSE
8372,194375425,759279,915SCL30-N0,,0.0,,0.0,0.01,1,EQ,NSE,NSE
8373,194375937,759281,12VCCL28-N0,,0.0,,0.0,0.01,1,EQ,NSE,NSE
8374,194376449,759283,12AFIL28-N0,,0.0,,0.0,0.01,1,EQ,NSE,NSE
8375,194376961,759285,QSIFHDG-SF,,0.0,,0.0,0.01,1,EQ,NSE,NSE
8376,194377473,759287,70826LTF28-N0,,0.0,,0.0,0.01,1,EQ,NSE,NSE
8377,194377985,759289,960SCL35-N0,,0.0,,0.0,0.01,1,EQ,NSE,NSE
8378,194378497,759291,BLUESTONE,BLUESTONE JEWEL LFSTL,0.0,,0.0,0.05,1,EQ,NSE,NSE
8379,194379777,759296,113ESFB31-N0,,0.0,,0.0,0.01,1,EQ,NSE,NSE
8380,194380289,759298,QSIFHRG-SF,,0.0,,0.0,0.01,1,EQ,NSE,NSE
8381,194380801,759300,761ABCL35A-N0,,0.0,,0.0,0.01,1,EQ,NSE,NSE
8382,194381313,759302,NIFTYCASE,ZERODHAAMC - NIFTYCASE,0.0,,0.0,0.01,1,EQ,NSE,NSE
8383,194382081,759305,658TN29-SG,SDL TN 6.58% 2029,0.0,,0.0,0.01,100,EQ,NSE,NSE
8384,194382337,759306,708OR33-SG,SDL OR 7.08% 2033,0.0,,0.0,0.01,100,EQ,NSE,NSE
8385,194382593,759307,712UP33A-SG,SDL UP 7.12% 2033,0.0,,0.0,0.01,100,EQ,NSE,NSE
8386,194382849,759308,707GJ34A-SG,SDL GJ 7.07% 2034,0.0,,0.0,0.01,100,EQ,NSE,NSE
8387,194383105,759309,731BR45-SG,SDL BR 7.31% 2045,0.0,,0.0,0.01,100,EQ,NSE,NSE
8388,194383361,759310,731JK45-SG,SDL JK 7.31% 2045,0.0,,0.0,0.01,100,EQ,NSE,NSE
8389,194383617,759311,CRAMC,CANARA ROBECO AMC,0.0,,0.0,0.05,1,EQ,NSE,NSE
8390,194384897,759316,RUBICON,RUBICON RESEARCH,0.0,,0.0,0.05,1,EQ,NSE,NSE
8391,194385409,759318,744TS58-SG,SDL TS 7.44% 2058,0.0,,0.0,0.01,100,EQ,NSE,NSE
8392,194385665,759319,73UK32-SG,SDL UK 7.3% 2032,0.0,,0.0,0.01,100,EQ,NSE,NSE
8393,194385921,759320,737GA36-SG,SDL GA 7.37% 2036,0.0,,0.0,0.01,100,EQ,NSE,NSE
8394,194386177,759321,757PN37-SG,SDL PN 7.57% 2037,0.0,,0.0,0.01,100,EQ,NSE,NSE
8395,194386433,759322,746RJ38-SG,SDL RJ 7.46% 2038,0.0,,0.0,0.01,100,EQ,NSE,NSE
8396,194386689,759323,743HR39A-SG,SDL HR 7.43% 2039,0.0,,0.0,0.01,100,EQ,NSE,NSE
8397,194386945,759324,749KL40-SG,SDL KL 7.49% 2040,0.0,,0.0,0.01,100,EQ,NSE,NSE
8398,194387201,759325,744HR41-SG,SDL HR 7.44% 2041,0.0,,0.0,0.01,100,EQ,NSE,NSE
8399,194387457,759326,756RJ41-SG,SDL RJ 7.56% 2041,0.0,,0.0,0.01,100,EQ,NSE,NSE
8400,194387713,759327,758BR43-SG,SDL BR 7.58% 2043,0.0,,0.0,0.01,100,EQ,NSE,NSE
8401,194387969,759328,756WB45-SG,SDL WB 7.56% 2045,0.0,,0.0,0.01,100,EQ,NSE,NSE
8402,194388225,759329,75AP45-SG,SDL AP 7.5% 2045,0.0,,0.0,0.01,100,EQ,NSE,NSE
8403,194388481,759330,748MP45-SG,SDL MP 7.48% 2045,0.0,,0.0,0.01,100,EQ,NSE,NSE
8404,194388737,759331,75AP46-SG,SDL AP 7.5% 2046,0.0,,0.0,0.01,100,EQ,NSE,NSE
8405,194388993,759332,751MP48-SG,SDL MP 7.51% 2048,0.0,,0.0,0.01,100,EQ,NSE,NSE
8406,194389249,759333,757BR49-SG,SDL BR 7.57% 2049,0.0,,0.0,0.01,100,EQ,NSE,NSE
8407,194389505,759334,746RJ51-SG,SDL RJ 7.46% 2051,0.0,,0.0,0.01,100,EQ,NSE,NSE
8408,194389761,759335,753TS52-SG,SDL TS 7.53% 2052,0.0,,0.0,0.01,100,EQ,NSE,NSE
8409,194390017,759336,752TS54-SG,SDL TS 7.52% 2054,0.0,,0.0,0.01,100,EQ,NSE,NSE
8410,194390273,759337,744TN55A-SG,SDL TN 7.44% 2055,0.0,,0.0,0.01,100,EQ,NSE,NSE
8411,194390529,759338,744TS56-SG,SDL TS 7.44% 2056,0.0,,0.0,0.01,100,EQ,NSE,NSE
8412,194390785,759339,91D020126-TB,GOI TBILL 91D-02/01/26,0.0,,0.0,0.01,100,EQ,NSE,NSE
8413,194391041,759340,182D030426-TB,GOI TBILL 182D-03/04/26,0.0,,0.0,0.01,100,EQ,NSE,NSE
8414,194391297,759341,364D021026-TB,GOI TBILL 364D-02/10/26,0.0,,0.0,0.01,100,EQ,NSE,NSE
8415,194391553,759342,PACEDIGITK,PACE DIGITEK,0.0,,0.0,0.01,1,EQ,NSE,NSE
8416,194392833,759347,885TIAPL29-N0,,0.0,,0.0,0.01,1,EQ,NSE,NSE
8417,194393345,759349,724TFSIL27-N0,,0.0,,0.0,0.01,1,EQ,NSE,NSE
8418,194393857,759351,MPEL-SM,MANAS POLYMER N ENERGIE L,0.0,,0.0,0.05,1600,EQ,NSE,NSE
8419,194394881,759355,SYSTMTXC,SYSTEMATIX CORP SERVICE L,0.0,,0.0,0.01,1,EQ,NSE,NSE
8420,194396929,759363,ANANTAM-IV,ANANTAM HIGHWAYS TRUST,0.0,,0.0,0.01,1,EQ,NSE,NSE
8421,194398209,759368,FLEXIADD,DSPAMC - FLEXIADD,0.0,,0.0,0.01,1,EQ,NSE,NSE
8422,194398977,759371,MONIFTY100,MOTILALAMC - MONIFTY100,0.0,,0.0,0.01,1,EQ,NSE,NSE
8423,194399745,759374,MOENERGY,MOTILALAMC - MOENERGY,0.0,,0.0,0.01,1,EQ,NSE,NSE
8424,194400513,759377,728OR49-SG,SDL OR 7.28% 2049,0.0,,0.0,0.01,100,EQ,NSE,NSE
8425,194400769,759378,73TS51-SG,SDL TS 7.3% 2051,0.0,,0.0,0.01,100,EQ,NSE,NSE
8426,194401025,759379,91D150126-TB,GOI TBILL 91D-15/01/26,0.0,,0.0,0.01,100,EQ,NSE,NSE
8427,194401281,759380,182D160426-TB,GOI TBILL 182D-16/04/26,0.0,,0.0,0.01,100,EQ,NSE,NSE
8428,194401537,759381,MONEYBOXX,MONEYBOXX FINANCE,0.0,,0.0,0.01,1,EQ,NSE,NSE
8429,194402561,759385,706GJ33-SG,SDL GJ 7.06% 2033,0.0,,0.0,0.01,100,EQ,NSE,NSE
8430,194402817,759386,714AP33-SG,SDL AP 7.14% 2033,0.0,,0.0,0.01,100,EQ,NSE,NSE
8431,194403073,759387,727AP36-SG,SDL AP 7.27% 2036,0.0,,0.0,0.01,100,EQ,NSE,NSE
8432,194403329,759388,739JK37A-SG,SDL JK 7.39% 2037,0.0,,0.0,0.01,100,EQ,NSE,NSE
8433,194403585,759389,726MH41-SG,SDL MH 7.26% 2041,0.0,,0.0,0.01,100,EQ,NSE,NSE
8434,194403841,759390,731MZ41-SG,SDL MZ 7.31% 2041,0.0,,0.0,0.01,100,EQ,NSE,NSE
8435,194404097,759391,726MH42-SG,SDL MH 7.26% 2042,0.0,,0.0,0.01,100,EQ,NSE,NSE
8436,194404353,759392,116VCCL27A-N0,,0.0,,0.0,0.01,1,EQ,NSE,NSE
8437,194404865,759394,118VCCL27B-N0,,0.0,,0.0,0.01,1,EQ,NSE,NSE
8438,194405377,759396,648GS2035-GS,GOI LOAN  6.48% 2035,0.0,,0.0,0.01,1,EQ,NSE,NSE
8439,194405633,759397,SOLEX,SOLEX ENERGY,0.0,,0.0,0.1,1,EQ,NSE,NSE
8440,194406913,759402,ADVANCE,ADVANCE AGROLIFE,0.0,,0.0,0.01,1,EQ,NSE,NSE
8441,194408193,759407,SHEEL-SM,SHEEL BIOTECH,0.0,,0.0,0.05,2000,EQ,NSE,NSE
8442,194409217,759411,OMFREIGHT,OM FREIGHT FORWARDERS,0.0,,0.0,0.01,1,EQ,NSE,NSE
8443,194410497,759416,MUNISH-SM,MUNISH FORGE,0.0,,0.0,0.05,1200,EQ,NSE,NSE
8444,194411521,759420,BAGDIGITAL-SM,B.A.G.CONVERGENCE,0.0,,0.0,0.05,1600,EQ,NSE,NSE
8445,194412545,759424,GREENLEAF-SM,GREENLEAF ENVIROTECH,0.0,,0.0,0.05,1000,EQ,NSE,NSE
8446,194413569,759428,GROWWRLTY,GROWWAMC - GROWWRLTY,0.0,,0.0,0.01,1,EQ,NSE,NSE
8447,194414337,759431,91D080126-TB,GOI TBILL 91D-08/01/26,0.0,,0.0,0.01,100,EQ,NSE,NSE
8448,194414593,759432,182D090426-TB,GOI TBILL 182D-09/04/26,0.0,,0.0,0.01,100,EQ,NSE,NSE
8449,194414849,759433,364D081026-TB,GOI TBILL 364D-08/10/26,0.0,,0.0,0.01,100,EQ,NSE,NSE
8450,194415105,759434,WEWORK,WEWORK INDIA MANAGEMENT L,0.0,,0.0,0.05,1,EQ,NSE,NSE
8451,194416385,759439,PATELRMART,PATEL RETAIL,0.0,,0.0,0.05,1,EQ,NSE,NSE
8452,194417665,759444,1215DHPL27-N0,,0.0,,0.0,0.01,1,EQ,NSE,NSE
8453,194418177,759446,12AFIL27-N0,,0.0,,0.0,0.01,1,EQ,NSE,NSE
8454,194418689,759448,SHREEJISPG,SHREEJI SHIPPING GLOBAL L,0.0,,0.0,0.05,1,EQ,NSE,NSE
8455,194419969,759453,VIKRAMSOLR,VIKRAM SOLAR,0.0,,0.0,0.05,1,EQ,NSE,NSE
8456,194421249,759458,GROWWNXT50,GROWWAMC - GROWWNXT50,0.0,,0.0,0.01,1,EQ,NSE,NSE
8457,194422017,759461,GEMAROMA,GEM AROMATICS,0.0,,0.0,0.01,1,EQ,NSE,NSE
8458,194423297,759466,ELIQUID,EDELAMC - ELIQUID,0.0,,0.0,0.01,1,EQ,NSE,NSE
8459,194424321,759470,875PFL27-N0,,0.0,,0.0,0.01,1,EQ,NSE,NSE
8460,194424833,759472,705JCL27-N0,,0.0,,0.0,0.01,1,EQ,NSE,NSE
8461,194425345,759474,975CCSP28-N0,,0.0,,0.0,0.01,1,EQ,NSE,NSE
8462,194425857,759476,364D151026-TB,GOI TBILL 364D-15/10/26,0.0,,0.0,0.01,100,EQ,NSE,NSE
8463,194426113,759477,CANHLIFE,CANARA HSBC LIFE INS CO L,0.0,,0.0,0.01,1,EQ,NSE,NSE
8464,194427393,759482,730SIHF28-N0,,0.0,,0.0,0.01,1,EQ,NSE,NSE
8465,194427905,759484,84AIL28-N0,,0.0,,0.0,0.01,1,EQ,NSE,NSE
8466,194428417,759486,758CIFL30-N0,,0.0,,0.0,0.01,1,EQ,NSE,NSE
8467,194428929,759488,MOMENTUM30,KOTAKMAMC - MOMENTUM30,0.0,,0.0,0.01,1,EQ,NSE,NSE
8468,194429697,759491,741JK42-SG,SDL JK 7.41% 2042,0.0,,0.0,0.01,100,EQ,NSE,NSE
8469,194429953,759492,74MP46-SG,SDL MP 7.4% 2046,0.0,,0.0,0.01,100,EQ,NSE,NSE
8470,194430209,759493,74MP47-SG,SDL MP 7.4% 2047,0.0,,0.0,0.01,100,EQ,NSE,NSE
8471,194430465,759494,975PCPL27-N0,,0.0,,0.0,0.01,1,EQ,NSE,NSE
8472,194430977,759496,840MCSL31-N0,,0.0,,0.0,0.01,1,EQ,NSE,NSE
8473,194431489,759498,788MFL28-N0,,0.0,,0.0,0.01,1,EQ,NSE,NSE
8474,194432001,759500,805MFL30-N0,,0.0,,0.0,0.01,1,EQ,NSE,NSE
8475,194432513,759502,91D290126-TB,GOI TBILL 91D-29/01/26,0.0,,0.0,0.01,100,EQ,NSE,NSE
8476,194432769,759503,182D300426-TB,GOI TBILL 182D-30/04/26,0.0,,0.0,0.01,100,EQ,NSE,NSE
8477,194433025,759504,364D291026-TB,GOI TBILL 364D-29/10/26,0.0,,0.0,0.01,100,EQ,NSE,NSE
8478,194433281,759505,692OIT28-N0,,0.0,,0.0,0.01,1,EQ,NSE,NSE
8479,194433793,759507,702OIT40-N0,,0.0,,0.0,0.01,1,EQ,NSE,NSE
8480,194436353,759517,MIDWESTLTD,MIDWEST,0.0,,0.0,0.1,1,EQ,NSE,NSE
8481,194437633,759522,GROWWSC250,GROWWAMC - GROWWSC250,0.0,,0.0,0.01,1,EQ,NSE,NSE
8482,194438657,759526,712OIT40-N0,,0.0,,0.0,0.01,1,EQ,NSE,NSE
8483,194444289,759548,666RJ29-SG,SDL RJ 6.66% 2029,0.0,,0.0,0.01,100,EQ,NSE,NSE
8484,194444545,759549,714TN35A-SG,SDL TN 7.14% 2035,0.0,,0.0,0.01,100,EQ,NSE,NSE
8485,194444801,759550,725GA36-SG,SDL GA 7.25% 2036,0.0,,0.0,0.01,100,EQ,NSE,NSE
8486,194445057,759551,PIRAMALFIN,PIRAMAL FINANCE,0.0,,0.0,0.1,1,EQ,NSE,NSE
8487,194446337,759556,935PFL26-N0,,0.0,,0.0,0.01,1,EQ,NSE,NSE
8488,194446593,759557,95PFL34-N0,,0.0,,0.0,0.01,1,EQ,NSE,NSE
8489,194446849,759558,91PFL35-N0,,0.0,,0.0,0.01,1,EQ,NSE,NSE
8490,194447105,759559,930PFL29-N0,,0.0,,0.0,0.01,1,EQ,NSE,NSE
8491,194447361,759560,912PFL27-N0,,0.0,,0.0,0.01,1,EQ,NSE,NSE
8492,194447617,759561,919PFL28-N0,,0.0,,0.0,0.01,1,EQ,NSE,NSE
8493,194447873,759562,905PFL26-N1,,0.0,,0.0,0.01,1,EQ,NSE,NSE
8494,194448129,759563,920PFL28-N2,,0.0,,0.0,0.01,1,EQ,NSE,NSE
8495,194448385,759564,935PFL33-N3,,0.0,,0.0,0.01,1,EQ,NSE,NSE
8496,194449665,759569,ORKLAINDIA,ORKLA INDIA,0.0,,0.0,0.05,1,EQ,NSE,NSE
8497,194450945,759574,710PFCL40-N0,,0.0,,0.0,0.01,1,EQ,NSE,NSE
8498,194451457,759576,QSIFHRR-SF,,0.0,,0.0,0.01,1,EQ,NSE,NSE
8499,194454273,759587,STUDDS,STUDDS ACCESSORIES,0.0,,0.0,0.05,1,EQ,NSE,NSE
8500,194455553,759592,985CCSP28-N0,,0.0,,0.0,0.01,1,EQ,NSE,NSE
8501,194456065,759594,73AP37-SG,SDL AP 7.3% 2037,0.0,,0.0,0.01,100,EQ,NSE,NSE
8502,194456321,759595,748KL45-SG,SDL KL 7.48% 2045,0.0,,0.0,0.01,100,EQ,NSE,NSE
8503,194456577,759596,746TN55-SG,SDL TN 7.46% 2055,0.0,,0.0,0.01,100,EQ,NSE,NSE
8504,194456833,759597,745TS57-SG,SDL TS 7.45% 2057,0.0,,0.0,0.01,100,EQ,NSE,NSE
8505,194457089,759598,91D060226-TB,GOI TBILL 91D-06/02/26,0.0,,0.0,0.01,100,EQ,NSE,NSE
8506,194457345,759599,182D080526-TB,GOI TBILL 182D-08/05/26,0.0,,0.0,0.01,100,EQ,NSE,NSE
8507,194457601,759600,364D061126-TB,GOI TBILL 364D-06/11/26,0.0,,0.0,0.01,100,EQ,NSE,NSE
8508,194457857,759601,711SDIL30-N0,,0.0,,0.0,0.01,1,EQ,NSE,NSE
8509,194458369,759603,805AIFL32-N0,,0.0,,0.0,0.01,1,EQ,NSE,NSE
8510,194458881,759605,LENSKART,LENSKART SOLUTIONS,0.0,,0.0,0.05,1,EQ,NSE,NSE
8511,194460161,759610,CHOICEGOLD,CHOICEAMC - CHOICEGOLD,0.0,,0.0,0.01,1,EQ,NSE,NSE
8512,194487553,759717,ATL-RE-BE,ALLCARGO TERMINALS,0.0,,0.0,0.01,1,EQ,NSE,NSE
8513,194488065,759719,GROWWMC150,GROWWAMC - GROWWMC150,0.0,,0.0,0.01,1,EQ,NSE,NSE
8514,194489089,759723,PWL,PHYSICSWALLAH,0.0,,0.0,0.01,1,EQ,NSE,NSE
8515,194490369,759728,EMMVEE,EMMVEE PHOTOVOLTAIC PWR L,0.0,,0.0,0.01,1,EQ,NSE,NSE
8516,194491649,759733,715NBFID40-N0,,0.0,,0.0,0.01,1,EQ,NSE,NSE
8517,194492161,759735,701TN32-SG,SDL TN 7.01% 2032,0.0,,0.0,0.01,100,EQ,NSE,NSE
8518,194492417,759736,702UP32-SG,SDL UP 7.02% 2032,0.0,,0.0,0.01,100,EQ,NSE,NSE
8519,194492673,759737,707MH33-SG,SDL MH 7.07% 2033,0.0,,0.0,0.01,100,EQ,NSE,NSE
8520,194492929,759738,714MZ33-SG,SDL MZ 7.14% 2033,0.0,,0.0,0.01,100,EQ,NSE,NSE
8521,194493185,759739,724UP36-SG,SDL UP 7.24% 2036,0.0,,0.0,0.01,100,EQ,NSE,NSE
8522,194493441,759740,725MH37-SG,SDL MH 7.25% 2037,0.0,,0.0,0.01,100,EQ,NSE,NSE
8523,194493697,759741,744BR40-SG,SDL BR 7.44% 2040,0.0,,0.0,0.01,100,EQ,NSE,NSE
8524,194493953,759742,745MP41-SG,SDL MP 7.45% 2041,0.0,,0.0,0.01,100,EQ,NSE,NSE
8525,194494209,759743,746MP43-SG,SDL MP 7.46% 2043,0.0,,0.0,0.01,100,EQ,NSE,NSE
8526,194494465,759744,745MP44B-SG,SDL MP 7.45% 2044,0.0,,0.0,0.01,100,EQ,NSE,NSE
8527,194494721,759745,746JK45-SG,SDL JK 7.46% 2045,0.0,,0.0,0.01,100,EQ,NSE,NSE
8528,194494977,759746,744TS56A-SG,SDL TS 7.44% 2056,0.0,,0.0,0.01,100,EQ,NSE,NSE
8529,194495233,759747,SHIVAUM,SHIV AUM STEELS,0.0,,0.0,0.05,1,EQ,NSE,NSE
8530,194496513,759752,MODIS,MODIS NAVNIRMAN,0.0,,0.0,0.05,1,EQ,NSE,NSE
8531,194497025,759754,880PFL28-N0,,0.0,,0.0,0.01,1,EQ,NSE,NSE
8532,194498305,759759,TAURIAN-ST,TAURIAN MPS,0.0,,0.0,0.05,800,EQ,NSE,NSE
8533,194498561,759760,761ABCL35-N0,,0.0,,0.0,0.01,1,EQ,NSE,NSE
8534,194499073,759762,850KGEL30-N0,,0.0,,0.0,0.01,1,EQ,NSE,NSE
8535,194500865,759769,ADVENTHTL,ADVENT HOTELS INTERNATI L,0.0,,0.0,0.01,1,EQ,NSE,NSE
8536,194502145,759774,701NGEL35-N0,,0.0,,0.0,0.01,1,EQ,NSE,NSE
8537,194502657,759776,FINBUD-SM,FINBUD FINANCIAL SERV,0.0,,0.0,0.05,1000,EQ,NSE,NSE
8538,194503681,759780,ENERGY,MIRAEAMC - ENERGY,0.0,,0.0,0.01,1,EQ,NSE,NSE
8539,194504193,759782,TMCV,TATA MOTORS,0.0,,0.0,0.05,1,EQ,NSE,NSE
8540,194505473,759787,765TMCV27-N0,,0.0,,0.0,0.01,1,EQ,NSE,NSE
8541,194505985,759789,692AVTL28-N0,,0.0,,0.0,0.01,1,EQ,NSE,NSE
8542,194506497,759791,113ESFB31B-N0,,0.0,,0.0,0.01,1,EQ,NSE,NSE
8543,194507009,759793,12DCCL27-N0,,0.0,,0.0,0.01,1,EQ,NSE,NSE
8544,194507521,759795,77NVCL28-N0,,0.0,,0.0,0.01,1,EQ,NSE,NSE
8545,194508033,759797,EUROPRATIK,EURO PRATIK SALES,0.0,,0.0,0.05,1,EQ,NSE,NSE
8546,194509313,759802,SHETHJI-SM,SHREEJI GLOBAL FMCG,0.0,,0.0,0.05,1000,EQ,NSE,NSE
8547,194510337,759806,GROWW,BILLIONBRAINS GARAGE VN L,0.0,,0.0,0.01,1,EQ,NSE,NSE
8548,194511617,759811,765TMCV28-N0,,0.0,,0.0,0.01,1,EQ,NSE,NSE
8549,194512385,759814,SMALL250,MIRAEAMC - SMALL250,0.0,,0.0,0.01,1,EQ,NSE,NSE
8550,194513921,759820,PINELABS,PINE LABS,0.0,,0.0,0.01,1,EQ,NSE,NSE
8551,194515201,759825,CURIS-SM,CURIS LIFESCIENCES,0.0,,0.0,0.05,1000,EQ,NSE,NSE
8552,194516225,759829,91D120226-TB,GOI TBILL 91D-12/02/26,0.0,,0.0,0.01,100,EQ,NSE,NSE
8553,194516481,759830,182D140526-TB,GOI TBILL 182D-14/05/26,0.0,,0.0,0.01,100,EQ,NSE,NSE
8554,194516737,759831,364D121126-TB,GOI TBILL 364D-12/11/26,0.0,,0.0,0.01,100,EQ,NSE,NSE
8555,194516993,759832,SICCL28-N0,,0.0,,0.0,0.01,1,EQ,NSE,NSE
8556,194517505,759834,686NBFID30-N0,,0.0,,0.0,0.01,1,EQ,NSE,NSE
8557,194518017,759836,712TACA28-N0,,0.0,,0.0,0.01,1,EQ,NSE,NSE
8558,194518529,759838,73TACA30-N0,,0.0,,0.0,0.01,1,EQ,NSE,NSE
8559,194519553,759842,BETA,BETA DRUGS,0.0,,0.0,0.1,1,EQ,NSE,NSE
8560,194520833,759847,SHILCTECH,SHILCHAR TECHNOLOGIES,0.0,,0.0,0.1,1,EQ,NSE,NSE
8561,194521857,759851,655TN29-SG,SDL TN 6.55% 2029,0.0,,0.0,0.01,100,EQ,NSE,NSE
8562,194522113,759852,684GJ31B-SG,SDL GJ 6.84% 2031,0.0,,0.0,0.01,100,EQ,NSE,NSE
8563,194522369,759853,712UP33B-SG,SDL UP 7.12% 2033,0.0,,0.0,0.01,100,EQ,NSE,NSE
8564,194522625,759854,716TN35-SG,SDL TN 7.16% 2035,0.0,,0.0,0.01,100,EQ,NSE,NSE
8565,194522881,759855,718UP35-SG,SDL UP 7.18% 2035,0.0,,0.0,0.01,100,EQ,NSE,NSE
8566,194523137,759856,716RJ35-SG,SDL RJ 7.16% 2035,0.0,,0.0,0.01,100,EQ,NSE,NSE
8567,194523393,759857,72TN36-SG,SDL TN 7.2% 2036,0.0,,0.0,0.01,100,EQ,NSE,NSE
8568,194523649,759858,729RJ37-SG,SDL RJ 7.29% 2037,0.0,,0.0,0.01,100,EQ,NSE,NSE
8569,194523905,759859,745HP40-SG,SDL HP 7.45% 2040,0.0,,0.0,0.01,100,EQ,NSE,NSE
8570,194524161,759860,75AR45-SG,SDL AR 7.5% 2045,0.0,,0.0,0.01,100,EQ,NSE,NSE
8571,194524417,759861,75TS51-SG,SDL TS 7.5% 2051,0.0,,0.0,0.01,100,EQ,NSE,NSE
8572,194524673,759862,75TS52-SG,SDL TS 7.5% 2052,0.0,,0.0,0.01,100,EQ,NSE,NSE
8573,194524929,759863,675RJ30A-SG,SDL RJ 6.75% 2030,0.0,,0.0,0.01,100,EQ,NSE,NSE
8574,194525185,759864,91D190226-TB,GOI TBILL 91D-19/02/26,0.0,,0.0,0.01,100,EQ,NSE,NSE
8575,194525441,759865,182D210526-TB,GOI TBILL 182D-21/05/26,0.0,,0.0,0.01,100,EQ,NSE,NSE
8576,194525697,759866,364D191126-TB,GOI TBILL 364D-19/11/26,0.0,,0.0,0.01,100,EQ,NSE,NSE
8577,194525953,759867,CAPILLARY,CAPILLARY TECHNO INDIA L,0.0,,0.0,0.05,1,EQ,NSE,NSE
8578,194527233,759872,726JCL30-N0,,0.0,,0.0,0.01,1,EQ,NSE,NSE
8579,194527745,759874,72841ABH30-N0,,0.0,,0.0,0.01,1,EQ,NSE,NSE
8580,194528257,759876,UTLSOLAR,FUJIYAMA POWER SYSTEMS L,0.0,,0.0,0.01,1,EQ,NSE,NSE
8581,194528769,759878,771SIHF35-N0,,0.0,,0.0,0.01,1,EQ,NSE,NSE
8582,194529281,759880,TENNIND,TENNECO CLEAN AIR INDIA L,0.0,,0.0,0.05,1,EQ,NSE,NSE
8583,194530561,759885,CHEMICAL,KOTAKMAMC - CHEMICAL,0.0,,0.0,0.01,1,EQ,NSE,NSE
8584,194532097,759891,MOIPO,MOTILALAMC - MOIPO,0.0,,0.0,0.01,1,EQ,NSE,NSE
8585,194533121,759895,910HFL36-N0,,0.0,,0.0,0.01,1,EQ,NSE,NSE
8586,194533633,759897,1225IFL27-N0,,0.0,,0.0,0.01,1,EQ,NSE,NSE
8587,194534145,759899,803MFL31-N0,,0.0,,0.0,0.01,1,EQ,NSE,NSE
8588,194534657,759901,725MPL29-N0,,0.0,,0.0,0.01,1,EQ,NSE,NSE
8589,194535169,759903,712MPL28-N0,,0.0,,0.0,0.01,1,EQ,NSE,NSE
8590,194535681,759905,732MPL30-N0,,0.0,,0.0,0.01,1,EQ,NSE,NSE
8591,194540545,759924,INDO-RE2-BE,INDOWIND ENERGY,0.0,,0.0,0.01,1,EQ,NSE,NSE
8592,194541825,759929,SOLARWORLD,SOLARWORLD ENERGY SOL,0.0,,0.0,0.05,1,EQ,NSE,NSE
8593,194543105,759934,STYL,SESHAASAI TECHNOLOGIES L,0.0,,0.0,0.05,1,EQ,NSE,NSE
8594,194544385,759939,743PHFL28-N0,,0.0,,0.0,0.01,1,EQ,NSE,NSE
8595,194544897,759941,799GSGL28-N0,,0.0,,0.0,0.01,1,EQ,NSE,NSE
8596,194545409,759943,799GSGL29-N0,,0.0,,0.0,0.01,1,EQ,NSE,NSE
8597,194545921,759945,MGSL-SM,MATRIX GEO SOLUTIONS,0.0,,0.0,0.05,1200,EQ,NSE,NSE
8598,194546945,759949,714SECIL35-N0,,0.0,,0.0,0.01,1,EQ,NSE,NSE
8599,194547457,759951,JARO,JARO INS OF TEC MG N RE L,0.0,,0.0,0.05,1,EQ,NSE,NSE
8600,194548737,759956,ARSSBL,ANAND RATHI SH N STK BR L,0.0,,0.0,0.05,1,EQ,NSE,NSE
8601,194550017,759961,ECOLINE-SM,ECOLINE EXIM,0.0,,0.0,0.05,1000,EQ,NSE,NSE
8602,194552065,759969,PAUSHAKLTD,PAUSHAK,0.0,,0.0,0.05,1,EQ,NSE,NSE
8603,194553345,759974,888ECL28-N1,,0.0,,0.0,0.01,1,EQ,NSE,NSE
8604,194553601,759975,925ECL28-N2,,0.0,,0.0,0.01,1,EQ,NSE,NSE
8605,194554369,759978,MSCIADD,DSPAMC - MSCIADD,0.0,,0.0,0.01,1,EQ,NSE,NSE
8606,194555137,759981,708PFCL35-N0,,0.0,,0.0,0.01,1,EQ,NSE,NSE
8607,194555649,759983,674SIDBI29-N0,,0.0,,0.0,0.01,1,EQ,NSE,NSE
8608,194555905,759984,656RJ29-SG,SDL RJ 6.56% 2029,0.0,,0.0,0.01,100,EQ,NSE,NSE
8609,194556161,759985,698GJ32-SG,SDL GJ 6.98% 2032,0.0,,0.0,0.01,100,EQ,NSE,NSE
8610,194556417,759986,706UK32-SG,SDL UK 7.06% 2032,0.0,,0.0,0.01,100,EQ,NSE,NSE
8611,194557185,759989,KSR-BE,KSR FOOTWEAR,0.0,,0.0,0.01,1,EQ,NSE,NSE
8612,194557953,759992,AONETMMQ50,AONEAMC - AONETMMQ50,0.0,,0.0,0.01,1,EQ,NSE,NSE
8613,194558721,759995,ESENSEX,EDELAMC - ESENSEX,0.0,,0.0,0.01,1,EQ,NSE,NSE
8614,194559489,759998,ENIFTY,EDELAMC - ENIFTY,0.0,,0.0,0.01,1,EQ,NSE,NSE
8615,194560257,760001,MOSERVICE,MOTILALAMC - MOSERVICE,0.0,,0.0,0.01,1,EQ,NSE,NSE
8616,194561025,760004,707GJ33-SG,SDL GJ 7.07% 2033,0.0,,0.0,0.01,100,EQ,NSE,NSE
8617,194561281,760005,745ISL28-N0,,0.0,,0.0,0.01,1,EQ,NSE,NSE
8618,194561793,760007,EXCELSOFT,EXCELSOFT TECHNOLOGIES L,0.0,,0.0,0.01,1,EQ,NSE,NSE
8619,194563073,760012,729PN33-SG,SDL PN 7.29% 2033,0.0,,0.0,0.01,100,EQ,NSE,NSE
8620,194563329,760013,714TN34A-SG,SDL TN 7.14% 2034,0.0,,0.0,0.01,100,EQ,NSE,NSE
8621,194563585,760014,719CG35A-SG,SDL CG 7.19% 2035,0.0,,0.0,0.01,100,EQ,NSE,NSE
8622,194563841,760015,721SK35-SG,SDL SK 7.21% 2035,0.0,,0.0,0.01,100,EQ,NSE,NSE
8623,194564097,760016,724RJ36A-SG,SDL RJ 7.24% 2036,0.0,,0.0,0.01,100,EQ,NSE,NSE
8624,194564353,760017,731MN37-SG,SDL MN 7.31% 2037,0.0,,0.0,0.01,100,EQ,NSE,NSE
8625,194564609,760018,734TS38-SG,SDL TS 7.34% 2038,0.0,,0.0,0.01,100,EQ,NSE,NSE
8626,194564865,760019,741HR40-SG,SDL HR 7.41% 2040,0.0,,0.0,0.01,100,EQ,NSE,NSE
8627,194565121,760020,751JK40-SG,SDL JK 7.51% 2040,0.0,,0.0,0.01,100,EQ,NSE,NSE
8628,194565377,760021,746TS42A-SG,SDL TS 7.46% 2042,0.0,,0.0,0.01,100,EQ,NSE,NSE
8629,194565633,760022,748WB44A-SG,SDL WB 7.48% 2044,0.0,,0.0,0.01,100,EQ,NSE,NSE
8630,194565889,760023,746BR45-SG,SDL BR 7.46% 2045,0.0,,0.0,0.01,100,EQ,NSE,NSE
8631,194566145,760024,745TS48-SG,SDL TS 7.45% 2048,0.0,,0.0,0.01,100,EQ,NSE,NSE
8632,194566401,760025,745KL50-SG,SDL KL 7.45% 2050,0.0,,0.0,0.01,100,EQ,NSE,NSE
8633,194566657,760026,745TS53-SG,SDL TS 7.45% 2053,0.0,,0.0,0.01,100,EQ,NSE,NSE
8634,194566913,760027,744TN55B-SG,SDL TN 7.44% 2055,0.0,,0.0,0.01,100,EQ,NSE,NSE
8635,194567169,760028,91D260226-TB,GOI TBILL 91D-26/02/26,0.0,,0.0,0.01,100,EQ,NSE,NSE
8636,194567425,760029,182D280526-TB,GOI TBILL 182D-28/05/26,0.0,,0.0,0.01,100,EQ,NSE,NSE
8637,194567681,760030,364D261126-TB,GOI TBILL 364D-26/11/26,0.0,,0.0,0.01,100,EQ,NSE,NSE
8638,194567937,760031,840CIFL32-N0,,0.0,,0.0,0.01,1,EQ,NSE,NSE
8639,194568449,760033,ROCKPP-E1,ROCKINGDCE RS.5 PPD UP,0.0,,0.0,0.05,1000,EQ,NSE,NSE
8640,194568961,760035,705SFL28A-N0,,0.0,,0.0,0.01,1,EQ,NSE,NSE
8641,194569473,760037,727ABL35-N0,,0.0,,0.0,0.01,1,EQ,NSE,NSE
8642,194569985,760039,SUDEEPPHRM,SUDEEP PHARMA,0.0,,0.0,0.05,1,EQ,NSE,NSE
8643,194571521,760045,11VCCL27-N0,,0.0,,0.0,0.01,1,EQ,NSE,NSE
8644,194572033,760047,1125VCCL27-N0,,0.0,,0.0,0.01,1,EQ,NSE,NSE
8645,194572545,760049,115VCCL28-N0,,0.0,,0.0,0.01,1,EQ,NSE,NSE
8646,194588673,760112,SUBAHOTELS-SM,SUBA HOTELS,0.0,,0.0,0.05,1200,EQ,NSE,NSE
8647,194589697,760116,GLOTTIS,GLOTTIS,0.0,,0.0,0.01,1,EQ,NSE,NSE
8648,194590977,760121,VIJAYPD-SM,VIJAYPD CEUTICAL,0.0,,0.0,0.05,4000,EQ,NSE,NSE
8649,194592001,760125,FABTECH,FABTECH TECHNOLOGIES,0.0,,0.0,0.01,1,EQ,NSE,NSE
8650,194612225,760204,MARKOLINES,MARKOLINES PAVEMENT TEC L,0.0,,0.0,0.01,1,EQ,NSE,NSE
8651,194613505,760209,76825AIFL2-N0,,0.0,,0.0,0.01,1,EQ,NSE,NSE
8652,194614017,760211,72190LTFL2-N0,,0.0,,0.0,0.01,1,EQ,NSE,NSE
8653,194614529,760213,LGEINDIA,LG ELECTRONICS INDIA,0.0,,0.0,0.1,1,EQ,NSE,NSE
8654,194615809,760218,8SMC29-N1,,0.0,,0.0,0.01,1,EQ,NSE,NSE
8655,194616065,760219,8SMC30-N2,,0.0,,0.0,0.01,1,EQ,NSE,NSE
8656,194639361,760310,705SFL28-N0,,0.0,,0.0,0.01,1,EQ,NSE,NSE
8657,194639873,760312,810SIHF35-N0,,0.0,,0.0,0.01,1,EQ,NSE,NSE
8658,194640385,760314,805SICCL35-N0,,0.0,,0.0,0.01,1,EQ,NSE,NSE
8659,194660609,760393,73TFSIL29-N0,,0.0,,0.0,0.01,1,EQ,NSE,NSE
8660,194661121,760395,875MOF27-N0,,0.0,,0.0,0.01,1,EQ,NSE,NSE
8661,194661633,760397,975PCPL28-N0,,0.0,,0.0,0.01,1,EQ,NSE,NSE
8662,194681345,760474,741NIIF31-N0,,0.0,,0.0,0.01,1,EQ,NSE,NSE
8663,194738433,760697,ADANI-RE-BE,ADANI ENTERPRISES,0.0,,0.0,0.05,1,EQ,NSE,NSE
8664,194740993,760707,698SHFL28-N0,,0.0,,0.0,0.01,1,EQ,NSE,NSE
