symbol,instrument_token,date,open,high,low,close
NIFTY 50,256265,2022-11-29 00:00:00+05:30,18552.45,18887.6,18552.15,18701.05
NIFTY 50,256265,2022-12-06 00:00:00+05:30,18600.65,18668.3,18345.7,18497.15
NIFTY 50,256265,2022-12-13 00:00:00+05:30,18524.4,18696.1,18244.55,18420.45
NIFTY 50,256265,2022-12-20 00:00:00+05:30,18340.3,18473.35,17774.25,18014.6
NIFTY 50,256265,2022-12-27 00:00:00+05:30,18089.8,18265.25,17967.45,18197.45
NIFTY 50,256265,2023-01-03 00:00:00+05:30,18163.2,18251.95,17795.55,18101.2
NIFTY 50,256265,2023-01-10 00:00:00+05:30,18121.3,18127.6,17761.65,17894.85
NIFTY 50,256265,2023-01-17 00:00:00+05:30,17922.8,18183.75,17886.95,18118.55
NIFTY 50,256265,2023-01-24 00:00:00+05:30,18183.95,18201.25,17405.55,17648.95
NIFTY 50,256265,2023-01-31 00:00:00+05:30,17731.45,17972.2,17353.4,17764.6
NIFTY 50,256265,2023-02-07 00:00:00+05:30,17790.1,17916.9,17652.55,17770.9
NIFTY 50,256265,2023-02-14 00:00:00+05:30,17840.35,18134.75,17800.05,17844.6
NIFTY 50,256265,2023-02-21 00:00:00+05:30,17905.8,17924.9,17299.0,17392.7
NIFTY 50,256265,2023-02-28 00:00:00+05:30,17383.25,17799.95,17255.2,17711.45
NIFTY 50,256265,2023-03-08 00:00:00+05:30,17665.75,17772.35,17113.45,17154.3
NIFTY 50,256265,2023-03-14 00:00:00+05:30,17160.55,17224.65,16828.35,16988.4
NIFTY 50,256265,2023-03-21 00:00:00+05:30,17060.4,17207.25,16917.35,16985.7
NIFTY 50,256265,2023-03-28 00:00:00+05:30,17031.75,17428.05,16913.75,17398.05
NIFTY 50,256265,2023-04-05 00:00:00+05:30,17422.3,17694.1,17402.7,17624.05
NIFTY 50,256265,2023-04-11 00:00:00+05:30,17704.8,17863.0,17574.05,17706.85
NIFTY 50,256265,2023-04-18 00:00:00+05:30,17766.6,17766.6,17553.95,17743.4
NIFTY 50,256265,2023-04-25 00:00:00+05:30,17761.55,18089.15,17711.2,18065.0
NIFTY 50,256265,2023-05-02 00:00:00+05:30,18124.8,18286.95,18042.4,18264.4
NIFTY 50,256265,2023-05-09 00:00:00+05:30,18303.4,18458.9,18194.55,18398.85
NIFTY 50,256265,2023-05-16 00:00:00+05:30,18432.35,18432.35,18060.4,18314.4
NIFTY 50,256265,2023-05-23 00:00:00+05:30,18362.9,18641.2,18202.4,18598.65
NIFTY 50,256265,2023-05-30 00:00:00+05:30,18606.65,18662.45,18464.55,18593.85
NIFTY 50,256265,2023-06-06 00:00:00+05:30,18600.8,18777.9,18531.6,18601.5
NIFTY 50,256265,2023-06-13 00:00:00+05:30,18631.8,18881.45,18631.8,18755.45
NIFTY 50,256265,2023-06-20 00:00:00+05:30,18752.35,18886.6,18646.7,18691.2
NIFTY 50,256265,2023-06-27 00:00:00+05:30,18748.55,19345.1,18714.25,19322.55
NIFTY 50,256265,2023-07-04 00:00:00+05:30,19406.6,19523.6,19300.0,19355.9
NIFTY 50,256265,2023-07-11 00:00:00+05:30,19427.1,19731.85,19361.75,19711.45
NIFTY 50,256265,2023-07-18 00:00:00+05:30,19787.5,19991.85,19658.3,19672.35
NIFTY 50,256265,2023-07-25 00:00:00+05:30,19729.35,19867.55,19563.1,19753.8
NIFTY 50,256265,2023-08-01 00:00:00+05:30,19784.0,19795.6,19296.45,19597.3
NIFTY 50,256265,2023-08-08 00:00:00+05:30,19627.2,19645.5,19257.9,19434.55
NIFTY 50,256265,2023-08-16 00:00:00+05:30,19369.0,19482.75,19253.6,19393.6
NIFTY 50,256265,2023-08-22 00:00:00+05:30,19417.1,19584.45,19229.7,19306.05
NIFTY 50,256265,2023-08-29 00:00:00+05:30,19374.85,19545.15,19223.65,19528.8
NIFTY 50,256265,2023-09-05 00:00:00+05:30,19564.65,20008.15,19491.5,19996.35
NIFTY 50,256265,2023-09-12 00:00:00+05:30,20110.15,20222.45,19914.65,20133.3
NIFTY 50,256265,2023-09-20 00:00:00+05:30,19980.75,20050.65,19601.55,19674.55
NIFTY 50,256265,2023-09-26 00:00:00+05:30,19682.8,19766.65,19492.1,19638.3
NIFTY 50,256265,2023-10-03 00:00:00+05:30,19622.4,19675.75,19333.6,19512.35
NIFTY 50,256265,2023-10-10 00:00:00+05:30,19565.6,19843.3,19565.45,19731.75
NIFTY 50,256265,2023-10-17 00:00:00+05:30,19843.2,19849.75,19257.85,19281.75
NIFTY 50,256265,2023-10-25 00:00:00+05:30,19286.45,19347.3,18837.85,19140.9
NIFTY 50,256265,2023-10-31 00:00:00+05:30,19232.95,19423.0,18973.7,19411.75
NIFTY 50,256265,2023-11-07 00:00:00+05:30,19404.05,19547.25,19329.1,19443.55
NIFTY 50,256265,2023-11-15 00:00:00+05:30,19651.4,19875.25,19579.65,19694.0
NIFTY 50,256265,2023-11-21 00:00:00+05:30,19770.9,19875.15,19703.85,19794.7
NIFTY 50,256265,2023-11-28 00:00:00+05:30,19844.65,20702.65,19800.0,20686.8
NIFTY 50,256265,2023-12-05 00:00:00+05:30,20808.9,21026.1,20711.15,20997.1
NIFTY 50,256265,2023-12-12 00:00:00+05:30,21018.55,21492.3,20769.5,21418.65
NIFTY 50,256265,2023-12-19 00:00:00+05:30,21477.65,21593.0,20976.8,21349.4
NIFTY 50,256265,2023-12-26 00:00:00+05:30,21365.2,21834.35,21329.45,21741.9
NIFTY 50,256265,2024-01-02 00:00:00+05:30,21751.35,21763.95,21492.9,21513.0
NIFTY 50,256265,2024-01-09 00:00:00+05:30,21653.6,22115.55,21448.65,22097.45
NIFTY 50,256265,2024-01-16 00:00:00+05:30,22080.5,22124.15,21285.55,21571.8
NIFTY 50,256265,2024-01-23 00:00:00+05:30,21716.7,21763.25,21137.2,21737.6
NIFTY 50,256265,2024-01-30 00:00:00+05:30,21775.75,22126.8,21448.85,21771.7
NIFTY 50,256265,2024-02-06 00:00:00+05:30,21825.2,22053.3,21574.75,21616.05
NIFTY 50,256265,2024-02-13 00:00:00+05:30,21664.3,22186.65,21530.2,22122.25
NIFTY 50,256265,2024-02-20 00:00:00+05:30,22099.2,22297.5,21875.25,22122.05
NIFTY 50,256265,2024-02-27 00:00:00+05:30,22090.2,22440.9,21860.65,22405.6
NIFTY 50,256265,2024-03-05 00:00:00+05:30,22371.25,22526.6,22224.35,22332.65
NIFTY 50,256265,2024-03-12 00:00:00+05:30,22334.45,22452.55,21905.65,22055.7
NIFTY 50,256265,2024-03-19 00:00:00+05:30,21946.45,22180.7,21710.2,22096.75
NIFTY 50,256265,2024-03-26 00:00:00+05:30,21947.9,22529.95,21947.55,22462.0
NIFTY 50,256265,2024-04-02 00:00:00+05:30,22458.8,22697.3,22303.8,22666.3
NIFTY 50,256265,2024-04-09 00:00:00+05:30,22765.1,22775.7,22259.55,22272.5
NIFTY 50,256265,2024-04-16 00:00:00+05:30,22125.3,22375.65,21777.65,22336.4
NIFTY 50,256265,2024-04-23 00:00:00+05:30,22447.05,22655.8,22305.25,22643.4
NIFTY 50,256265,2024-04-30 00:00:00+05:30,22679.65,22794.7,22348.05,22442.7
NIFTY 50,256265,2024-05-07 00:00:00+05:30,22489.75,22499.05,21821.05,22104.05
NIFTY 50,256265,2024-05-14 00:00:00+05:30,22112.9,22520.25,22054.55,22502.0
NIFTY 50,256265,2024-05-21 00:00:00+05:30,22404.55,23110.8,22404.55,22932.45
NIFTY 50,256265,2024-05-28 00:00:00+05:30,22977.15,23338.7,22417.0,23263.9
NIFTY 50,256265,2024-06-04 00:00:00+05:30,23179.5,23411.9,21281.45,23259.2
NIFTY 50,256265,2024-06-11 00:00:00+05:30,23283.75,23490.4,23206.65,23465.6
NIFTY 50,256265,2024-06-18 00:00:00+05:30,23570.8,23667.1,23350.0,23537.85
NIFTY 50,256265,2024-06-25 00:00:00+05:30,23577.1,24174.0,23562.05,24141.95
NIFTY 50,256265,2024-07-02 00:00:00+05:30,24228.75,24401.0,24056.4,24320.55
NIFTY 50,256265,2024-07-09 00:00:00+05:30,24351.0,24635.05,24141.8,24586.7
NIFTY 50,256265,2024-07-16 00:00:00+05:30,24615.9,24854.8,24362.3,24509.25
NIFTY 50,256265,2024-07-23 00:00:00+05:30,24568.9,24999.75,24074.2,24836.1
NIFTY 50,256265,2024-07-30 00:00:00+05:30,24839.4,25078.3,23893.7,24055.6
NIFTY 50,256265,2024-08-06 00:00:00+05:30,24189.85,24472.8,23960.4,24347.0
NIFTY 50,256265,2024-08-13 00:00:00+05:30,24342.35,24638.8,24099.7,24572.65
NIFTY 50,256265,2024-08-20 00:00:00+05:30,24648.9,25043.8,24607.2,25010.6
NIFTY 50,256265,2024-08-27 00:00:00+05:30,25024.8,25333.65,24964.65,25278.7
NIFTY 50,256265,2024-09-03 00:00:00+05:30,25313.4,25321.7,24753.15,24936.4
NIFTY 50,256265,2024-09-10 00:00:00+05:30,24999.4,25445.7,24885.15,25383.75
NIFTY 50,256265,2024-09-17 00:00:00+05:30,25416.9,25956.0,25285.55,25939.05
NIFTY 50,256265,2024-09-24 00:00:00+05:30,25921.45,26277.35,25794.1,25810.85
NIFTY 50,256265,2024-10-01 00:00:00+05:30,25788.45,25907.6,24694.35,24795.75
NIFTY 50,256265,2024-10-08 00:00:00+05:30,24832.2,25234.05,24756.8,25127.95
NIFTY 50,256265,2024-10-15 00:00:00+05:30,25186.3,25212.05,24567.65,24781.1
NIFTY 50,256265,2024-10-22 00:00:00+05:30,24798.65,24882.0,24073.9,24339.15
NIFTY 50,256265,2024-10-29 00:00:00+05:30,24328.85,24498.2,23816.15,23995.35
NIFTY 50,256265,2024-11-05 00:00:00+05:30,23916.5,24537.6,23842.75,24141.3
NIFTY 50,256265,2024-11-12 00:00:00+05:30,24225.8,24242.0,23350.4,23453.8
NIFTY 50,256265,2024-11-19 00:00:00+05:30,23529.55,24351.55,23263.15,24221.9
NIFTY 50,256265,2024-11-26 00:00:00+05:30,24343.3,24354.55,23873.35,24276.05
NIFTY 50,256265,2024-12-03 00:00:00+05:30,24367.5,24857.75,24280.0,24619.0
NIFTY 50,256265,2024-12-10 00:00:00+05:30,24652.65,24792.3,24180.8,24668.25
NIFTY 50,256265,2024-12-17 00:00:00+05:30,24584.8,24624.1,23537.35,23753.45
NIFTY 50,256265,2024-12-24 00:00:00+05:30,23769.1,23938.85,23599.3,23644.9
NIFTY 50,256265,2024-12-31 00:00:00+05:30,23560.6,24226.7,23460.45,23616.05
NIFTY 50,256265,2025-01-07 00:00:00+05:30,23679.9,23795.2,23047.25,23085.95
NIFTY 50,256265,2025-01-14 00:00:00+05:30,23165.9,23391.65,23100.35,23344.75
NIFTY 50,256265,2025-01-21 00:00:00+05:30,23421.65,23426.3,22786.9,22829.15
NIFTY 50,256265,2025-01-28 00:00:00+05:30,22960.45,23632.45,22857.65,23361.05
NIFTY 50,256265,2025-02-04 00:00:00+05:30,23509.9,23807.3,23316.3,23381.6
NIFTY 50,256265,2025-02-11 00:00:00+05:30,23383.55,23390.05,22725.45,22959.5
NIFTY 50,256265,2025-02-18 00:00:00+05:30,22963.65,23049.95,22518.8,22553.35
NIFTY 50,256265,2025-02-25 00:00:00+05:30,22516.45,22625.3,22004.7,22119.3
NIFTY 50,256265,2025-03-04 00:00:00+05:30,21974.45,22676.75,21964.6,22460.3
NIFTY 50,256265,2025-03-11 00:00:00+05:30,22345.95,22577.4,22314.7,22508.75
NIFTY 50,256265,2025-03-18 00:00:00+05:30,22662.25,23708.75,22599.2,23658.35
NIFTY 50,256265,2025-03-25 00:00:00+05:30,23751.5,23869.6,23412.2,23519.35
NIFTY 50,256265,2025-04-01 00:00:00+05:30,23341.1,23565.15,21743.65,22161.6
NIFTY 50,256265,2025-04-08 00:00:00+05:30,22446.75,22923.9,22270.85,22828.55
NIFTY 50,256265,2025-04-15 00:00:00+05:30,23368.35,24189.55,23207.0,24125.55
NIFTY 50,256265,2025-04-22 00:00:00+05:30,24185.4,24365.45,23847.85,24328.5
NIFTY 50,256265,2025-04-29 00:00:00+05:30,24370.7,24589.15,24198.75,24461.15
NIFTY 50,256265,2025-05-06 00:00:00+05:30,24500.75,24944.8,23935.75,24924.7
NIFTY 50,256265,2025-05-13 00:00:00+05:30,24864.05,25116.25,24494.45,24945.45
NIFTY 50,256265,2025-05-20 00:00:00+05:30,24996.2,25079.2,24462.4,25001.15
NIFTY 50,256265,2025-05-27 00:00:00+05:30,24956.65,25062.9,24526.15,24716.6
NIFTY 50,256265,2025-06-03 00:00:00+05:30,24786.3,25160.1,24502.15,25103.2
NIFTY 50,256265,2025-06-10 00:00:00+05:30,25196.05,25222.4,24473.0,24946.5
NIFTY 50,256265,2025-06-17 00:00:00+05:30,24977.85,25136.2,24733.4,24971.9
NIFTY 50,256265,2025-06-24 00:00:00+05:30,25179.9,25669.35,24999.7,25517.05
NIFTY 50,256265,2025-07-01 00:00:00+05:30,25551.35,25608.1,25331.65,25461.3
NIFTY 50,256265,2025-07-08 00:00:00+05:30,25427.85,25548.7,25001.95,25082.3
NIFTY 50,256265,2025-07-15 00:00:00+05:30,25089.5,25255.3,24882.3,25090.7
NIFTY 50,256265,2025-07-22 00:00:00+05:30,25166.65,25246.25,24646.6,24680.9
NIFTY 50,256265,2025-07-29 00:00:00+05:30,24609.65,24956.5,24535.05,24722.75
NIFTY 50,256265,2025-08-05 00:00:00+05:30,24720.25,24733.1,24337.5,24585.05
NIFTY 50,256265,2025-08-12 00:00:00+05:30,24563.35,25022.0,24465.65,24876.95
NIFTY 50,256265,2025-08-19 00:00:00+05:30,24891.35,25153.65,24859.15,24967.75
NIFTY 50,256265,2025-08-26 00:00:00+05:30,24899.5,24919.65,24404.7,24625.05
NIFTY 50,256265,2025-09-02 00:00:00+05:30,24653.0,24980.75,24522.35,24773.15
NIFTY 50,256265,2025-09-09 00:00:00+05:30,24864.1,25139.45,24814.0,25069.2
NIFTY 50,256265,2025-09-16 00:00:00+05:30,25073.6,25448.55,25070.45,25202.35
NIFTY 50,256265,2025-09-23 00:00:00+05:30,25209.0,25261.9,24606.2,24634.9
NIFTY 50,256265,2025-09-30 00:00:00+05:30,24691.95,25095.95,24587.7,25077.65
NIFTY 50,256265,2025-10-07 00:00:00+05:30,25085.3,25330.75,25008.5,25227.35
NIFTY 50,256265,2025-10-14 00:00:00+05:30,25277.55,25926.2,25060.55,25843.15
NIFTY 50,256265,2025-10-21 00:00:00+05:30,25901.2,26104.2,25718.2,25966.05
NIFTY 50,256265,2025-10-28 00:00:00+05:30,25939.95,26097.85,25645.5,25763.35
NIFTY 50,256265,2025-11-04 00:00:00+05:30,25744.75,25787.4,25318.45,25574.35
NIFTY 50,256265,2025-11-11 00:00:00+05:30,25617.0,26024.2,25449.25,26013.45
NIFTY 50,256265,2025-11-18 00:00:00+05:30,26021.8,26246.65,25856.2,25959.5
NIFTY 50,256265,2025-11-25 00:00:00+05:30,25998.5,26310.45,25842.95,26202.95
NIFTY BANK,260105,2022-11-29 00:00:00+05:30,42959.4,43515.05,42880.05,43332.95
NIFTY BANK,260105,2022-12-06 00:00:00+05:30,43093.9,43853.4,42948.45,43708.75
NIFTY BANK,260105,2022-12-13 00:00:00+05:30,43793.7,44151.8,43080.55,43413.75
NIFTY BANK,260105,2022-12-20 00:00:00+05:30,43152.65,43614.65,41569.45,42630.15
NIFTY BANK,260105,2022-12-27 00:00:00+05:30,42827.75,43498.05,42394.15,43203.1
NIFTY BANK,260105,2023-01-03 00:00:00+05:30,43151.45,43578.4,41877.0,42582.75
NIFTY BANK,260105,2023-01-10 00:00:00+05:30,42642.0,42715.65,41729.0,42167.55
NIFTY BANK,260105,2023-01-17 00:00:00+05:30,42241.2,43005.85,41861.1,42821.25
NIFTY BANK,260105,2023-01-24 00:00:00+05:30,42994.45,43078.9,39419.8,40387.45
NIFTY BANK,260105,2023-01-31 00:00:00+05:30,40563.85,42015.65,39490.5,41374.65
NIFTY BANK,260105,2023-02-07 00:00:00+05:30,41513.1,41791.95,41095.1,41282.2
NIFTY BANK,260105,2023-02-14 00:00:00+05:30,41410.45,41979.1,40580.1,40701.7
NIFTY BANK,260105,2023-02-21 00:00:00+05:30,40784.9,40946.2,39600.25,40307.1
NIFTY BANK,260105,2023-02-28 00:00:00+05:30,40302.7,41671.2,40073.0,41350.4
NIFTY BANK,260105,2023-03-08 00:00:00+05:30,41178.35,41659.0,39454.6,39564.7
NIFTY BANK,260105,2023-03-14 00:00:00+05:30,39522.4,39914.1,38613.15,39361.95
NIFTY BANK,260105,2023-03-21 00:00:00+05:30,39599.65,40201.6,39273.75,39431.3
NIFTY BANK,260105,2023-03-28 00:00:00+05:30,39545.05,40857.6,39326.1,40813.05
NIFTY BANK,260105,2023-04-05 00:00:00+05:30,40972.3,41274.7,40727.25,40834.65
NIFTY BANK,260105,2023-04-11 00:00:00+05:30,41232.0,42603.55,40990.2,42262.55
NIFTY BANK,260105,2023-04-18 00:00:00+05:30,42406.95,42714.15,41962.35,42635.75
NIFTY BANK,260105,2023-04-25 00:00:00+05:30,42731.6,43302.05,42432.25,43233.9
NIFTY BANK,260105,2023-05-02 00:00:00+05:30,43395.05,43739.8,42582.2,43284.0
NIFTY BANK,260105,2023-05-09 00:00:00+05:30,43438.55,44151.7,42822.15,44072.1
NIFTY BANK,260105,2023-05-16 00:00:00+05:30,44144.15,44144.15,43446.4,43885.1
NIFTY BANK,260105,2023-05-23 00:00:00+05:30,43978.9,44483.35,43390.3,44311.9
NIFTY BANK,260105,2023-05-30 00:00:00+05:30,44277.35,44498.6,43706.15,44101.65
NIFTY BANK,260105,2023-06-06 00:00:00+05:30,44156.7,44459.25,43874.05,43944.2
NIFTY BANK,260105,2023-06-13 00:00:00+05:30,43889.7,44212.35,43397.5,43633.75
NIFTY BANK,260105,2023-06-20 00:00:00+05:30,43597.55,44042.15,43345.95,43641.05
NIFTY BANK,260105,2023-06-27 00:00:00+05:30,43804.55,45353.2,43693.15,45158.1
NIFTY BANK,260105,2023-07-04 00:00:00+05:30,45310.55,45655.5,44721.9,44860.85
NIFTY BANK,260105,2023-07-11 00:00:00+05:30,44998.0,45556.45,44547.8,45449.75
NIFTY BANK,260105,2023-07-18 00:00:00+05:30,45754.8,46369.5,45281.3,45923.05
NIFTY BANK,260105,2023-07-25 00:00:00+05:30,46154.7,46310.1,45238.8,45651.1
NIFTY BANK,260105,2023-08-01 00:00:00+05:30,45740.0,45782.75,44279.4,44837.5
NIFTY BANK,260105,2023-08-08 00:00:00+05:30,44888.95,45096.85,43776.9,44090.95
NIFTY BANK,260105,2023-08-16 00:00:00+05:30,43726.25,44113.8,43600.35,44002.0
NIFTY BANK,260105,2023-08-22 00:00:00+05:30,44125.0,44949.9,43938.7,44494.65
NIFTY BANK,260105,2023-08-29 00:00:00+05:30,44655.75,44779.65,43830.75,44578.3
NIFTY BANK,260105,2023-09-05 00:00:00+05:30,44625.05,45636.2,44207.25,45570.7
NIFTY BANK,260105,2023-09-12 00:00:00+05:30,45893.8,46310.4,45299.4,45979.85
NIFTY BANK,260105,2023-09-20 00:00:00+05:30,45493.7,45745.15,44400.9,44766.1
NIFTY BANK,260105,2023-09-26 00:00:00+05:30,44722.5,44773.8,44182.5,44584.55
NIFTY BANK,260105,2023-10-03 00:00:00+05:30,44561.5,44566.3,43796.75,43886.5
NIFTY BANK,260105,2023-10-10 00:00:00+05:30,44027.55,44710.55,44004.55,44225.9
NIFTY BANK,260105,2023-10-17 00:00:00+05:30,44589.8,44589.85,43029.45,43151.2
NIFTY BANK,260105,2023-10-25 00:00:00+05:30,43308.3,43397.45,42105.4,43039.15
NIFTY BANK,260105,2023-10-31 00:00:00+05:30,43356.85,43648.7,42589.65,43619.4
NIFTY BANK,260105,2023-11-07 00:00:00+05:30,43598.85,44056.0,43283.85,43891.25
NIFTY BANK,260105,2023-11-15 00:00:00+05:30,44398.45,44420.95,43450.05,43584.95
NIFTY BANK,260105,2023-11-21 00:00:00+05:30,43790.95,43806.5,43230.95,43769.1
NIFTY BANK,260105,2023-11-28 00:00:00+05:30,43851.55,46484.45,43739.8,46431.4
NIFTY BANK,260105,2023-12-05 00:00:00+05:30,46895.9,47588.0,46507.15,47314.25
NIFTY BANK,260105,2023-12-12 00:00:00+05:30,47421.7,48219.95,46886.9,47867.7
NIFTY BANK,260105,2023-12-19 00:00:00+05:30,47940.4,48166.15,46919.7,47491.85
NIFTY BANK,260105,2023-12-26 00:00:00+05:30,47576.4,48636.45,47411.65,48234.3
NIFTY BANK,260105,2024-01-02 00:00:00+05:30,48194.8,48381.95,47387.35,47450.25
NIFTY BANK,260105,2024-01-09 00:00:00+05:30,47705.4,48248.05,47010.8,48158.3
NIFTY BANK,260105,2024-01-16 00:00:00+05:30,48109.95,48305.4,45430.7,46058.2
NIFTY BANK,260105,2024-01-23 00:00:00+05:30,46495.45,46580.3,44429.0,45442.35
NIFTY BANK,260105,2024-01-30 00:00:00+05:30,45481.5,46892.35,45071.2,45825.55
NIFTY BANK,260105,2024-02-06 00:00:00+05:30,45891.2,46181.2,44633.85,44882.25
NIFTY BANK,260105,2024-02-13 00:00:00+05:30,45056.8,46717.4,44819.55,46535.5
NIFTY BANK,260105,2024-02-20 00:00:00+05:30,46444.9,47363.4,46367.8,46576.5
NIFTY BANK,260105,2024-02-27 00:00:00+05:30,46480.2,47529.6,45661.75,47456.1
NIFTY BANK,260105,2024-03-05 00:00:00+05:30,47265.7,48161.25,47196.75,47327.85
NIFTY BANK,260105,2024-03-12 00:00:00+05:30,47351.35,47812.75,46022.15,46575.9
NIFTY BANK,260105,2024-03-19 00:00:00+05:30,46421.9,46990.25,45828.8,46863.75
NIFTY BANK,260105,2024-03-26 00:00:00+05:30,46552.95,47646.8,46529.05,47578.25
NIFTY BANK,260105,2024-04-02 00:00:00+05:30,47490.75,48716.95,47279.8,48581.7
NIFTY BANK,260105,2024-04-09 00:00:00+05:30,48810.8,49057.4,47725.8,47773.25
NIFTY BANK,260105,2024-04-16 00:00:00+05:30,47436.7,48146.3,46579.05,47924.9
NIFTY BANK,260105,2024-04-23 00:00:00+05:30,48299.6,49473.6,47737.2,49424.05
NIFTY BANK,260105,2024-04-30 00:00:00+05:30,49477.1,49974.75,48659.7,48895.3
NIFTY BANK,260105,2024-05-07 00:00:00+05:30,48965.05,49023.5,46983.25,47754.1
NIFTY BANK,260105,2024-05-14 00:00:00+05:30,47748.85,48222.35,47340.35,48199.5
NIFTY BANK,260105,2024-05-21 00:00:00+05:30,47927.1,49688.85,47435.25,49281.8
NIFTY BANK,260105,2024-05-28 00:00:00+05:30,49390.9,51133.2,48313.6,50979.95
NIFTY BANK,260105,2024-06-04 00:00:00+05:30,50667.05,50667.05,46077.85,49780.9
NIFTY BANK,260105,2024-06-11 00:00:00+05:30,49751.2,50233.4,49530.45,50002.0
NIFTY BANK,260105,2024-06-18 00:00:00+05:30,50194.35,51957.0,49900.2,51703.95
NIFTY BANK,260105,2024-06-25 00:00:00+05:30,51759.45,53180.75,51747.65,52574.75
NIFTY BANK,260105,2024-07-02 00:00:00+05:30,52793.75,53357.7,51996.65,52425.8
NIFTY BANK,260105,2024-07-09 00:00:00+05:30,52390.5,52794.55,51749.45,52455.9
NIFTY BANK,260105,2024-07-16 00:00:00+05:30,52466.7,52782.75,51874.55,52280.4
NIFTY BANK,260105,2024-07-23 00:00:00+05:30,52511.0,52547.55,50438.3,51406.25
NIFTY BANK,260105,2024-07-30 00:00:00+05:30,51383.9,51957.75,49719.1,50092.1
NIFTY BANK,260105,2024-08-06 00:00:00+05:30,50436.9,50830.7,49659.05,50577.95
NIFTY BANK,260105,2024-08-13 00:00:00+05:30,50395.35,50728.25,49654.65,50368.35
NIFTY BANK,260105,2024-08-20 00:00:00+05:30,50417.25,51317.85,50333.35,51148.1
NIFTY BANK,260105,2024-08-27 00:00:00+05:30,51214.05,51579.5,50938.1,51439.55
NIFTY BANK,260105,2024-09-03 00:00:00+05:30,51479.75,51750.1,50369.4,51117.8
NIFTY BANK,260105,2024-09-10 00:00:00+05:30,51328.3,52208.7,50947.7,52153.15
NIFTY BANK,260105,2024-09-17 00:00:00+05:30,52249.05,54197.95,52085.5,54105.8
NIFTY BANK,260105,2024-09-24 00:00:00+05:30,54110.65,54467.35,52926.55,52978.1
NIFTY BANK,260105,2024-10-01 00:00:00+05:30,52844.0,53235.25,50194.3,50478.9
NIFTY BANK,260105,2024-10-08 00:00:00+05:30,50736.1,51893.0,50466.0,51816.9
NIFTY BANK,260105,2024-10-15 00:00:00+05:30,51975.95,52577.5,51000.9,51962.7
NIFTY BANK,260105,2024-10-22 00:00:00+05:30,52071.35,52257.3,50382.1,51259.3
NIFTY BANK,260105,2024-10-29 00:00:00+05:30,51404.1,52354.85,51066.8,51215.25
NIFTY BANK,260105,2024-11-05 00:00:00+05:30,51052.6,52493.95,50865.45,51876.75
NIFTY BANK,260105,2024-11-12 00:00:00+05:30,52053.75,52169.05,49904.4,50363.8
NIFTY BANK,260105,2024-11-19 00:00:00+05:30,50580.55,52331.1,49787.1,52207.5
NIFTY BANK,260105,2024-11-26 00:00:00+05:30,52554.9,52760.2,51693.95,52109.0
NIFTY BANK,260105,2024-12-03 00:00:00+05:30,52357.95,53888.3,52216.85,53407.75
NIFTY BANK,260105,2024-12-10 00:00:00+05:30,53450.05,53738.9,52264.55,53581.35
NIFTY BANK,260105,2024-12-17 00:00:00+05:30,53394.1,53515.7,50609.35,51317.6
NIFTY BANK,260105,2024-12-24 00:00:00+05:30,51314.95,51979.75,50718.35,50952.75
NIFTY BANK,260105,2024-12-31 00:00:00+05:30,50648.2,51672.75,49751.0,49922.0
NIFTY BANK,260105,2025-01-07 00:00:00+05:30,50061.2,50447.6,47898.35,48041.25
NIFTY BANK,260105,2025-01-14 00:00:00+05:30,48266.9,49650.6,48235.2,49350.8
NIFTY BANK,260105,2025-01-21 00:00:00+05:30,49532.0,49543.15,47844.15,48064.65
NIFTY BANK,260105,2025-01-28 00:00:00+05:30,48642.5,50009.5,48449.05,49210.55
NIFTY BANK,260105,2025-02-04 00:00:00+05:30,49538.8,50641.75,49482.5,49981.0
NIFTY BANK,260105,2025-02-11 00:00:00+05:30,49812.15,49906.75,48525.6,49258.9
NIFTY BANK,260105,2025-02-18 00:00:00+05:30,49211.85,49628.25,48281.9,48651.95
NIFTY BANK,260105,2025-02-25 00:00:00+05:30,48691.2,48972.55,47841.3,48114.3
NIFTY BANK,260105,2025-03-04 00:00:00+05:30,47942.5,48839.1,47924.75,48216.8
NIFTY BANK,260105,2025-03-11 00:00:00+05:30,47874.8,48481.35,47702.9,48354.15
NIFTY BANK,260105,2025-03-18 00:00:00+05:30,48792.9,51801.15,48629.45,51704.95
NIFTY BANK,260105,2025-03-25 00:00:00+05:30,51874.2,52063.95,51050.85,51564.85
NIFTY BANK,260105,2025-04-01 00:00:00+05:30,51178.15,51893.6,49156.95,49860.1
NIFTY BANK,260105,2025-04-08 00:00:00+05:30,50388.55,51244.7,49910.85,51002.35
NIFTY BANK,260105,2025-04-15 00:00:00+05:30,52299.0,55461.65,51863.3,55304.5
NIFTY BANK,260105,2025-04-22 00:00:00+05:30,55414.3,56098.7,54176.45,55432.8
NIFTY BANK,260105,2025-04-29 00:00:00+05:30,55524.35,55957.75,54723.7,54919.5
NIFTY BANK,260105,2025-05-06 00:00:00+05:30,54918.25,55466.3,53483.05,55382.85
NIFTY BANK,260105,2025-05-13 00:00:00+05:30,55233.5,55695.55,54442.3,55420.7
NIFTY BANK,260105,2025-05-20 00:00:00+05:30,55445.3,55875.75,54576.6,55572.0
NIFTY BANK,260105,2025-05-27 00:00:00+05:30,55458.95,55966.3,55037.85,55903.4
NIFTY BANK,260105,2025-06-03 00:00:00+05:30,56104.8,57049.5,55408.35,56839.6
NIFTY BANK,260105,2025-06-10 00:00:00+05:30,56993.9,57015.4,55149.3,55944.9
NIFTY BANK,260105,2025-06-17 00:00:00+05:30,55975.0,56328.2,55475.45,56059.35
NIFTY BANK,260105,2025-06-24 00:00:00+05:30,56529.45,57614.5,56276.15,57312.75
NIFTY BANK,260105,2025-07-01 00:00:00+05:30,57375.8,57628.4,56623.6,56949.2
NIFTY BANK,260105,2025-07-08 00:00:00+05:30,56942.55,57363.7,56594.25,56765.35
NIFTY BANK,260105,2025-07-15 00:00:00+05:30,56709.2,57276.55,56204.85,56952.75
NIFTY BANK,260105,2025-07-22 00:00:00+05:30,57253.35,57316.6,55997.45,56084.9
NIFTY BANK,260105,2025-07-29 00:00:00+05:30,55881.8,56406.2,55437.3,55619.35
NIFTY BANK,260105,2025-08-05 00:00:00+05:30,55545.05,55652.6,54905.6,55510.75
NIFTY BANK,260105,2025-08-12 00:00:00+05:30,55441.1,56156.3,55001.5,55734.9
NIFTY BANK,260105,2025-08-19 00:00:00+05:30,55622.3,55993.65,55048.4,55139.3
NIFTY BANK,260105,2025-08-26 00:00:00+05:30,54999.05,55068.9,53606.45,54002.45
NIFTY BANK,260105,2025-09-02 00:00:00+05:30,54038.25,54518.7,53561.75,54186.9
NIFTY BANK,260105,2025-09-09 00:00:00+05:30,54330.55,55018.7,54079.45,54887.85
NIFTY BANK,260105,2025-09-16 00:00:00+05:30,54778.4,55835.25,54777.75,55284.75
NIFTY BANK,260105,2025-09-23 00:00:00+05:30,55248.7,55662.0,54226.6,54461.0
NIFTY BANK,260105,2025-09-30 00:00:00+05:30,54705.5,56164.2,54502.95,56104.85
NIFTY BANK,260105,2025-10-07 00:00:00+05:30,56126.4,56770.9,55821.0,56625.0
NIFTY BANK,260105,2025-10-14 00:00:00+05:30,56598.65,58261.55,56230.15,58033.2
NIFTY BANK,260105,2025-10-21 00:00:00+05:30,58063.4,58577.5,57482.05,58114.25
NIFTY BANK,260105,2025-10-28 00:00:00+05:30,58006.55,58469.9,57656.95,58101.45
NIFTY BANK,260105,2025-11-04 00:00:00+05:30,57966.65,58119.65,57157.85,57937.55
NIFTY BANK,260105,2025-11-11 00:00:00+05:30,57962.3,59001.55,57594.25,58962.7
NIFTY BANK,260105,2025-11-18 00:00:00+05:30,58990.5,59440.1,58649.5,58835.35
NIFTY BANK,260105,2025-11-25 00:00:00+05:30,58925.65,59897.5,58746.2,59752.7
NIFTY COMMODITIES,257289,2022-11-29 00:00:00+05:30,5972.3,6189.05,5969.1,6182.75
NIFTY COMMODITIES,257289,2022-12-06 00:00:00+05:30,6169.65,6171.75,6004.3,6092.4
NIFTY COMMODITIES,257289,2022-12-13 00:00:00+05:30,6115.9,6159.35,6000.8,6060.05
NIFTY COMMODITIES,257289,2022-12-20 00:00:00+05:30,6043.75,6075.6,5666.35,5813.4
NIFTY COMMODITIES,257289,2022-12-27 00:00:00+05:30,5852.55,6026.3,5843.35,6020.0
NIFTY COMMODITIES,257289,2023-01-03 00:00:00+05:30,6023.4,6027.4,5887.8,5975.2
NIFTY COMMODITIES,257289,2023-01-10 00:00:00+05:30,5992.5,6015.1,5910.55,5978.0
NIFTY COMMODITIES,257289,2023-01-17 00:00:00+05:30,5985.5,6059.75,5933.45,5939.35
NIFTY COMMODITIES,257289,2023-01-24 00:00:00+05:30,5956.5,5963.5,5553.5,5625.2
NIFTY COMMODITIES,257289,2023-01-31 00:00:00+05:30,5650.5,5770.25,5510.05,5579.4
NIFTY COMMODITIES,257289,2023-02-07 00:00:00+05:30,5553.15,5598.2,5501.65,5512.05
NIFTY COMMODITIES,257289,2023-02-14 00:00:00+05:30,5520.6,5656.5,5490.75,5618.75
NIFTY COMMODITIES,257289,2023-02-21 00:00:00+05:30,5639.15,5661.0,5362.7,5412.05
NIFTY COMMODITIES,257289,2023-02-28 00:00:00+05:30,5409.55,5573.75,5353.55,5542.5
NIFTY COMMODITIES,257289,2023-03-08 00:00:00+05:30,5523.55,5608.3,5455.3,5472.35
NIFTY COMMODITIES,257289,2023-03-14 00:00:00+05:30,5477.2,5532.6,5386.1,5472.4
NIFTY COMMODITIES,257289,2023-03-21 00:00:00+05:30,5499.05,5553.1,5447.1,5459.25
NIFTY COMMODITIES,257289,2023-03-28 00:00:00+05:30,5466.05,5581.15,5414.15,5555.25
NIFTY COMMODITIES,257289,2023-04-05 00:00:00+05:30,5559.25,5640.75,5536.1,5627.75
NIFTY COMMODITIES,257289,2023-04-11 00:00:00+05:30,5650.55,5715.3,5645.5,5701.15
NIFTY COMMODITIES,257289,2023-04-18 00:00:00+05:30,5713.4,5726.1,5626.35,5669.25
NIFTY COMMODITIES,257289,2023-04-25 00:00:00+05:30,5665.75,5786.6,5646.1,5781.65
NIFTY COMMODITIES,257289,2023-05-02 00:00:00+05:30,5806.7,5883.55,5804.35,5875.15
NIFTY COMMODITIES,257289,2023-05-09 00:00:00+05:30,5881.9,5912.85,5793.35,5817.95
NIFTY COMMODITIES,257289,2023-05-16 00:00:00+05:30,5842.5,5855.45,5679.6,5795.4
NIFTY COMMODITIES,257289,2023-05-23 00:00:00+05:30,5822.65,5911.2,5767.8,5903.75
NIFTY COMMODITIES,257289,2023-05-30 00:00:00+05:30,5915.9,5941.8,5820.75,5886.75
NIFTY COMMODITIES,257289,2023-06-06 00:00:00+05:30,5899.4,6038.9,5886.45,5959.1
NIFTY COMMODITIES,257289,2023-06-13 00:00:00+05:30,5985.5,6123.0,5982.95,6066.1
NIFTY COMMODITIES,257289,2023-06-20 00:00:00+05:30,6066.2,6097.25,5908.2,5955.5
NIFTY COMMODITIES,257289,2023-06-27 00:00:00+05:30,5978.2,6114.6,5960.7,6108.95
NIFTY COMMODITIES,257289,2023-07-04 00:00:00+05:30,6126.65,6181.0,6070.55,6131.65
NIFTY COMMODITIES,257289,2023-07-11 00:00:00+05:30,6145.25,6171.25,6081.25,6161.2
NIFTY COMMODITIES,257289,2023-07-18 00:00:00+05:30,6174.1,6198.55,6119.75,6130.85
NIFTY COMMODITIES,257289,2023-07-25 00:00:00+05:30,6138.75,6364.85,6132.85,6360.25
NIFTY COMMODITIES,257289,2023-08-01 00:00:00+05:30,6377.8,6412.8,6235.05,6284.05
NIFTY COMMODITIES,257289,2023-08-08 00:00:00+05:30,6297.7,6335.5,6184.6,6216.6
NIFTY COMMODITIES,257289,2023-08-16 00:00:00+05:30,6200.95,6239.75,6156.5,6235.3
NIFTY COMMODITIES,257289,2023-08-22 00:00:00+05:30,6251.95,6303.95,6163.6,6190.3
NIFTY COMMODITIES,257289,2023-08-29 00:00:00+05:30,6213.2,6482.75,6201.6,6475.7
NIFTY COMMODITIES,257289,2023-09-05 00:00:00+05:30,6493.85,6631.55,6443.55,6628.25
NIFTY COMMODITIES,257289,2023-09-12 00:00:00+05:30,6673.5,6673.5,6482.7,6590.0
NIFTY COMMODITIES,257289,2023-09-20 00:00:00+05:30,6568.95,6594.3,6418.8,6449.7
NIFTY COMMODITIES,257289,2023-09-26 00:00:00+05:30,6461.9,6513.3,6372.6,6487.05
NIFTY COMMODITIES,257289,2023-10-03 00:00:00+05:30,6477.2,6478.6,6260.25,6288.4
NIFTY COMMODITIES,257289,2023-10-10 00:00:00+05:30,6308.35,6506.55,6307.9,6482.2
NIFTY COMMODITIES,257289,2023-10-17 00:00:00+05:30,6514.35,6542.45,6214.05,6230.25
NIFTY COMMODITIES,257289,2023-10-25 00:00:00+05:30,6249.8,6290.5,6098.95,6249.7
NIFTY COMMODITIES,257289,2023-10-31 00:00:00+05:30,6281.75,6426.6,6200.3,6421.75
NIFTY COMMODITIES,257289,2023-11-07 00:00:00+05:30,6430.3,6557.1,6405.95,6547.85
NIFTY COMMODITIES,257289,2023-11-15 00:00:00+05:30,6618.55,6689.25,6600.85,6619.45
NIFTY COMMODITIES,257289,2023-11-21 00:00:00+05:30,6649.5,6696.55,6611.1,6667.85
NIFTY COMMODITIES,257289,2023-11-28 00:00:00+05:30,6706.55,7089.85,6697.15,7081.15
NIFTY COMMODITIES,257289,2023-12-05 00:00:00+05:30,7102.2,7360.3,7071.55,7323.75
NIFTY COMMODITIES,257289,2023-12-12 00:00:00+05:30,7338.65,7526.9,7238.1,7504.95
NIFTY COMMODITIES,257289,2023-12-19 00:00:00+05:30,7537.45,7610.2,7234.4,7470.45
NIFTY COMMODITIES,257289,2023-12-26 00:00:00+05:30,7509.05,7764.55,7503.95,7718.75
NIFTY COMMODITIES,257289,2024-01-02 00:00:00+05:30,7738.15,7782.75,7604.15,7643.5
NIFTY COMMODITIES,257289,2024-01-09 00:00:00+05:30,7705.9,7811.6,7559.55,7804.25
NIFTY COMMODITIES,257289,2024-01-16 00:00:00+05:30,7809.95,7836.3,7501.65,7761.1
NIFTY COMMODITIES,257289,2024-01-23 00:00:00+05:30,7839.5,7983.5,7495.8,7968.7
NIFTY COMMODITIES,257289,2024-01-30 00:00:00+05:30,8003.9,8216.35,7877.8,8112.9
NIFTY COMMODITIES,257289,2024-02-06 00:00:00+05:30,8148.5,8360.7,8035.55,8068.15
NIFTY COMMODITIES,257289,2024-02-13 00:00:00+05:30,8073.0,8389.2,7918.3,8323.4
NIFTY COMMODITIES,257289,2024-02-20 00:00:00+05:30,8329.55,8399.45,8176.15,8269.2
NIFTY COMMODITIES,257289,2024-02-27 00:00:00+05:30,8264.1,8470.8,8055.6,8443.1
NIFTY COMMODITIES,257289,2024-03-05 00:00:00+05:30,8454.8,8517.3,8287.35,8414.25
NIFTY COMMODITIES,257289,2024-03-12 00:00:00+05:30,8421.15,8433.8,7870.5,8099.35
NIFTY COMMODITIES,257289,2024-03-19 00:00:00+05:30,8071.35,8242.9,7889.4,8203.9
NIFTY COMMODITIES,257289,2024-03-26 00:00:00+05:30,8163.35,8510.35,8162.95,8504.6
NIFTY COMMODITIES,257289,2024-04-02 00:00:00+05:30,8518.1,8708.4,8500.6,8648.05
NIFTY COMMODITIES,257289,2024-04-09 00:00:00+05:30,8683.25,8760.0,8452.1,8587.85
NIFTY COMMODITIES,257289,2024-04-16 00:00:00+05:30,8553.4,8694.85,8370.25,8581.35
NIFTY COMMODITIES,257289,2024-04-23 00:00:00+05:30,8621.8,8844.2,8585.85,8837.65
NIFTY COMMODITIES,257289,2024-04-30 00:00:00+05:30,8891.95,8970.2,8693.5,8744.3
NIFTY COMMODITIES,257289,2024-05-07 00:00:00+05:30,8772.4,8774.6,8361.1,8539.95
NIFTY COMMODITIES,257289,2024-05-14 00:00:00+05:30,8561.15,8901.75,8553.5,8883.95
NIFTY COMMODITIES,257289,2024-05-21 00:00:00+05:30,8896.5,9209.6,8877.5,9101.2
NIFTY COMMODITIES,257289,2024-05-28 00:00:00+05:30,9135.85,9390.65,8793.1,9364.05
NIFTY COMMODITIES,257289,2024-06-04 00:00:00+05:30,9352.7,9353.1,8073.25,9078.95
NIFTY COMMODITIES,257289,2024-06-11 00:00:00+05:30,9124.95,9233.7,9058.95,9201.0
NIFTY COMMODITIES,257289,2024-06-18 00:00:00+05:30,9255.7,9255.7,9009.75,9110.4
NIFTY COMMODITIES,257289,2024-06-25 00:00:00+05:30,9133.35,9311.8,9016.0,9301.1
NIFTY COMMODITIES,257289,2024-07-02 00:00:00+05:30,9327.65,9405.95,9237.4,9345.3
NIFTY COMMODITIES,257289,2024-07-09 00:00:00+05:30,9376.7,9467.4,9178.45,9457.25
NIFTY COMMODITIES,257289,2024-07-16 00:00:00+05:30,9487.75,9535.3,9059.45,9223.25
NIFTY COMMODITIES,257289,2024-07-23 00:00:00+05:30,9266.8,9557.3,8892.8,9504.3
NIFTY COMMODITIES,257289,2024-07-30 00:00:00+05:30,9505.65,9742.5,9096.4,9171.15
NIFTY COMMODITIES,257289,2024-08-06 00:00:00+05:30,9233.7,9362.35,9119.75,9253.45
NIFTY COMMODITIES,257289,2024-08-13 00:00:00+05:30,9284.4,9340.8,9024.75,9330.15
NIFTY COMMODITIES,257289,2024-08-20 00:00:00+05:30,9377.9,9513.7,9336.95,9508.9
NIFTY COMMODITIES,257289,2024-08-27 00:00:00+05:30,9517.0,9533.1,9347.05,9503.4
NIFTY COMMODITIES,257289,2024-09-03 00:00:00+05:30,9523.1,9529.8,9149.6,9249.75
NIFTY COMMODITIES,257289,2024-09-10 00:00:00+05:30,9277.65,9458.5,9138.65,9417.9
NIFTY COMMODITIES,257289,2024-09-17 00:00:00+05:30,9428.5,9515.65,9232.2,9509.5
NIFTY COMMODITIES,257289,2024-09-24 00:00:00+05:30,9542.05,9896.35,9537.55,9825.75
NIFTY COMMODITIES,257289,2024-10-01 00:00:00+05:30,9845.55,9861.45,9245.7,9300.6
NIFTY COMMODITIES,257289,2024-10-08 00:00:00+05:30,9269.35,9460.05,9177.85,9375.05
NIFTY COMMODITIES,257289,2024-10-15 00:00:00+05:30,9401.55,9411.8,9094.4,9176.85
NIFTY COMMODITIES,257289,2024-10-22 00:00:00+05:30,9164.65,9213.35,8690.6,8837.65
NIFTY COMMODITIES,257289,2024-10-29 00:00:00+05:30,8843.05,8973.25,8681.7,8760.15
NIFTY COMMODITIES,257289,2024-11-05 00:00:00+05:30,8746.9,9073.05,8661.2,8684.15
NIFTY COMMODITIES,257289,2024-11-12 00:00:00+05:30,8713.45,8764.1,8350.95,8392.85
NIFTY COMMODITIES,257289,2024-11-19 00:00:00+05:30,8421.45,8503.05,8117.5,8383.6
NIFTY COMMODITIES,257289,2024-11-26 00:00:00+05:30,8410.9,8626.45,8302.55,8619.2
NIFTY COMMODITIES,257289,2024-12-03 00:00:00+05:30,8661.7,8787.6,8624.2,8762.75
NIFTY COMMODITIES,257289,2024-12-10 00:00:00+05:30,8770.15,8821.35,8548.5,8665.15
NIFTY COMMODITIES,257289,2024-12-17 00:00:00+05:30,8653.05,8656.15,8169.95,8246.95
NIFTY COMMODITIES,257289,2024-12-24 00:00:00+05:30,8246.2,8287.2,8060.8,8084.65
NIFTY COMMODITIES,257289,2024-12-31 00:00:00+05:30,8065.2,8339.55,8008.6,8027.35
NIFTY COMMODITIES,257289,2025-01-07 00:00:00+05:30,8051.5,8162.1,7597.05,7616.35
NIFTY COMMODITIES,257289,2025-01-14 00:00:00+05:30,7651.1,8173.5,7650.95,8159.6
NIFTY COMMODITIES,257289,2025-01-21 00:00:00+05:30,8192.6,8209.35,7848.8,7866.55
NIFTY COMMODITIES,257289,2025-01-28 00:00:00+05:30,7885.85,8153.85,7748.75,7864.0
NIFTY COMMODITIES,257289,2025-02-04 00:00:00+05:30,7919.5,8131.7,7911.5,7937.85
NIFTY COMMODITIES,257289,2025-02-11 00:00:00+05:30,7927.05,7958.4,7566.6,7759.3
NIFTY COMMODITIES,257289,2025-02-18 00:00:00+05:30,7759.5,8014.4,7650.55,7827.15
NIFTY COMMODITIES,257289,2025-02-25 00:00:00+05:30,7825.7,7841.05,7502.95,7648.75
NIFTY COMMODITIES,257289,2025-03-04 00:00:00+05:30,7563.75,8148.55,7527.25,7992.5
NIFTY COMMODITIES,257289,2025-03-11 00:00:00+05:30,7923.5,8128.05,7895.25,8065.95
NIFTY COMMODITIES,257289,2025-03-18 00:00:00+05:30,8111.95,8552.55,8088.05,8533.65
NIFTY COMMODITIES,257289,2025-03-25 00:00:00+05:30,8575.85,8584.3,8374.55,8468.7
NIFTY COMMODITIES,257289,2025-04-01 00:00:00+05:30,8405.85,8512.2,7601.4,7849.6
NIFTY COMMODITIES,257289,2025-04-08 00:00:00+05:30,7997.65,8200.35,7864.7,8177.1
NIFTY COMMODITIES,257289,2025-04-15 00:00:00+05:30,8331.55,8596.0,8270.95,8574.5
NIFTY COMMODITIES,257289,2025-04-22 00:00:00+05:30,8624.2,8675.25,8381.4,8617.35
NIFTY COMMODITIES,257289,2025-04-29 00:00:00+05:30,8649.5,8669.6,8440.1,8563.2
NIFTY COMMODITIES,257289,2025-05-06 00:00:00+05:30,8580.6,8651.0,8201.8,8644.15
NIFTY COMMODITIES,257289,2025-05-13 00:00:00+05:30,8639.25,8842.45,8533.55,8784.95
NIFTY COMMODITIES,257289,2025-05-20 00:00:00+05:30,8821.8,8849.9,8604.9,8764.85
NIFTY COMMODITIES,257289,2025-05-27 00:00:00+05:30,8764.15,8767.35,8507.6,8565.6
NIFTY COMMODITIES,257289,2025-06-03 00:00:00+05:30,8592.55,8757.45,8476.05,8752.85
NIFTY COMMODITIES,257289,2025-06-10 00:00:00+05:30,8811.1,8895.75,8548.05,8731.0
NIFTY COMMODITIES,257289,2025-06-17 00:00:00+05:30,8736.1,8744.8,8526.15,8651.05
NIFTY COMMODITIES,257289,2025-06-24 00:00:00+05:30,8722.15,9000.6,8687.9,8937.95
NIFTY COMMODITIES,257289,2025-07-01 00:00:00+05:30,8950.7,9079.5,8923.2,9004.95
NIFTY COMMODITIES,257289,2025-07-08 00:00:00+05:30,9010.2,9053.7,8904.4,8937.25
NIFTY COMMODITIES,257289,2025-07-15 00:00:00+05:30,8959.15,8998.05,8909.9,8952.2
NIFTY COMMODITIES,257289,2025-07-22 00:00:00+05:30,8968.05,8974.7,8745.9,8758.75
NIFTY COMMODITIES,257289,2025-07-29 00:00:00+05:30,8733.0,8893.65,8604.6,8747.55
NIFTY COMMODITIES,257289,2025-08-05 00:00:00+05:30,8765.2,8774.8,8586.75,8713.5
NIFTY COMMODITIES,257289,2025-08-12 00:00:00+05:30,8705.6,8811.85,8653.55,8789.3
NIFTY COMMODITIES,257289,2025-08-19 00:00:00+05:30,8813.0,8895.6,8755.35,8797.65
NIFTY COMMODITIES,257289,2025-08-26 00:00:00+05:30,8778.95,8786.0,8560.6,8693.7
NIFTY COMMODITIES,257289,2025-09-02 00:00:00+05:30,8709.75,8900.5,8692.0,8822.2
NIFTY COMMODITIES,257289,2025-09-09 00:00:00+05:30,8839.85,8936.85,8800.25,8912.1
NIFTY COMMODITIES,257289,2025-09-16 00:00:00+05:30,8934.15,9157.95,8929.8,9111.05
NIFTY COMMODITIES,257289,2025-09-23 00:00:00+05:30,9142.35,9154.9,8875.7,8951.5
NIFTY COMMODITIES,257289,2025-09-30 00:00:00+05:30,8977.4,9099.35,8956.3,9094.8
NIFTY COMMODITIES,257289,2025-10-07 00:00:00+05:30,9100.25,9155.0,9019.9,9116.6
NIFTY COMMODITIES,257289,2025-10-14 00:00:00+05:30,9148.0,9263.45,9018.6,9238.65
NIFTY COMMODITIES,257289,2025-10-21 00:00:00+05:30,9274.45,9330.95,9200.4,9325.55
NIFTY COMMODITIES,257289,2025-10-28 00:00:00+05:30,9334.4,9530.35,9300.5,9450.8
NIFTY COMMODITIES,257289,2025-11-04 00:00:00+05:30,9454.65,9457.2,9175.85,9295.8
NIFTY COMMODITIES,257289,2025-11-11 00:00:00+05:30,9329.05,9429.15,9230.4,9357.05
NIFTY COMMODITIES,257289,2025-11-18 00:00:00+05:30,9366.8,9366.8,9059.1,9067.65
NIFTY COMMODITIES,257289,2025-11-25 00:00:00+05:30,9073.05,9279.7,9057.25,9210.7
NIFTY CONSUMPTION,257545,2022-11-29 00:00:00+05:30,7749.5,7952.6,7745.75,7819.4
NIFTY CONSUMPTION,257545,2022-12-06 00:00:00+05:30,7794.55,7868.55,7774.0,7828.75
NIFTY CONSUMPTION,257545,2022-12-13 00:00:00+05:30,7839.9,7857.05,7663.55,7792.65
NIFTY CONSUMPTION,257545,2022-12-20 00:00:00+05:30,7777.65,7779.8,7411.8,7546.6
NIFTY CONSUMPTION,257545,2022-12-27 00:00:00+05:30,7579.25,7649.35,7519.8,7550.75
NIFTY CONSUMPTION,257545,2023-01-03 00:00:00+05:30,7544.9,7583.8,7474.8,7571.8
NIFTY CONSUMPTION,257545,2023-01-10 00:00:00+05:30,7583.45,7584.75,7399.0,7425.35
NIFTY CONSUMPTION,257545,2023-01-17 00:00:00+05:30,7434.1,7522.45,7359.95,7425.2
NIFTY CONSUMPTION,257545,2023-01-24 00:00:00+05:30,7443.55,7460.85,7222.25,7289.05
NIFTY CONSUMPTION,257545,2023-01-31 00:00:00+05:30,7313.8,7444.15,7245.2,7419.55
NIFTY CONSUMPTION,257545,2023-02-07 00:00:00+05:30,7430.7,7430.75,7312.4,7330.0
NIFTY CONSUMPTION,257545,2023-02-14 00:00:00+05:30,7337.05,7425.95,7301.85,7319.55
NIFTY CONSUMPTION,257545,2023-02-21 00:00:00+05:30,7341.1,7344.75,7076.3,7118.6
NIFTY CONSUMPTION,257545,2023-02-28 00:00:00+05:30,7128.8,7254.6,7096.6,7226.2
NIFTY CONSUMPTION,257545,2023-03-08 00:00:00+05:30,7218.7,7285.45,7076.4,7097.0
NIFTY CONSUMPTION,257545,2023-03-14 00:00:00+05:30,7109.3,7167.35,7039.6,7131.2
NIFTY CONSUMPTION,257545,2023-03-21 00:00:00+05:30,7151.95,7167.75,7081.8,7102.75
NIFTY CONSUMPTION,257545,2023-03-28 00:00:00+05:30,7108.9,7202.6,7040.0,7197.85
NIFTY CONSUMPTION,257545,2023-04-05 00:00:00+05:30,7199.85,7257.5,7183.95,7240.2
NIFTY CONSUMPTION,257545,2023-04-11 00:00:00+05:30,7270.4,7371.7,7259.2,7352.6
NIFTY CONSUMPTION,257545,2023-04-18 00:00:00+05:30,7366.2,7370.35,7310.35,7363.9
NIFTY CONSUMPTION,257545,2023-04-25 00:00:00+05:30,7368.5,7517.95,7344.95,7502.05
NIFTY CONSUMPTION,257545,2023-05-02 00:00:00+05:30,7522.2,7659.8,7507.1,7653.6
NIFTY CONSUMPTION,257545,2023-05-09 00:00:00+05:30,7671.75,7821.6,7621.55,7796.35
NIFTY CONSUMPTION,257545,2023-05-16 00:00:00+05:30,7816.0,7820.0,7608.45,7712.2
NIFTY CONSUMPTION,257545,2023-05-23 00:00:00+05:30,7728.95,7938.0,7706.8,7924.7
NIFTY CONSUMPTION,257545,2023-05-30 00:00:00+05:30,7938.6,8088.3,7914.55,8062.75
NIFTY CONSUMPTION,257545,2023-06-06 00:00:00+05:30,8077.6,8184.4,8028.4,8057.4
NIFTY CONSUMPTION,257545,2023-06-13 00:00:00+05:30,8070.8,8282.9,8067.3,8203.8
NIFTY CONSUMPTION,257545,2023-06-20 00:00:00+05:30,8204.65,8243.45,8087.6,8167.35
NIFTY CONSUMPTION,257545,2023-06-27 00:00:00+05:30,8179.35,8345.95,8174.4,8336.35
NIFTY CONSUMPTION,257545,2023-07-04 00:00:00+05:30,8356.2,8498.45,8304.25,8348.7
NIFTY CONSUMPTION,257545,2023-07-11 00:00:00+05:30,8377.5,8478.0,8369.5,8439.0
NIFTY CONSUMPTION,257545,2023-07-18 00:00:00+05:30,8452.05,8505.3,8388.6,8398.6
NIFTY CONSUMPTION,257545,2023-07-25 00:00:00+05:30,8404.55,8421.2,8313.55,8402.2
NIFTY CONSUMPTION,257545,2023-08-01 00:00:00+05:30,8417.55,8424.15,8226.05,8310.25
NIFTY CONSUMPTION,257545,2023-08-08 00:00:00+05:30,8323.55,8336.25,8141.5,8223.55
NIFTY CONSUMPTION,257545,2023-08-16 00:00:00+05:30,8229.5,8283.9,8187.25,8275.45
NIFTY CONSUMPTION,257545,2023-08-22 00:00:00+05:30,8293.05,8352.15,8248.75,8271.35
NIFTY CONSUMPTION,257545,2023-08-29 00:00:00+05:30,8287.0,8388.25,8257.0,8343.9
NIFTY CONSUMPTION,257545,2023-09-05 00:00:00+05:30,8360.3,8555.3,8343.9,8550.25
NIFTY CONSUMPTION,257545,2023-09-12 00:00:00+05:30,8577.75,8627.4,8452.45,8604.65
NIFTY CONSUMPTION,257545,2023-09-20 00:00:00+05:30,8559.6,8586.2,8465.9,8518.8
NIFTY CONSUMPTION,257545,2023-09-26 00:00:00+05:30,8527.35,8571.75,8412.25,8459.9
NIFTY CONSUMPTION,257545,2023-10-03 00:00:00+05:30,8475.4,8493.05,8369.2,8435.0
NIFTY CONSUMPTION,257545,2023-10-10 00:00:00+05:30,8455.65,8614.85,8451.95,8587.5
NIFTY CONSUMPTION,257545,2023-10-17 00:00:00+05:30,8611.7,8639.35,8421.9,8433.5
NIFTY CONSUMPTION,257545,2023-10-25 00:00:00+05:30,8424.15,8450.65,8246.2,8335.6
NIFTY CONSUMPTION,257545,2023-10-31 00:00:00+05:30,8346.6,8504.95,8289.8,8499.85
NIFTY CONSUMPTION,257545,2023-11-07 00:00:00+05:30,8499.45,8627.4,8473.8,8582.45
NIFTY CONSUMPTION,257545,2023-11-15 00:00:00+05:30,8647.65,8788.5,8599.85,8752.0
NIFTY CONSUMPTION,257545,2023-11-21 00:00:00+05:30,8772.15,8832.3,8742.65,8788.6
NIFTY CONSUMPTION,257545,2023-11-28 00:00:00+05:30,8806.5,9168.5,8792.8,9152.25
NIFTY CONSUMPTION,257545,2023-12-05 00:00:00+05:30,9183.4,9268.25,9131.15,9196.6
NIFTY CONSUMPTION,257545,2023-12-12 00:00:00+05:30,9217.95,9308.15,9121.45,9259.0
NIFTY CONSUMPTION,257545,2023-12-19 00:00:00+05:30,9282.0,9373.8,9064.5,9279.0
NIFTY CONSUMPTION,257545,2023-12-26 00:00:00+05:30,9313.15,9594.75,9299.0,9549.95
NIFTY CONSUMPTION,257545,2024-01-02 00:00:00+05:30,9566.65,9650.85,9439.5,9497.9
NIFTY CONSUMPTION,257545,2024-01-09 00:00:00+05:30,9562.9,9677.75,9507.9,9672.35
NIFTY CONSUMPTION,257545,2024-01-16 00:00:00+05:30,9677.8,9709.6,9408.8,9568.3
NIFTY CONSUMPTION,257545,2024-01-23 00:00:00+05:30,9620.25,9645.35,9398.6,9606.5
NIFTY CONSUMPTION,257545,2024-01-30 00:00:00+05:30,9632.05,9725.4,9496.95,9553.55
NIFTY CONSUMPTION,257545,2024-02-06 00:00:00+05:30,9591.3,9767.85,9577.8,9603.15
NIFTY CONSUMPTION,257545,2024-02-13 00:00:00+05:30,9615.65,9908.0,9574.55,9888.8
NIFTY CONSUMPTION,257545,2024-02-20 00:00:00+05:30,9888.5,9980.4,9788.1,9892.1
NIFTY CONSUMPTION,257545,2024-02-27 00:00:00+05:30,9897.25,9966.95,9740.65,9885.05
NIFTY CONSUMPTION,257545,2024-03-05 00:00:00+05:30,9885.55,10066.85,9807.4,9981.35
NIFTY CONSUMPTION,257545,2024-03-12 00:00:00+05:30,9982.8,10014.5,9690.8,9879.5
NIFTY CONSUMPTION,257545,2024-03-19 00:00:00+05:30,9856.35,10022.3,9749.7,9994.55
NIFTY CONSUMPTION,257545,2024-03-26 00:00:00+05:30,9931.85,10208.75,9930.6,10133.2
NIFTY CONSUMPTION,257545,2024-04-02 00:00:00+05:30,10177.2,10282.1,10078.75,10251.3
NIFTY CONSUMPTION,257545,2024-04-09 00:00:00+05:30,10289.0,10319.95,10050.95,10120.45
NIFTY CONSUMPTION,257545,2024-04-16 00:00:00+05:30,10082.75,10254.0,9954.5,10234.3
NIFTY CONSUMPTION,257545,2024-04-23 00:00:00+05:30,10284.3,10390.8,10255.7,10352.2
NIFTY CONSUMPTION,257545,2024-04-30 00:00:00+05:30,10383.0,10514.75,10306.6,10388.85
NIFTY CONSUMPTION,257545,2024-05-07 00:00:00+05:30,10432.65,10479.2,10272.7,10392.1
NIFTY CONSUMPTION,257545,2024-05-14 00:00:00+05:30,10394.95,10644.0,10374.8,10625.8
NIFTY CONSUMPTION,257545,2024-05-21 00:00:00+05:30,10606.55,10804.5,10587.65,10703.65
NIFTY CONSUMPTION,257545,2024-05-28 00:00:00+05:30,10717.8,10759.7,10406.7,10627.0
NIFTY CONSUMPTION,257545,2024-06-04 00:00:00+05:30,10642.3,11181.55,9990.35,11105.7
NIFTY CONSUMPTION,257545,2024-06-11 00:00:00+05:30,11123.95,11231.1,11086.2,11221.9
NIFTY CONSUMPTION,257545,2024-06-18 00:00:00+05:30,11268.7,11290.1,10968.15,11123.75
NIFTY CONSUMPTION,257545,2024-06-25 00:00:00+05:30,11152.8,11200.05,11018.3,11190.85
NIFTY CONSUMPTION,257545,2024-07-02 00:00:00+05:30,11225.85,11265.2,11079.35,11239.9
NIFTY CONSUMPTION,257545,2024-07-09 00:00:00+05:30,11298.6,11430.45,11207.5,11425.2
NIFTY CONSUMPTION,257545,2024-07-16 00:00:00+05:30,11463.0,11533.55,11344.55,11452.7
NIFTY CONSUMPTION,257545,2024-07-23 00:00:00+05:30,11484.05,11832.85,11275.9,11750.7
NIFTY CONSUMPTION,257545,2024-07-30 00:00:00+05:30,11778.2,11867.65,11480.1,11539.75
NIFTY CONSUMPTION,257545,2024-08-06 00:00:00+05:30,11607.95,11727.2,11444.3,11661.25
NIFTY CONSUMPTION,257545,2024-08-13 00:00:00+05:30,11690.15,11893.25,11584.4,11794.5
NIFTY CONSUMPTION,257545,2024-08-20 00:00:00+05:30,11831.5,12049.95,11774.0,12037.4
NIFTY CONSUMPTION,257545,2024-08-27 00:00:00+05:30,12057.4,12150.2,11963.95,12101.95
NIFTY CONSUMPTION,257545,2024-09-03 00:00:00+05:30,12130.4,12184.9,11996.8,12174.45
NIFTY CONSUMPTION,257545,2024-09-10 00:00:00+05:30,12209.0,12557.9,12176.4,12444.9
NIFTY CONSUMPTION,257545,2024-09-17 00:00:00+05:30,12476.25,12990.1,12412.25,12982.4
NIFTY CONSUMPTION,257545,2024-09-24 00:00:00+05:30,12971.25,13057.6,12808.6,12826.85
NIFTY CONSUMPTION,257545,2024-10-01 00:00:00+05:30,12839.1,12872.55,12196.6,12258.8
NIFTY CONSUMPTION,257545,2024-10-08 00:00:00+05:30,12264.35,12582.7,12251.35,12439.75
NIFTY CONSUMPTION,257545,2024-10-15 00:00:00+05:30,12509.8,12510.85,11871.75,11998.25
NIFTY CONSUMPTION,257545,2024-10-22 00:00:00+05:30,12019.85,12038.25,11457.95,11594.4
NIFTY CONSUMPTION,257545,2024-10-29 00:00:00+05:30,11590.35,11622.65,11328.95,11432.6
NIFTY CONSUMPTION,257545,2024-11-05 00:00:00+05:30,11400.1,11621.2,11319.2,11358.9
NIFTY CONSUMPTION,257545,2024-11-12 00:00:00+05:30,11377.9,11418.85,11033.05,11113.15
NIFTY CONSUMPTION,257545,2024-11-19 00:00:00+05:30,11152.05,11527.55,11021.1,11386.2
NIFTY CONSUMPTION,257545,2024-11-26 00:00:00+05:30,11428.85,11551.35,11327.85,11540.1
NIFTY CONSUMPTION,257545,2024-12-03 00:00:00+05:30,11522.9,11695.4,11460.25,11544.9
NIFTY CONSUMPTION,257545,2024-12-10 00:00:00+05:30,11564.25,11665.1,11392.1,11626.55
NIFTY CONSUMPTION,257545,2024-12-17 00:00:00+05:30,11588.85,11621.4,11213.1,11273.15
NIFTY CONSUMPTION,257545,2024-12-24 00:00:00+05:30,11284.8,11453.9,11243.75,11363.9
NIFTY CONSUMPTION,257545,2024-12-31 00:00:00+05:30,11320.75,11733.75,11260.05,11432.4
NIFTY CONSUMPTION,257545,2025-01-07 00:00:00+05:30,11442.9,11500.35,10922.0,10937.7
NIFTY CONSUMPTION,257545,2025-01-14 00:00:00+05:30,10994.0,11111.4,10950.3,11038.05
NIFTY CONSUMPTION,257545,2025-01-21 00:00:00+05:30,11029.3,11046.95,10726.05,10741.8
NIFTY CONSUMPTION,257545,2025-01-28 00:00:00+05:30,10774.0,11530.85,10701.55,11449.65
NIFTY CONSUMPTION,257545,2025-02-04 00:00:00+05:30,11530.35,11530.45,11049.5,11079.35
NIFTY CONSUMPTION,257545,2025-02-11 00:00:00+05:30,11095.55,11098.3,10534.9,10635.0
NIFTY CONSUMPTION,257545,2025-02-18 00:00:00+05:30,10662.6,10680.85,10447.35,10494.15
NIFTY CONSUMPTION,257545,2025-02-25 00:00:00+05:30,10502.8,10597.2,10099.95,10213.75
NIFTY CONSUMPTION,257545,2025-03-04 00:00:00+05:30,10128.8,10467.05,10090.65,10313.75
NIFTY CONSUMPTION,257545,2025-03-11 00:00:00+05:30,10247.55,10428.95,10230.8,10337.4
NIFTY CONSUMPTION,257545,2025-03-18 00:00:00+05:30,10392.85,10863.35,10375.55,10804.7
NIFTY CONSUMPTION,257545,2025-03-25 00:00:00+05:30,10844.15,10872.9,10660.4,10720.4
NIFTY CONSUMPTION,257545,2025-04-01 00:00:00+05:30,10698.65,10844.15,10159.85,10450.85
NIFTY CONSUMPTION,257545,2025-04-08 00:00:00+05:30,10620.1,10889.95,10515.4,10863.2
NIFTY CONSUMPTION,257545,2025-04-15 00:00:00+05:30,11079.85,11345.85,10986.3,11333.4
NIFTY CONSUMPTION,257545,2025-04-22 00:00:00+05:30,11371.4,11540.5,11161.4,11323.8
NIFTY CONSUMPTION,257545,2025-04-29 00:00:00+05:30,11352.95,11461.25,11228.6,11448.9
NIFTY CONSUMPTION,257545,2025-05-06 00:00:00+05:30,11515.25,11549.2,11016.2,11536.8
NIFTY CONSUMPTION,257545,2025-05-13 00:00:00+05:30,11513.6,11719.6,11374.15,11644.55
NIFTY CONSUMPTION,257545,2025-05-20 00:00:00+05:30,11682.05,11684.3,11343.3,11585.7
NIFTY CONSUMPTION,257545,2025-05-27 00:00:00+05:30,11581.3,11607.55,11368.0,11445.45
NIFTY CONSUMPTION,257545,2025-06-03 00:00:00+05:30,11484.5,11662.9,11370.75,11658.25
NIFTY CONSUMPTION,257545,2025-06-10 00:00:00+05:30,11686.85,11692.45,11243.7,11484.55
NIFTY CONSUMPTION,257545,2025-06-17 00:00:00+05:30,11497.6,11638.35,11387.65,11580.6
NIFTY CONSUMPTION,257545,2025-06-24 00:00:00+05:30,11681.2,11903.8,11604.0,11842.85
NIFTY CONSUMPTION,257545,2025-07-01 00:00:00+05:30,11878.3,11911.55,11731.15,11827.85
NIFTY CONSUMPTION,257545,2025-07-08 00:00:00+05:30,11815.45,11845.25,11590.85,11665.6
NIFTY CONSUMPTION,257545,2025-07-15 00:00:00+05:30,11690.5,11832.95,11638.1,11747.1
NIFTY CONSUMPTION,257545,2025-07-22 00:00:00+05:30,11822.05,11876.65,11586.7,11612.15
NIFTY CONSUMPTION,257545,2025-07-29 00:00:00+05:30,11595.05,11836.25,11574.15,11782.35
NIFTY CONSUMPTION,257545,2025-08-05 00:00:00+05:30,11794.05,11814.15,11619.7,11756.65
NIFTY CONSUMPTION,257545,2025-08-12 00:00:00+05:30,11763.45,12172.55,11736.8,12089.95
NIFTY CONSUMPTION,257545,2025-08-19 00:00:00+05:30,12114.25,12313.6,12075.55,12212.7
NIFTY CONSUMPTION,257545,2025-08-26 00:00:00+05:30,12186.15,12243.5,12013.05,12208.55
NIFTY CONSUMPTION,257545,2025-09-02 00:00:00+05:30,12225.7,12582.1,12176.25,12431.5
NIFTY CONSUMPTION,257545,2025-09-09 00:00:00+05:30,12448.05,12490.05,12342.8,12347.35
NIFTY CONSUMPTION,257545,2025-09-16 00:00:00+05:30,12355.3,12562.0,12349.9,12493.15
NIFTY CONSUMPTION,257545,2025-09-23 00:00:00+05:30,12534.85,12553.4,12065.7,12108.35
NIFTY CONSUMPTION,257545,2025-09-30 00:00:00+05:30,12109.45,12223.3,12028.1,12210.3
NIFTY CONSUMPTION,257545,2025-10-07 00:00:00+05:30,12204.4,12308.35,12169.45,12264.85
NIFTY CONSUMPTION,257545,2025-10-14 00:00:00+05:30,12306.45,12716.2,12186.45,12639.05
NIFTY CONSUMPTION,257545,2025-10-21 00:00:00+05:30,12669.65,12714.3,12485.45,12601.65
NIFTY CONSUMPTION,257545,2025-10-28 00:00:00+05:30,12611.45,12634.8,12375.95,12446.0
NIFTY CONSUMPTION,257545,2025-11-04 00:00:00+05:30,12459.7,12468.3,12180.3,12224.25
NIFTY CONSUMPTION,257545,2025-11-11 00:00:00+05:30,12256.1,12482.5,12199.6,12478.25
NIFTY CONSUMPTION,257545,2025-11-18 00:00:00+05:30,12492.55,12540.95,12398.2,12422.2
NIFTY CONSUMPTION,257545,2025-11-25 00:00:00+05:30,12441.4,12530.0,12370.85,12472.15
NIFTY IT,259849,2022-11-29 00:00:00+05:30,30242.4,31227.6,30133.95,30891.5
NIFTY IT,259849,2022-12-06 00:00:00+05:30,30656.2,30690.4,28661.1,29050.5
NIFTY IT,259849,2022-12-13 00:00:00+05:30,29103.5,29810.35,28374.45,28556.45
NIFTY IT,259849,2022-12-20 00:00:00+05:30,28464.85,29022.3,28109.15,28385.7
NIFTY IT,259849,2022-12-27 00:00:00+05:30,28551.75,29027.0,28333.8,28737.3
NIFTY IT,259849,2023-01-03 00:00:00+05:30,28713.7,29032.4,27908.75,28748.15
NIFTY IT,259849,2023-01-10 00:00:00+05:30,28627.8,29327.9,28242.9,29264.65
NIFTY IT,259849,2023-01-17 00:00:00+05:30,29291.15,30124.05,29259.1,30086.0
NIFTY IT,259849,2023-01-24 00:00:00+05:30,30220.5,30499.75,29542.45,30094.85
NIFTY IT,259849,2023-01-31 00:00:00+05:30,30163.2,30849.6,29556.3,30411.1
NIFTY IT,259849,2023-02-07 00:00:00+05:30,30429.75,31012.95,30238.05,30289.65
NIFTY IT,259849,2023-02-14 00:00:00+05:30,30481.5,31587.35,30324.2,31222.35
NIFTY IT,259849,2023-02-21 00:00:00+05:30,31318.35,31393.0,29667.1,29919.2
NIFTY IT,259849,2023-02-28 00:00:00+05:30,29986.2,30340.95,29608.95,30179.75
NIFTY IT,259849,2023-03-08 00:00:00+05:30,29944.2,30096.7,29187.1,29267.0
NIFTY IT,259849,2023-03-14 00:00:00+05:30,29281.25,29402.25,28209.05,28442.95
NIFTY IT,259849,2023-03-21 00:00:00+05:30,28455.65,28552.0,27818.25,27948.7
NIFTY IT,259849,2023-03-28 00:00:00+05:30,27998.3,28841.6,27639.65,28633.0
NIFTY IT,259849,2023-04-05 00:00:00+05:30,28520.0,29086.4,28506.7,29041.6
NIFTY IT,259849,2023-04-11 00:00:00+05:30,29051.75,29095.45,26184.45,27008.2
NIFTY IT,259849,2023-04-18 00:00:00+05:30,27189.4,27193.1,26597.95,27013.65
NIFTY IT,259849,2023-04-25 00:00:00+05:30,27028.8,27743.0,26820.7,27708.2
NIFTY IT,259849,2023-05-02 00:00:00+05:30,27792.7,28154.1,27634.85,27920.95
NIFTY IT,259849,2023-05-09 00:00:00+05:30,27961.0,28348.35,27874.1,28165.4
NIFTY IT,259849,2023-05-16 00:00:00+05:30,28252.75,29062.05,27776.8,29007.3
NIFTY IT,259849,2023-05-23 00:00:00+05:30,29076.5,29659.6,28655.0,29240.2
NIFTY IT,259849,2023-05-30 00:00:00+05:30,29253.5,29599.1,29172.7,29238.75
NIFTY IT,259849,2023-06-06 00:00:00+05:30,29003.5,29013.9,28322.15,28784.0
NIFTY IT,259849,2023-06-13 00:00:00+05:30,28935.9,28974.15,28441.05,28708.3
NIFTY IT,259849,2023-06-20 00:00:00+05:30,28728.5,29084.45,28451.15,28590.1
NIFTY IT,259849,2023-06-27 00:00:00+05:30,28681.95,29718.95,28630.45,29424.8
NIFTY IT,259849,2023-07-04 00:00:00+05:30,29557.55,29937.75,29116.3,29194.7
NIFTY IT,259849,2023-07-11 00:00:00+05:30,29299.3,31658.1,29020.2,31041.6
NIFTY IT,259849,2023-07-18 00:00:00+05:30,31089.9,31653.85,29701.2,29843.45
NIFTY IT,259849,2023-07-25 00:00:00+05:30,29899.0,29988.9,29339.35,29928.45
NIFTY IT,259849,2023-08-01 00:00:00+05:30,29998.15,30809.0,29685.15,30779.25
NIFTY IT,259849,2023-08-08 00:00:00+05:30,30817.25,31164.3,30570.5,31028.9
NIFTY IT,259849,2023-08-16 00:00:00+05:30,31129.3,31304.75,30515.0,30937.55
NIFTY IT,259849,2023-08-22 00:00:00+05:30,30973.9,31212.45,30745.0,30773.6
NIFTY IT,259849,2023-08-29 00:00:00+05:30,30899.95,32197.85,30784.85,32163.95
NIFTY IT,259849,2023-09-05 00:00:00+05:30,32207.4,32674.45,32014.95,32642.8
NIFTY IT,259849,2023-09-12 00:00:00+05:30,32758.55,33402.75,32429.5,33129.5
NIFTY IT,259849,2023-09-20 00:00:00+05:30,32860.9,33167.3,32504.75,32648.6
NIFTY IT,259849,2023-09-26 00:00:00+05:30,32675.1,32693.25,31514.9,31784.4
NIFTY IT,259849,2023-10-03 00:00:00+05:30,31772.75,32638.25,31412.5,32308.55
NIFTY IT,259849,2023-10-10 00:00:00+05:30,32423.95,32981.9,31434.1,31750.35
NIFTY IT,259849,2023-10-17 00:00:00+05:30,31884.25,31938.2,30802.05,30848.4
NIFTY IT,259849,2023-10-25 00:00:00+05:30,30790.35,31004.2,30054.2,30640.95
NIFTY IT,259849,2023-10-31 00:00:00+05:30,30765.25,31034.15,30283.15,30972.95
NIFTY IT,259849,2023-11-07 00:00:00+05:30,30949.95,31128.9,30504.1,30635.85
NIFTY IT,259849,2023-11-15 00:00:00+05:30,31095.8,32600.35,30987.75,32383.2
NIFTY IT,259849,2023-11-21 00:00:00+05:30,32507.75,32688.0,32010.0,32055.15
NIFTY IT,259849,2023-11-28 00:00:00+05:30,32115.85,32888.2,31807.85,32665.55
NIFTY IT,259849,2023-12-05 00:00:00+05:30,32754.0,33615.7,32252.45,33514.25
NIFTY IT,259849,2023-12-12 00:00:00+05:30,33484.8,36132.0,32715.65,35685.55
NIFTY IT,259849,2023-12-19 00:00:00+05:30,35728.4,35928.5,34394.55,35637.8
NIFTY IT,259849,2023-12-26 00:00:00+05:30,35421.15,35890.75,35185.45,35695.9
NIFTY IT,259849,2024-01-02 00:00:00+05:30,35668.05,35701.8,34236.6,34514.65
NIFTY IT,259849,2024-01-09 00:00:00+05:30,34926.65,37929.3,34546.95,37201.95
NIFTY IT,259849,2024-01-16 00:00:00+05:30,37132.4,37310.65,36136.4,36697.5
NIFTY IT,259849,2024-01-23 00:00:00+05:30,36958.3,37383.45,36351.5,36531.9
NIFTY IT,259849,2024-01-30 00:00:00+05:30,36682.1,37663.95,36228.85,37162.15
NIFTY IT,259849,2024-02-06 00:00:00+05:30,37267.15,38373.45,37161.6,37998.0
NIFTY IT,259849,2024-02-13 00:00:00+05:30,38070.4,38559.85,37200.05,38363.15
NIFTY IT,259849,2024-02-20 00:00:00+05:30,38190.75,38490.45,37302.6,37598.65
NIFTY IT,259849,2024-02-27 00:00:00+05:30,37606.7,38138.35,37279.45,37314.8
NIFTY IT,259849,2024-03-05 00:00:00+05:30,37180.05,37318.95,36134.0,36988.3
NIFTY IT,259849,2024-03-12 00:00:00+05:30,36991.5,37723.35,36607.65,36886.05
NIFTY IT,259849,2024-03-19 00:00:00+05:30,36562.0,36573.05,34701.75,35188.4
NIFTY IT,259849,2024-03-26 00:00:00+05:30,35003.1,35400.15,34693.6,35042.8
NIFTY IT,259849,2024-04-02 00:00:00+05:30,34900.15,35649.6,34626.2,35064.15
NIFTY IT,259849,2024-04-09 00:00:00+05:30,35241.9,35568.8,34335.15,34463.6
NIFTY IT,259849,2024-04-16 00:00:00+05:30,34108.6,34175.6,32915.5,33538.75
NIFTY IT,259849,2024-04-23 00:00:00+05:30,33752.85,34307.45,33283.45,33579.4
NIFTY IT,259849,2024-04-30 00:00:00+05:30,33547.7,33688.95,32690.5,33217.1
NIFTY IT,259849,2024-05-07 00:00:00+05:30,33268.15,33525.5,32669.25,33074.6
NIFTY IT,259849,2024-05-14 00:00:00+05:30,33106.75,33766.7,32918.7,33438.75
NIFTY IT,259849,2024-05-21 00:00:00+05:30,33253.0,34227.05,33191.75,33995.25
NIFTY IT,259849,2024-05-28 00:00:00+05:30,34095.65,34136.25,32280.8,32511.35
NIFTY IT,259849,2024-06-04 00:00:00+05:30,32575.2,35248.1,31320.15,34526.25
NIFTY IT,259849,2024-06-11 00:00:00+05:30,34600.85,35039.55,34483.4,34598.55
NIFTY IT,259849,2024-06-18 00:00:00+05:30,34696.0,35875.3,34604.05,35143.8
NIFTY IT,259849,2024-06-25 00:00:00+05:30,35146.65,37093.35,35004.85,36869.2
NIFTY IT,259849,2024-07-02 00:00:00+05:30,37006.35,37949.8,36944.9,37742.25
NIFTY IT,259849,2024-07-09 00:00:00+05:30,37747.3,39567.0,37108.35,38911.35
NIFTY IT,259849,2024-07-16 00:00:00+05:30,39013.75,40682.7,38730.55,39773.15
NIFTY IT,259849,2024-07-23 00:00:00+05:30,39773.75,41381.1,39081.3,40820.1
NIFTY IT,259849,2024-07-30 00:00:00+05:30,40827.1,41074.05,37829.1,38435.95
NIFTY IT,259849,2024-08-06 00:00:00+05:30,38565.85,39427.1,38371.15,39109.5
NIFTY IT,259849,2024-08-13 00:00:00+05:30,39198.25,41271.6,38972.7,41236.85
NIFTY IT,259849,2024-08-20 00:00:00+05:30,41421.25,41834.0,41029.5,41662.1
NIFTY IT,259849,2024-08-27 00:00:00+05:30,41696.85,43299.5,41589.85,42975.6
NIFTY IT,259849,2024-09-03 00:00:00+05:30,42953.1,43194.55,41809.65,41919.05
NIFTY IT,259849,2024-09-10 00:00:00+05:30,42128.3,43583.15,42055.85,43352.65
NIFTY IT,259849,2024-09-17 00:00:00+05:30,43294.45,43645.9,41614.25,41987.45
NIFTY IT,259849,2024-09-24 00:00:00+05:30,41863.35,43377.95,41645.85,41946.05
NIFTY IT,259849,2024-10-01 00:00:00+05:30,41916.3,42566.15,41631.5,42190.6
NIFTY IT,259849,2024-10-08 00:00:00+05:30,42275.25,42985.1,41639.45,42872.75
NIFTY IT,259849,2024-10-15 00:00:00+05:30,42917.65,43329.5,41481.55,41562.7
NIFTY IT,259849,2024-10-22 00:00:00+05:30,41556.35,42530.95,41151.35,42205.4
NIFTY IT,259849,2024-10-29 00:00:00+05:30,42167.55,42210.9,39975.0,40421.8
NIFTY IT,259849,2024-11-05 00:00:00+05:30,40345.45,42798.15,40225.2,42590.3
NIFTY IT,259849,2024-11-12 00:00:00+05:30,42846.0,42884.6,41035.4,41406.55
NIFTY IT,259849,2024-11-19 00:00:00+05:30,41534.6,43751.65,41534.6,43618.15
NIFTY IT,259849,2024-11-26 00:00:00+05:30,43763.2,44330.6,42738.75,43547.0
NIFTY IT,259849,2024-12-03 00:00:00+05:30,43794.7,45027.95,43404.0,44832.0
NIFTY IT,259849,2024-12-10 00:00:00+05:30,44848.5,46088.9,44824.15,45653.6
NIFTY IT,259849,2024-12-17 00:00:00+05:30,45576.15,45759.65,43643.95,43828.35
NIFTY IT,259849,2024-12-24 00:00:00+05:30,43897.0,44203.05,43259.8,43971.4
NIFTY IT,259849,2024-12-31 00:00:00+05:30,43622.4,44420.95,42574.45,43674.85
NIFTY IT,259849,2025-01-07 00:00:00+05:30,43836.35,44798.65,42735.55,43999.1
NIFTY IT,259849,2025-01-14 00:00:00+05:30,43996.6,44012.35,41709.55,42192.8
NIFTY IT,259849,2025-01-21 00:00:00+05:30,42288.55,43959.15,41639.0,42060.7
NIFTY IT,259849,2025-01-28 00:00:00+05:30,42097.05,43025.85,41328.25,42314.25
NIFTY IT,259849,2025-02-04 00:00:00+05:30,42642.75,43431.8,42407.35,42596.55
NIFTY IT,259849,2025-02-11 00:00:00+05:30,42616.9,42790.25,40592.5,41073.2
NIFTY IT,259849,2025-02-18 00:00:00+05:30,41097.45,41530.3,39306.7,39446.6
NIFTY IT,259849,2025-02-25 00:00:00+05:30,39085.6,39518.2,37167.3,37614.45
NIFTY IT,259849,2025-03-04 00:00:00+05:30,37228.8,38381.75,36797.4,37644.4
NIFTY IT,259849,2025-03-11 00:00:00+05:30,37185.25,37500.8,35828.05,36137.2
NIFTY IT,259849,2025-03-18 00:00:00+05:30,36242.15,37469.85,35674.4,37217.05
NIFTY IT,259849,2025-03-25 00:00:00+05:30,37542.4,38073.05,36767.25,36886.15
NIFTY IT,259849,2025-04-01 00:00:00+05:30,36422.85,36538.6,30918.95,32668.8
NIFTY IT,259849,2025-04-08 00:00:00+05:30,33232.4,33742.85,32200.25,32740.85
NIFTY IT,259849,2025-04-15 00:00:00+05:30,33504.15,34528.55,32470.95,34135.05
NIFTY IT,259849,2025-04-22 00:00:00+05:30,34075.6,35941.45,33789.15,35482.95
NIFTY IT,259849,2025-04-29 00:00:00+05:30,35565.75,36352.4,35416.9,35991.25
NIFTY IT,259849,2025-05-06 00:00:00+05:30,36129.3,38356.1,35440.65,38282.55
NIFTY IT,259849,2025-05-13 00:00:00+05:30,38326.4,38377.35,37304.95,37477.8
NIFTY IT,259849,2025-05-20 00:00:00+05:30,37722.2,38019.05,36868.55,37785.9
NIFTY IT,259849,2025-05-27 00:00:00+05:30,37777.9,38121.4,36770.15,37061.85
NIFTY IT,259849,2025-06-03 00:00:00+05:30,37199.65,37786.25,36740.55,37669.2
NIFTY IT,259849,2025-06-10 00:00:00+05:30,37871.6,39258.4,37722.2,39073.05
NIFTY IT,259849,2025-06-17 00:00:00+05:30,39123.0,39572.5,38278.7,38414.1
NIFTY IT,259849,2025-06-24 00:00:00+05:30,38852.65,39357.75,38380.0,38950.0
NIFTY IT,259849,2025-07-01 00:00:00+05:30,39004.65,39519.5,38725.25,38866.95
NIFTY IT,259849,2025-07-08 00:00:00+05:30,38837.0,39238.2,37016.1,37273.7
NIFTY IT,259849,2025-07-15 00:00:00+05:30,37077.0,37758.5,36780.05,37031.75
NIFTY IT,259849,2025-07-22 00:00:00+05:30,36963.65,37121.0,35049.9,35370.05
NIFTY IT,259849,2025-07-29 00:00:00+05:30,35270.9,35589.0,34324.85,35203.35
NIFTY IT,259849,2025-08-05 00:00:00+05:30,35196.75,35196.75,34224.55,34544.65
NIFTY IT,259849,2025-08-12 00:00:00+05:30,34589.85,35332.2,34514.0,34634.95
NIFTY IT,259849,2025-08-19 00:00:00+05:30,34618.85,36445.3,34549.05,36280.05
NIFTY IT,259849,2025-08-26 00:00:00+05:30,36106.8,36324.3,35130.35,35740.65
NIFTY IT,259849,2025-09-02 00:00:00+05:30,35767.0,36061.1,34259.4,34310.45
NIFTY IT,259849,2025-09-09 00:00:00+05:30,34773.05,36356.65,34770.35,35902.15
NIFTY IT,259849,2025-09-16 00:00:00+05:30,35962.3,37064.95,35145.1,35500.15
NIFTY IT,259849,2025-09-23 00:00:00+05:30,35477.6,35642.7,33606.45,33693.05
NIFTY IT,259849,2025-09-30 00:00:00+05:30,33789.7,34743.75,33432.1,34722.5
NIFTY IT,259849,2025-10-07 00:00:00+05:30,34820.6,35821.3,34533.75,35330.8
NIFTY IT,259849,2025-10-14 00:00:00+05:30,35542.85,35766.25,34872.95,35292.6
NIFTY IT,259849,2025-10-21 00:00:00+05:30,35500.9,36462.0,35221.55,36129.1
NIFTY IT,259849,2025-10-28 00:00:00+05:30,36088.65,36201.55,35479.5,35653.05
NIFTY IT,259849,2025-11-04 00:00:00+05:30,35580.55,35855.6,34732.5,35688.25
NIFTY IT,259849,2025-11-11 00:00:00+05:30,35902.9,36939.85,35683.9,36375.2
NIFTY IT,259849,2025-11-18 00:00:00+05:30,36294.7,37554.35,35914.35,37037.95
NIFTY IT,259849,2025-11-25 00:00:00+05:30,37112.1,37668.55,36727.35,37405.5
NIFTY REALTY,261129,2022-11-29 00:00:00+05:30,445.2,467.45,442.05,466.55
NIFTY REALTY,261129,2022-12-06 00:00:00+05:30,465.8,467.55,442.3,449.6
NIFTY REALTY,261129,2022-12-13 00:00:00+05:30,450.4,454.85,438.5,443.05
NIFTY REALTY,261129,2022-12-20 00:00:00+05:30,442.0,444.25,406.85,419.8
NIFTY REALTY,261129,2022-12-27 00:00:00+05:30,421.35,436.85,420.75,436.1
NIFTY REALTY,261129,2023-01-03 00:00:00+05:30,436.9,440.25,424.05,428.45
NIFTY REALTY,261129,2023-01-10 00:00:00+05:30,428.6,429.5,422.7,425.8
NIFTY REALTY,261129,2023-01-17 00:00:00+05:30,426.2,431.85,422.95,424.75
NIFTY REALTY,261129,2023-01-24 00:00:00+05:30,424.6,425.1,401.45,407.0
NIFTY REALTY,261129,2023-01-31 00:00:00+05:30,408.75,419.7,401.2,408.0
NIFTY REALTY,261129,2023-02-07 00:00:00+05:30,408.85,415.95,405.45,407.85
NIFTY REALTY,261129,2023-02-14 00:00:00+05:30,406.3,413.05,398.7,400.85
NIFTY REALTY,261129,2023-02-21 00:00:00+05:30,402.05,402.35,379.0,388.75
NIFTY REALTY,261129,2023-02-28 00:00:00+05:30,389.35,416.8,387.95,409.85
NIFTY REALTY,261129,2023-03-08 00:00:00+05:30,406.95,409.0,389.3,390.25
NIFTY REALTY,261129,2023-03-14 00:00:00+05:30,391.2,400.4,378.6,395.0
NIFTY REALTY,261129,2023-03-21 00:00:00+05:30,396.8,397.8,375.25,376.55
NIFTY REALTY,261129,2023-03-28 00:00:00+05:30,377.5,391.5,370.65,390.85
NIFTY REALTY,261129,2023-04-05 00:00:00+05:30,390.8,421.95,389.75,421.35
NIFTY REALTY,261129,2023-04-11 00:00:00+05:30,423.8,429.8,418.95,429.4
NIFTY REALTY,261129,2023-04-18 00:00:00+05:30,429.35,437.9,421.95,428.0
NIFTY REALTY,261129,2023-04-25 00:00:00+05:30,429.65,445.8,428.1,445.1
NIFTY REALTY,261129,2023-05-02 00:00:00+05:30,446.1,458.65,442.2,452.35
NIFTY REALTY,261129,2023-05-09 00:00:00+05:30,453.55,477.4,446.9,472.45
NIFTY REALTY,261129,2023-05-16 00:00:00+05:30,475.75,479.55,449.25,461.95
NIFTY REALTY,261129,2023-05-23 00:00:00+05:30,463.3,479.2,458.0,476.2
NIFTY REALTY,261129,2023-05-30 00:00:00+05:30,476.6,494.0,473.5,492.55
NIFTY REALTY,261129,2023-06-06 00:00:00+05:30,493.75,507.4,492.85,505.5
NIFTY REALTY,261129,2023-06-13 00:00:00+05:30,507.3,527.15,505.65,513.35
NIFTY REALTY,261129,2023-06-20 00:00:00+05:30,513.25,522.0,502.95,508.55
NIFTY REALTY,261129,2023-06-27 00:00:00+05:30,511.15,525.5,510.75,523.9
NIFTY REALTY,261129,2023-07-04 00:00:00+05:30,525.65,542.35,518.4,526.9
NIFTY REALTY,261129,2023-07-11 00:00:00+05:30,527.6,541.7,522.05,539.65
NIFTY REALTY,261129,2023-07-18 00:00:00+05:30,541.3,542.9,531.3,537.15
NIFTY REALTY,261129,2023-07-25 00:00:00+05:30,539.25,568.8,533.55,566.75
NIFTY REALTY,261129,2023-08-01 00:00:00+05:30,565.1,565.1,535.0,542.3
NIFTY REALTY,261129,2023-08-08 00:00:00+05:30,543.5,546.3,520.8,527.65
NIFTY REALTY,261129,2023-08-16 00:00:00+05:30,527.6,537.0,525.1,535.45
NIFTY REALTY,261129,2023-08-22 00:00:00+05:30,537.85,547.35,531.05,537.95
NIFTY REALTY,261129,2023-08-29 00:00:00+05:30,539.9,574.0,539.9,570.15
NIFTY REALTY,261129,2023-09-05 00:00:00+05:30,572.2,599.1,569.95,596.6
NIFTY REALTY,261129,2023-09-12 00:00:00+05:30,599.75,599.9,565.3,578.9
NIFTY REALTY,261129,2023-09-20 00:00:00+05:30,576.75,579.1,557.4,570.05
NIFTY REALTY,261129,2023-09-26 00:00:00+05:30,571.7,579.4,568.6,575.65
NIFTY REALTY,261129,2023-10-03 00:00:00+05:30,576.1,588.7,561.45,582.85
NIFTY REALTY,261129,2023-10-10 00:00:00+05:30,587.55,619.9,585.4,610.7
NIFTY REALTY,261129,2023-10-17 00:00:00+05:30,612.85,614.05,579.75,584.4
NIFTY REALTY,261129,2023-10-25 00:00:00+05:30,583.25,597.6,559.2,595.45
NIFTY REALTY,261129,2023-10-31 00:00:00+05:30,598.25,656.65,597.95,651.5
NIFTY REALTY,261129,2023-11-07 00:00:00+05:30,652.15,669.35,640.55,663.45
NIFTY REALTY,261129,2023-11-15 00:00:00+05:30,671.05,700.75,670.8,691.0
NIFTY REALTY,261129,2023-11-21 00:00:00+05:30,694.2,706.65,684.6,702.95
NIFTY REALTY,261129,2023-11-28 00:00:00+05:30,703.65,743.0,698.4,737.75
NIFTY REALTY,261129,2023-12-05 00:00:00+05:30,742.15,747.9,726.9,744.95
NIFTY REALTY,261129,2023-12-12 00:00:00+05:30,747.9,777.45,727.95,759.7
NIFTY REALTY,261129,2023-12-19 00:00:00+05:30,760.25,765.05,722.45,763.05
NIFTY REALTY,261129,2023-12-26 00:00:00+05:30,766.6,789.0,760.4,786.6
NIFTY REALTY,261129,2024-01-02 00:00:00+05:30,788.45,863.0,773.75,845.45
NIFTY REALTY,261129,2024-01-09 00:00:00+05:30,852.65,894.4,850.5,883.3
NIFTY REALTY,261129,2024-01-16 00:00:00+05:30,885.1,885.1,830.1,861.95
NIFTY REALTY,261129,2024-01-23 00:00:00+05:30,867.35,867.6,794.5,833.9
NIFTY REALTY,261129,2024-01-30 00:00:00+05:30,840.05,871.7,831.6,862.75
NIFTY REALTY,261129,2024-02-06 00:00:00+05:30,867.55,892.8,847.05,849.95
NIFTY REALTY,261129,2024-02-13 00:00:00+05:30,850.25,886.4,833.85,876.8
NIFTY REALTY,261129,2024-02-20 00:00:00+05:30,879.9,925.25,879.9,919.35
NIFTY REALTY,261129,2024-02-27 00:00:00+05:30,920.15,936.0,894.45,927.45
NIFTY REALTY,261129,2024-03-05 00:00:00+05:30,927.85,936.3,901.75,906.55
NIFTY REALTY,261129,2024-03-12 00:00:00+05:30,911.9,913.35,808.45,834.05
NIFTY REALTY,261129,2024-03-19 00:00:00+05:30,838.75,876.8,819.75,874.5
NIFTY REALTY,261129,2024-03-26 00:00:00+05:30,871.9,943.3,868.65,939.9
NIFTY REALTY,261129,2024-04-02 00:00:00+05:30,942.75,963.8,919.05,950.25
NIFTY REALTY,261129,2024-04-09 00:00:00+05:30,959.2,970.85,925.0,942.05
NIFTY REALTY,261129,2024-04-16 00:00:00+05:30,935.2,952.05,909.7,933.1
NIFTY REALTY,261129,2024-04-23 00:00:00+05:30,941.4,973.45,939.4,959.35
NIFTY REALTY,261129,2024-04-30 00:00:00+05:30,962.65,990.75,956.9,989.2
NIFTY REALTY,261129,2024-05-07 00:00:00+05:30,989.95,994.35,914.35,946.9
NIFTY REALTY,261129,2024-05-14 00:00:00+05:30,949.7,1009.95,946.7,1004.85
NIFTY REALTY,261129,2024-05-21 00:00:00+05:30,1006.65,1040.75,992.55,1032.35
NIFTY REALTY,261129,2024-05-28 00:00:00+05:30,1034.35,1082.45,992.3,1080.05
NIFTY REALTY,261129,2024-06-04 00:00:00+05:30,1085.6,1089.85,930.9,1083.65
NIFTY REALTY,261129,2024-06-11 00:00:00+05:30,1093.35,1134.9,1087.4,1129.1
NIFTY REALTY,261129,2024-06-18 00:00:00+05:30,1130.35,1157.35,1111.0,1135.35
NIFTY REALTY,261129,2024-06-25 00:00:00+05:30,1140.15,1141.35,1088.35,1101.05
NIFTY REALTY,261129,2024-07-02 00:00:00+05:30,1106.4,1125.7,1101.45,1114.3
NIFTY REALTY,261129,2024-07-09 00:00:00+05:30,1116.15,1140.5,1079.35,1107.9
NIFTY REALTY,261129,2024-07-16 00:00:00+05:30,1112.25,1132.7,1076.75,1090.9
NIFTY REALTY,261129,2024-07-23 00:00:00+05:30,1096.55,1105.7,1043.85,1093.05
NIFTY REALTY,261129,2024-07-30 00:00:00+05:30,1096.85,1110.5,981.95,992.3
NIFTY REALTY,261129,2024-08-06 00:00:00+05:30,1010.15,1038.9,997.55,1035.7
NIFTY REALTY,261129,2024-08-13 00:00:00+05:30,1039.4,1062.2,1016.7,1050.2
NIFTY REALTY,261129,2024-08-20 00:00:00+05:30,1052.65,1054.5,1011.75,1036.0
NIFTY REALTY,261129,2024-08-27 00:00:00+05:30,1036.65,1059.2,1027.45,1050.9
NIFTY REALTY,261129,2024-09-03 00:00:00+05:30,1053.05,1064.75,1022.25,1029.65
NIFTY REALTY,261129,2024-09-10 00:00:00+05:30,1034.4,1070.35,1024.3,1059.7
NIFTY REALTY,261129,2024-09-17 00:00:00+05:30,1062.15,1130.4,1042.95,1126.15
NIFTY REALTY,261129,2024-09-24 00:00:00+05:30,1127.95,1140.4,1088.05,1099.0
NIFTY REALTY,261129,2024-10-01 00:00:00+05:30,1102.05,1104.2,1011.8,1020.15
NIFTY REALTY,261129,2024-10-08 00:00:00+05:30,1014.0,1066.6,1012.75,1057.35
NIFTY REALTY,261129,2024-10-15 00:00:00+05:30,1061.6,1086.55,1023.35,1032.65
NIFTY REALTY,261129,2024-10-22 00:00:00+05:30,1030.9,1031.45,957.0,987.75
NIFTY REALTY,261129,2024-10-29 00:00:00+05:30,990.3,1014.7,976.4,979.5
NIFTY REALTY,261129,2024-11-05 00:00:00+05:30,978.75,1025.5,952.65,966.2
NIFTY REALTY,261129,2024-11-12 00:00:00+05:30,968.8,987.8,929.75,952.25
NIFTY REALTY,261129,2024-11-19 00:00:00+05:30,954.7,1044.2,953.4,1028.5
NIFTY REALTY,261129,2024-11-26 00:00:00+05:30,1034.65,1054.3,1016.15,1051.2
NIFTY REALTY,261129,2024-12-03 00:00:00+05:30,1060.95,1084.4,1046.35,1076.9
NIFTY REALTY,261129,2024-12-10 00:00:00+05:30,1080.55,1123.2,1061.05,1118.65
NIFTY REALTY,261129,2024-12-17 00:00:00+05:30,1116.5,1137.5,1056.25,1075.65
NIFTY REALTY,261129,2024-12-24 00:00:00+05:30,1078.75,1086.9,1046.25,1054.85
NIFTY REALTY,261129,2024-12-31 00:00:00+05:30,1048.3,1057.65,1008.1,1012.05
NIFTY REALTY,261129,2025-01-07 00:00:00+05:30,1014.95,1028.4,897.5,901.0
NIFTY REALTY,261129,2025-01-14 00:00:00+05:30,904.05,952.65,899.45,945.35
NIFTY REALTY,261129,2025-01-21 00:00:00+05:30,946.3,948.4,839.75,844.6
NIFTY REALTY,261129,2025-01-28 00:00:00+05:30,855.1,956.45,842.55,949.7
NIFTY REALTY,261129,2025-02-04 00:00:00+05:30,952.5,968.25,883.9,890.3
NIFTY REALTY,261129,2025-02-11 00:00:00+05:30,890.05,890.95,806.05,831.55
NIFTY REALTY,261129,2025-02-18 00:00:00+05:30,832.55,866.45,820.3,837.65
NIFTY REALTY,261129,2025-02-25 00:00:00+05:30,836.25,839.05,783.0,807.95
NIFTY REALTY,261129,2025-03-04 00:00:00+05:30,798.1,840.25,785.9,799.7
NIFTY REALTY,261129,2025-03-11 00:00:00+05:30,794.0,834.8,790.5,797.1
NIFTY REALTY,261129,2025-03-18 00:00:00+05:30,801.5,882.95,801.35,875.95
NIFTY REALTY,261129,2025-03-25 00:00:00+05:30,882.9,888.3,845.3,851.3
NIFTY REALTY,261129,2025-04-01 00:00:00+05:30,852.2,858.55,765.8,776.2
NIFTY REALTY,261129,2025-04-08 00:00:00+05:30,795.0,804.4,772.7,790.15
NIFTY REALTY,261129,2025-04-15 00:00:00+05:30,808.0,867.25,803.6,864.1
NIFTY REALTY,261129,2025-04-22 00:00:00+05:30,868.85,904.65,853.8,871.5
NIFTY REALTY,261129,2025-04-29 00:00:00+05:30,871.3,901.1,865.9,887.35
NIFTY REALTY,261129,2025-05-06 00:00:00+05:30,886.4,890.1,808.4,872.6
NIFTY REALTY,261129,2025-05-13 00:00:00+05:30,872.6,935.3,860.65,933.2
NIFTY REALTY,261129,2025-05-20 00:00:00+05:30,946.55,953.7,920.15,944.0
NIFTY REALTY,261129,2025-05-27 00:00:00+05:30,944.8,972.8,937.85,971.25
NIFTY REALTY,261129,2025-06-03 00:00:00+05:30,978.6,1049.7,969.65,1038.15
NIFTY REALTY,261129,2025-06-10 00:00:00+05:30,1041.75,1045.2,981.9,1020.3
NIFTY REALTY,261129,2025-06-17 00:00:00+05:30,1023.95,1038.7,989.5,1012.65
NIFTY REALTY,261129,2025-06-24 00:00:00+05:30,1024.55,1029.6,985.25,986.55
NIFTY REALTY,261129,2025-07-01 00:00:00+05:30,992.9,994.85,960.3,972.75
NIFTY REALTY,261129,2025-07-08 00:00:00+05:30,974.9,983.05,961.5,976.25
NIFTY REALTY,261129,2025-07-15 00:00:00+05:30,979.7,1007.65,975.5,1006.25
NIFTY REALTY,261129,2025-07-22 00:00:00+05:30,1007.9,1009.3,909.0,911.9
NIFTY REALTY,261129,2025-07-29 00:00:00+05:30,910.85,929.35,893.45,912.05
NIFTY REALTY,261129,2025-08-05 00:00:00+05:30,913.75,915.75,871.4,890.4
NIFTY REALTY,261129,2025-08-12 00:00:00+05:30,891.4,906.95,877.25,898.45
NIFTY REALTY,261129,2025-08-19 00:00:00+05:30,900.25,930.5,889.65,916.45
NIFTY REALTY,261129,2025-08-26 00:00:00+05:30,915.0,915.9,866.95,879.8
NIFTY REALTY,261129,2025-09-02 00:00:00+05:30,884.1,904.35,864.95,876.55
NIFTY REALTY,261129,2025-09-09 00:00:00+05:30,877.85,912.65,868.9,905.65
NIFTY REALTY,261129,2025-09-16 00:00:00+05:30,908.3,933.85,905.4,921.55
NIFTY REALTY,261129,2025-09-23 00:00:00+05:30,922.35,924.9,866.15,874.75
NIFTY REALTY,261129,2025-09-30 00:00:00+05:30,877.15,883.25,862.7,882.1
NIFTY REALTY,261129,2025-10-07 00:00:00+05:30,883.4,900.5,872.95,896.8
NIFTY REALTY,261129,2025-10-14 00:00:00+05:30,901.75,941.3,886.35,938.2
NIFTY REALTY,261129,2025-10-21 00:00:00+05:30,941.3,958.4,935.0,954.65
NIFTY REALTY,261129,2025-10-28 00:00:00+05:30,955.45,974.5,940.4,968.65
NIFTY REALTY,261129,2025-11-04 00:00:00+05:30,969.15,972.6,930.6,944.15
NIFTY REALTY,261129,2025-11-11 00:00:00+05:30,946.45,952.15,932.75,945.35
NIFTY REALTY,261129,2025-11-18 00:00:00+05:30,947.1,948.15,884.6,887.0
NIFTY REALTY,261129,2025-11-25 00:00:00+05:30,888.5,916.25,887.2,903.15
NIFTY INFRA,261385,2022-11-29 00:00:00+05:30,5402.8,5482.8,5377.65,5451.2
NIFTY INFRA,261385,2022-12-06 00:00:00+05:30,5441.25,5476.45,5370.05,5431.25
NIFTY INFRA,261385,2022-12-13 00:00:00+05:30,5436.55,5481.65,5352.5,5425.15
NIFTY INFRA,261385,2022-12-20 00:00:00+05:30,5414.5,5422.15,5138.05,5227.85
NIFTY INFRA,261385,2022-12-27 00:00:00+05:30,5252.05,5305.6,5210.7,5293.6
NIFTY INFRA,261385,2023-01-03 00:00:00+05:30,5287.0,5327.15,5221.8,5317.65
NIFTY INFRA,261385,2023-01-10 00:00:00+05:30,5334.05,5334.25,5186.75,5202.55
NIFTY INFRA,261385,2023-01-17 00:00:00+05:30,5214.95,5305.15,5210.55,5238.4
NIFTY INFRA,261385,2023-01-24 00:00:00+05:30,5252.75,5254.5,4948.9,5012.15
NIFTY INFRA,261385,2023-01-31 00:00:00+05:30,5041.45,5133.9,4930.6,5055.65
NIFTY INFRA,261385,2023-02-07 00:00:00+05:30,5069.15,5094.2,5043.2,5062.65
NIFTY INFRA,261385,2023-02-14 00:00:00+05:30,5074.2,5184.95,5043.1,5152.25
NIFTY INFRA,261385,2023-02-21 00:00:00+05:30,5175.65,5196.35,4990.15,5031.55
NIFTY INFRA,261385,2023-02-28 00:00:00+05:30,5033.4,5190.8,4998.0,5163.55
NIFTY INFRA,261385,2023-03-08 00:00:00+05:30,5161.2,5229.9,5049.8,5068.0
NIFTY INFRA,261385,2023-03-14 00:00:00+05:30,5068.85,5109.55,5011.8,5057.1
NIFTY INFRA,261385,2023-03-21 00:00:00+05:30,5079.85,5129.25,5011.0,5019.65
NIFTY INFRA,261385,2023-03-28 00:00:00+05:30,5032.5,5120.45,4966.0,5105.8
NIFTY INFRA,261385,2023-04-05 00:00:00+05:30,5124.3,5217.5,5103.85,5207.75
NIFTY INFRA,261385,2023-04-11 00:00:00+05:30,5226.1,5258.8,5193.85,5209.65
NIFTY INFRA,261385,2023-04-18 00:00:00+05:30,5225.75,5227.85,5155.7,5194.0
NIFTY INFRA,261385,2023-04-25 00:00:00+05:30,5204.0,5362.85,5198.0,5356.2
NIFTY INFRA,261385,2023-05-02 00:00:00+05:30,5376.3,5462.2,5354.05,5454.0
NIFTY INFRA,261385,2023-05-09 00:00:00+05:30,5464.65,5485.05,5392.0,5436.9
NIFTY INFRA,261385,2023-05-16 00:00:00+05:30,5455.95,5457.9,5312.75,5401.0
NIFTY INFRA,261385,2023-05-23 00:00:00+05:30,5421.1,5482.4,5370.3,5475.0
NIFTY INFRA,261385,2023-05-30 00:00:00+05:30,5483.3,5507.9,5432.6,5495.75
NIFTY INFRA,261385,2023-06-06 00:00:00+05:30,5506.45,5619.2,5494.35,5588.3
NIFTY INFRA,261385,2023-06-13 00:00:00+05:30,5603.85,5721.9,5597.9,5661.0
NIFTY INFRA,261385,2023-06-20 00:00:00+05:30,5663.05,5712.75,5583.9,5609.4
NIFTY INFRA,261385,2023-06-27 00:00:00+05:30,5625.3,5791.7,5620.75,5784.8
NIFTY INFRA,261385,2023-07-04 00:00:00+05:30,5796.1,5871.4,5743.2,5829.4
NIFTY INFRA,261385,2023-07-11 00:00:00+05:30,5856.1,5912.65,5810.35,5870.0
NIFTY INFRA,261385,2023-07-18 00:00:00+05:30,5882.45,5961.05,5856.9,5937.5
NIFTY INFRA,261385,2023-07-25 00:00:00+05:30,5952.1,6122.6,5933.25,6115.35
NIFTY INFRA,261385,2023-08-01 00:00:00+05:30,6120.85,6123.7,5946.2,6029.05
NIFTY INFRA,261385,2023-08-08 00:00:00+05:30,6042.9,6044.85,5931.75,5995.05
NIFTY INFRA,261385,2023-08-16 00:00:00+05:30,5978.4,6020.65,5950.65,6008.95
NIFTY INFRA,261385,2023-08-22 00:00:00+05:30,6011.6,6071.15,5929.25,5969.35
NIFTY INFRA,261385,2023-08-29 00:00:00+05:30,5987.45,6068.55,5935.65,6064.15
NIFTY INFRA,261385,2023-09-05 00:00:00+05:30,6082.4,6287.05,6064.15,6284.1
NIFTY INFRA,261385,2023-09-12 00:00:00+05:30,6335.6,6336.0,6194.8,6268.95
NIFTY INFRA,261385,2023-09-20 00:00:00+05:30,6248.9,6266.45,6127.35,6168.5
NIFTY INFRA,261385,2023-09-26 00:00:00+05:30,6175.45,6268.85,6167.7,6242.85
NIFTY INFRA,261385,2023-10-03 00:00:00+05:30,6231.55,6237.65,6123.4,6170.2
NIFTY INFRA,261385,2023-10-10 00:00:00+05:30,6184.05,6330.9,6182.7,6309.9
NIFTY INFRA,261385,2023-10-17 00:00:00+05:30,6334.55,6339.7,6093.3,6108.05
NIFTY INFRA,261385,2023-10-25 00:00:00+05:30,6094.35,6131.7,5960.0,6115.1
NIFTY INFRA,261385,2023-10-31 00:00:00+05:30,6127.95,6255.2,6064.05,6251.55
NIFTY INFRA,261385,2023-11-07 00:00:00+05:30,6247.55,6351.55,6230.2,6324.4
NIFTY INFRA,261385,2023-11-15 00:00:00+05:30,6382.3,6445.95,6354.95,6419.1
NIFTY INFRA,261385,2023-11-21 00:00:00+05:30,6442.0,6468.9,6414.25,6438.4
NIFTY INFRA,261385,2023-11-28 00:00:00+05:30,6460.65,6834.0,6443.05,6822.6
NIFTY INFRA,261385,2023-12-05 00:00:00+05:30,6854.75,6998.2,6816.2,6991.85
NIFTY INFRA,261385,2023-12-12 00:00:00+05:30,6991.55,7167.0,6917.9,7158.3
NIFTY INFRA,261385,2023-12-19 00:00:00+05:30,7192.4,7244.3,6945.15,7134.95
NIFTY INFRA,261385,2023-12-26 00:00:00+05:30,7157.0,7335.9,7150.7,7304.2
NIFTY INFRA,261385,2024-01-02 00:00:00+05:30,7315.75,7445.4,7203.65,7372.65
NIFTY INFRA,261385,2024-01-09 00:00:00+05:30,7426.7,7646.75,7358.3,7641.55
NIFTY INFRA,261385,2024-01-16 00:00:00+05:30,7643.5,7712.35,7431.15,7666.85
NIFTY INFRA,261385,2024-01-23 00:00:00+05:30,7756.65,7949.9,7478.1,7937.8
NIFTY INFRA,261385,2024-01-30 00:00:00+05:30,7973.45,8018.05,7784.75,7913.1
NIFTY INFRA,261385,2024-02-06 00:00:00+05:30,7952.15,8054.1,7858.35,7877.0
NIFTY INFRA,261385,2024-02-13 00:00:00+05:30,7889.55,8135.4,7822.3,8111.55
NIFTY INFRA,261385,2024-02-20 00:00:00+05:30,8121.75,8200.45,7986.95,8180.0
NIFTY INFRA,261385,2024-02-27 00:00:00+05:30,8171.1,8354.5,8022.95,8334.4
NIFTY INFRA,261385,2024-03-05 00:00:00+05:30,8333.2,8366.05,8206.35,8278.35
NIFTY INFRA,261385,2024-03-12 00:00:00+05:30,8285.7,8304.7,7867.65,8028.15
NIFTY INFRA,261385,2024-03-19 00:00:00+05:30,7988.3,8183.05,7895.55,8146.4
NIFTY INFRA,261385,2024-03-26 00:00:00+05:30,8100.05,8436.5,8099.8,8423.05
NIFTY INFRA,261385,2024-04-02 00:00:00+05:30,8445.0,8500.6,8326.2,8461.8
NIFTY INFRA,261385,2024-04-09 00:00:00+05:30,8498.95,8527.95,8285.75,8348.15
NIFTY INFRA,261385,2024-04-16 00:00:00+05:30,8305.4,8462.9,8197.15,8423.6
NIFTY INFRA,261385,2024-04-23 00:00:00+05:30,8458.0,8592.75,8435.2,8587.35
NIFTY INFRA,261385,2024-04-30 00:00:00+05:30,8615.9,8674.15,8416.8,8444.95
NIFTY INFRA,261385,2024-05-07 00:00:00+05:30,8466.9,8471.8,8152.1,8304.7
NIFTY INFRA,261385,2024-05-14 00:00:00+05:30,8319.5,8662.15,8317.4,8656.95
NIFTY INFRA,261385,2024-05-21 00:00:00+05:30,8651.7,8908.85,8642.95,8845.0
NIFTY INFRA,261385,2024-05-28 00:00:00+05:30,8864.6,9166.25,8590.65,9147.0
NIFTY INFRA,261385,2024-06-04 00:00:00+05:30,9112.6,9115.1,7877.1,8806.7
NIFTY INFRA,261385,2024-06-11 00:00:00+05:30,8835.55,9038.25,8800.85,9028.7
NIFTY INFRA,261385,2024-06-18 00:00:00+05:30,9086.55,9086.75,8808.1,8899.35
NIFTY INFRA,261385,2024-06-25 00:00:00+05:30,8937.1,9184.65,8868.6,9131.7
NIFTY INFRA,261385,2024-07-02 00:00:00+05:30,9162.55,9272.2,9091.85,9251.25
NIFTY INFRA,261385,2024-07-09 00:00:00+05:30,9267.45,9351.15,9100.6,9343.7
NIFTY INFRA,261385,2024-07-16 00:00:00+05:30,9365.55,9386.65,9027.85,9157.8
NIFTY INFRA,261385,2024-07-23 00:00:00+05:30,9190.2,9456.35,8832.45,9423.55
NIFTY INFRA,261385,2024-07-30 00:00:00+05:30,9433.5,9547.6,9002.95,9071.55
NIFTY INFRA,261385,2024-08-06 00:00:00+05:30,9133.8,9250.5,9040.65,9119.85
NIFTY INFRA,261385,2024-08-13 00:00:00+05:30,9136.8,9235.8,9006.45,9182.7
NIFTY INFRA,261385,2024-08-20 00:00:00+05:30,9229.35,9353.7,9187.05,9346.8
NIFTY INFRA,261385,2024-08-27 00:00:00+05:30,9352.7,9468.95,9290.5,9400.25
NIFTY INFRA,261385,2024-09-03 00:00:00+05:30,9424.9,9429.2,9091.85,9154.6
NIFTY INFRA,261385,2024-09-10 00:00:00+05:30,9172.4,9391.95,9125.95,9348.55
NIFTY INFRA,261385,2024-09-17 00:00:00+05:30,9365.0,9571.9,9256.45,9565.4
NIFTY INFRA,261385,2024-09-24 00:00:00+05:30,9569.9,9704.2,9559.3,9574.8
NIFTY INFRA,261385,2024-10-01 00:00:00+05:30,9581.25,9631.75,8963.35,9014.85
NIFTY INFRA,261385,2024-10-08 00:00:00+05:30,9012.6,9262.05,8991.25,9209.8
NIFTY INFRA,261385,2024-10-15 00:00:00+05:30,9234.3,9268.85,9049.25,9104.8
NIFTY INFRA,261385,2024-10-22 00:00:00+05:30,9101.6,9143.6,8618.4,8746.35
NIFTY INFRA,261385,2024-10-29 00:00:00+05:30,8727.75,8888.55,8606.95,8681.7
NIFTY INFRA,261385,2024-11-05 00:00:00+05:30,8646.7,8876.35,8585.85,8657.75
NIFTY INFRA,261385,2024-11-12 00:00:00+05:30,8683.7,8719.0,8353.6,8401.6
NIFTY INFRA,261385,2024-11-19 00:00:00+05:30,8428.05,8775.45,8236.95,8721.25
NIFTY INFRA,261385,2024-11-26 00:00:00+05:30,8756.1,8812.05,8584.9,8803.8
NIFTY INFRA,261385,2024-12-03 00:00:00+05:30,8847.0,8980.55,8813.15,8944.7
NIFTY INFRA,261385,2024-12-10 00:00:00+05:30,8951.35,8969.1,8739.1,8927.0
NIFTY INFRA,261385,2024-12-17 00:00:00+05:30,8897.45,8908.6,8433.1,8510.1
NIFTY INFRA,261385,2024-12-24 00:00:00+05:30,8520.05,8581.15,8405.45,8426.4
NIFTY INFRA,261385,2024-12-31 00:00:00+05:30,8405.05,8651.55,8368.7,8391.25
NIFTY INFRA,261385,2025-01-07 00:00:00+05:30,8418.15,8498.15,8025.25,8054.2
NIFTY INFRA,261385,2025-01-14 00:00:00+05:30,8080.3,8460.85,8080.25,8451.85
NIFTY INFRA,261385,2025-01-21 00:00:00+05:30,8484.4,8486.6,8083.2,8112.3
NIFTY INFRA,261385,2025-01-28 00:00:00+05:30,8149.05,8417.85,8033.35,8115.65
NIFTY INFRA,261385,2025-02-04 00:00:00+05:30,8163.65,8373.45,8138.9,8169.85
NIFTY INFRA,261385,2025-02-11 00:00:00+05:30,8205.0,8205.1,7806.85,7937.4
NIFTY INFRA,261385,2025-02-18 00:00:00+05:30,7951.9,8087.75,7860.8,7896.9
NIFTY INFRA,261385,2025-02-25 00:00:00+05:30,7879.9,7921.4,7589.95,7697.35
NIFTY INFRA,261385,2025-03-04 00:00:00+05:30,7629.9,8060.0,7604.8,7929.55
NIFTY INFRA,261385,2025-03-11 00:00:00+05:30,7898.7,8080.75,7862.1,7950.05
NIFTY INFRA,261385,2025-03-18 00:00:00+05:30,7992.5,8526.4,7978.1,8507.5
NIFTY INFRA,261385,2025-03-25 00:00:00+05:30,8552.9,8559.1,8399.3,8457.8
NIFTY INFRA,261385,2025-04-01 00:00:00+05:30,8415.15,8527.2,7775.8,7959.95
NIFTY INFRA,261385,2025-04-08 00:00:00+05:30,8098.75,8274.75,8006.35,8250.15
NIFTY INFRA,261385,2025-04-15 00:00:00+05:30,8444.95,8738.85,8390.1,8728.6
NIFTY INFRA,261385,2025-04-22 00:00:00+05:30,8747.55,8777.5,8499.15,8759.85
NIFTY INFRA,261385,2025-04-29 00:00:00+05:30,8789.6,8911.55,8707.15,8896.2
NIFTY INFRA,261385,2025-05-06 00:00:00+05:30,8922.5,8991.0,8605.35,8979.8
NIFTY INFRA,261385,2025-05-13 00:00:00+05:30,8970.4,9086.35,8868.55,9040.2
NIFTY INFRA,261385,2025-05-20 00:00:00+05:30,9059.4,9085.6,8877.4,9045.1
NIFTY INFRA,261385,2025-05-27 00:00:00+05:30,9031.5,9044.85,8903.25,8981.15
NIFTY INFRA,261385,2025-06-03 00:00:00+05:30,9008.9,9151.55,8901.9,9149.15
NIFTY INFRA,261385,2025-06-10 00:00:00+05:30,9189.75,9202.55,8861.0,9068.9
NIFTY INFRA,261385,2025-06-17 00:00:00+05:30,9094.9,9142.95,8950.95,9083.8
NIFTY INFRA,261385,2025-06-24 00:00:00+05:30,9176.7,9472.6,9105.2,9409.35
NIFTY INFRA,261385,2025-07-01 00:00:00+05:30,9426.65,9472.1,9377.7,9455.05
NIFTY INFRA,261385,2025-07-08 00:00:00+05:30,9443.8,9494.55,9224.8,9251.3
NIFTY INFRA,261385,2025-07-15 00:00:00+05:30,9274.7,9321.0,9141.7,9197.3
NIFTY INFRA,261385,2025-07-22 00:00:00+05:30,9208.6,9223.0,8988.65,8995.65
NIFTY INFRA,261385,2025-07-29 00:00:00+05:30,8971.2,9184.0,8956.2,9058.5
NIFTY INFRA,261385,2025-08-05 00:00:00+05:30,9067.6,9084.8,8869.4,8977.3
NIFTY INFRA,261385,2025-08-12 00:00:00+05:30,8977.35,9098.1,8964.7,9051.25
NIFTY INFRA,261385,2025-08-19 00:00:00+05:30,9078.75,9215.9,9078.75,9110.4
NIFTY INFRA,261385,2025-08-26 00:00:00+05:30,9080.7,9087.15,8858.75,8947.0
NIFTY INFRA,261385,2025-09-02 00:00:00+05:30,8957.6,9048.2,8909.15,8971.3
NIFTY INFRA,261385,2025-09-09 00:00:00+05:30,8984.7,9110.95,8949.6,9097.6
NIFTY INFRA,261385,2025-09-16 00:00:00+05:30,9115.2,9260.85,9111.6,9208.95
NIFTY INFRA,261385,2025-09-23 00:00:00+05:30,9216.4,9227.15,9026.7,9051.85
NIFTY INFRA,261385,2025-09-30 00:00:00+05:30,9051.4,9119.85,8981.85,9115.85
NIFTY INFRA,261385,2025-10-07 00:00:00+05:30,9119.1,9208.95,9082.85,9174.5
NIFTY INFRA,261385,2025-10-14 00:00:00+05:30,9200.3,9478.2,9107.0,9461.75
NIFTY INFRA,261385,2025-10-21 00:00:00+05:30,9489.45,9537.8,9373.75,9531.2
NIFTY INFRA,261385,2025-10-28 00:00:00+05:30,9545.55,9681.9,9501.2,9592.8
NIFTY INFRA,261385,2025-11-04 00:00:00+05:30,9619.4,9628.7,9373.7,9421.15
NIFTY INFRA,261385,2025-11-11 00:00:00+05:30,9447.4,9660.1,9397.35,9651.1
NIFTY INFRA,261385,2025-11-18 00:00:00+05:30,9672.95,9723.0,9573.5,9589.3
NIFTY INFRA,261385,2025-11-25 00:00:00+05:30,9596.65,9729.85,9560.9,9653.9
NIFTY ENERGY,261641,2022-11-29 00:00:00+05:30,26830.9,27545.15,26764.4,26931.65
NIFTY ENERGY,261641,2022-12-06 00:00:00+05:30,26877.15,27059.3,26118.15,26450.3
NIFTY ENERGY,261641,2022-12-13 00:00:00+05:30,26511.3,26739.7,26232.95,26578.7
NIFTY ENERGY,261641,2022-12-20 00:00:00+05:30,26510.15,26747.35,24665.55,25395.65
NIFTY ENERGY,261641,2022-12-27 00:00:00+05:30,25539.85,26180.05,25425.85,26031.0
NIFTY ENERGY,261641,2023-01-03 00:00:00+05:30,26018.95,26208.85,25453.45,26163.95
NIFTY ENERGY,261641,2023-01-10 00:00:00+05:30,26223.3,26227.35,25578.9,26026.9
NIFTY ENERGY,261641,2023-01-17 00:00:00+05:30,26116.6,26369.35,26013.15,26137.45
NIFTY ENERGY,261641,2023-01-24 00:00:00+05:30,26230.0,26230.0,23144.85,23434.7
NIFTY ENERGY,261641,2023-01-31 00:00:00+05:30,23497.95,24064.15,22304.1,22478.05
NIFTY ENERGY,261641,2023-02-07 00:00:00+05:30,22391.7,22646.75,22160.2,22258.95
NIFTY ENERGY,261641,2023-02-14 00:00:00+05:30,22203.7,22631.4,22106.05,22249.05
NIFTY ENERGY,261641,2023-02-21 00:00:00+05:30,22296.15,22425.75,21724.65,21900.6
NIFTY ENERGY,261641,2023-02-28 00:00:00+05:30,21801.3,22785.35,21631.1,22698.5
NIFTY ENERGY,261641,2023-03-08 00:00:00+05:30,22717.6,22989.25,22509.45,22561.65
NIFTY ENERGY,261641,2023-03-14 00:00:00+05:30,22564.9,22870.75,22295.3,22585.7
NIFTY ENERGY,261641,2023-03-21 00:00:00+05:30,22715.25,22947.75,22466.5,22514.55
NIFTY ENERGY,261641,2023-03-28 00:00:00+05:30,22452.55,22952.9,22205.45,22805.9
NIFTY ENERGY,261641,2023-04-05 00:00:00+05:30,22907.35,23122.15,22622.4,23060.05
NIFTY ENERGY,261641,2023-04-11 00:00:00+05:30,23181.5,23494.6,23117.75,23363.75
NIFTY ENERGY,261641,2023-04-18 00:00:00+05:30,23426.8,23431.95,23076.55,23207.4
NIFTY ENERGY,261641,2023-04-25 00:00:00+05:30,23206.75,23764.2,23195.65,23734.55
NIFTY ENERGY,261641,2023-05-02 00:00:00+05:30,23876.3,24166.3,23855.4,24129.65
NIFTY ENERGY,261641,2023-05-09 00:00:00+05:30,24107.6,24458.35,23932.8,24040.2
NIFTY ENERGY,261641,2023-05-16 00:00:00+05:30,24128.4,24193.45,23458.35,23898.2
NIFTY ENERGY,261641,2023-05-23 00:00:00+05:30,24046.2,24314.0,23899.55,24261.3
NIFTY ENERGY,261641,2023-05-30 00:00:00+05:30,24319.7,24384.45,23734.15,23901.7
NIFTY ENERGY,261641,2023-06-06 00:00:00+05:30,23968.7,24415.6,23745.25,24269.05
NIFTY ENERGY,261641,2023-06-13 00:00:00+05:30,24356.05,24799.2,24301.65,24539.1
NIFTY ENERGY,261641,2023-06-20 00:00:00+05:30,24550.65,24879.35,24172.7,24226.65
NIFTY ENERGY,261641,2023-06-27 00:00:00+05:30,24298.0,25058.9,24216.35,25020.9
NIFTY ENERGY,261641,2023-07-04 00:00:00+05:30,25096.55,25720.1,24785.8,25496.9
NIFTY ENERGY,261641,2023-07-11 00:00:00+05:30,25616.0,25937.0,25164.25,25521.4
NIFTY ENERGY,261641,2023-07-18 00:00:00+05:30,25620.4,26017.7,25524.95,25749.9
NIFTY ENERGY,261641,2023-07-25 00:00:00+05:30,25830.45,26883.6,25774.8,26853.65
NIFTY ENERGY,261641,2023-08-01 00:00:00+05:30,26858.85,26892.25,26091.65,26266.3
NIFTY ENERGY,261641,2023-08-08 00:00:00+05:30,26365.2,26506.55,26058.95,26375.6
NIFTY ENERGY,261641,2023-08-16 00:00:00+05:30,26254.6,26571.75,26114.05,26462.35
NIFTY ENERGY,261641,2023-08-22 00:00:00+05:30,26489.3,26648.25,25927.5,26015.8
NIFTY ENERGY,261641,2023-08-29 00:00:00+05:30,26088.15,26708.9,25648.35,26633.05
NIFTY ENERGY,261641,2023-09-05 00:00:00+05:30,26737.8,27734.9,26571.05,27716.6
NIFTY ENERGY,261641,2023-09-12 00:00:00+05:30,27927.85,27938.6,26975.65,27536.2
NIFTY ENERGY,261641,2023-09-20 00:00:00+05:30,27431.35,27577.25,26958.0,27105.5
NIFTY ENERGY,261641,2023-09-26 00:00:00+05:30,27117.5,27478.35,26995.35,27321.75
NIFTY ENERGY,261641,2023-10-03 00:00:00+05:30,27238.0,27252.4,26340.6,26472.95
NIFTY ENERGY,261641,2023-10-10 00:00:00+05:30,26524.35,27357.75,26523.75,27258.05
NIFTY ENERGY,261641,2023-10-17 00:00:00+05:30,27385.3,27585.15,26373.7,26449.65
NIFTY ENERGY,261641,2023-10-25 00:00:00+05:30,26396.9,26890.6,25833.45,26840.9
NIFTY ENERGY,261641,2023-10-31 00:00:00+05:30,26971.8,27466.3,26644.75,27448.9
NIFTY ENERGY,261641,2023-11-07 00:00:00+05:30,27481.0,28119.25,27395.1,28066.25
NIFTY ENERGY,261641,2023-11-15 00:00:00+05:30,28430.3,28577.35,28193.45,28287.2
NIFTY ENERGY,261641,2023-11-21 00:00:00+05:30,28450.45,28714.15,28269.45,28558.75
NIFTY ENERGY,261641,2023-11-28 00:00:00+05:30,28736.45,30437.25,28670.7,30330.5
NIFTY ENERGY,261641,2023-12-05 00:00:00+05:30,30526.0,32409.5,30305.1,32023.05
NIFTY ENERGY,261641,2023-12-12 00:00:00+05:30,32027.8,32675.65,31481.65,32521.25
NIFTY ENERGY,261641,2023-12-19 00:00:00+05:30,32754.25,33574.1,31787.05,32810.15
NIFTY ENERGY,261641,2023-12-26 00:00:00+05:30,32955.05,33784.8,32918.4,33544.2
NIFTY ENERGY,261641,2024-01-02 00:00:00+05:30,33632.1,34503.8,33238.15,34142.6
NIFTY ENERGY,261641,2024-01-09 00:00:00+05:30,34379.1,35480.1,33791.65,35449.85
NIFTY ENERGY,261641,2024-01-16 00:00:00+05:30,35456.2,35495.55,34066.5,35236.1
NIFTY ENERGY,261641,2024-01-23 00:00:00+05:30,35845.0,37106.5,34104.5,37024.75
NIFTY ENERGY,261641,2024-01-30 00:00:00+05:30,37221.95,39045.3,36346.25,38481.3
NIFTY ENERGY,261641,2024-02-06 00:00:00+05:30,38646.6,39612.95,37946.15,38097.1
NIFTY ENERGY,261641,2024-02-13 00:00:00+05:30,38271.45,40194.9,37820.4,39804.5
NIFTY ENERGY,261641,2024-02-20 00:00:00+05:30,39859.1,40113.3,38723.3,39758.9
NIFTY ENERGY,261641,2024-02-27 00:00:00+05:30,39617.75,40635.65,38567.65,40466.6
NIFTY ENERGY,261641,2024-03-05 00:00:00+05:30,40468.95,40749.2,39747.4,39853.1
NIFTY ENERGY,261641,2024-03-12 00:00:00+05:30,39863.25,39990.7,36854.95,37825.4
NIFTY ENERGY,261641,2024-03-19 00:00:00+05:30,37592.4,38618.05,37053.85,38411.55
NIFTY ENERGY,261641,2024-03-26 00:00:00+05:30,38096.45,39557.3,38058.9,39489.7
NIFTY ENERGY,261641,2024-04-02 00:00:00+05:30,39503.5,40099.25,39157.4,39951.25
NIFTY ENERGY,261641,2024-04-09 00:00:00+05:30,40065.8,40437.75,38876.9,39629.25
NIFTY ENERGY,261641,2024-04-16 00:00:00+05:30,39426.7,40275.55,38726.85,39570.05
NIFTY ENERGY,261641,2024-04-23 00:00:00+05:30,39721.55,40387.3,39392.05,40352.1
NIFTY ENERGY,261641,2024-04-30 00:00:00+05:30,40537.2,41244.55,39702.65,39882.1
NIFTY ENERGY,261641,2024-05-07 00:00:00+05:30,39976.1,40021.35,38132.75,38868.15
NIFTY ENERGY,261641,2024-05-14 00:00:00+05:30,38939.5,40502.75,38924.2,40432.85
NIFTY ENERGY,261641,2024-05-21 00:00:00+05:30,40307.7,41876.95,40305.4,41292.65
NIFTY ENERGY,261641,2024-05-28 00:00:00+05:30,41445.75,43084.75,39801.9,42981.9
NIFTY ENERGY,261641,2024-06-04 00:00:00+05:30,42881.6,42881.6,36244.0,40510.05
NIFTY ENERGY,261641,2024-06-11 00:00:00+05:30,40737.35,41357.7,40394.4,41040.0
NIFTY ENERGY,261641,2024-06-18 00:00:00+05:30,41353.5,41458.25,40089.7,40464.15
NIFTY ENERGY,261641,2024-06-25 00:00:00+05:30,40562.8,42029.95,40135.75,41569.8
NIFTY ENERGY,261641,2024-07-02 00:00:00+05:30,41747.3,42747.8,41422.6,42644.95
NIFTY ENERGY,261641,2024-07-09 00:00:00+05:30,42761.1,43362.1,41763.2,43303.0
NIFTY ENERGY,261641,2024-07-16 00:00:00+05:30,43320.05,43656.55,41467.55,41945.5
NIFTY ENERGY,261641,2024-07-23 00:00:00+05:30,42118.7,43732.8,40325.7,43438.7
NIFTY ENERGY,261641,2024-07-30 00:00:00+05:30,43510.25,45022.15,42284.6,42640.9
NIFTY ENERGY,261641,2024-08-06 00:00:00+05:30,42873.45,43640.5,42377.7,42916.05
NIFTY ENERGY,261641,2024-08-13 00:00:00+05:30,42973.55,43445.4,42240.8,43332.35
NIFTY ENERGY,261641,2024-08-20 00:00:00+05:30,43532.7,43864.45,43249.05,43792.05
NIFTY ENERGY,261641,2024-08-27 00:00:00+05:30,43794.2,44059.75,43170.05,43782.95
NIFTY ENERGY,261641,2024-09-03 00:00:00+05:30,43875.8,43925.7,41570.5,41926.75
NIFTY ENERGY,261641,2024-09-10 00:00:00+05:30,41961.95,42693.9,41498.35,42569.3
NIFTY ENERGY,261641,2024-09-17 00:00:00+05:30,42592.15,43408.3,42093.1,43370.5
NIFTY ENERGY,261641,2024-09-24 00:00:00+05:30,43484.05,44721.1,43368.4,44016.7
NIFTY ENERGY,261641,2024-10-01 00:00:00+05:30,44110.95,44314.15,40736.05,41039.35
NIFTY ENERGY,261641,2024-10-08 00:00:00+05:30,40972.2,41968.15,40704.65,41534.95
NIFTY ENERGY,261641,2024-10-15 00:00:00+05:30,41542.3,41606.35,40538.75,40984.7
NIFTY ENERGY,261641,2024-10-22 00:00:00+05:30,41017.55,41153.55,38515.7,39123.5
NIFTY ENERGY,261641,2024-10-29 00:00:00+05:30,39025.4,39773.35,38142.95,38604.75
NIFTY ENERGY,261641,2024-11-05 00:00:00+05:30,38427.25,39634.8,38049.95,38247.45
NIFTY ENERGY,261641,2024-11-12 00:00:00+05:30,38371.5,38551.55,36523.85,36757.2
NIFTY ENERGY,261641,2024-11-19 00:00:00+05:30,36916.4,37574.8,35440.85,37006.0
NIFTY ENERGY,261641,2024-11-26 00:00:00+05:30,37129.8,37666.8,36580.3,37594.4
NIFTY ENERGY,261641,2024-12-03 00:00:00+05:30,37751.4,38136.85,37376.2,37689.4
NIFTY ENERGY,261641,2024-12-10 00:00:00+05:30,37662.45,37714.95,36380.45,36969.95
NIFTY ENERGY,261641,2024-12-17 00:00:00+05:30,36855.95,36897.05,34818.0,35147.75
NIFTY ENERGY,261641,2024-12-24 00:00:00+05:30,35185.65,35464.7,34689.05,34832.2
NIFTY ENERGY,261641,2024-12-31 00:00:00+05:30,34797.55,36202.05,34647.6,34731.15
NIFTY ENERGY,261641,2025-01-07 00:00:00+05:30,34877.6,35388.2,32490.85,32623.1
NIFTY ENERGY,261641,2025-01-14 00:00:00+05:30,32807.5,35041.4,32802.8,34970.55
NIFTY ENERGY,261641,2025-01-21 00:00:00+05:30,35014.85,35043.4,32304.4,32417.55
NIFTY ENERGY,261641,2025-01-28 00:00:00+05:30,32499.1,34238.1,31511.7,32177.4
NIFTY ENERGY,261641,2025-02-04 00:00:00+05:30,32479.85,33571.9,32023.25,32109.9
NIFTY ENERGY,261641,2025-02-11 00:00:00+05:30,32156.65,32157.75,29892.35,30737.55
NIFTY ENERGY,261641,2025-02-18 00:00:00+05:30,30763.25,32022.7,30300.5,31240.8
NIFTY ENERGY,261641,2025-02-25 00:00:00+05:30,31222.8,31369.85,29313.2,30007.05
NIFTY ENERGY,261641,2025-03-04 00:00:00+05:30,29623.3,32154.15,29406.6,31302.2
NIFTY ENERGY,261641,2025-03-11 00:00:00+05:30,31023.9,31889.5,30847.8,31660.15
NIFTY ENERGY,261641,2025-03-18 00:00:00+05:30,31857.85,34149.1,31727.1,33955.0
NIFTY ENERGY,261641,2025-03-25 00:00:00+05:30,34123.8,34144.35,33060.1,33571.6
NIFTY ENERGY,261641,2025-04-01 00:00:00+05:30,33381.2,33790.35,29802.2,31414.55
NIFTY ENERGY,261641,2025-04-08 00:00:00+05:30,32031.15,32454.6,31422.65,32411.1
NIFTY ENERGY,261641,2025-04-15 00:00:00+05:30,33033.25,34711.35,32811.4,34640.75
NIFTY ENERGY,261641,2025-04-22 00:00:00+05:30,34770.05,34874.05,33599.6,34538.85
NIFTY ENERGY,261641,2025-04-29 00:00:00+05:30,34656.9,34889.55,33990.6,34583.6
NIFTY ENERGY,261641,2025-05-06 00:00:00+05:30,34663.65,34758.45,32791.85,34734.3
NIFTY ENERGY,261641,2025-05-13 00:00:00+05:30,34750.85,35959.8,34501.95,35690.85
NIFTY ENERGY,261641,2025-05-20 00:00:00+05:30,35847.95,36127.65,35072.7,35882.6
NIFTY ENERGY,261641,2025-05-27 00:00:00+05:30,35906.7,36421.35,35634.0,35933.8
NIFTY ENERGY,261641,2025-06-03 00:00:00+05:30,36036.15,36371.1,35368.85,36352.8
NIFTY ENERGY,261641,2025-06-10 00:00:00+05:30,36536.55,36938.9,35304.95,36010.45
NIFTY ENERGY,261641,2025-06-17 00:00:00+05:30,36067.2,36107.75,35180.65,35608.95
NIFTY ENERGY,261641,2025-06-24 00:00:00+05:30,35836.7,36743.55,35627.45,36568.65
NIFTY ENERGY,261641,2025-07-01 00:00:00+05:30,36661.55,36702.65,36164.45,36532.4
NIFTY ENERGY,261641,2025-07-08 00:00:00+05:30,36553.85,36755.25,36035.15,36201.05
NIFTY ENERGY,261641,2025-07-15 00:00:00+05:30,36237.95,36590.0,35966.45,36248.55
NIFTY ENERGY,261641,2025-07-22 00:00:00+05:30,36296.55,36359.2,34986.25,35021.55
NIFTY ENERGY,261641,2025-07-29 00:00:00+05:30,34940.35,35619.9,34685.0,34923.45
NIFTY ENERGY,261641,2025-08-05 00:00:00+05:30,34957.3,35062.3,34114.35,34610.35
NIFTY ENERGY,261641,2025-08-12 00:00:00+05:30,34661.05,34944.6,34364.55,34483.2
NIFTY ENERGY,261641,2025-08-19 00:00:00+05:30,34561.5,34987.05,34441.2,34494.35
NIFTY ENERGY,261641,2025-08-26 00:00:00+05:30,34395.25,34471.7,33481.85,34155.3
NIFTY ENERGY,261641,2025-09-02 00:00:00+05:30,34287.45,34803.15,34104.25,34290.65
NIFTY ENERGY,261641,2025-09-09 00:00:00+05:30,34369.75,35201.7,34201.2,35129.0
NIFTY ENERGY,261641,2025-09-16 00:00:00+05:30,35218.55,36182.1,35159.65,35992.65
NIFTY ENERGY,261641,2025-09-23 00:00:00+05:30,36107.65,36142.4,34775.15,35069.15
NIFTY ENERGY,261641,2025-09-30 00:00:00+05:30,35144.55,35446.9,34861.1,35369.45
NIFTY ENERGY,261641,2025-10-07 00:00:00+05:30,35438.75,35708.5,35021.05,35288.0
NIFTY ENERGY,261641,2025-10-14 00:00:00+05:30,35383.65,35677.75,35003.05,35563.95
NIFTY ENERGY,261641,2025-10-21 00:00:00+05:30,35698.6,35876.1,35528.65,35780.0
NIFTY ENERGY,261641,2025-10-28 00:00:00+05:30,35812.45,36518.0,35498.6,36445.15
NIFTY ENERGY,261641,2025-11-04 00:00:00+05:30,36496.0,36517.95,35488.95,35921.6
NIFTY ENERGY,261641,2025-11-11 00:00:00+05:30,36030.85,36526.7,35681.0,36441.85
NIFTY ENERGY,261641,2025-11-18 00:00:00+05:30,36474.8,36487.05,35363.15,35427.85
NIFTY ENERGY,261641,2025-11-25 00:00:00+05:30,35447.95,36064.35,35307.8,35548.3
NIFTY FMCG,261897,2022-11-29 00:00:00+05:30,44261.05,45788.05,44254.65,45151.15
NIFTY FMCG,261897,2022-12-06 00:00:00+05:30,44977.1,46244.2,44961.05,46215.2
NIFTY FMCG,261897,2022-12-13 00:00:00+05:30,46312.55,46331.2,45096.25,45981.45
NIFTY FMCG,261897,2022-12-20 00:00:00+05:30,45866.3,45888.7,44057.8,44744.05
NIFTY FMCG,261897,2022-12-27 00:00:00+05:30,44880.05,44981.25,44000.8,44192.85
NIFTY FMCG,261897,2023-01-03 00:00:00+05:30,44121.6,44894.55,43655.0,44796.65
NIFTY FMCG,261897,2023-01-10 00:00:00+05:30,44800.05,44809.45,43741.45,44006.75
NIFTY FMCG,261897,2023-01-17 00:00:00+05:30,44044.8,44808.95,43752.0,44261.9
NIFTY FMCG,261897,2023-01-24 00:00:00+05:30,44324.85,44617.8,43956.6,44220.35
NIFTY FMCG,261897,2023-01-31 00:00:00+05:30,44291.65,46374.9,43550.1,46293.6
NIFTY FMCG,261897,2023-02-07 00:00:00+05:30,46396.25,46398.7,45255.7,45508.4
NIFTY FMCG,261897,2023-02-14 00:00:00+05:30,45595.4,46078.7,45361.95,45501.2
NIFTY FMCG,261897,2023-02-21 00:00:00+05:30,45675.4,45956.1,44733.45,45040.75
NIFTY FMCG,261897,2023-02-28 00:00:00+05:30,45082.0,45772.05,44667.1,45552.1
NIFTY FMCG,261897,2023-03-08 00:00:00+05:30,45469.65,45812.95,44861.35,44953.6
NIFTY FMCG,261897,2023-03-14 00:00:00+05:30,45068.05,45259.5,44392.05,45213.05
NIFTY FMCG,261897,2023-03-21 00:00:00+05:30,45282.05,45434.3,44806.75,45188.0
NIFTY FMCG,261897,2023-03-28 00:00:00+05:30,45215.2,46053.65,44987.0,45738.45
NIFTY FMCG,261897,2023-04-05 00:00:00+05:30,45662.85,46413.25,45626.2,45909.65
NIFTY FMCG,261897,2023-04-11 00:00:00+05:30,46001.4,46801.35,45950.4,46688.6
NIFTY FMCG,261897,2023-04-18 00:00:00+05:30,46756.3,46978.45,46156.1,46943.05
NIFTY FMCG,261897,2023-04-25 00:00:00+05:30,46913.45,47955.3,46807.95,47814.1
NIFTY FMCG,261897,2023-05-02 00:00:00+05:30,47956.85,48686.15,47638.15,48538.45
NIFTY FMCG,261897,2023-05-09 00:00:00+05:30,48685.4,49650.15,48228.6,49506.55
NIFTY FMCG,261897,2023-05-16 00:00:00+05:30,49668.15,49756.15,48426.6,49052.25
NIFTY FMCG,261897,2023-05-23 00:00:00+05:30,49089.85,50850.25,49027.25,50626.4
NIFTY FMCG,261897,2023-05-30 00:00:00+05:30,50717.8,51502.2,50650.95,51058.4
NIFTY FMCG,261897,2023-06-06 00:00:00+05:30,51134.85,51718.0,50553.25,50762.55
NIFTY FMCG,261897,2023-06-13 00:00:00+05:30,50897.05,52540.5,50794.1,52123.85
NIFTY FMCG,261897,2023-06-20 00:00:00+05:30,52101.8,52421.95,51124.5,51635.0
NIFTY FMCG,261897,2023-06-27 00:00:00+05:30,51702.3,52857.9,51477.55,52741.5
NIFTY FMCG,261897,2023-07-04 00:00:00+05:30,52870.15,53971.25,52390.55,52536.15
NIFTY FMCG,261897,2023-07-11 00:00:00+05:30,52609.5,53799.65,52544.4,53471.6
NIFTY FMCG,261897,2023-07-18 00:00:00+05:30,53558.45,54349.85,52615.4,52771.7
NIFTY FMCG,261897,2023-07-25 00:00:00+05:30,52761.5,53067.55,52002.75,52636.85
NIFTY FMCG,261897,2023-08-01 00:00:00+05:30,52759.25,52836.1,51789.5,52072.5
NIFTY FMCG,261897,2023-08-08 00:00:00+05:30,52163.15,52257.65,50984.6,51604.4
NIFTY FMCG,261897,2023-08-16 00:00:00+05:30,51676.7,51869.75,51167.75,51799.0
NIFTY FMCG,261897,2023-08-22 00:00:00+05:30,51912.1,52315.3,51283.4,51390.8
NIFTY FMCG,261897,2023-08-29 00:00:00+05:30,51511.7,51641.1,50913.0,51171.75
NIFTY FMCG,261897,2023-09-05 00:00:00+05:30,51309.5,52291.25,51171.75,52239.05
NIFTY FMCG,261897,2023-09-12 00:00:00+05:30,52449.0,52454.75,51768.9,52198.6
NIFTY FMCG,261897,2023-09-20 00:00:00+05:30,51932.9,52066.8,51332.15,51642.45
NIFTY FMCG,261897,2023-09-26 00:00:00+05:30,51724.5,52393.15,51246.45,51602.65
NIFTY FMCG,261897,2023-10-03 00:00:00+05:30,51603.65,51725.4,51128.5,51502.85
NIFTY FMCG,261897,2023-10-10 00:00:00+05:30,51587.0,52655.75,51567.9,52401.95
NIFTY FMCG,261897,2023-10-17 00:00:00+05:30,52494.85,52851.45,51335.05,51421.65
NIFTY FMCG,261897,2023-10-25 00:00:00+05:30,51385.2,51619.6,50607.0,51180.7
NIFTY FMCG,261897,2023-10-31 00:00:00+05:30,51213.5,52166.35,50997.4,52075.7
NIFTY FMCG,261897,2023-11-07 00:00:00+05:30,52089.9,52562.5,51689.05,52025.6
NIFTY FMCG,261897,2023-11-15 00:00:00+05:30,52333.7,52887.9,52039.4,52550.1
NIFTY FMCG,261897,2023-11-21 00:00:00+05:30,52546.55,52958.1,52312.3,52576.9
NIFTY FMCG,261897,2023-11-28 00:00:00+05:30,52670.2,54397.55,52402.4,54237.7
NIFTY FMCG,261897,2023-12-05 00:00:00+05:30,54476.5,54872.9,53558.8,53976.9
NIFTY FMCG,261897,2023-12-12 00:00:00+05:30,54093.0,54585.75,53738.8,54017.05
NIFTY FMCG,261897,2023-12-19 00:00:00+05:30,54201.95,55581.4,53970.6,55101.05
NIFTY FMCG,261897,2023-12-26 00:00:00+05:30,55271.75,57503.15,55189.85,57292.35
NIFTY FMCG,261897,2024-01-02 00:00:00+05:30,57427.4,57966.7,56636.45,56672.85
NIFTY FMCG,261897,2024-01-09 00:00:00+05:30,56868.3,56996.25,56008.0,56657.3
NIFTY FMCG,261897,2024-01-16 00:00:00+05:30,56705.2,56872.5,55206.7,55976.65
NIFTY FMCG,261897,2024-01-23 00:00:00+05:30,56212.7,56284.4,54816.1,55139.1
NIFTY FMCG,261897,2024-01-30 00:00:00+05:30,55187.2,55792.0,54501.35,54698.4
NIFTY FMCG,261897,2024-02-06 00:00:00+05:30,54860.15,55041.35,53231.5,53292.95
NIFTY FMCG,261897,2024-02-13 00:00:00+05:30,53345.4,54121.6,53138.4,53943.3
NIFTY FMCG,261897,2024-02-20 00:00:00+05:30,53981.4,54561.55,53552.55,54317.3
NIFTY FMCG,261897,2024-02-27 00:00:00+05:30,54342.8,54588.55,53453.5,54221.75
NIFTY FMCG,261897,2024-03-05 00:00:00+05:30,54224.55,54628.6,53171.75,54087.45
NIFTY FMCG,261897,2024-03-12 00:00:00+05:30,53944.05,54962.5,53280.2,53907.85
NIFTY FMCG,261897,2024-03-19 00:00:00+05:30,53859.55,53915.1,52562.6,53775.7
NIFTY FMCG,261897,2024-03-26 00:00:00+05:30,53325.4,54369.1,53325.1,53889.15
NIFTY FMCG,261897,2024-04-02 00:00:00+05:30,54141.65,54228.9,53502.9,53966.05
NIFTY FMCG,261897,2024-04-09 00:00:00+05:30,54081.1,54370.5,52778.75,53174.95
NIFTY FMCG,261897,2024-04-16 00:00:00+05:30,52996.55,53594.6,52398.75,53499.45
NIFTY FMCG,261897,2024-04-23 00:00:00+05:30,53622.0,54601.6,53523.45,54332.15
NIFTY FMCG,261897,2024-04-30 00:00:00+05:30,54519.5,54757.35,53913.3,54660.15
NIFTY FMCG,261897,2024-05-07 00:00:00+05:30,54942.6,56222.75,54533.45,55340.7
NIFTY FMCG,261897,2024-05-14 00:00:00+05:30,55320.35,55504.45,54159.35,55217.85
NIFTY FMCG,261897,2024-05-21 00:00:00+05:30,54998.65,56062.0,54764.55,55260.5
NIFTY FMCG,261897,2024-05-28 00:00:00+05:30,55328.7,55461.3,53897.7,54653.6
NIFTY FMCG,261897,2024-06-04 00:00:00+05:30,54633.8,58832.65,53057.65,57991.75
NIFTY FMCG,261897,2024-06-11 00:00:00+05:30,58081.15,58233.65,57051.45,57225.85
NIFTY FMCG,261897,2024-06-18 00:00:00+05:30,57370.85,57490.65,55837.4,56392.7
NIFTY FMCG,261897,2024-06-25 00:00:00+05:30,56457.65,57234.4,56084.55,57154.7
NIFTY FMCG,261897,2024-07-02 00:00:00+05:30,57360.65,58673.95,56473.95,58611.2
NIFTY FMCG,261897,2024-07-09 00:00:00+05:30,59018.0,60141.25,58673.0,60070.7
NIFTY FMCG,261897,2024-07-16 00:00:00+05:30,60144.25,61491.4,60004.0,60881.75
NIFTY FMCG,261897,2024-07-23 00:00:00+05:30,61028.0,63084.3,60850.6,62513.85
NIFTY FMCG,261897,2024-07-30 00:00:00+05:30,62627.15,62915.95,60818.8,61550.45
NIFTY FMCG,261897,2024-08-06 00:00:00+05:30,61654.8,62545.6,61516.5,61668.45
NIFTY FMCG,261897,2024-08-13 00:00:00+05:30,61768.1,62640.4,61092.25,62326.05
NIFTY FMCG,261897,2024-08-20 00:00:00+05:30,62381.2,63782.5,61996.6,63657.95
NIFTY FMCG,261897,2024-08-27 00:00:00+05:30,63744.9,63805.95,62563.55,63578.6
NIFTY FMCG,261897,2024-09-03 00:00:00+05:30,63605.5,64540.3,62905.8,64465.85
NIFTY FMCG,261897,2024-09-10 00:00:00+05:30,64701.45,65616.25,64322.4,64597.0
NIFTY FMCG,261897,2024-09-17 00:00:00+05:30,64643.8,66438.7,64261.95,66305.2
NIFTY FMCG,261897,2024-09-24 00:00:00+05:30,66276.35,66427.7,64970.15,65540.35
NIFTY FMCG,261897,2024-10-01 00:00:00+05:30,65546.85,65685.0,62894.25,63028.35
NIFTY FMCG,261897,2024-10-08 00:00:00+05:30,63014.15,63562.75,61841.85,62372.3
NIFTY FMCG,261897,2024-10-15 00:00:00+05:30,62494.15,62683.2,59908.2,60280.25
NIFTY FMCG,261897,2024-10-22 00:00:00+05:30,60293.25,60562.65,58253.2,59252.65
NIFTY FMCG,261897,2024-10-29 00:00:00+05:30,59354.5,59882.35,58398.95,58743.7
NIFTY FMCG,261897,2024-11-05 00:00:00+05:30,58601.5,58962.4,57575.15,57843.95
NIFTY FMCG,261897,2024-11-12 00:00:00+05:30,57925.15,57960.05,55546.45,56314.35
NIFTY FMCG,261897,2024-11-19 00:00:00+05:30,56554.75,57902.2,55493.25,57358.2
NIFTY FMCG,261897,2024-11-26 00:00:00+05:30,57688.1,58788.85,57410.25,57917.0
NIFTY FMCG,261897,2024-12-03 00:00:00+05:30,57278.25,58005.9,56305.95,56460.6
NIFTY FMCG,261897,2024-12-10 00:00:00+05:30,56582.8,57062.55,55455.15,56697.2
NIFTY FMCG,261897,2024-12-17 00:00:00+05:30,56625.45,56842.1,55472.45,56135.05
NIFTY FMCG,261897,2024-12-24 00:00:00+05:30,56151.05,56827.6,56008.65,56618.4
NIFTY FMCG,261897,2024-12-31 00:00:00+05:30,56576.25,57923.5,56278.5,56714.4
NIFTY FMCG,261897,2025-01-07 00:00:00+05:30,56852.25,58238.1,56158.4,56420.15
NIFTY FMCG,261897,2025-01-14 00:00:00+05:30,56567.3,56622.15,54922.45,55738.05
NIFTY FMCG,261897,2025-01-21 00:00:00+05:30,55914.55,56372.1,54770.15,55654.5
NIFTY FMCG,261897,2025-01-28 00:00:00+05:30,55742.25,59302.55,54757.0,57419.55
NIFTY FMCG,261897,2025-02-04 00:00:00+05:30,57701.85,57793.7,54657.2,54856.65
NIFTY FMCG,261897,2025-02-11 00:00:00+05:30,55012.1,55117.2,52644.75,52945.0
NIFTY FMCG,261897,2025-02-18 00:00:00+05:30,52897.55,53104.0,51729.5,52285.8
NIFTY FMCG,261897,2025-02-25 00:00:00+05:30,52223.9,52645.4,50287.9,50786.65
NIFTY FMCG,261897,2025-03-04 00:00:00+05:30,50494.3,52426.65,50199.35,52006.4
NIFTY FMCG,261897,2025-03-11 00:00:00+05:30,51670.3,52327.6,51545.35,51773.15
NIFTY FMCG,261897,2025-03-18 00:00:00+05:30,52075.0,53349.3,51949.05,53232.75
NIFTY FMCG,261897,2025-03-25 00:00:00+05:30,53307.1,54150.9,52649.2,53589.8
NIFTY FMCG,261897,2025-04-01 00:00:00+05:30,53615.15,54223.35,51201.9,53241.15
NIFTY FMCG,261897,2025-04-08 00:00:00+05:30,53800.05,55960.5,53557.35,55741.1
NIFTY FMCG,261897,2025-04-15 00:00:00+05:30,56620.05,56789.75,55537.15,56130.2
NIFTY FMCG,261897,2025-04-22 00:00:00+05:30,56471.0,58048.2,55976.95,56620.3
NIFTY FMCG,261897,2025-04-29 00:00:00+05:30,56693.8,57047.95,55875.8,56936.2
NIFTY FMCG,261897,2025-05-06 00:00:00+05:30,56943.45,57197.7,55038.5,57101.4
NIFTY FMCG,261897,2025-05-13 00:00:00+05:30,57061.3,57370.75,56040.7,56955.7
NIFTY FMCG,261897,2025-05-20 00:00:00+05:30,57209.65,57229.05,55305.2,57049.7
NIFTY FMCG,261897,2025-05-27 00:00:00+05:30,57133.55,57204.1,55201.8,55732.55
NIFTY FMCG,261897,2025-06-03 00:00:00+05:30,55785.7,56079.25,55279.5,56026.1
NIFTY FMCG,261897,2025-06-10 00:00:00+05:30,56178.2,56331.8,54349.15,54873.3
NIFTY FMCG,261897,2025-06-17 00:00:00+05:30,54842.0,54932.05,54066.05,54226.85
NIFTY FMCG,261897,2025-06-24 00:00:00+05:30,54597.0,55298.35,54303.3,54883.9
NIFTY FMCG,261897,2025-07-01 00:00:00+05:30,54997.5,55691.75,54293.9,55652.85
NIFTY FMCG,261897,2025-07-08 00:00:00+05:30,55624.35,56349.9,55283.0,56025.6
NIFTY FMCG,261897,2025-07-15 00:00:00+05:30,56170.6,57017.15,56033.35,56222.7
NIFTY FMCG,261897,2025-07-22 00:00:00+05:30,56286.8,56288.55,54463.3,54732.95
NIFTY FMCG,261897,2025-07-29 00:00:00+05:30,54733.0,57032.9,54473.3,56139.65
NIFTY FMCG,261897,2025-08-05 00:00:00+05:30,56202.45,56231.4,54630.9,55309.9
NIFTY FMCG,261897,2025-08-12 00:00:00+05:30,55336.5,55775.4,54573.75,55304.25
NIFTY FMCG,261897,2025-08-19 00:00:00+05:30,55382.1,56786.65,55154.7,55681.65
NIFTY FMCG,261897,2025-08-26 00:00:00+05:30,55580.3,56595.5,55521.3,56175.2
NIFTY FMCG,261897,2025-09-02 00:00:00+05:30,56210.2,58485.05,56012.0,56171.3
NIFTY FMCG,261897,2025-09-09 00:00:00+05:30,56338.15,57124.85,56074.9,56551.35
NIFTY FMCG,261897,2025-09-16 00:00:00+05:30,56634.3,56700.8,55859.5,56006.75
NIFTY FMCG,261897,2025-09-23 00:00:00+05:30,56025.45,56127.35,54343.75,54945.8
NIFTY FMCG,261897,2025-09-30 00:00:00+05:30,54974.55,55213.05,54455.2,55057.65
NIFTY FMCG,261897,2025-10-07 00:00:00+05:30,55114.65,55254.45,54364.9,54473.85
NIFTY FMCG,261897,2025-10-14 00:00:00+05:30,54530.95,57025.65,54142.3,56597.15
NIFTY FMCG,261897,2025-10-21 00:00:00+05:30,56678.9,57445.2,55926.5,56428.95
NIFTY FMCG,261897,2025-10-28 00:00:00+05:30,56481.7,56756.15,55713.5,56153.7
NIFTY FMCG,261897,2025-11-04 00:00:00+05:30,56177.25,56273.7,55291.45,55334.45
NIFTY FMCG,261897,2025-11-11 00:00:00+05:30,55347.3,55897.55,54914.6,55677.15
NIFTY FMCG,261897,2025-11-18 00:00:00+05:30,55652.4,55863.25,55080.35,55138.15
NIFTY FMCG,261897,2025-11-25 00:00:00+05:30,55135.25,55638.75,54850.35,55595.8
NIFTY PHARMA,262409,2022-11-29 00:00:00+05:30,13006.35,13215.55,12992.3,13052.9
NIFTY PHARMA,262409,2022-12-06 00:00:00+05:30,13037.75,13056.15,12687.75,12758.05
NIFTY PHARMA,262409,2022-12-13 00:00:00+05:30,12749.55,12944.25,12529.55,12646.45
NIFTY PHARMA,262409,2022-12-20 00:00:00+05:30,12640.4,13094.1,12529.35,12677.1
NIFTY PHARMA,262409,2022-12-27 00:00:00+05:30,12688.65,12766.55,12474.15,12551.4
NIFTY PHARMA,262409,2023-01-03 00:00:00+05:30,12544.4,12828.55,12515.3,12770.6
NIFTY PHARMA,262409,2023-01-10 00:00:00+05:30,12775.85,12818.25,12584.9,12659.4
NIFTY PHARMA,262409,2023-01-17 00:00:00+05:30,12678.25,12754.7,12581.35,12718.45
NIFTY PHARMA,262409,2023-01-24 00:00:00+05:30,12726.2,12732.4,12409.85,12484.0
NIFTY PHARMA,262409,2023-01-31 00:00:00+05:30,12526.85,12549.7,12086.8,12193.1
NIFTY PHARMA,262409,2023-02-07 00:00:00+05:30,12222.55,12463.65,12121.95,12268.1
NIFTY PHARMA,262409,2023-02-14 00:00:00+05:30,12310.55,12335.9,11971.2,12055.4
NIFTY PHARMA,262409,2023-02-21 00:00:00+05:30,12103.9,12124.45,11847.3,11902.5
NIFTY PHARMA,262409,2023-02-28 00:00:00+05:30,11916.4,11937.35,11712.3,11807.9
NIFTY PHARMA,262409,2023-03-08 00:00:00+05:30,11778.9,11801.9,11565.45,11597.35
NIFTY PHARMA,262409,2023-03-14 00:00:00+05:30,11609.45,11806.15,11542.45,11663.3
NIFTY PHARMA,262409,2023-03-21 00:00:00+05:30,11696.05,11951.45,11621.65,11882.75
NIFTY PHARMA,262409,2023-03-28 00:00:00+05:30,11909.9,12094.8,11817.95,12067.95
NIFTY PHARMA,262409,2023-04-05 00:00:00+05:30,12081.45,12317.3,12043.6,12298.75
NIFTY PHARMA,262409,2023-04-11 00:00:00+05:30,12308.5,12606.65,12250.15,12403.6
NIFTY PHARMA,262409,2023-04-18 00:00:00+05:30,12413.95,12688.35,12354.95,12454.35
NIFTY PHARMA,262409,2023-04-25 00:00:00+05:30,12459.05,12625.5,12365.85,12613.95
NIFTY PHARMA,262409,2023-05-02 00:00:00+05:30,12618.75,12677.4,12549.2,12663.1
NIFTY PHARMA,262409,2023-05-09 00:00:00+05:30,12686.55,12760.9,12391.3,12487.4
NIFTY PHARMA,262409,2023-05-16 00:00:00+05:30,12512.15,12609.0,12040.65,12244.2
NIFTY PHARMA,262409,2023-05-23 00:00:00+05:30,12253.15,12644.2,12246.6,12624.2
NIFTY PHARMA,262409,2023-05-30 00:00:00+05:30,12632.25,12985.4,12561.6,12934.5
NIFTY PHARMA,262409,2023-06-06 00:00:00+05:30,12945.6,13087.6,12796.05,12856.05
NIFTY PHARMA,262409,2023-06-13 00:00:00+05:30,12898.2,13347.55,12879.75,13264.65
NIFTY PHARMA,262409,2023-06-20 00:00:00+05:30,13302.55,13406.0,13077.45,13388.6
NIFTY PHARMA,262409,2023-06-27 00:00:00+05:30,13421.65,13811.7,13359.6,13614.0
NIFTY PHARMA,262409,2023-07-04 00:00:00+05:30,13683.15,13917.55,13578.35,13751.8
NIFTY PHARMA,262409,2023-07-11 00:00:00+05:30,13795.55,14076.9,13780.45,14053.7
NIFTY PHARMA,262409,2023-07-18 00:00:00+05:30,14063.6,14405.15,13926.8,14332.05
NIFTY PHARMA,262409,2023-07-25 00:00:00+05:30,14406.8,15105.65,14345.95,14992.15
NIFTY PHARMA,262409,2023-08-01 00:00:00+05:30,15016.85,15498.1,14831.9,15479.25
NIFTY PHARMA,262409,2023-08-08 00:00:00+05:30,15555.3,15750.5,15207.0,15305.4
NIFTY PHARMA,262409,2023-08-16 00:00:00+05:30,15289.5,15450.6,15192.25,15333.35
NIFTY PHARMA,262409,2023-08-22 00:00:00+05:30,15334.55,15378.2,15000.05,15161.8
NIFTY PHARMA,262409,2023-08-29 00:00:00+05:30,15208.65,15256.55,14991.6,15052.6
NIFTY PHARMA,262409,2023-09-05 00:00:00+05:30,15099.35,15426.0,15052.6,15309.95
NIFTY PHARMA,262409,2023-09-12 00:00:00+05:30,15358.0,15667.45,15275.55,15503.45
NIFTY PHARMA,262409,2023-09-20 00:00:00+05:30,15498.75,15525.45,14980.45,15017.4
NIFTY PHARMA,262409,2023-09-26 00:00:00+05:30,15032.9,15513.65,14964.4,15422.75
NIFTY PHARMA,262409,2023-10-03 00:00:00+05:30,15425.65,15441.05,14985.0,15103.85
NIFTY PHARMA,262409,2023-10-10 00:00:00+05:30,15114.25,15269.65,15055.3,15164.75
NIFTY PHARMA,262409,2023-10-17 00:00:00+05:30,15222.6,15394.15,14882.05,14911.65
NIFTY PHARMA,262409,2023-10-25 00:00:00+05:30,14969.35,14990.6,14544.25,14775.6
NIFTY PHARMA,262409,2023-10-31 00:00:00+05:30,14826.75,15088.8,14629.2,15072.3
NIFTY PHARMA,262409,2023-11-07 00:00:00+05:30,15078.8,15607.85,15045.4,15497.15
NIFTY PHARMA,262409,2023-11-15 00:00:00+05:30,15596.1,15950.8,15472.55,15806.75
NIFTY PHARMA,262409,2023-11-21 00:00:00+05:30,15849.95,16175.25,15792.0,15954.5
NIFTY PHARMA,262409,2023-11-28 00:00:00+05:30,15980.8,16389.1,15884.35,16228.4
NIFTY PHARMA,262409,2023-12-05 00:00:00+05:30,16248.2,16365.6,15909.55,16039.9
NIFTY PHARMA,262409,2023-12-12 00:00:00+05:30,16109.8,16438.75,15914.3,16332.15
NIFTY PHARMA,262409,2023-12-19 00:00:00+05:30,16407.8,16500.9,15868.15,16394.35
NIFTY PHARMA,262409,2023-12-26 00:00:00+05:30,16418.6,16914.1,16385.7,16858.75
NIFTY PHARMA,262409,2024-01-02 00:00:00+05:30,16903.95,17529.85,16878.5,17195.95
NIFTY PHARMA,262409,2024-01-09 00:00:00+05:30,17319.25,17603.85,17240.35,17520.45
NIFTY PHARMA,262409,2024-01-16 00:00:00+05:30,17526.95,17531.85,16818.7,17233.8
NIFTY PHARMA,262409,2024-01-23 00:00:00+05:30,17361.95,17796.0,17347.35,17623.6
NIFTY PHARMA,262409,2024-01-30 00:00:00+05:30,17674.0,18379.8,17451.25,18292.95
NIFTY PHARMA,262409,2024-02-06 00:00:00+05:30,18301.3,18850.3,18286.9,18669.55
NIFTY PHARMA,262409,2024-02-13 00:00:00+05:30,18705.15,19079.3,18398.3,19037.7
NIFTY PHARMA,262409,2024-02-20 00:00:00+05:30,19059.55,19134.8,18755.65,18956.45
NIFTY PHARMA,262409,2024-02-27 00:00:00+05:30,18946.45,19158.7,18761.25,18960.2
NIFTY PHARMA,262409,2024-03-05 00:00:00+05:30,18965.25,19397.25,18811.3,19202.05
NIFTY PHARMA,262409,2024-03-12 00:00:00+05:30,19219.3,19322.55,18495.0,18814.35
NIFTY PHARMA,262409,2024-03-19 00:00:00+05:30,18820.85,18881.25,18189.95,18815.6
NIFTY PHARMA,262409,2024-03-26 00:00:00+05:30,18690.1,19234.2,18684.8,19207.9
NIFTY PHARMA,262409,2024-04-02 00:00:00+05:30,19235.15,19395.55,18952.65,19218.85
NIFTY PHARMA,262409,2024-04-09 00:00:00+05:30,19275.85,19286.0,18545.55,18617.65
NIFTY PHARMA,262409,2024-04-16 00:00:00+05:30,18571.9,18815.6,18298.25,18643.0
NIFTY PHARMA,262409,2024-04-23 00:00:00+05:30,18781.75,19153.2,18444.9,19096.9
NIFTY PHARMA,262409,2024-04-30 00:00:00+05:30,19168.8,19267.15,18938.85,19203.3
NIFTY PHARMA,262409,2024-05-07 00:00:00+05:30,19264.95,19270.0,18406.65,18939.0
NIFTY PHARMA,262409,2024-05-14 00:00:00+05:30,18956.75,19155.4,18727.25,19108.0
NIFTY PHARMA,262409,2024-05-21 00:00:00+05:30,19080.5,19422.2,18994.3,19111.95
NIFTY PHARMA,262409,2024-05-28 00:00:00+05:30,19171.3,19415.0,18732.35,18864.15
NIFTY PHARMA,262409,2024-06-04 00:00:00+05:30,18942.4,19809.9,17904.75,19774.7
NIFTY PHARMA,262409,2024-06-11 00:00:00+05:30,19853.65,19918.65,19658.05,19895.65
NIFTY PHARMA,262409,2024-06-18 00:00:00+05:30,19907.5,19927.9,19442.45,19521.15
NIFTY PHARMA,262409,2024-06-25 00:00:00+05:30,19579.9,19823.35,19414.9,19758.25
NIFTY PHARMA,262409,2024-07-02 00:00:00+05:30,19776.7,20575.35,19697.35,20325.8
NIFTY PHARMA,262409,2024-07-09 00:00:00+05:30,20396.7,20960.3,20308.0,20844.55
NIFTY PHARMA,262409,2024-07-16 00:00:00+05:30,20869.95,20913.5,20275.25,20641.55
NIFTY PHARMA,262409,2024-07-23 00:00:00+05:30,20644.85,21745.25,20329.45,21674.95
NIFTY PHARMA,262409,2024-07-30 00:00:00+05:30,21667.4,22005.1,21501.8,21583.05
NIFTY PHARMA,262409,2024-08-06 00:00:00+05:30,21669.65,22301.05,21537.45,22205.6
NIFTY PHARMA,262409,2024-08-13 00:00:00+05:30,22303.8,22326.55,21933.7,22237.85
NIFTY PHARMA,262409,2024-08-20 00:00:00+05:30,22313.95,22661.0,22179.75,22554.95
NIFTY PHARMA,262409,2024-08-27 00:00:00+05:30,22597.8,23384.85,22547.5,22987.45
NIFTY PHARMA,262409,2024-09-03 00:00:00+05:30,23035.1,23404.85,22884.55,23009.4
NIFTY PHARMA,262409,2024-09-10 00:00:00+05:30,23126.3,23573.85,23109.75,23448.75
NIFTY PHARMA,262409,2024-09-17 00:00:00+05:30,23472.95,23504.5,22802.6,23134.25
NIFTY PHARMA,262409,2024-09-24 00:00:00+05:30,23103.3,23578.5,23022.15,23281.2
NIFTY PHARMA,262409,2024-10-01 00:00:00+05:30,23294.25,23442.0,22852.7,22977.8
NIFTY PHARMA,262409,2024-10-08 00:00:00+05:30,22925.7,23907.9,22896.05,23680.0
NIFTY PHARMA,262409,2024-10-15 00:00:00+05:30,23727.05,23808.85,23074.55,23122.7
NIFTY PHARMA,262409,2024-10-22 00:00:00+05:30,23126.25,23206.45,22430.45,22857.25
NIFTY PHARMA,262409,2024-10-29 00:00:00+05:30,22978.65,23003.95,22216.95,22638.3
NIFTY PHARMA,262409,2024-11-05 00:00:00+05:30,22613.85,23032.55,22285.95,22344.25
NIFTY PHARMA,262409,2024-11-12 00:00:00+05:30,22317.6,22537.85,21475.95,21544.15
NIFTY PHARMA,262409,2024-11-19 00:00:00+05:30,21505.35,22275.7,21495.75,22177.05
NIFTY PHARMA,262409,2024-11-26 00:00:00+05:30,22231.75,22517.55,21649.5,22450.2
NIFTY PHARMA,262409,2024-12-03 00:00:00+05:30,22600.0,22603.9,22145.05,22309.1
NIFTY PHARMA,262409,2024-12-10 00:00:00+05:30,22392.4,22420.55,21798.0,22255.55
NIFTY PHARMA,262409,2024-12-17 00:00:00+05:30,22307.4,22791.0,22015.75,22572.05
NIFTY PHARMA,262409,2024-12-24 00:00:00+05:30,22603.1,23313.2,22451.2,23241.15
NIFTY PHARMA,262409,2024-12-31 00:00:00+05:30,23191.35,23604.45,22912.3,23073.05
NIFTY PHARMA,262409,2025-01-07 00:00:00+05:30,23116.8,23418.2,21848.55,21903.35
NIFTY PHARMA,262409,2025-01-14 00:00:00+05:30,21970.75,22288.55,21810.3,22182.4
NIFTY PHARMA,262409,2025-01-21 00:00:00+05:30,22195.75,22395.8,21225.65,21292.3
NIFTY PHARMA,262409,2025-01-28 00:00:00+05:30,21266.8,21670.45,20673.8,21361.6
NIFTY PHARMA,262409,2025-02-04 00:00:00+05:30,21486.85,22170.85,21459.65,21665.65
NIFTY PHARMA,262409,2025-02-11 00:00:00+05:30,21680.9,21704.95,20652.95,21076.0
NIFTY PHARMA,262409,2025-02-18 00:00:00+05:30,21060.55,21142.05,20222.15,20389.7
NIFTY PHARMA,262409,2025-02-25 00:00:00+05:30,20393.35,20500.85,19633.95,19879.8
NIFTY PHARMA,262409,2025-03-04 00:00:00+05:30,19795.2,20591.3,19635.15,20256.55
NIFTY PHARMA,262409,2025-03-11 00:00:00+05:30,20150.25,20775.55,20101.45,20703.95
NIFTY PHARMA,262409,2025-03-18 00:00:00+05:30,20807.8,21807.8,20712.25,21771.15
NIFTY PHARMA,262409,2025-03-25 00:00:00+05:30,21840.4,21869.0,20999.95,21137.45
NIFTY PHARMA,262409,2025-04-01 00:00:00+05:30,21085.5,21996.6,19121.1,19995.5
NIFTY PHARMA,262409,2025-04-08 00:00:00+05:30,20103.0,20684.75,19839.6,20461.9
NIFTY PHARMA,262409,2025-04-15 00:00:00+05:30,20823.2,21380.4,20665.25,21351.05
NIFTY PHARMA,262409,2025-04-22 00:00:00+05:30,21378.8,22116.25,21202.3,21908.1
NIFTY PHARMA,262409,2025-04-29 00:00:00+05:30,21948.1,21980.85,21495.05,21775.75
NIFTY PHARMA,262409,2025-05-06 00:00:00+05:30,21672.85,21700.3,20576.05,21102.7
NIFTY PHARMA,262409,2025-05-13 00:00:00+05:30,21226.3,22026.65,21176.75,21740.45
NIFTY PHARMA,262409,2025-05-20 00:00:00+05:30,21819.65,21947.5,21172.85,21501.8
NIFTY PHARMA,262409,2025-05-27 00:00:00+05:30,21520.35,21641.55,21261.0,21394.1
NIFTY PHARMA,262409,2025-06-03 00:00:00+05:30,21514.55,21840.95,21303.85,21826.8
NIFTY PHARMA,262409,2025-06-10 00:00:00+05:30,21886.4,22354.75,21742.05,22039.45
NIFTY PHARMA,262409,2025-06-17 00:00:00+05:30,22029.15,22057.15,21394.85,21626.2
NIFTY PHARMA,262409,2025-06-24 00:00:00+05:30,21728.2,22079.1,21655.75,22038.7
NIFTY PHARMA,262409,2025-07-01 00:00:00+05:30,22097.9,22418.2,21856.2,22365.05
NIFTY PHARMA,262409,2025-07-08 00:00:00+05:30,22383.4,22502.3,21973.75,22410.35
NIFTY PHARMA,262409,2025-07-15 00:00:00+05:30,22513.5,22794.2,22373.85,22531.85
NIFTY PHARMA,262409,2025-07-22 00:00:00+05:30,22529.1,22908.4,22275.5,22761.15
NIFTY PHARMA,262409,2025-07-29 00:00:00+05:30,22741.5,23162.45,21890.55,22153.8
NIFTY PHARMA,262409,2025-08-05 00:00:00+05:30,22142.65,22237.6,21324.05,21604.65
NIFTY PHARMA,262409,2025-08-12 00:00:00+05:30,21604.65,22370.45,21554.7,22141.15
NIFTY PHARMA,262409,2025-08-19 00:00:00+05:30,22167.1,22394.05,21867.75,22362.8
NIFTY PHARMA,262409,2025-08-26 00:00:00+05:30,22292.35,22292.35,21691.4,21778.85
NIFTY PHARMA,262409,2025-09-02 00:00:00+05:30,21813.95,22156.7,21676.55,21865.2
NIFTY PHARMA,262409,2025-09-09 00:00:00+05:30,21885.25,22399.25,21883.55,22198.7
NIFTY PHARMA,262409,2025-09-16 00:00:00+05:30,22240.0,22716.9,22194.6,22365.75
NIFTY PHARMA,262409,2025-09-23 00:00:00+05:30,22386.55,22434.75,21390.25,21475.3
NIFTY PHARMA,262409,2025-09-30 00:00:00+05:30,21509.05,21873.2,21365.9,21779.85
NIFTY PHARMA,262409,2025-10-07 00:00:00+05:30,21813.75,22324.6,21677.15,22205.1
NIFTY PHARMA,262409,2025-10-14 00:00:00+05:30,22223.15,22477.95,21924.85,22439.9
NIFTY PHARMA,262409,2025-10-21 00:00:00+05:30,22509.5,22667.45,22272.35,22310.4
NIFTY PHARMA,262409,2025-10-28 00:00:00+05:30,22316.85,22521.45,22105.4,22442.6
NIFTY PHARMA,262409,2025-11-04 00:00:00+05:30,22475.3,22494.9,22105.2,22379.85
NIFTY PHARMA,262409,2025-11-11 00:00:00+05:30,22426.7,22888.8,22265.15,22867.6
NIFTY PHARMA,262409,2025-11-18 00:00:00+05:30,22878.7,22882.55,22442.05,22492.45
NIFTY PHARMA,262409,2025-11-25 00:00:00+05:30,22521.9,23010.4,22480.0,22998.3
NIFTY AUTO,263433,2022-11-29 00:00:00+05:30,13048.7,13295.95,12972.3,13007.55
NIFTY AUTO,263433,2022-12-06 00:00:00+05:30,12963.3,13009.75,12764.65,12874.35
NIFTY AUTO,263433,2022-12-13 00:00:00+05:30,12921.5,13037.75,12702.7,12978.8
NIFTY AUTO,263433,2022-12-20 00:00:00+05:30,12948.45,12951.4,12140.7,12415.4
NIFTY AUTO,263433,2022-12-27 00:00:00+05:30,12483.0,12705.75,12409.4,12667.75
NIFTY AUTO,263433,2023-01-03 00:00:00+05:30,12664.15,12810.45,12467.8,12783.0
NIFTY AUTO,263433,2023-01-10 00:00:00+05:30,12844.4,12906.6,12694.85,12748.8
NIFTY AUTO,263433,2023-01-17 00:00:00+05:30,12769.0,12845.25,12673.8,12797.05
NIFTY AUTO,263433,2023-01-24 00:00:00+05:30,12840.4,13278.85,12818.8,13076.85
NIFTY AUTO,263433,2023-01-31 00:00:00+05:30,13160.8,13539.8,12972.35,13360.15
NIFTY AUTO,263433,2023-02-07 00:00:00+05:30,13379.35,13391.0,13074.15,13154.35
NIFTY AUTO,263433,2023-02-14 00:00:00+05:30,13184.95,13316.25,13087.4,13177.4
NIFTY AUTO,263433,2023-02-21 00:00:00+05:30,13222.45,13227.9,12566.05,12675.3
NIFTY AUTO,263433,2023-02-28 00:00:00+05:30,12714.8,12937.15,12689.4,12909.5
NIFTY AUTO,263433,2023-03-08 00:00:00+05:30,12882.95,13059.45,12410.1,12456.0
NIFTY AUTO,263433,2023-03-14 00:00:00+05:30,12475.2,12489.7,12025.4,12131.7
NIFTY AUTO,263433,2023-03-21 00:00:00+05:30,12165.05,12270.9,12015.85,12035.1
NIFTY AUTO,263433,2023-03-28 00:00:00+05:30,12066.9,12456.7,11901.85,12425.85
NIFTY AUTO,263433,2023-04-05 00:00:00+05:30,12428.5,12636.15,12312.75,12616.75
NIFTY AUTO,263433,2023-04-11 00:00:00+05:30,12679.15,13012.9,12640.4,12996.15
NIFTY AUTO,263433,2023-04-18 00:00:00+05:30,13021.45,13065.15,12838.2,12893.35
NIFTY AUTO,263433,2023-04-25 00:00:00+05:30,12916.95,13208.65,12869.1,13189.25
NIFTY AUTO,263433,2023-05-02 00:00:00+05:30,13212.3,13603.05,13147.9,13584.25
NIFTY AUTO,263433,2023-05-09 00:00:00+05:30,13631.15,14082.45,13600.05,14007.85
NIFTY AUTO,263433,2023-05-16 00:00:00+05:30,14046.4,14067.05,13647.6,13890.5
NIFTY AUTO,263433,2023-05-23 00:00:00+05:30,13907.55,14315.35,13884.7,14219.6
NIFTY AUTO,263433,2023-05-30 00:00:00+05:30,14241.15,14598.4,14107.7,14570.25
NIFTY AUTO,263433,2023-06-06 00:00:00+05:30,14609.0,14903.1,14594.3,14673.85
NIFTY AUTO,263433,2023-06-13 00:00:00+05:30,14714.25,14842.3,14635.9,14676.7
NIFTY AUTO,263433,2023-06-20 00:00:00+05:30,14683.9,14885.2,14527.6,14717.85
NIFTY AUTO,263433,2023-06-27 00:00:00+05:30,14764.6,15291.55,14694.9,15106.85
NIFTY AUTO,263433,2023-07-04 00:00:00+05:30,15180.9,15630.2,15010.1,15403.2
NIFTY AUTO,263433,2023-07-11 00:00:00+05:30,15486.55,15761.2,15456.45,15526.8
NIFTY AUTO,263433,2023-07-18 00:00:00+05:30,15558.35,15715.65,15434.4,15617.55
NIFTY AUTO,263433,2023-07-25 00:00:00+05:30,15689.15,15912.15,15466.9,15708.05
NIFTY AUTO,263433,2023-08-01 00:00:00+05:30,15720.95,15813.9,15218.6,15390.9
NIFTY AUTO,263433,2023-08-08 00:00:00+05:30,15430.85,15522.8,15122.95,15327.45
NIFTY AUTO,263433,2023-08-16 00:00:00+05:30,15330.7,15479.4,15218.9,15427.6
NIFTY AUTO,263433,2023-08-22 00:00:00+05:30,15445.85,15581.85,15293.9,15475.25
NIFTY AUTO,263433,2023-08-29 00:00:00+05:30,15515.3,16040.4,15472.65,15943.6
NIFTY AUTO,263433,2023-09-05 00:00:00+05:30,15966.45,16386.5,15842.8,16374.95
NIFTY AUTO,263433,2023-09-12 00:00:00+05:30,16417.65,16647.05,15926.2,16563.9
NIFTY AUTO,263433,2023-09-20 00:00:00+05:30,16495.2,16628.95,16129.05,16221.55
NIFTY AUTO,263433,2023-09-26 00:00:00+05:30,16241.55,16327.0,16041.5,16184.4
NIFTY AUTO,263433,2023-10-03 00:00:00+05:30,16315.35,16316.0,15715.9,15832.85
NIFTY AUTO,263433,2023-10-10 00:00:00+05:30,15892.25,16551.9,15877.05,16519.35
NIFTY AUTO,263433,2023-10-17 00:00:00+05:30,16585.7,16664.85,16253.75,16277.85
NIFTY AUTO,263433,2023-10-25 00:00:00+05:30,16297.55,16343.65,15831.8,16023.45
NIFTY AUTO,263433,2023-10-31 00:00:00+05:30,16139.25,16185.65,15807.95,16172.75
NIFTY AUTO,263433,2023-11-07 00:00:00+05:30,16171.4,16440.85,16116.6,16365.3
NIFTY AUTO,263433,2023-11-15 00:00:00+05:30,16522.65,16951.6,16421.75,16777.3
NIFTY AUTO,263433,2023-11-21 00:00:00+05:30,16824.65,17080.85,16758.3,17040.35
NIFTY AUTO,263433,2023-11-28 00:00:00+05:30,17092.0,17756.95,17047.1,17687.25
NIFTY AUTO,263433,2023-12-05 00:00:00+05:30,17728.85,18005.6,17663.3,17852.3
NIFTY AUTO,263433,2023-12-12 00:00:00+05:30,17927.4,18182.1,17630.65,18068.25
NIFTY AUTO,263433,2023-12-19 00:00:00+05:30,18112.25,18116.55,17294.35,17778.9
NIFTY AUTO,263433,2023-12-26 00:00:00+05:30,17841.9,18719.5,17806.9,18594.35
NIFTY AUTO,263433,2024-01-02 00:00:00+05:30,18651.35,18664.35,18175.5,18350.2
NIFTY AUTO,263433,2024-01-09 00:00:00+05:30,18542.45,18826.9,18384.45,18765.25
NIFTY AUTO,263433,2024-01-16 00:00:00+05:30,18749.1,18865.85,18142.5,18651.1
NIFTY AUTO,263433,2024-01-23 00:00:00+05:30,18649.6,18949.6,18143.75,18927.25
NIFTY AUTO,263433,2024-01-30 00:00:00+05:30,18993.65,19823.35,18859.1,19615.3
NIFTY AUTO,263433,2024-02-06 00:00:00+05:30,19731.2,20033.6,19364.5,19419.6
NIFTY AUTO,263433,2024-02-13 00:00:00+05:30,19504.95,20548.8,19235.9,20481.6
NIFTY AUTO,263433,2024-02-20 00:00:00+05:30,20459.35,20714.45,20181.0,20642.4
NIFTY AUTO,263433,2024-02-27 00:00:00+05:30,20633.4,21040.35,20230.2,20840.2
NIFTY AUTO,263433,2024-03-05 00:00:00+05:30,21003.1,21348.95,20888.8,21001.15
NIFTY AUTO,263433,2024-03-12 00:00:00+05:30,20999.3,21077.05,20066.8,20446.6
NIFTY AUTO,263433,2024-03-19 00:00:00+05:30,20398.45,21177.4,20258.1,21046.4
NIFTY AUTO,263433,2024-03-26 00:00:00+05:30,21018.5,21630.55,20974.75,21385.25
NIFTY AUTO,263433,2024-04-02 00:00:00+05:30,21494.2,22102.05,21373.2,22067.95
NIFTY AUTO,263433,2024-04-09 00:00:00+05:30,22185.8,22238.25,21445.0,21680.3
NIFTY AUTO,263433,2024-04-16 00:00:00+05:30,21536.9,21948.5,21144.75,21812.7
NIFTY AUTO,263433,2024-04-23 00:00:00+05:30,21897.95,22286.55,21806.15,22078.75
NIFTY AUTO,263433,2024-04-30 00:00:00+05:30,22184.8,22870.55,22181.1,22526.6
NIFTY AUTO,263433,2024-05-07 00:00:00+05:30,22582.35,22994.55,21959.3,22462.65
NIFTY AUTO,263433,2024-05-14 00:00:00+05:30,22476.8,23400.05,22435.7,23339.3
NIFTY AUTO,263433,2024-05-21 00:00:00+05:30,23322.95,24038.6,23201.95,23877.15
NIFTY AUTO,263433,2024-05-28 00:00:00+05:30,23894.65,24159.7,23314.05,23992.7
NIFTY AUTO,263433,2024-06-04 00:00:00+05:30,24000.95,25260.05,22026.3,25022.65
NIFTY AUTO,263433,2024-06-11 00:00:00+05:30,25075.25,25774.7,25008.2,25722.1
NIFTY AUTO,263433,2024-06-18 00:00:00+05:30,25844.7,25991.45,24861.3,25309.8
NIFTY AUTO,263433,2024-06-25 00:00:00+05:30,25363.65,25505.75,24841.85,25323.85
NIFTY AUTO,263433,2024-07-02 00:00:00+05:30,25397.3,25581.95,25039.15,25260.5
NIFTY AUTO,263433,2024-07-09 00:00:00+05:30,25389.7,25906.1,25094.1,25419.8
NIFTY AUTO,263433,2024-07-16 00:00:00+05:30,25510.25,25605.5,24689.8,25250.75
NIFTY AUTO,263433,2024-07-23 00:00:00+05:30,25361.75,26460.65,24473.8,26426.55
NIFTY AUTO,263433,2024-07-30 00:00:00+05:30,26468.85,26934.05,24509.25,24706.5
NIFTY AUTO,263433,2024-08-06 00:00:00+05:30,24909.05,25445.0,24464.5,25278.95
NIFTY AUTO,263433,2024-08-13 00:00:00+05:30,25330.45,25732.1,25021.1,25368.75
NIFTY AUTO,263433,2024-08-20 00:00:00+05:30,25480.75,25995.75,25377.6,25941.45
NIFTY AUTO,263433,2024-08-27 00:00:00+05:30,25960.7,26289.35,25671.25,26071.4
NIFTY AUTO,263433,2024-09-03 00:00:00+05:30,26140.85,26141.75,25259.25,25495.25
NIFTY AUTO,263433,2024-09-10 00:00:00+05:30,25539.5,25915.55,25191.0,25829.65
NIFTY AUTO,263433,2024-09-17 00:00:00+05:30,25903.35,26825.55,25602.2,26805.4
NIFTY AUTO,263433,2024-09-24 00:00:00+05:30,26700.8,27696.1,26696.6,27027.2
NIFTY AUTO,263433,2024-10-01 00:00:00+05:30,27099.8,27228.1,25544.8,25807.15
NIFTY AUTO,263433,2024-10-08 00:00:00+05:30,25731.85,26764.15,25612.45,26463.55
NIFTY AUTO,263433,2024-10-15 00:00:00+05:30,26619.0,26626.1,24699.35,25251.85
NIFTY AUTO,263433,2024-10-22 00:00:00+05:30,25297.45,25316.45,23519.8,23964.45
NIFTY AUTO,263433,2024-10-29 00:00:00+05:30,23941.65,24068.9,23258.15,23573.2
NIFTY AUTO,263433,2024-11-05 00:00:00+05:30,23553.15,24243.8,23462.45,23729.45
NIFTY AUTO,263433,2024-11-12 00:00:00+05:30,23744.7,23865.6,22659.05,23043.85
NIFTY AUTO,263433,2024-11-19 00:00:00+05:30,23052.55,24111.95,23051.6,23716.45
NIFTY AUTO,263433,2024-11-26 00:00:00+05:30,23762.55,23800.15,23091.8,23599.6
NIFTY AUTO,263433,2024-12-03 00:00:00+05:30,23692.75,23986.05,23438.55,23775.05
NIFTY AUTO,263433,2024-12-10 00:00:00+05:30,23806.8,23947.2,23292.1,23790.5
NIFTY AUTO,263433,2024-12-17 00:00:00+05:30,23705.1,23834.0,22488.3,22557.75
NIFTY AUTO,263433,2024-12-24 00:00:00+05:30,22565.45,23461.95,22510.6,22768.25
NIFTY AUTO,263433,2024-12-31 00:00:00+05:30,22713.6,24173.25,22641.0,23482.2
NIFTY AUTO,263433,2025-01-07 00:00:00+05:30,23513.95,23634.35,22351.0,22382.25
NIFTY AUTO,263433,2025-01-14 00:00:00+05:30,22416.5,23063.7,22415.95,22671.8
NIFTY AUTO,263433,2025-01-21 00:00:00+05:30,22727.7,22881.95,21835.6,21970.45
NIFTY AUTO,263433,2025-01-28 00:00:00+05:30,22061.2,23519.7,21867.8,23327.0
NIFTY AUTO,263433,2025-02-04 00:00:00+05:30,23607.5,23800.9,23082.2,23112.65
NIFTY AUTO,263433,2025-02-11 00:00:00+05:30,23053.8,23068.15,21610.15,21951.85
NIFTY AUTO,263433,2025-02-18 00:00:00+05:30,21973.7,22092.8,21291.3,21552.5
NIFTY AUTO,263433,2025-02-25 00:00:00+05:30,21616.05,21786.3,20368.85,20538.15
NIFTY AUTO,263433,2025-03-04 00:00:00+05:30,20295.8,21197.0,20174.85,20752.8
NIFTY AUTO,263433,2025-03-11 00:00:00+05:30,20616.9,20926.35,20480.75,20741.15
NIFTY AUTO,263433,2025-03-18 00:00:00+05:30,20859.2,21993.95,20836.05,21938.7
NIFTY AUTO,263433,2025-03-25 00:00:00+05:30,22050.9,22092.4,21200.75,21295.5
NIFTY AUTO,263433,2025-04-01 00:00:00+05:30,21177.0,21543.8,19316.65,19815.55
NIFTY AUTO,263433,2025-04-08 00:00:00+05:30,20141.65,20637.95,19805.25,20548.65
NIFTY AUTO,263433,2025-04-15 00:00:00+05:30,21023.95,21848.15,20929.75,21826.0
NIFTY AUTO,263433,2025-04-22 00:00:00+05:30,21837.05,22541.9,21729.8,22352.95
NIFTY AUTO,263433,2025-04-29 00:00:00+05:30,22442.65,22732.45,22091.15,22699.2
NIFTY AUTO,263433,2025-05-06 00:00:00+05:30,22964.95,23427.35,22220.7,23400.45
NIFTY AUTO,263433,2025-05-13 00:00:00+05:30,23293.05,24174.15,22947.65,24052.6
NIFTY AUTO,263433,2025-05-20 00:00:00+05:30,24111.5,24138.7,23291.4,23763.15
NIFTY AUTO,263433,2025-05-27 00:00:00+05:30,23785.5,23795.25,23147.2,23327.05
NIFTY AUTO,263433,2025-06-03 00:00:00+05:30,23399.8,23882.8,23169.7,23777.15
NIFTY AUTO,263433,2025-06-10 00:00:00+05:30,23869.75,23984.7,22915.65,23368.25
NIFTY AUTO,263433,2025-06-17 00:00:00+05:30,23407.55,23720.25,23130.05,23461.15
NIFTY AUTO,263433,2025-06-24 00:00:00+05:30,23670.95,24142.7,23572.35,23872.55
NIFTY AUTO,263433,2025-07-01 00:00:00+05:30,23927.2,24202.3,23745.8,23943.9
NIFTY AUTO,263433,2025-07-08 00:00:00+05:30,23958.7,24002.3,23433.3,23552.0
NIFTY AUTO,263433,2025-07-15 00:00:00+05:30,23588.85,24182.25,23576.05,24055.0
NIFTY AUTO,263433,2025-07-22 00:00:00+05:30,24067.65,24226.4,23670.9,23693.0
NIFTY AUTO,263433,2025-07-29 00:00:00+05:30,23663.0,23936.9,23378.9,23787.5
NIFTY AUTO,263433,2025-08-05 00:00:00+05:30,23806.3,23927.85,23439.05,23723.75
NIFTY AUTO,263433,2025-08-12 00:00:00+05:30,23741.1,25281.95,23732.45,25127.2
NIFTY AUTO,263433,2025-08-19 00:00:00+05:30,25172.5,25562.5,25031.2,25423.4
NIFTY AUTO,263433,2025-08-26 00:00:00+05:30,25396.7,25685.4,24891.75,25660.0
NIFTY AUTO,263433,2025-09-02 00:00:00+05:30,25710.8,27266.45,25529.9,27189.2
NIFTY AUTO,263433,2025-09-09 00:00:00+05:30,27199.45,27330.5,26676.85,26760.65
NIFTY AUTO,263433,2025-09-16 00:00:00+05:30,26849.35,27418.0,26818.15,27154.3
NIFTY AUTO,263433,2025-09-23 00:00:00+05:30,27355.4,27725.75,26393.05,26436.55
NIFTY AUTO,263433,2025-09-30 00:00:00+05:30,26451.65,26886.75,26328.05,26857.2
NIFTY AUTO,263433,2025-10-07 00:00:00+05:30,26856.4,27087.35,26365.65,26698.15
NIFTY AUTO,263433,2025-10-14 00:00:00+05:30,26749.9,27403.9,26495.95,27185.45
NIFTY AUTO,263433,2025-10-21 00:00:00+05:30,27285.4,27480.75,27018.65,27263.65
NIFTY AUTO,263433,2025-10-28 00:00:00+05:30,27277.35,27412.65,26710.3,26841.8
NIFTY AUTO,263433,2025-11-04 00:00:00+05:30,26822.95,26954.05,26285.35,26859.85
NIFTY AUTO,263433,2025-11-11 00:00:00+05:30,26990.6,27554.2,26735.8,27472.65
NIFTY AUTO,263433,2025-11-18 00:00:00+05:30,27483.15,27720.1,27270.55,27442.2
NIFTY AUTO,263433,2025-11-25 00:00:00+05:30,27444.95,27832.6,27335.55,27774.6
NIFTY METAL,263689,2022-11-29 00:00:00+05:30,6390.8,6835.35,6386.25,6819.75
NIFTY METAL,263689,2022-12-06 00:00:00+05:30,6795.85,6814.75,6592.4,6708.15
NIFTY METAL,263689,2022-12-13 00:00:00+05:30,6739.35,6827.85,6615.75,6742.45
NIFTY METAL,263689,2022-12-20 00:00:00+05:30,6720.05,6802.95,6194.5,6364.6
NIFTY METAL,263689,2022-12-27 00:00:00+05:30,6422.45,6907.35,6411.65,6886.65
NIFTY METAL,263689,2023-01-03 00:00:00+05:30,6897.25,6907.35,6668.2,6792.9
NIFTY METAL,263689,2023-01-10 00:00:00+05:30,6820.55,6905.3,6657.5,6779.25
NIFTY METAL,263689,2023-01-17 00:00:00+05:30,6776.5,6919.6,6709.1,6777.85
NIFTY METAL,263689,2023-01-24 00:00:00+05:30,6800.25,6808.85,6221.15,6371.65
NIFTY METAL,263689,2023-01-31 00:00:00+05:30,6426.5,6551.2,5580.25,5772.4
NIFTY METAL,263689,2023-02-07 00:00:00+05:30,5695.3,5999.1,5657.55,5704.75
NIFTY METAL,263689,2023-02-14 00:00:00+05:30,5739.1,5906.8,5658.75,5762.95
NIFTY METAL,263689,2023-02-21 00:00:00+05:30,5797.6,5824.6,5231.9,5313.75
NIFTY METAL,263689,2023-02-28 00:00:00+05:30,5308.3,5799.6,5209.35,5679.55
NIFTY METAL,263689,2023-03-08 00:00:00+05:30,5670.3,5776.15,5548.15,5585.25
NIFTY METAL,263689,2023-03-14 00:00:00+05:30,5603.5,5651.95,5409.7,5470.85
NIFTY METAL,263689,2023-03-21 00:00:00+05:30,5514.1,5556.8,5358.35,5372.85
NIFTY METAL,263689,2023-03-28 00:00:00+05:30,5398.65,5546.9,5304.45,5477.85
NIFTY METAL,263689,2023-04-05 00:00:00+05:30,5472.8,5603.1,5436.05,5570.25
NIFTY METAL,263689,2023-04-11 00:00:00+05:30,5601.45,5741.1,5590.3,5734.5
NIFTY METAL,263689,2023-04-18 00:00:00+05:30,5745.6,5839.9,5644.2,5703.3
NIFTY METAL,263689,2023-04-25 00:00:00+05:30,5704.1,5805.35,5668.5,5799.4
NIFTY METAL,263689,2023-05-02 00:00:00+05:30,5828.4,5911.25,5787.1,5845.65
NIFTY METAL,263689,2023-05-09 00:00:00+05:30,5856.25,5914.2,5625.75,5701.75
NIFTY METAL,263689,2023-05-16 00:00:00+05:30,5732.7,5806.6,5544.95,5797.5
NIFTY METAL,263689,2023-05-23 00:00:00+05:30,5855.8,6016.25,5786.85,5991.2
NIFTY METAL,263689,2023-05-30 00:00:00+05:30,6001.85,6013.3,5848.4,5975.9
NIFTY METAL,263689,2023-06-06 00:00:00+05:30,6002.85,6149.25,5943.55,6076.3
NIFTY METAL,263689,2023-06-13 00:00:00+05:30,6110.45,6285.2,6088.25,6203.5
NIFTY METAL,263689,2023-06-20 00:00:00+05:30,6214.1,6279.4,5988.6,6083.1
NIFTY METAL,263689,2023-06-27 00:00:00+05:30,6117.1,6308.75,6112.45,6275.45
NIFTY METAL,263689,2023-07-04 00:00:00+05:30,6301.65,6408.5,6243.1,6385.1
NIFTY METAL,263689,2023-07-11 00:00:00+05:30,6405.65,6554.85,6327.7,6500.55
NIFTY METAL,263689,2023-07-18 00:00:00+05:30,6511.4,6541.0,6384.6,6395.55
NIFTY METAL,263689,2023-07-25 00:00:00+05:30,6426.2,6767.85,6411.35,6758.2
NIFTY METAL,263689,2023-08-01 00:00:00+05:30,6793.85,6819.85,6532.75,6622.15
NIFTY METAL,263689,2023-08-08 00:00:00+05:30,6635.05,6747.1,6513.1,6545.95
NIFTY METAL,263689,2023-08-16 00:00:00+05:30,6534.65,6587.85,6433.55,6578.4
NIFTY METAL,263689,2023-08-22 00:00:00+05:30,6606.35,6708.2,6510.05,6533.3
NIFTY METAL,263689,2023-08-29 00:00:00+05:30,6559.65,7042.55,6536.25,7007.05
NIFTY METAL,263689,2023-09-05 00:00:00+05:30,7021.7,7114.8,6934.9,7104.4
NIFTY METAL,263689,2023-09-12 00:00:00+05:30,7167.1,7168.5,6851.5,6957.8
NIFTY METAL,263689,2023-09-20 00:00:00+05:30,6945.0,6980.1,6721.6,6754.25
NIFTY METAL,263689,2023-09-26 00:00:00+05:30,6776.95,6869.95,6690.45,6839.3
NIFTY METAL,263689,2023-10-03 00:00:00+05:30,6833.5,6837.4,6586.7,6647.15
NIFTY METAL,263689,2023-10-10 00:00:00+05:30,6674.9,6914.85,6666.9,6882.8
NIFTY METAL,263689,2023-10-17 00:00:00+05:30,6927.6,6967.6,6480.1,6494.0
NIFTY METAL,263689,2023-10-25 00:00:00+05:30,6552.25,6610.15,6348.7,6467.95
NIFTY METAL,263689,2023-10-31 00:00:00+05:30,6521.55,6577.95,6346.3,6567.1
NIFTY METAL,263689,2023-11-07 00:00:00+05:30,6575.7,6739.75,6545.95,6714.1
NIFTY METAL,263689,2023-11-15 00:00:00+05:30,6782.45,6853.55,6747.55,6771.55
NIFTY METAL,263689,2023-11-21 00:00:00+05:30,6817.45,6891.2,6768.2,6874.25
NIFTY METAL,263689,2023-11-28 00:00:00+05:30,6949.05,7275.55,6922.7,7202.6
NIFTY METAL,263689,2023-12-05 00:00:00+05:30,7203.3,7512.65,7197.25,7439.7
NIFTY METAL,263689,2023-12-12 00:00:00+05:30,7457.75,7790.3,7411.4,7768.55
NIFTY METAL,263689,2023-12-19 00:00:00+05:30,7788.85,7799.05,7310.45,7652.65
NIFTY METAL,263689,2023-12-26 00:00:00+05:30,7698.05,8055.6,7674.65,7999.8
NIFTY METAL,263689,2024-01-02 00:00:00+05:30,8017.95,8045.95,7737.4,7747.0
NIFTY METAL,263689,2024-01-09 00:00:00+05:30,7819.7,7945.1,7729.75,7864.1
NIFTY METAL,263689,2024-01-16 00:00:00+05:30,7889.05,7973.2,7484.95,7752.5
NIFTY METAL,263689,2024-01-23 00:00:00+05:30,7780.55,7853.95,7470.15,7843.75
NIFTY METAL,263689,2024-01-30 00:00:00+05:30,7880.95,8226.45,7852.6,8109.55
NIFTY METAL,263689,2024-02-06 00:00:00+05:30,8137.2,8348.25,7863.25,7901.65
NIFTY METAL,263689,2024-02-13 00:00:00+05:30,7806.5,8035.5,7547.2,7981.25
NIFTY METAL,263689,2024-02-20 00:00:00+05:30,8004.55,8118.9,7904.5,7971.75
NIFTY METAL,263689,2024-02-27 00:00:00+05:30,7987.5,8375.25,7812.0,8318.95
NIFTY METAL,263689,2024-03-05 00:00:00+05:30,8324.8,8436.55,8097.2,8250.75
NIFTY METAL,263689,2024-03-12 00:00:00+05:30,8256.2,8273.5,7578.35,7996.9
NIFTY METAL,263689,2024-03-19 00:00:00+05:30,7992.6,8169.45,7770.9,8130.8
NIFTY METAL,263689,2024-03-26 00:00:00+05:30,8109.1,8571.95,8103.7,8562.7
NIFTY METAL,263689,2024-04-02 00:00:00+05:30,8573.0,8813.05,8527.75,8794.65
NIFTY METAL,263689,2024-04-09 00:00:00+05:30,8832.9,9060.8,8744.8,8899.7
NIFTY METAL,263689,2024-04-16 00:00:00+05:30,8864.6,9041.35,8670.5,8931.2
NIFTY METAL,263689,2024-04-23 00:00:00+05:30,8972.7,9377.1,8879.45,9268.8
NIFTY METAL,263689,2024-04-30 00:00:00+05:30,9326.6,9401.55,9078.25,9189.75
NIFTY METAL,263689,2024-05-07 00:00:00+05:30,9223.25,9223.8,8789.95,9094.8
NIFTY METAL,263689,2024-05-14 00:00:00+05:30,9148.75,9633.3,9135.5,9608.8
NIFTY METAL,263689,2024-05-21 00:00:00+05:30,9671.45,10060.25,9645.3,9866.4
NIFTY METAL,263689,2024-05-28 00:00:00+05:30,9910.65,10195.6,9517.4,10048.55
NIFTY METAL,263689,2024-06-04 00:00:00+05:30,9986.4,9988.2,8534.95,9795.85
NIFTY METAL,263689,2024-06-11 00:00:00+05:30,9813.3,9937.85,9777.1,9912.1
NIFTY METAL,263689,2024-06-18 00:00:00+05:30,9957.3,10042.85,9747.05,9926.85
NIFTY METAL,263689,2024-06-25 00:00:00+05:30,9961.9,9994.5,9646.1,9882.8
NIFTY METAL,263689,2024-07-02 00:00:00+05:30,9901.95,10027.95,9798.35,9877.35
NIFTY METAL,263689,2024-07-09 00:00:00+05:30,9923.55,9957.7,9600.1,9729.6
NIFTY METAL,263689,2024-07-16 00:00:00+05:30,9775.0,9821.9,9154.55,9350.6
NIFTY METAL,263689,2024-07-23 00:00:00+05:30,9383.6,9520.35,8964.05,9450.3
NIFTY METAL,263689,2024-07-30 00:00:00+05:30,9441.55,9759.6,8797.6,8862.5
NIFTY METAL,263689,2024-08-06 00:00:00+05:30,8955.55,9152.05,8865.0,9106.25
NIFTY METAL,263689,2024-08-13 00:00:00+05:30,9164.1,9173.35,8727.8,9161.95
NIFTY METAL,263689,2024-08-20 00:00:00+05:30,9224.9,9512.2,9132.7,9490.75
NIFTY METAL,263689,2024-08-27 00:00:00+05:30,9499.9,9518.45,9266.65,9307.15
NIFTY METAL,263689,2024-09-03 00:00:00+05:30,9331.4,9344.05,8993.35,9099.0
NIFTY METAL,263689,2024-09-10 00:00:00+05:30,9140.65,9500.85,9010.25,9427.7
NIFTY METAL,263689,2024-09-17 00:00:00+05:30,9445.35,9466.35,9122.95,9454.85
NIFTY METAL,263689,2024-09-24 00:00:00+05:30,9531.35,10263.65,9522.15,10198.35
NIFTY METAL,263689,2024-10-01 00:00:00+05:30,10214.25,10322.05,9778.9,9886.3
NIFTY METAL,263689,2024-10-08 00:00:00+05:30,9817.55,10062.65,9574.7,9905.0
NIFTY METAL,263689,2024-10-15 00:00:00+05:30,9938.6,9956.35,9484.2,9606.8
NIFTY METAL,263689,2024-10-22 00:00:00+05:30,9597.1,9627.0,8924.55,9278.4
NIFTY METAL,263689,2024-10-29 00:00:00+05:30,9297.7,9427.85,9097.3,9242.9
NIFTY METAL,263689,2024-11-05 00:00:00+05:30,9245.5,9671.25,9166.3,9216.25
NIFTY METAL,263689,2024-11-12 00:00:00+05:30,9266.15,9304.45,8802.2,8996.65
NIFTY METAL,263689,2024-11-19 00:00:00+05:30,9017.35,9067.8,8652.15,8883.0
NIFTY METAL,263689,2024-11-26 00:00:00+05:30,8907.3,9143.6,8864.1,9133.6
NIFTY METAL,263689,2024-12-03 00:00:00+05:30,9175.05,9462.4,9154.65,9455.25
NIFTY METAL,263689,2024-12-10 00:00:00+05:30,9496.95,9605.35,9239.1,9347.75
NIFTY METAL,263689,2024-12-17 00:00:00+05:30,9332.8,9357.3,8788.95,8891.4
NIFTY METAL,263689,2024-12-24 00:00:00+05:30,8875.3,8897.0,8584.0,8609.85
NIFTY METAL,263689,2024-12-31 00:00:00+05:30,8590.7,8817.15,8430.5,8455.5
NIFTY METAL,263689,2025-01-07 00:00:00+05:30,8464.05,8595.05,7935.35,7951.35
NIFTY METAL,263689,2025-01-14 00:00:00+05:30,7978.15,8643.45,7977.9,8613.35
NIFTY METAL,263689,2025-01-21 00:00:00+05:30,8661.6,8696.45,8170.25,8189.8
NIFTY METAL,263689,2025-01-28 00:00:00+05:30,8218.05,8443.9,7979.55,8155.15
NIFTY METAL,263689,2025-02-04 00:00:00+05:30,8229.15,8611.9,8227.8,8359.25
NIFTY METAL,263689,2025-02-11 00:00:00+05:30,8302.15,8460.8,8028.8,8250.2
NIFTY METAL,263689,2025-02-18 00:00:00+05:30,8263.1,8657.3,8119.8,8422.8
NIFTY METAL,263689,2025-02-25 00:00:00+05:30,8413.65,8437.0,8085.55,8316.3
NIFTY METAL,263689,2025-03-04 00:00:00+05:30,8197.2,9042.8,8157.9,8850.3
NIFTY METAL,263689,2025-03-11 00:00:00+05:30,8739.9,8972.6,8715.15,8845.25
NIFTY METAL,263689,2025-03-18 00:00:00+05:30,8923.0,9305.55,8892.45,9262.85
NIFTY METAL,263689,2025-03-25 00:00:00+05:30,9291.35,9299.15,9045.1,9092.5
NIFTY METAL,263689,2025-04-01 00:00:00+05:30,9015.85,9127.05,7690.2,7846.35
NIFTY METAL,263689,2025-04-08 00:00:00+05:30,8080.9,8229.0,7764.45,8168.3
NIFTY METAL,263689,2025-04-15 00:00:00+05:30,8332.4,8674.0,8282.85,8653.5
NIFTY METAL,263689,2025-04-22 00:00:00+05:30,8759.15,8833.75,8487.4,8689.9
NIFTY METAL,263689,2025-04-29 00:00:00+05:30,8711.3,8762.4,8458.6,8600.15
NIFTY METAL,263689,2025-05-06 00:00:00+05:30,8622.1,8925.65,8256.2,8914.25
NIFTY METAL,263689,2025-05-13 00:00:00+05:30,8907.9,9251.55,8814.8,9210.75
NIFTY METAL,263689,2025-05-20 00:00:00+05:30,9285.65,9379.5,9111.0,9336.45
NIFTY METAL,263689,2025-05-27 00:00:00+05:30,9338.85,9384.45,9047.95,9128.55
NIFTY METAL,263689,2025-06-03 00:00:00+05:30,9148.3,9523.9,9064.65,9477.0
NIFTY METAL,263689,2025-06-10 00:00:00+05:30,9522.4,9581.8,9156.9,9358.25
NIFTY METAL,263689,2025-06-17 00:00:00+05:30,9349.9,9366.9,8997.35,9198.55
NIFTY METAL,263689,2025-06-24 00:00:00+05:30,9290.7,9678.45,9261.15,9534.8
NIFTY METAL,263689,2025-07-01 00:00:00+05:30,9551.95,9786.15,9453.3,9522.15
NIFTY METAL,263689,2025-07-08 00:00:00+05:30,9524.25,9560.2,9266.65,9407.95
NIFTY METAL,263689,2025-07-15 00:00:00+05:30,9430.9,9585.35,9334.05,9555.5
NIFTY METAL,263689,2025-07-22 00:00:00+05:30,9576.25,9644.75,9288.5,9316.45
NIFTY METAL,263689,2025-07-29 00:00:00+05:30,9279.65,9464.6,9086.35,9327.85
NIFTY METAL,263689,2025-08-05 00:00:00+05:30,9347.15,9374.3,9127.25,9194.8
NIFTY METAL,263689,2025-08-12 00:00:00+05:30,9163.15,9424.75,9160.5,9387.5
NIFTY METAL,263689,2025-08-19 00:00:00+05:30,9412.6,9538.95,9363.15,9436.75
NIFTY METAL,263689,2025-08-26 00:00:00+05:30,9412.85,9414.6,9132.2,9305.3
NIFTY METAL,263689,2025-09-02 00:00:00+05:30,9318.9,9816.95,9269.7,9717.85
NIFTY METAL,263689,2025-09-09 00:00:00+05:30,9733.3,9951.45,9683.65,9891.0
NIFTY METAL,263689,2025-09-16 00:00:00+05:30,9917.1,10079.95,9833.8,10029.1
NIFTY METAL,263689,2025-09-23 00:00:00+05:30,10044.9,10187.35,9871.8,9923.1
NIFTY METAL,263689,2025-09-30 00:00:00+05:30,9978.45,10346.95,9952.05,10185.5
NIFTY METAL,263689,2025-10-07 00:00:00+05:30,10193.85,10373.3,10089.05,10217.45
NIFTY METAL,263689,2025-10-14 00:00:00+05:30,10291.85,10340.8,10053.9,10191.85
NIFTY METAL,263689,2025-10-21 00:00:00+05:30,10236.85,10477.6,10215.3,10467.15
NIFTY METAL,263689,2025-10-28 00:00:00+05:30,10465.85,10837.45,10455.3,10652.8
NIFTY METAL,263689,2025-11-04 00:00:00+05:30,10651.6,10670.55,10184.55,10484.5
NIFTY METAL,263689,2025-11-11 00:00:00+05:30,10538.75,10721.3,10418.5,10495.85
NIFTY METAL,263689,2025-11-18 00:00:00+05:30,10481.5,10483.0,9997.9,10017.9
NIFTY METAL,263689,2025-11-25 00:00:00+05:30,10039.65,10379.6,10027.9,10293.05
NIFTY MEDIA,263945,2022-11-29 00:00:00+05:30,2098.7,2201.2,2085.4,2191.5
NIFTY MEDIA,263945,2022-12-06 00:00:00+05:30,2185.25,2191.45,2121.55,2143.2
NIFTY MEDIA,263945,2022-12-13 00:00:00+05:30,2150.9,2175.15,2085.25,2099.1
NIFTY MEDIA,263945,2022-12-20 00:00:00+05:30,2098.6,2102.1,1887.65,1958.5
NIFTY MEDIA,263945,2022-12-27 00:00:00+05:30,1972.75,2018.55,1963.3,2015.35
NIFTY MEDIA,263945,2023-01-03 00:00:00+05:30,2015.0,2045.75,1935.35,1955.8
NIFTY MEDIA,263945,2023-01-10 00:00:00+05:30,1958.55,1979.05,1928.65,1945.5
NIFTY MEDIA,263945,2023-01-17 00:00:00+05:30,1944.6,1951.55,1883.1,1891.0
NIFTY MEDIA,263945,2023-01-24 00:00:00+05:30,1898.55,1904.0,1832.75,1854.7
NIFTY MEDIA,263945,2023-01-31 00:00:00+05:30,1858.4,1917.4,1821.35,1862.8
NIFTY MEDIA,263945,2023-02-07 00:00:00+05:30,1867.2,1896.0,1832.45,1836.05
NIFTY MEDIA,263945,2023-02-14 00:00:00+05:30,1827.2,1860.05,1799.8,1819.05
NIFTY MEDIA,263945,2023-02-21 00:00:00+05:30,1824.4,1826.4,1654.4,1663.85
NIFTY MEDIA,263945,2023-02-28 00:00:00+05:30,1681.9,1774.8,1670.8,1750.5
NIFTY MEDIA,263945,2023-03-08 00:00:00+05:30,1754.0,1769.3,1672.05,1684.45
NIFTY MEDIA,263945,2023-03-14 00:00:00+05:30,1684.2,1743.3,1648.65,1722.75
NIFTY MEDIA,263945,2023-03-21 00:00:00+05:30,1727.7,1759.6,1670.6,1677.35
NIFTY MEDIA,263945,2023-03-28 00:00:00+05:30,1676.65,1722.8,1636.65,1711.7
NIFTY MEDIA,263945,2023-04-05 00:00:00+05:30,1714.05,1743.95,1707.15,1734.9
NIFTY MEDIA,263945,2023-04-11 00:00:00+05:30,1740.65,1751.85,1705.5,1715.8
NIFTY MEDIA,263945,2023-04-18 00:00:00+05:30,1711.2,1718.2,1670.05,1684.3
NIFTY MEDIA,263945,2023-04-25 00:00:00+05:30,1685.7,1719.95,1658.3,1714.85
NIFTY MEDIA,263945,2023-05-02 00:00:00+05:30,1721.05,1743.2,1692.95,1697.45
NIFTY MEDIA,263945,2023-05-09 00:00:00+05:30,1701.85,1739.45,1686.05,1736.55
NIFTY MEDIA,263945,2023-05-16 00:00:00+05:30,1736.5,1737.75,1655.15,1665.0
NIFTY MEDIA,263945,2023-05-23 00:00:00+05:30,1666.6,1745.25,1665.6,1738.45
NIFTY MEDIA,263945,2023-05-30 00:00:00+05:30,1741.95,1817.2,1737.5,1800.15
NIFTY MEDIA,263945,2023-06-06 00:00:00+05:30,1803.65,1817.7,1761.15,1783.5
NIFTY MEDIA,263945,2023-06-13 00:00:00+05:30,1769.7,1836.45,1761.9,1790.1
NIFTY MEDIA,263945,2023-06-20 00:00:00+05:30,1790.6,1814.65,1727.7,1742.4
NIFTY MEDIA,263945,2023-06-27 00:00:00+05:30,1749.65,1771.8,1736.45,1752.75
NIFTY MEDIA,263945,2023-07-04 00:00:00+05:30,1766.5,1910.35,1757.35,1877.55
NIFTY MEDIA,263945,2023-07-11 00:00:00+05:30,1892.7,2004.15,1843.95,1988.15
NIFTY MEDIA,263945,2023-07-18 00:00:00+05:30,2003.2,2007.45,1942.0,1980.5
NIFTY MEDIA,263945,2023-07-25 00:00:00+05:30,1985.6,2072.15,1958.0,2061.5
NIFTY MEDIA,263945,2023-08-01 00:00:00+05:30,2068.3,2080.75,2007.95,2043.35
NIFTY MEDIA,263945,2023-08-08 00:00:00+05:30,2055.2,2269.4,2039.8,2219.15
NIFTY MEDIA,263945,2023-08-16 00:00:00+05:30,2233.8,2264.1,2223.55,2245.05
NIFTY MEDIA,263945,2023-08-22 00:00:00+05:30,2252.85,2306.6,2242.6,2273.55
NIFTY MEDIA,263945,2023-08-29 00:00:00+05:30,2283.15,2337.5,2283.05,2332.7
NIFTY MEDIA,263945,2023-09-05 00:00:00+05:30,2344.9,2465.95,2332.7,2406.75
NIFTY MEDIA,263945,2023-09-12 00:00:00+05:30,2413.5,2419.1,2287.05,2297.25
NIFTY MEDIA,263945,2023-09-20 00:00:00+05:30,2288.15,2315.75,2269.2,2275.3
NIFTY MEDIA,263945,2023-09-26 00:00:00+05:30,2277.3,2289.45,2219.6,2268.2
NIFTY MEDIA,263945,2023-10-03 00:00:00+05:30,2269.75,2304.35,2225.3,2236.85
NIFTY MEDIA,263945,2023-10-10 00:00:00+05:30,2253.85,2359.55,2248.5,2314.45
NIFTY MEDIA,263945,2023-10-17 00:00:00+05:30,2325.1,2343.2,2178.75,2189.45
NIFTY MEDIA,263945,2023-10-25 00:00:00+05:30,2203.05,2220.65,2092.25,2179.3
NIFTY MEDIA,263945,2023-10-31 00:00:00+05:30,2187.8,2298.4,2177.2,2282.0
NIFTY MEDIA,263945,2023-11-07 00:00:00+05:30,2286.2,2287.45,2216.9,2237.8
NIFTY MEDIA,263945,2023-11-15 00:00:00+05:30,2259.95,2299.05,2242.55,2262.15
NIFTY MEDIA,263945,2023-11-21 00:00:00+05:30,2268.6,2310.1,2261.45,2283.45
NIFTY MEDIA,263945,2023-11-28 00:00:00+05:30,2291.45,2384.85,2266.65,2337.3
NIFTY MEDIA,263945,2023-12-05 00:00:00+05:30,2348.05,2443.25,2286.9,2426.7
NIFTY MEDIA,263945,2023-12-12 00:00:00+05:30,2435.95,2484.5,2381.05,2465.75
NIFTY MEDIA,263945,2023-12-19 00:00:00+05:30,2454.05,2493.4,2306.2,2390.5
NIFTY MEDIA,263945,2023-12-26 00:00:00+05:30,2407.2,2442.5,2350.45,2430.6
NIFTY MEDIA,263945,2024-01-02 00:00:00+05:30,2438.45,2501.85,2392.95,2469.9
NIFTY MEDIA,263945,2024-01-09 00:00:00+05:30,2421.25,2508.6,2361.45,2399.55
NIFTY MEDIA,263945,2024-01-16 00:00:00+05:30,2410.0,2459.65,2309.25,2372.7
NIFTY MEDIA,263945,2024-01-23 00:00:00+05:30,2306.25,2321.85,2057.55,2134.7
NIFTY MEDIA,263945,2024-01-30 00:00:00+05:30,2148.35,2201.15,2117.85,2124.2
NIFTY MEDIA,263945,2024-02-06 00:00:00+05:30,2132.0,2217.45,2083.95,2094.05
NIFTY MEDIA,263945,2024-02-13 00:00:00+05:30,2100.0,2188.65,2035.45,2173.65
NIFTY MEDIA,263945,2024-02-20 00:00:00+05:30,2210.5,2264.85,2092.1,2156.4
NIFTY MEDIA,263945,2024-02-27 00:00:00+05:30,2158.25,2167.8,2011.65,2017.15
NIFTY MEDIA,263945,2024-03-05 00:00:00+05:30,2011.9,2012.8,1907.5,1930.5
NIFTY MEDIA,263945,2024-03-12 00:00:00+05:30,1930.55,1932.4,1767.3,1843.5
NIFTY MEDIA,263945,2024-03-19 00:00:00+05:30,1841.75,1858.8,1768.7,1849.8
NIFTY MEDIA,263945,2024-03-26 00:00:00+05:30,1855.2,1885.75,1790.85,1880.05
NIFTY MEDIA,263945,2024-04-02 00:00:00+05:30,1891.5,1947.75,1881.45,1901.5
NIFTY MEDIA,263945,2024-04-09 00:00:00+05:30,1913.95,1919.65,1822.05,1846.1
NIFTY MEDIA,263945,2024-04-16 00:00:00+05:30,1827.4,1911.4,1826.85,1875.1
NIFTY MEDIA,263945,2024-04-23 00:00:00+05:30,1879.5,1937.95,1872.7,1912.35
NIFTY MEDIA,263945,2024-04-30 00:00:00+05:30,1920.85,1931.6,1806.65,1811.15
NIFTY MEDIA,263945,2024-05-07 00:00:00+05:30,1813.35,1828.65,1742.95,1768.55
NIFTY MEDIA,263945,2024-05-14 00:00:00+05:30,1776.5,1842.8,1767.5,1834.35
NIFTY MEDIA,263945,2024-05-21 00:00:00+05:30,1836.75,1906.5,1820.35,1878.6
NIFTY MEDIA,263945,2024-05-28 00:00:00+05:30,1882.15,1950.0,1851.85,1929.05
NIFTY MEDIA,263945,2024-06-04 00:00:00+05:30,1934.3,2011.5,1717.4,2007.4
NIFTY MEDIA,263945,2024-06-11 00:00:00+05:30,2018.55,2093.3,2010.45,2057.85
NIFTY MEDIA,263945,2024-06-18 00:00:00+05:30,2067.8,2071.1,1999.35,2001.6
NIFTY MEDIA,263945,2024-06-25 00:00:00+05:30,2016.8,2049.0,1986.25,2040.6
NIFTY MEDIA,263945,2024-07-02 00:00:00+05:30,2051.95,2078.15,2028.35,2039.95
NIFTY MEDIA,263945,2024-07-09 00:00:00+05:30,2042.2,2118.05,1983.3,2105.8
NIFTY MEDIA,263945,2024-07-16 00:00:00+05:30,2114.9,2124.15,1936.6,1953.7
NIFTY MEDIA,263945,2024-07-23 00:00:00+05:30,1955.6,2124.65,1887.45,2113.05
NIFTY MEDIA,263945,2024-07-30 00:00:00+05:30,2117.15,2169.25,1993.7,2004.2
NIFTY MEDIA,263945,2024-08-06 00:00:00+05:30,2022.9,2109.6,2000.7,2058.55
NIFTY MEDIA,263945,2024-08-13 00:00:00+05:30,2063.75,2106.05,2012.15,2080.75
NIFTY MEDIA,263945,2024-08-20 00:00:00+05:30,2088.2,2117.85,2060.05,2064.3
NIFTY MEDIA,263945,2024-08-27 00:00:00+05:30,2064.15,2174.55,2062.85,2094.55
NIFTY MEDIA,263945,2024-09-03 00:00:00+05:30,2095.4,2103.9,2021.9,2052.2
NIFTY MEDIA,263945,2024-09-10 00:00:00+05:30,2062.1,2143.9,2059.05,2139.5
NIFTY MEDIA,263945,2024-09-17 00:00:00+05:30,2139.7,2143.9,2045.55,2077.85
NIFTY MEDIA,263945,2024-09-24 00:00:00+05:30,2082.8,2158.1,2075.0,2138.5
NIFTY MEDIA,263945,2024-10-01 00:00:00+05:30,2138.7,2182.35,1990.85,1995.3
NIFTY MEDIA,263945,2024-10-08 00:00:00+05:30,1993.55,2101.0,1988.7,2056.5
NIFTY MEDIA,263945,2024-10-15 00:00:00+05:30,2063.25,2087.45,1981.3,1984.35
NIFTY MEDIA,263945,2024-10-22 00:00:00+05:30,1990.95,1991.65,1877.0,1931.5
NIFTY MEDIA,263945,2024-10-29 00:00:00+05:30,1934.2,2038.25,1906.95,1983.55
NIFTY MEDIA,263945,2024-11-05 00:00:00+05:30,1974.6,2028.2,1931.3,1935.15
NIFTY MEDIA,263945,2024-11-12 00:00:00+05:30,1938.7,1962.3,1873.95,1898.95
NIFTY MEDIA,263945,2024-11-19 00:00:00+05:30,1909.05,1979.4,1880.05,1927.35
NIFTY MEDIA,263945,2024-11-26 00:00:00+05:30,1934.55,2022.05,1923.2,2017.25
NIFTY MEDIA,263945,2024-12-03 00:00:00+05:30,2029.5,2095.65,2021.05,2035.15
NIFTY MEDIA,263945,2024-12-10 00:00:00+05:30,2035.55,2043.4,1927.95,1981.65
NIFTY MEDIA,263945,2024-12-17 00:00:00+05:30,1988.7,2019.55,1875.55,1880.45
NIFTY MEDIA,263945,2024-12-24 00:00:00+05:30,1886.05,1893.9,1815.55,1819.05
NIFTY MEDIA,263945,2024-12-31 00:00:00+05:30,1816.35,1878.15,1801.3,1811.35
NIFTY MEDIA,263945,2025-01-07 00:00:00+05:30,1811.3,1849.65,1653.5,1664.5
NIFTY MEDIA,263945,2025-01-14 00:00:00+05:30,1673.0,1728.4,1672.95,1719.4
NIFTY MEDIA,263945,2025-01-21 00:00:00+05:30,1722.95,1735.65,1558.7,1565.65
NIFTY MEDIA,263945,2025-01-28 00:00:00+05:30,1572.35,1621.7,1523.3,1609.8
NIFTY MEDIA,263945,2025-02-04 00:00:00+05:30,1612.25,1662.85,1574.3,1583.1
NIFTY MEDIA,263945,2025-02-11 00:00:00+05:30,1579.4,1582.7,1460.9,1481.6
NIFTY MEDIA,263945,2025-02-18 00:00:00+05:30,1481.35,1525.95,1456.9,1477.75
NIFTY MEDIA,263945,2025-02-25 00:00:00+05:30,1478.2,1504.85,1344.4,1371.55
NIFTY MEDIA,263945,2025-03-04 00:00:00+05:30,1362.35,1507.95,1348.0,1485.15
NIFTY MEDIA,263945,2025-03-11 00:00:00+05:30,1469.8,1495.4,1424.4,1428.5
NIFTY MEDIA,263945,2025-03-18 00:00:00+05:30,1439.75,1576.4,1436.4,1548.7
NIFTY MEDIA,263945,2025-03-25 00:00:00+05:30,1557.3,1561.05,1469.65,1475.25
NIFTY MEDIA,263945,2025-04-01 00:00:00+05:30,1474.3,1547.05,1365.55,1429.9
NIFTY MEDIA,263945,2025-04-08 00:00:00+05:30,1457.35,1514.1,1446.95,1503.8
NIFTY MEDIA,263945,2025-04-15 00:00:00+05:30,1520.0,1603.8,1512.7,1596.25
NIFTY MEDIA,263945,2025-04-22 00:00:00+05:30,1601.75,1616.85,1532.15,1559.95
NIFTY MEDIA,263945,2025-04-29 00:00:00+05:30,1568.35,1578.4,1499.75,1531.1
NIFTY MEDIA,263945,2025-05-06 00:00:00+05:30,1529.95,1598.8,1482.1,1590.1
NIFTY MEDIA,263945,2025-05-13 00:00:00+05:30,1590.35,1694.1,1577.15,1671.6
NIFTY MEDIA,263945,2025-05-20 00:00:00+05:30,1674.8,1695.6,1642.3,1691.5
NIFTY MEDIA,263945,2025-05-27 00:00:00+05:30,1692.6,1729.9,1683.6,1716.75
NIFTY MEDIA,263945,2025-06-03 00:00:00+05:30,1726.9,1750.65,1703.85,1713.0
NIFTY MEDIA,263945,2025-06-10 00:00:00+05:30,1727.9,1757.25,1688.15,1735.95
NIFTY MEDIA,263945,2025-06-17 00:00:00+05:30,1746.75,1757.5,1652.0,1748.4
NIFTY MEDIA,263945,2025-06-24 00:00:00+05:30,1759.65,1770.85,1725.25,1754.45
NIFTY MEDIA,263945,2025-07-01 00:00:00+05:30,1758.0,1781.45,1716.35,1743.55
NIFTY MEDIA,263945,2025-07-08 00:00:00+05:30,1747.8,1754.85,1688.3,1727.5
NIFTY MEDIA,263945,2025-07-15 00:00:00+05:30,1733.65,1780.25,1730.15,1773.9
NIFTY MEDIA,263945,2025-07-22 00:00:00+05:30,1777.8,1786.15,1620.15,1624.5
NIFTY MEDIA,263945,2025-07-29 00:00:00+05:30,1626.95,1651.75,1600.2,1641.15
NIFTY MEDIA,263945,2025-08-05 00:00:00+05:30,1641.95,1656.25,1611.45,1637.7
NIFTY MEDIA,263945,2025-08-12 00:00:00+05:30,1640.15,1670.65,1639.5,1649.45
NIFTY MEDIA,263945,2025-08-19 00:00:00+05:30,1656.3,1674.4,1617.9,1626.25
NIFTY MEDIA,263945,2025-08-26 00:00:00+05:30,1623.2,1629.25,1597.7,1606.85
NIFTY MEDIA,263945,2025-09-02 00:00:00+05:30,1610.65,1637.65,1605.35,1621.2
NIFTY MEDIA,263945,2025-09-09 00:00:00+05:30,1625.1,1640.05,1606.35,1613.7
NIFTY MEDIA,263945,2025-09-16 00:00:00+05:30,1620.4,1643.8,1615.85,1627.3
NIFTY MEDIA,263945,2025-09-23 00:00:00+05:30,1631.0,1634.85,1556.55,1562.1
NIFTY MEDIA,263945,2025-09-30 00:00:00+05:30,1559.3,1612.05,1538.15,1590.4
NIFTY MEDIA,263945,2025-10-07 00:00:00+05:30,1593.0,1595.5,1550.55,1563.35
NIFTY MEDIA,263945,2025-10-14 00:00:00+05:30,1569.05,1569.8,1512.15,1532.85
NIFTY MEDIA,263945,2025-10-21 00:00:00+05:30,1542.15,1555.6,1529.15,1536.15
NIFTY MEDIA,263945,2025-10-28 00:00:00+05:30,1536.95,1568.35,1533.7,1541.0
NIFTY MEDIA,263945,2025-11-04 00:00:00+05:30,1540.55,1552.15,1469.65,1474.15
NIFTY MEDIA,263945,2025-11-11 00:00:00+05:30,1478.35,1504.1,1463.8,1485.65
NIFTY MEDIA,263945,2025-11-18 00:00:00+05:30,1489.4,1490.25,1429.25,1436.5
NIFTY MEDIA,263945,2025-11-25 00:00:00+05:30,1434.3,1485.6,1417.95,1468.25
NIFTY PVT BANK,271113,2022-11-29 00:00:00+05:30,21848.35,22156.25,21820.25,22056.85
NIFTY PVT BANK,271113,2022-12-06 00:00:00+05:30,21949.8,22242.1,21813.4,22169.5
NIFTY PVT BANK,271113,2022-12-13 00:00:00+05:30,22219.9,22491.65,21962.9,22164.3
NIFTY PVT BANK,271113,2022-12-20 00:00:00+05:30,22033.05,22200.65,21060.1,21638.0
NIFTY PVT BANK,271113,2022-12-27 00:00:00+05:30,21739.6,22094.75,21513.7,21999.5
NIFTY PVT BANK,271113,2023-01-03 00:00:00+05:30,21968.0,22222.6,21343.4,21700.4
NIFTY PVT BANK,271113,2023-01-10 00:00:00+05:30,21727.7,21780.4,21273.1,21487.3
NIFTY PVT BANK,271113,2023-01-17 00:00:00+05:30,21540.6,21869.8,21322.1,21739.15
NIFTY PVT BANK,271113,2023-01-24 00:00:00+05:30,21824.3,21857.85,20136.65,20645.7
NIFTY PVT BANK,271113,2023-01-31 00:00:00+05:30,20717.65,21447.15,20216.65,21168.55
NIFTY PVT BANK,271113,2023-02-07 00:00:00+05:30,21237.5,21333.1,21018.2,21088.8
NIFTY PVT BANK,271113,2023-02-14 00:00:00+05:30,21148.1,21416.75,20726.2,20778.9
NIFTY PVT BANK,271113,2023-02-21 00:00:00+05:30,20817.55,20897.05,20203.35,20558.0
NIFTY PVT BANK,271113,2023-02-28 00:00:00+05:30,20559.4,21195.45,20478.75,21022.95
NIFTY PVT BANK,271113,2023-03-08 00:00:00+05:30,20940.7,21201.95,20044.7,20104.85
NIFTY PVT BANK,271113,2023-03-14 00:00:00+05:30,20089.0,20298.5,19592.9,19956.7
NIFTY PVT BANK,271113,2023-03-21 00:00:00+05:30,20075.0,20449.0,19919.8,19996.8
NIFTY PVT BANK,271113,2023-03-28 00:00:00+05:30,20056.5,20795.45,19927.2,20774.2
NIFTY PVT BANK,271113,2023-04-05 00:00:00+05:30,20865.45,20951.25,20662.5,20723.9
NIFTY PVT BANK,271113,2023-04-11 00:00:00+05:30,20909.15,21565.4,20778.75,21366.4
NIFTY PVT BANK,271113,2023-04-18 00:00:00+05:30,21438.35,21637.75,21245.5,21557.35
NIFTY PVT BANK,271113,2023-04-25 00:00:00+05:30,21618.4,21922.2,21489.7,21885.75
NIFTY PVT BANK,271113,2023-05-02 00:00:00+05:30,21976.4,22127.65,21436.15,21843.3
NIFTY PVT BANK,271113,2023-05-09 00:00:00+05:30,21923.6,22418.75,21732.15,22375.65
NIFTY PVT BANK,271113,2023-05-16 00:00:00+05:30,22407.0,22407.0,22028.95,22257.25
NIFTY PVT BANK,271113,2023-05-23 00:00:00+05:30,22298.05,22561.8,22025.85,22452.45
NIFTY PVT BANK,271113,2023-05-30 00:00:00+05:30,22442.6,22614.15,22266.95,22509.45
NIFTY PVT BANK,271113,2023-06-06 00:00:00+05:30,22536.5,22673.35,22374.55,22457.9
NIFTY PVT BANK,271113,2023-06-13 00:00:00+05:30,22440.2,22619.5,22182.15,22291.1
NIFTY PVT BANK,271113,2023-06-20 00:00:00+05:30,22263.65,22476.65,22159.85,22302.9
NIFTY PVT BANK,271113,2023-06-27 00:00:00+05:30,22392.35,23207.85,22324.2,23064.6
NIFTY PVT BANK,271113,2023-07-04 00:00:00+05:30,23140.9,23256.1,22761.05,22842.2
NIFTY PVT BANK,271113,2023-07-11 00:00:00+05:30,22914.1,23297.2,22751.1,23224.95
NIFTY PVT BANK,271113,2023-07-18 00:00:00+05:30,23379.0,23652.3,23150.4,23497.45
NIFTY PVT BANK,271113,2023-07-25 00:00:00+05:30,23601.7,23778.25,23181.7,23411.1
NIFTY PVT BANK,271113,2023-08-01 00:00:00+05:30,23477.45,23511.1,22780.15,23201.85
NIFTY PVT BANK,271113,2023-08-08 00:00:00+05:30,23223.3,23335.05,22615.1,22819.55
NIFTY PVT BANK,271113,2023-08-16 00:00:00+05:30,22644.2,22800.25,22556.45,22752.1
NIFTY PVT BANK,271113,2023-08-22 00:00:00+05:30,22815.0,23348.2,22763.2,23125.1
NIFTY PVT BANK,271113,2023-08-29 00:00:00+05:30,23210.7,23267.35,22806.9,23205.05
NIFTY PVT BANK,271113,2023-09-05 00:00:00+05:30,23233.75,23704.5,23022.0,23668.8
NIFTY PVT BANK,271113,2023-09-12 00:00:00+05:30,23847.2,23955.0,23423.4,23715.25
NIFTY PVT BANK,271113,2023-09-20 00:00:00+05:30,23463.95,23644.5,22940.25,23155.0
NIFTY PVT BANK,271113,2023-09-26 00:00:00+05:30,23134.2,23223.1,22876.5,23101.9
NIFTY PVT BANK,271113,2023-10-03 00:00:00+05:30,23100.25,23103.05,22674.05,22743.2
NIFTY PVT BANK,271113,2023-10-10 00:00:00+05:30,22819.35,23221.6,22801.6,23036.35
NIFTY PVT BANK,271113,2023-10-17 00:00:00+05:30,23227.4,23227.9,22414.15,22475.95
NIFTY PVT BANK,271113,2023-10-25 00:00:00+05:30,22542.4,22601.45,21871.9,22340.9
NIFTY PVT BANK,271113,2023-10-31 00:00:00+05:30,22504.65,22692.7,22085.5,22671.6
NIFTY PVT BANK,271113,2023-11-07 00:00:00+05:30,22655.7,22953.6,22496.3,22863.5
NIFTY PVT BANK,271113,2023-11-15 00:00:00+05:30,23137.35,23142.3,22596.6,22681.25
NIFTY PVT BANK,271113,2023-11-21 00:00:00+05:30,22784.0,22813.45,22515.7,22791.8
NIFTY PVT BANK,271113,2023-11-28 00:00:00+05:30,22831.9,24128.05,22762.3,24102.4
NIFTY PVT BANK,271113,2023-12-05 00:00:00+05:30,24353.7,24707.9,24117.25,24555.0
NIFTY PVT BANK,271113,2023-12-12 00:00:00+05:30,24608.7,24973.85,24313.05,24785.35
NIFTY PVT BANK,271113,2023-12-19 00:00:00+05:30,24834.65,24907.45,24184.3,24485.3
NIFTY PVT BANK,271113,2023-12-26 00:00:00+05:30,24533.8,25009.9,24450.7,24855.35
NIFTY PVT BANK,271113,2024-01-02 00:00:00+05:30,24834.85,24950.65,24428.7,24484.45
NIFTY PVT BANK,271113,2024-01-09 00:00:00+05:30,24608.05,24927.9,24266.1,24884.5
NIFTY PVT BANK,271113,2024-01-16 00:00:00+05:30,24860.15,24969.6,23468.0,23692.05
NIFTY PVT BANK,271113,2024-01-23 00:00:00+05:30,23955.0,23989.45,22837.3,23403.0
NIFTY PVT BANK,271113,2024-01-30 00:00:00+05:30,23426.15,23956.45,23171.9,23419.8
NIFTY PVT BANK,271113,2024-02-06 00:00:00+05:30,23454.7,23472.8,22390.1,22532.7
NIFTY PVT BANK,271113,2024-02-13 00:00:00+05:30,22631.35,23397.85,22507.7,23296.5
NIFTY PVT BANK,271113,2024-02-20 00:00:00+05:30,23207.95,23691.4,23167.75,23317.2
NIFTY PVT BANK,271113,2024-02-27 00:00:00+05:30,23277.4,23816.0,22849.0,23779.7
NIFTY PVT BANK,271113,2024-03-05 00:00:00+05:30,23684.9,24066.95,23559.55,23595.0
NIFTY PVT BANK,271113,2024-03-12 00:00:00+05:30,23622.35,23834.65,23035.5,23292.8
NIFTY PVT BANK,271113,2024-03-19 00:00:00+05:30,23212.3,23515.55,22932.8,23452.6
NIFTY PVT BANK,271113,2024-03-26 00:00:00+05:30,23303.25,23833.55,23299.55,23797.9
NIFTY PVT BANK,271113,2024-04-02 00:00:00+05:30,23761.5,24350.55,23653.3,24287.1
NIFTY PVT BANK,271113,2024-04-09 00:00:00+05:30,24412.65,24542.95,23882.65,23916.15
NIFTY PVT BANK,271113,2024-04-16 00:00:00+05:30,23738.0,24077.75,23287.6,23974.05
NIFTY PVT BANK,271113,2024-04-23 00:00:00+05:30,24148.0,24578.45,23867.75,24551.05
NIFTY PVT BANK,271113,2024-04-30 00:00:00+05:30,24587.25,24830.95,24167.1,24398.45
NIFTY PVT BANK,271113,2024-05-07 00:00:00+05:30,24421.65,24456.95,23348.15,23753.0
NIFTY PVT BANK,271113,2024-05-14 00:00:00+05:30,23748.6,23983.8,23555.65,23969.8
NIFTY PVT BANK,271113,2024-05-21 00:00:00+05:30,23839.2,24638.85,23551.85,24435.1
NIFTY PVT BANK,271113,2024-05-28 00:00:00+05:30,24490.15,25187.95,23943.35,25032.45
NIFTY PVT BANK,271113,2024-06-04 00:00:00+05:30,24914.75,24914.75,22919.35,24684.9
NIFTY PVT BANK,271113,2024-06-11 00:00:00+05:30,24662.95,24893.75,24548.4,24777.05
NIFTY PVT BANK,271113,2024-06-18 00:00:00+05:30,24890.0,25942.7,24714.0,25781.05
NIFTY PVT BANK,271113,2024-06-25 00:00:00+05:30,25794.4,26542.5,25784.85,26210.0
NIFTY PVT BANK,271113,2024-07-02 00:00:00+05:30,26318.05,26653.55,25888.7,26200.25
NIFTY PVT BANK,271113,2024-07-09 00:00:00+05:30,26177.75,26419.8,25853.95,26148.7
NIFTY PVT BANK,271113,2024-07-16 00:00:00+05:30,26147.05,26315.5,25802.8,26015.0
NIFTY PVT BANK,271113,2024-07-23 00:00:00+05:30,26151.15,26170.85,25095.75,25588.6
NIFTY PVT BANK,271113,2024-07-30 00:00:00+05:30,25564.65,25900.2,24857.65,25031.35
NIFTY PVT BANK,271113,2024-08-06 00:00:00+05:30,25180.0,25368.25,24830.15,25256.85
NIFTY PVT BANK,271113,2024-08-13 00:00:00+05:30,25189.9,25350.55,24822.55,25134.7
NIFTY PVT BANK,271113,2024-08-20 00:00:00+05:30,25167.9,25677.45,25156.05,25603.45
NIFTY PVT BANK,271113,2024-08-27 00:00:00+05:30,25629.05,25816.1,25496.4,25752.05
NIFTY PVT BANK,271113,2024-09-03 00:00:00+05:30,25780.3,25903.05,25216.25,25613.5
NIFTY PVT BANK,271113,2024-09-10 00:00:00+05:30,25710.1,26236.05,25561.35,26207.1
NIFTY PVT BANK,271113,2024-09-17 00:00:00+05:30,26267.1,27211.25,26178.05,27122.6
NIFTY PVT BANK,271113,2024-09-24 00:00:00+05:30,27140.25,27280.6,26473.4,26501.85
NIFTY PVT BANK,271113,2024-10-01 00:00:00+05:30,26439.95,26631.7,24924.65,25119.05
NIFTY PVT BANK,271113,2024-10-08 00:00:00+05:30,25256.1,25960.05,25095.6,25916.25
NIFTY PVT BANK,271113,2024-10-15 00:00:00+05:30,25985.55,26060.15,25403.65,25703.5
NIFTY PVT BANK,271113,2024-10-22 00:00:00+05:30,25786.75,25858.4,24969.55,25235.35
NIFTY PVT BANK,271113,2024-10-29 00:00:00+05:30,25285.45,25672.2,24966.8,25012.5
NIFTY PVT BANK,271113,2024-11-05 00:00:00+05:30,24929.05,25607.8,24829.55,25318.25
NIFTY PVT BANK,271113,2024-11-12 00:00:00+05:30,25381.8,25491.6,24439.1,24644.4
NIFTY PVT BANK,271113,2024-11-19 00:00:00+05:30,24744.05,25547.7,24545.25,25487.0
NIFTY PVT BANK,271113,2024-11-26 00:00:00+05:30,25639.25,25689.1,25156.6,25339.95
NIFTY PVT BANK,271113,2024-12-03 00:00:00+05:30,25464.15,26110.9,25386.95,25884.0
NIFTY PVT BANK,271113,2024-12-10 00:00:00+05:30,25860.05,26029.2,25297.0,25971.55
NIFTY PVT BANK,271113,2024-12-17 00:00:00+05:30,25878.6,25931.35,24535.05,24833.35
NIFTY PVT BANK,271113,2024-12-24 00:00:00+05:30,24812.05,25279.6,24647.25,24761.6
NIFTY PVT BANK,271113,2024-12-31 00:00:00+05:30,24612.0,25272.4,24397.5,24489.8
NIFTY PVT BANK,271113,2025-01-07 00:00:00+05:30,24548.55,24708.1,23648.8,23722.6
NIFTY PVT BANK,271113,2025-01-14 00:00:00+05:30,23839.35,24358.4,23558.25,24242.65
NIFTY PVT BANK,271113,2025-01-21 00:00:00+05:30,24314.4,24314.4,23508.05,23634.35
NIFTY PVT BANK,271113,2025-01-28 00:00:00+05:30,23878.4,24626.85,23769.7,24265.45
NIFTY PVT BANK,271113,2025-02-04 00:00:00+05:30,24404.45,25025.75,24362.1,24870.9
NIFTY PVT BANK,271113,2025-02-11 00:00:00+05:30,24796.45,24873.05,24228.75,24549.6
NIFTY PVT BANK,271113,2025-02-18 00:00:00+05:30,24524.15,24802.55,24165.1,24382.2
NIFTY PVT BANK,271113,2025-02-25 00:00:00+05:30,24383.4,24577.65,23950.05,24125.95
NIFTY PVT BANK,271113,2025-03-04 00:00:00+05:30,24028.55,24401.85,24020.6,24151.65
NIFTY PVT BANK,271113,2025-03-11 00:00:00+05:30,23951.7,24232.6,23783.15,24181.05
NIFTY PVT BANK,271113,2025-03-18 00:00:00+05:30,24389.9,25901.55,24319.55,25842.85
NIFTY PVT BANK,271113,2025-03-25 00:00:00+05:30,25948.1,26041.75,25530.15,25733.35
NIFTY PVT BANK,271113,2025-04-01 00:00:00+05:30,25573.35,25784.35,24399.85,24768.55
NIFTY PVT BANK,271113,2025-04-08 00:00:00+05:30,25031.85,25506.3,24829.95,25388.2
NIFTY PVT BANK,271113,2025-04-15 00:00:00+05:30,25983.9,27853.85,25796.85,27727.3
NIFTY PVT BANK,271113,2025-04-22 00:00:00+05:30,27759.0,28050.4,26916.15,27578.2
NIFTY PVT BANK,271113,2025-04-29 00:00:00+05:30,27613.5,27819.35,27087.75,27177.2
NIFTY PVT BANK,271113,2025-05-06 00:00:00+05:30,27247.95,27735.15,26742.05,27675.7
NIFTY PVT BANK,271113,2025-05-13 00:00:00+05:30,27623.85,27796.25,27161.45,27640.9
NIFTY PVT BANK,271113,2025-05-20 00:00:00+05:30,27652.4,27837.8,27117.5,27659.6
NIFTY PVT BANK,271113,2025-05-27 00:00:00+05:30,27603.85,27802.65,27354.1,27670.1
NIFTY PVT BANK,271113,2025-06-03 00:00:00+05:30,27725.35,28185.05,27237.45,28120.4
NIFTY PVT BANK,271113,2025-06-10 00:00:00+05:30,28200.7,28207.3,27320.2,27765.6
NIFTY PVT BANK,271113,2025-06-17 00:00:00+05:30,27768.6,28020.0,27549.6,27931.15
NIFTY PVT BANK,271113,2025-06-24 00:00:00+05:30,28162.85,28577.65,28019.65,28254.6
NIFTY PVT BANK,271113,2025-07-01 00:00:00+05:30,28289.15,28385.05,27844.25,28055.7
NIFTY PVT BANK,271113,2025-07-08 00:00:00+05:30,28122.45,28327.65,27960.6,28060.7
NIFTY PVT BANK,271113,2025-07-15 00:00:00+05:30,28055.5,28213.6,27481.5,27881.0
NIFTY PVT BANK,271113,2025-07-22 00:00:00+05:30,28021.3,28076.4,27099.0,27148.25
NIFTY PVT BANK,271113,2025-07-29 00:00:00+05:30,27067.05,27315.7,26824.15,26955.45
NIFTY PVT BANK,271113,2025-08-05 00:00:00+05:30,26940.25,26998.65,26513.3,26779.0
NIFTY PVT BANK,271113,2025-08-12 00:00:00+05:30,26741.4,27097.1,26540.3,26924.2
NIFTY PVT BANK,271113,2025-08-19 00:00:00+05:30,26858.0,27118.5,26653.7,26696.5
NIFTY PVT BANK,271113,2025-08-26 00:00:00+05:30,26627.7,26658.2,26026.85,26272.45
NIFTY PVT BANK,271113,2025-09-02 00:00:00+05:30,26284.35,26496.25,26036.35,26334.8
NIFTY PVT BANK,271113,2025-09-09 00:00:00+05:30,26401.65,26820.8,26286.5,26718.7
NIFTY PVT BANK,271113,2025-09-16 00:00:00+05:30,26680.6,27174.1,26680.6,26915.05
NIFTY PVT BANK,271113,2025-09-23 00:00:00+05:30,26906.55,27098.35,26316.4,26411.3
NIFTY PVT BANK,271113,2025-09-30 00:00:00+05:30,26525.45,27524.15,26380.5,27490.55
NIFTY PVT BANK,271113,2025-10-07 00:00:00+05:30,27494.7,27856.8,27315.45,27790.2
NIFTY PVT BANK,271113,2025-10-14 00:00:00+05:30,27795.95,28585.25,27562.55,28427.8
NIFTY PVT BANK,271113,2025-10-21 00:00:00+05:30,28444.9,28827.0,28225.75,28412.75
NIFTY PVT BANK,271113,2025-10-28 00:00:00+05:30,28331.25,28519.75,27941.6,28150.15
NIFTY PVT BANK,271113,2025-11-04 00:00:00+05:30,28094.5,28159.85,27613.55,27946.4
NIFTY PVT BANK,271113,2025-11-11 00:00:00+05:30,27968.7,28444.05,27802.8,28416.2
NIFTY PVT BANK,271113,2025-11-18 00:00:00+05:30,28402.95,28627.4,28268.25,28348.45
NIFTY PVT BANK,271113,2025-11-25 00:00:00+05:30,28389.7,28867.3,28248.5,28789.4
NIFTY HEALTHCARE,288521,2022-11-29 00:00:00+05:30,8299.65,8426.65,8295.35,8333.95
NIFTY HEALTHCARE,288521,2022-12-06 00:00:00+05:30,8322.4,8331.6,8089.05,8151.85
NIFTY HEALTHCARE,288521,2022-12-13 00:00:00+05:30,8148.6,8242.55,7971.35,8052.3
NIFTY HEALTHCARE,288521,2022-12-20 00:00:00+05:30,8046.9,8348.6,7971.05,8085.75
NIFTY HEALTHCARE,288521,2022-12-27 00:00:00+05:30,8093.45,8138.45,7921.8,7967.5
NIFTY HEALTHCARE,288521,2023-01-03 00:00:00+05:30,7964.3,8139.25,7940.6,8101.6
NIFTY HEALTHCARE,288521,2023-01-10 00:00:00+05:30,8103.85,8141.4,7975.65,8020.2
NIFTY HEALTHCARE,288521,2023-01-17 00:00:00+05:30,8034.4,8081.6,7972.05,8063.95
NIFTY HEALTHCARE,288521,2023-01-24 00:00:00+05:30,8070.0,8073.05,7857.3,7904.65
NIFTY HEALTHCARE,288521,2023-01-31 00:00:00+05:30,7931.3,7943.8,7660.8,7751.3
NIFTY HEALTHCARE,288521,2023-02-07 00:00:00+05:30,7765.25,7912.9,7707.0,7799.55
NIFTY HEALTHCARE,288521,2023-02-14 00:00:00+05:30,7827.1,7893.35,7668.95,7718.9
NIFTY HEALTHCARE,288521,2023-02-21 00:00:00+05:30,7746.75,7765.6,7555.45,7587.65
NIFTY HEALTHCARE,288521,2023-02-28 00:00:00+05:30,7597.05,7615.0,7475.8,7537.55
NIFTY HEALTHCARE,288521,2023-03-08 00:00:00+05:30,7518.0,7538.5,7373.7,7394.0
NIFTY HEALTHCARE,288521,2023-03-14 00:00:00+05:30,7400.2,7530.15,7357.5,7432.7
NIFTY HEALTHCARE,288521,2023-03-21 00:00:00+05:30,7452.6,7609.3,7399.95,7563.35
NIFTY HEALTHCARE,288521,2023-03-28 00:00:00+05:30,7583.9,7661.4,7518.05,7621.25
NIFTY HEALTHCARE,288521,2023-04-05 00:00:00+05:30,7625.3,7772.0,7601.6,7759.05
NIFTY HEALTHCARE,288521,2023-04-11 00:00:00+05:30,7771.7,8005.8,7734.65,7889.6
NIFTY HEALTHCARE,288521,2023-04-18 00:00:00+05:30,7892.0,8028.25,7845.3,7884.15
NIFTY HEALTHCARE,288521,2023-04-25 00:00:00+05:30,7882.5,8020.9,7826.35,8013.55
NIFTY HEALTHCARE,288521,2023-05-02 00:00:00+05:30,8018.05,8084.75,7995.0,8077.1
NIFTY HEALTHCARE,288521,2023-05-09 00:00:00+05:30,8096.3,8127.25,7941.85,8021.35
NIFTY HEALTHCARE,288521,2023-05-16 00:00:00+05:30,8034.45,8090.1,7821.75,7974.75
NIFTY HEALTHCARE,288521,2023-05-23 00:00:00+05:30,7984.55,8178.4,7967.4,8166.35
NIFTY HEALTHCARE,288521,2023-05-30 00:00:00+05:30,8175.6,8391.35,8134.45,8348.2
NIFTY HEALTHCARE,288521,2023-06-06 00:00:00+05:30,8345.1,8496.85,8321.15,8363.4
NIFTY HEALTHCARE,288521,2023-06-13 00:00:00+05:30,8387.55,8748.4,8376.2,8670.1
NIFTY HEALTHCARE,288521,2023-06-20 00:00:00+05:30,8695.45,8732.1,8515.5,8713.35
NIFTY HEALTHCARE,288521,2023-06-27 00:00:00+05:30,8738.6,8966.4,8723.2,8852.5
NIFTY HEALTHCARE,288521,2023-07-04 00:00:00+05:30,8895.45,9062.6,8820.35,8957.3
NIFTY HEALTHCARE,288521,2023-07-11 00:00:00+05:30,8990.4,9131.3,8978.0,9116.9
NIFTY HEALTHCARE,288521,2023-07-18 00:00:00+05:30,9118.85,9290.3,9019.85,9244.15
NIFTY HEALTHCARE,288521,2023-07-25 00:00:00+05:30,9283.9,9661.05,9254.7,9563.3
NIFTY HEALTHCARE,288521,2023-08-01 00:00:00+05:30,9582.25,9809.15,9393.05,9794.75
NIFTY HEALTHCARE,288521,2023-08-08 00:00:00+05:30,9827.65,9848.35,9490.45,9552.5
NIFTY HEALTHCARE,288521,2023-08-16 00:00:00+05:30,9545.45,9662.55,9473.85,9620.45
NIFTY HEALTHCARE,288521,2023-08-22 00:00:00+05:30,9622.7,9687.85,9415.75,9511.0
NIFTY HEALTHCARE,288521,2023-08-29 00:00:00+05:30,9540.65,9568.1,9404.65,9451.05
NIFTY HEALTHCARE,288521,2023-09-05 00:00:00+05:30,9481.4,9735.9,9451.05,9723.25
NIFTY HEALTHCARE,288521,2023-09-12 00:00:00+05:30,9756.75,9840.5,9663.75,9747.45
NIFTY HEALTHCARE,288521,2023-09-20 00:00:00+05:30,9734.45,9738.8,9397.5,9467.75
NIFTY HEALTHCARE,288521,2023-09-26 00:00:00+05:30,9477.35,9772.9,9441.75,9719.05
NIFTY HEALTHCARE,288521,2023-10-03 00:00:00+05:30,9721.3,9731.25,9440.65,9531.65
NIFTY HEALTHCARE,288521,2023-10-10 00:00:00+05:30,9542.4,9639.9,9492.95,9578.1
NIFTY HEALTHCARE,288521,2023-10-17 00:00:00+05:30,9617.5,9689.4,9401.65,9417.85
NIFTY HEALTHCARE,288521,2023-10-25 00:00:00+05:30,9448.45,9462.35,9140.1,9313.05
NIFTY HEALTHCARE,288521,2023-10-31 00:00:00+05:30,9345.45,9600.1,9234.8,9579.7
NIFTY HEALTHCARE,288521,2023-11-07 00:00:00+05:30,9571.1,9882.65,9544.8,9799.95
NIFTY HEALTHCARE,288521,2023-11-15 00:00:00+05:30,9867.7,10127.9,9791.25,10044.1
NIFTY HEALTHCARE,288521,2023-11-21 00:00:00+05:30,10065.6,10209.1,10006.05,10087.25
NIFTY HEALTHCARE,288521,2023-11-28 00:00:00+05:30,10097.95,10401.35,10020.0,10356.25
NIFTY HEALTHCARE,288521,2023-12-05 00:00:00+05:30,10380.65,10404.15,10135.0,10220.95
NIFTY HEALTHCARE,288521,2023-12-12 00:00:00+05:30,10262.65,10433.95,10130.3,10346.55
NIFTY HEALTHCARE,288521,2023-12-19 00:00:00+05:30,10387.5,10422.0,10017.1,10353.15
NIFTY HEALTHCARE,288521,2023-12-26 00:00:00+05:30,10372.1,10698.2,10363.05,10661.35
NIFTY HEALTHCARE,288521,2024-01-02 00:00:00+05:30,10683.35,11049.5,10664.65,10824.6
NIFTY HEALTHCARE,288521,2024-01-09 00:00:00+05:30,10899.05,11101.6,10859.25,11053.65
NIFTY HEALTHCARE,288521,2024-01-16 00:00:00+05:30,11058.05,11068.45,10640.6,10948.4
NIFTY HEALTHCARE,288521,2024-01-23 00:00:00+05:30,11076.9,11266.3,11000.1,11167.4
NIFTY HEALTHCARE,288521,2024-01-30 00:00:00+05:30,11198.35,11615.25,11080.7,11566.95
NIFTY HEALTHCARE,288521,2024-02-06 00:00:00+05:30,11575.45,12047.35,11564.95,11962.85
NIFTY HEALTHCARE,288521,2024-02-13 00:00:00+05:30,11994.75,12137.75,11836.85,12102.4
NIFTY HEALTHCARE,288521,2024-02-20 00:00:00+05:30,12113.45,12201.5,11972.05,12056.3
NIFTY HEALTHCARE,288521,2024-02-27 00:00:00+05:30,12057.35,12170.6,11767.95,11865.35
NIFTY HEALTHCARE,288521,2024-03-05 00:00:00+05:30,11861.95,12121.25,11756.3,12043.4
NIFTY HEALTHCARE,288521,2024-03-12 00:00:00+05:30,12063.5,12119.45,11606.4,11787.0
NIFTY HEALTHCARE,288521,2024-03-19 00:00:00+05:30,11779.6,11880.5,11454.5,11851.3
NIFTY HEALTHCARE,288521,2024-03-26 00:00:00+05:30,11803.55,12209.45,11800.0,12187.8
NIFTY HEALTHCARE,288521,2024-04-02 00:00:00+05:30,12219.6,12285.85,12017.55,12156.5
NIFTY HEALTHCARE,288521,2024-04-09 00:00:00+05:30,12201.75,12235.05,11838.9,11854.9
NIFTY HEALTHCARE,288521,2024-04-16 00:00:00+05:30,11827.0,11936.6,11527.6,11751.0
NIFTY HEALTHCARE,288521,2024-04-23 00:00:00+05:30,11836.65,12065.2,11629.2,12043.95
NIFTY HEALTHCARE,288521,2024-04-30 00:00:00+05:30,12081.6,12130.55,11952.55,12117.45
NIFTY HEALTHCARE,288521,2024-05-07 00:00:00+05:30,12150.0,12152.15,11609.35,11933.75
NIFTY HEALTHCARE,288521,2024-05-14 00:00:00+05:30,11955.4,12116.25,11843.65,12094.4
NIFTY HEALTHCARE,288521,2024-05-21 00:00:00+05:30,12035.9,12271.5,12014.4,12044.0
NIFTY HEALTHCARE,288521,2024-05-28 00:00:00+05:30,12064.75,12195.45,11750.85,11847.9
NIFTY HEALTHCARE,288521,2024-06-04 00:00:00+05:30,11874.95,12451.55,11325.0,12413.25
NIFTY HEALTHCARE,288521,2024-06-11 00:00:00+05:30,12454.15,12625.65,12336.5,12613.0
NIFTY HEALTHCARE,288521,2024-06-18 00:00:00+05:30,12610.5,12623.1,12332.15,12398.6
NIFTY HEALTHCARE,288521,2024-06-25 00:00:00+05:30,12426.05,12625.75,12309.9,12595.45
NIFTY HEALTHCARE,288521,2024-07-02 00:00:00+05:30,12597.75,13056.25,12501.05,12930.5
NIFTY HEALTHCARE,288521,2024-07-09 00:00:00+05:30,12978.8,13257.15,12901.1,13211.7
NIFTY HEALTHCARE,288521,2024-07-16 00:00:00+05:30,13230.6,13253.9,12876.95,13110.4
NIFTY HEALTHCARE,288521,2024-07-23 00:00:00+05:30,13103.9,13800.25,12906.7,13725.6
NIFTY HEALTHCARE,288521,2024-07-30 00:00:00+05:30,13714.1,13896.2,13593.0,13607.2
NIFTY HEALTHCARE,288521,2024-08-06 00:00:00+05:30,13653.3,14018.4,13567.4,13889.2
NIFTY HEALTHCARE,288521,2024-08-13 00:00:00+05:30,13932.55,13979.25,13737.65,13945.8
NIFTY HEALTHCARE,288521,2024-08-20 00:00:00+05:30,13996.15,14188.9,13913.7,14119.8
NIFTY HEALTHCARE,288521,2024-08-27 00:00:00+05:30,14143.45,14618.85,14118.85,14403.5
NIFTY HEALTHCARE,288521,2024-09-03 00:00:00+05:30,14427.5,14670.15,14320.8,14406.9
NIFTY HEALTHCARE,288521,2024-09-10 00:00:00+05:30,14481.6,14805.55,14469.95,14728.5
NIFTY HEALTHCARE,288521,2024-09-17 00:00:00+05:30,14743.8,14788.6,14405.25,14691.3
NIFTY HEALTHCARE,288521,2024-09-24 00:00:00+05:30,14678.35,14908.45,14557.7,14752.2
NIFTY HEALTHCARE,288521,2024-10-01 00:00:00+05:30,14756.1,14782.45,14399.95,14450.35
NIFTY HEALTHCARE,288521,2024-10-08 00:00:00+05:30,14436.3,15049.4,14406.25,14901.5
NIFTY HEALTHCARE,288521,2024-10-15 00:00:00+05:30,14926.25,14967.45,14539.75,14577.5
NIFTY HEALTHCARE,288521,2024-10-22 00:00:00+05:30,14590.5,14614.4,14158.2,14495.75
NIFTY HEALTHCARE,288521,2024-10-29 00:00:00+05:30,14566.1,14580.75,14112.75,14395.65
NIFTY HEALTHCARE,288521,2024-11-05 00:00:00+05:30,14367.55,14720.05,14178.75,14258.7
NIFTY HEALTHCARE,288521,2024-11-12 00:00:00+05:30,14248.75,14402.0,13664.9,13717.8
NIFTY HEALTHCARE,288521,2024-11-19 00:00:00+05:30,13706.7,14187.1,13688.5,14102.15
NIFTY HEALTHCARE,288521,2024-11-26 00:00:00+05:30,14136.45,14322.45,13809.55,14311.1
NIFTY HEALTHCARE,288521,2024-12-03 00:00:00+05:30,14406.35,14482.4,14221.05,14349.7
NIFTY HEALTHCARE,288521,2024-12-10 00:00:00+05:30,14397.1,14465.1,14145.9,14401.4
NIFTY HEALTHCARE,288521,2024-12-17 00:00:00+05:30,14407.4,14684.45,14285.8,14469.55
NIFTY HEALTHCARE,288521,2024-12-24 00:00:00+05:30,14496.4,14951.75,14402.85,14893.65
NIFTY HEALTHCARE,288521,2024-12-31 00:00:00+05:30,14843.35,15108.8,14716.8,14808.45
NIFTY HEALTHCARE,288521,2025-01-07 00:00:00+05:30,14853.0,15071.8,14002.05,14044.85
NIFTY HEALTHCARE,288521,2025-01-14 00:00:00+05:30,14107.6,14228.9,13911.95,14138.2
NIFTY HEALTHCARE,288521,2025-01-21 00:00:00+05:30,14160.65,14323.7,13617.45,13656.25
NIFTY HEALTHCARE,288521,2025-01-28 00:00:00+05:30,13619.55,13923.45,13296.1,13802.0
NIFTY HEALTHCARE,288521,2025-02-04 00:00:00+05:30,13879.25,14276.95,13865.45,13908.7
NIFTY HEALTHCARE,288521,2025-02-11 00:00:00+05:30,13925.2,13939.3,13203.5,13494.05
NIFTY HEALTHCARE,288521,2025-02-18 00:00:00+05:30,13525.7,13571.05,13005.3,13087.4
NIFTY HEALTHCARE,288521,2025-02-25 00:00:00+05:30,13092.2,13146.05,12587.0,12738.35
NIFTY HEALTHCARE,288521,2025-03-04 00:00:00+05:30,12673.25,13155.5,12561.7,12953.3
NIFTY HEALTHCARE,288521,2025-03-11 00:00:00+05:30,12887.1,13311.25,12868.9,13273.35
NIFTY HEALTHCARE,288521,2025-03-18 00:00:00+05:30,13344.8,14114.35,13278.15,14062.2
NIFTY HEALTHCARE,288521,2025-03-25 00:00:00+05:30,14111.85,14127.8,13594.25,13681.3
NIFTY HEALTHCARE,288521,2025-04-01 00:00:00+05:30,13660.85,14147.15,12565.4,13048.9
NIFTY HEALTHCARE,288521,2025-04-08 00:00:00+05:30,13164.8,13495.9,12984.7,13326.65
NIFTY HEALTHCARE,288521,2025-04-15 00:00:00+05:30,13557.55,13838.7,13458.6,13819.4
NIFTY HEALTHCARE,288521,2025-04-22 00:00:00+05:30,13842.55,14269.65,13721.95,14116.25
NIFTY HEALTHCARE,288521,2025-04-29 00:00:00+05:30,14149.5,14182.35,13885.65,14096.7
NIFTY HEALTHCARE,288521,2025-05-06 00:00:00+05:30,14058.15,14093.5,13445.85,13765.5
NIFTY HEALTHCARE,288521,2025-05-13 00:00:00+05:30,13825.8,14274.55,13797.15,14126.45
NIFTY HEALTHCARE,288521,2025-05-20 00:00:00+05:30,14170.4,14195.0,13789.45,14012.6
NIFTY HEALTHCARE,288521,2025-05-27 00:00:00+05:30,14036.95,14058.75,13821.1,13907.35
NIFTY HEALTHCARE,288521,2025-06-03 00:00:00+05:30,13990.75,14229.6,13827.75,14223.05
NIFTY HEALTHCARE,288521,2025-06-10 00:00:00+05:30,14262.3,14500.05,14127.05,14396.1
NIFTY HEALTHCARE,288521,2025-06-17 00:00:00+05:30,14396.5,14411.1,13934.65,14083.2
NIFTY HEALTHCARE,288521,2025-06-24 00:00:00+05:30,14167.55,14506.15,14103.25,14463.8
NIFTY HEALTHCARE,288521,2025-07-01 00:00:00+05:30,14536.7,14739.65,14390.9,14719.4
NIFTY HEALTHCARE,288521,2025-07-08 00:00:00+05:30,14733.65,14744.25,14384.15,14607.7
NIFTY HEALTHCARE,288521,2025-07-15 00:00:00+05:30,14674.7,14848.85,14577.05,14634.75
NIFTY HEALTHCARE,288521,2025-07-22 00:00:00+05:30,14651.7,14964.75,14497.7,14860.1
NIFTY HEALTHCARE,288521,2025-07-29 00:00:00+05:30,14844.75,15079.85,14385.0,14551.75
NIFTY HEALTHCARE,288521,2025-08-05 00:00:00+05:30,14540.0,14587.1,14082.15,14301.2
NIFTY HEALTHCARE,288521,2025-08-12 00:00:00+05:30,14307.55,14785.8,14275.1,14633.05
NIFTY HEALTHCARE,288521,2025-08-19 00:00:00+05:30,14653.75,14819.9,14537.45,14754.6
NIFTY HEALTHCARE,288521,2025-08-26 00:00:00+05:30,14703.3,14708.65,14299.7,14390.05
NIFTY HEALTHCARE,288521,2025-09-02 00:00:00+05:30,14413.35,14640.25,14308.7,14430.0
NIFTY HEALTHCARE,288521,2025-09-09 00:00:00+05:30,14440.2,14770.7,14424.5,14666.7
NIFTY HEALTHCARE,288521,2025-09-16 00:00:00+05:30,14673.25,14899.95,14633.85,14721.55
NIFTY HEALTHCARE,288521,2025-09-23 00:00:00+05:30,14734.1,14764.2,14100.1,14143.7
NIFTY HEALTHCARE,288521,2025-09-30 00:00:00+05:30,14167.45,14480.45,14097.7,14472.1
NIFTY HEALTHCARE,288521,2025-10-07 00:00:00+05:30,14485.5,14803.4,14408.9,14746.95
NIFTY HEALTHCARE,288521,2025-10-14 00:00:00+05:30,14789.4,15021.2,14600.85,15002.1
NIFTY HEALTHCARE,288521,2025-10-21 00:00:00+05:30,15049.45,15112.5,14823.9,14862.15
NIFTY HEALTHCARE,288521,2025-10-28 00:00:00+05:30,14871.4,14980.95,14672.95,14836.05
NIFTY HEALTHCARE,288521,2025-11-04 00:00:00+05:30,14855.0,14866.6,14609.55,14672.3
NIFTY HEALTHCARE,288521,2025-11-11 00:00:00+05:30,14704.8,14948.3,14583.75,14932.5
NIFTY HEALTHCARE,288521,2025-11-18 00:00:00+05:30,14956.45,14961.05,14724.8,14745.9
NIFTY HEALTHCARE,288521,2025-11-25 00:00:00+05:30,14783.65,15039.55,14748.15,15031.25
NIFTY OIL AND GAS,289033,2022-11-29 00:00:00+05:30,8550.25,8664.05,8457.55,8535.9
NIFTY OIL AND GAS,289033,2022-12-06 00:00:00+05:30,8519.25,8608.25,8394.5,8545.05
NIFTY OIL AND GAS,289033,2022-12-13 00:00:00+05:30,8565.55,8620.9,8460.7,8545.6
NIFTY OIL AND GAS,289033,2022-12-20 00:00:00+05:30,8532.3,8615.35,7930.6,8148.35
NIFTY OIL AND GAS,289033,2022-12-27 00:00:00+05:30,8180.8,8570.65,8137.75,8464.05
NIFTY OIL AND GAS,289033,2023-01-03 00:00:00+05:30,8456.2,8598.6,8321.9,8573.45
NIFTY OIL AND GAS,289033,2023-01-10 00:00:00+05:30,8593.7,8603.85,8389.35,8462.65
NIFTY OIL AND GAS,289033,2023-01-17 00:00:00+05:30,8487.25,8668.95,8442.85,8632.75
NIFTY OIL AND GAS,289033,2023-01-24 00:00:00+05:30,8669.6,8671.35,7600.7,7672.5
NIFTY OIL AND GAS,289033,2023-01-31 00:00:00+05:30,7623.95,7638.5,7140.6,7206.3
NIFTY OIL AND GAS,289033,2023-02-07 00:00:00+05:30,7179.75,7239.0,7106.95,7137.95
NIFTY OIL AND GAS,289033,2023-02-14 00:00:00+05:30,7117.25,7282.8,7089.85,7149.15
NIFTY OIL AND GAS,289033,2023-02-21 00:00:00+05:30,7150.6,7164.3,6979.45,7036.0
NIFTY OIL AND GAS,289033,2023-02-28 00:00:00+05:30,6996.2,7278.4,6922.85,7247.75
NIFTY OIL AND GAS,289033,2023-03-08 00:00:00+05:30,7248.9,7336.65,7144.45,7164.3
NIFTY OIL AND GAS,289033,2023-03-14 00:00:00+05:30,7145.05,7188.0,7015.85,7079.1
NIFTY OIL AND GAS,289033,2023-03-21 00:00:00+05:30,7118.55,7208.0,7051.4,7064.35
NIFTY OIL AND GAS,289033,2023-03-28 00:00:00+05:30,7053.65,7201.35,6973.7,7117.45
NIFTY OIL AND GAS,289033,2023-04-05 00:00:00+05:30,7172.1,7246.15,7087.9,7221.2
NIFTY OIL AND GAS,289033,2023-04-11 00:00:00+05:30,7244.5,7359.0,7238.65,7348.65
NIFTY OIL AND GAS,289033,2023-04-18 00:00:00+05:30,7361.9,7379.35,7298.85,7352.4
NIFTY OIL AND GAS,289033,2023-04-25 00:00:00+05:30,7363.7,7498.8,7354.5,7491.8
NIFTY OIL AND GAS,289033,2023-05-02 00:00:00+05:30,7528.0,7595.45,7491.7,7559.8
NIFTY OIL AND GAS,289033,2023-05-09 00:00:00+05:30,7554.8,7686.4,7530.1,7568.05
NIFTY OIL AND GAS,289033,2023-05-16 00:00:00+05:30,7599.1,7622.95,7347.7,7488.7
NIFTY OIL AND GAS,289033,2023-05-23 00:00:00+05:30,7531.95,7593.05,7492.8,7540.35
NIFTY OIL AND GAS,289033,2023-05-30 00:00:00+05:30,7548.5,7582.5,7360.65,7391.15
NIFTY OIL AND GAS,289033,2023-06-06 00:00:00+05:30,7412.95,7490.0,7356.4,7468.6
NIFTY OIL AND GAS,289033,2023-06-13 00:00:00+05:30,7502.85,7637.4,7486.25,7571.7
NIFTY OIL AND GAS,289033,2023-06-20 00:00:00+05:30,7564.05,7631.45,7404.6,7429.35
NIFTY OIL AND GAS,289033,2023-06-27 00:00:00+05:30,7456.15,7713.35,7413.75,7705.9
NIFTY OIL AND GAS,289033,2023-07-04 00:00:00+05:30,7728.55,7953.4,7632.9,7903.25
NIFTY OIL AND GAS,289033,2023-07-11 00:00:00+05:30,7939.2,8061.4,7870.05,7984.65
NIFTY OIL AND GAS,289033,2023-07-18 00:00:00+05:30,8021.95,8117.65,7978.65,8005.05
NIFTY OIL AND GAS,289033,2023-07-25 00:00:00+05:30,8023.75,8160.15,8005.35,8141.15
NIFTY OIL AND GAS,289033,2023-08-01 00:00:00+05:30,8145.0,8165.95,7896.55,7974.7
NIFTY OIL AND GAS,289033,2023-08-08 00:00:00+05:30,7989.9,8076.3,7931.35,8004.35
NIFTY OIL AND GAS,289033,2023-08-16 00:00:00+05:30,7963.1,8029.7,7891.55,7929.8
NIFTY OIL AND GAS,289033,2023-08-22 00:00:00+05:30,7925.7,7971.8,7804.6,7829.5
NIFTY OIL AND GAS,289033,2023-08-29 00:00:00+05:30,7855.3,7920.65,7710.9,7878.25
NIFTY OIL AND GAS,289033,2023-09-05 00:00:00+05:30,7915.5,8176.3,7878.25,8151.55
NIFTY OIL AND GAS,289033,2023-09-12 00:00:00+05:30,8198.25,8198.9,7910.15,8028.35
NIFTY OIL AND GAS,289033,2023-09-20 00:00:00+05:30,7994.35,8026.0,7843.6,7864.4
NIFTY OIL AND GAS,289033,2023-09-26 00:00:00+05:30,7871.65,7942.45,7793.0,7902.8
NIFTY OIL AND GAS,289033,2023-10-03 00:00:00+05:30,7879.85,7883.05,7688.15,7708.4
NIFTY OIL AND GAS,289033,2023-10-10 00:00:00+05:30,7736.45,7956.2,7733.2,7923.7
NIFTY OIL AND GAS,289033,2023-10-17 00:00:00+05:30,7954.15,8013.05,7585.05,7606.9
NIFTY OIL AND GAS,289033,2023-10-25 00:00:00+05:30,7611.65,7688.4,7422.45,7649.95
NIFTY OIL AND GAS,289033,2023-10-31 00:00:00+05:30,7685.55,7879.35,7574.3,7873.1
NIFTY OIL AND GAS,289033,2023-11-07 00:00:00+05:30,7891.45,8034.2,7858.95,7999.1
NIFTY OIL AND GAS,289033,2023-11-15 00:00:00+05:30,8078.95,8214.05,8050.8,8072.25
NIFTY OIL AND GAS,289033,2023-11-21 00:00:00+05:30,8111.0,8195.0,8061.35,8161.2
NIFTY OIL AND GAS,289033,2023-11-28 00:00:00+05:30,8198.85,8831.25,8190.2,8786.75
NIFTY OIL AND GAS,289033,2023-12-05 00:00:00+05:30,8872.05,9197.0,8797.6,9044.25
NIFTY OIL AND GAS,289033,2023-12-12 00:00:00+05:30,9054.0,9206.1,8858.5,9155.65
NIFTY OIL AND GAS,289033,2023-12-19 00:00:00+05:30,9241.35,9447.7,8971.8,9287.05
NIFTY OIL AND GAS,289033,2023-12-26 00:00:00+05:30,9316.3,9625.55,9290.5,9572.85
NIFTY OIL AND GAS,289033,2024-01-02 00:00:00+05:30,9581.35,9874.4,9472.4,9720.8
NIFTY OIL AND GAS,289033,2024-01-09 00:00:00+05:30,9807.95,10204.95,9566.0,10193.2
NIFTY OIL AND GAS,289033,2024-01-16 00:00:00+05:30,10207.5,10440.75,9943.95,10373.4
NIFTY OIL AND GAS,289033,2024-01-23 00:00:00+05:30,10517.4,10738.85,9957.65,10710.4
NIFTY OIL AND GAS,289033,2024-01-30 00:00:00+05:30,10824.1,11448.15,10636.8,11271.4
NIFTY OIL AND GAS,289033,2024-02-06 00:00:00+05:30,11365.15,11779.2,11190.6,11239.05
NIFTY OIL AND GAS,289033,2024-02-13 00:00:00+05:30,11256.1,12074.3,11137.85,11919.7
NIFTY OIL AND GAS,289033,2024-02-20 00:00:00+05:30,11921.35,12009.8,11584.3,11769.9
NIFTY OIL AND GAS,289033,2024-02-27 00:00:00+05:30,11755.2,12005.65,11376.75,11972.0
NIFTY OIL AND GAS,289033,2024-03-05 00:00:00+05:30,12004.8,12058.0,11623.85,11643.55
NIFTY OIL AND GAS,289033,2024-03-12 00:00:00+05:30,11659.8,11731.15,10770.15,11103.15
NIFTY OIL AND GAS,289033,2024-03-19 00:00:00+05:30,11061.45,11293.0,10867.45,11223.0
NIFTY OIL AND GAS,289033,2024-03-26 00:00:00+05:30,11167.6,11564.3,11135.85,11500.3
NIFTY OIL AND GAS,289033,2024-04-02 00:00:00+05:30,11524.4,11747.6,11371.35,11670.5
NIFTY OIL AND GAS,289033,2024-04-09 00:00:00+05:30,11709.0,11858.65,11426.15,11695.15
NIFTY OIL AND GAS,289033,2024-04-16 00:00:00+05:30,11620.2,11996.65,11446.85,11666.9
NIFTY OIL AND GAS,289033,2024-04-23 00:00:00+05:30,11715.2,11932.5,11564.4,11899.05
NIFTY OIL AND GAS,289033,2024-04-30 00:00:00+05:30,11959.25,12035.0,11544.6,11601.2
NIFTY OIL AND GAS,289033,2024-05-07 00:00:00+05:30,11661.4,11677.2,11048.25,11263.9
NIFTY OIL AND GAS,289033,2024-05-14 00:00:00+05:30,11289.65,11717.95,11260.15,11699.0
NIFTY OIL AND GAS,289033,2024-05-21 00:00:00+05:30,11704.25,12062.3,11682.55,11926.15
NIFTY OIL AND GAS,289033,2024-05-28 00:00:00+05:30,11957.85,12437.75,11506.2,12417.1
NIFTY OIL AND GAS,289033,2024-06-04 00:00:00+05:30,12407.3,12407.3,10503.35,11686.85
NIFTY OIL AND GAS,289033,2024-06-11 00:00:00+05:30,11762.1,12133.2,11658.45,12095.25
NIFTY OIL AND GAS,289033,2024-06-18 00:00:00+05:30,12194.5,12194.5,11719.05,11808.15
NIFTY OIL AND GAS,289033,2024-06-25 00:00:00+05:30,11832.8,12298.3,11705.35,12270.35
NIFTY OIL AND GAS,289033,2024-07-02 00:00:00+05:30,12318.5,12693.2,12231.3,12656.85
NIFTY OIL AND GAS,289033,2024-07-09 00:00:00+05:30,12712.25,13124.95,12343.9,13111.6
NIFTY OIL AND GAS,289033,2024-07-16 00:00:00+05:30,13123.65,13194.45,12514.3,12651.25
NIFTY OIL AND GAS,289033,2024-07-23 00:00:00+05:30,12699.45,13260.5,12096.0,13184.9
NIFTY OIL AND GAS,289033,2024-07-30 00:00:00+05:30,13177.1,13431.9,12517.8,12649.55
NIFTY OIL AND GAS,289033,2024-08-06 00:00:00+05:30,12740.1,13122.9,12558.25,13043.3
NIFTY OIL AND GAS,289033,2024-08-13 00:00:00+05:30,13090.1,13249.85,12785.55,13197.3
NIFTY OIL AND GAS,289033,2024-08-20 00:00:00+05:30,13276.4,13336.8,13124.1,13293.05
NIFTY OIL AND GAS,289033,2024-08-27 00:00:00+05:30,13286.65,13607.2,13235.6,13486.55
NIFTY OIL AND GAS,289033,2024-09-03 00:00:00+05:30,13510.05,13518.4,12779.9,12845.7
NIFTY OIL AND GAS,289033,2024-09-10 00:00:00+05:30,12890.7,12926.9,12524.9,12697.6
NIFTY OIL AND GAS,289033,2024-09-17 00:00:00+05:30,12732.5,12756.1,12284.95,12737.85
NIFTY OIL AND GAS,289033,2024-09-24 00:00:00+05:30,12736.6,13183.75,12683.95,13035.6
NIFTY OIL AND GAS,289033,2024-10-01 00:00:00+05:30,13038.2,13110.65,12111.85,12180.1
NIFTY OIL AND GAS,289033,2024-10-08 00:00:00+05:30,12138.75,12449.8,12064.3,12289.45
NIFTY OIL AND GAS,289033,2024-10-15 00:00:00+05:30,12288.9,12359.25,11920.75,11953.65
NIFTY OIL AND GAS,289033,2024-10-22 00:00:00+05:30,11952.2,11987.2,11244.15,11371.8
NIFTY OIL AND GAS,289033,2024-10-29 00:00:00+05:30,11330.0,11480.9,11033.45,11158.2
NIFTY OIL AND GAS,289033,2024-11-05 00:00:00+05:30,11100.1,11583.3,11057.9,11135.1
NIFTY OIL AND GAS,289033,2024-11-12 00:00:00+05:30,11177.95,11257.95,10572.8,10637.15
NIFTY OIL AND GAS,289033,2024-11-19 00:00:00+05:30,10691.45,11077.55,10340.6,10979.0
NIFTY OIL AND GAS,289033,2024-11-26 00:00:00+05:30,11021.15,11154.1,10845.7,11138.2
NIFTY OIL AND GAS,289033,2024-12-03 00:00:00+05:30,11219.45,11404.0,11177.1,11251.7
NIFTY OIL AND GAS,289033,2024-12-10 00:00:00+05:30,11227.8,11283.25,10944.35,11095.3
NIFTY OIL AND GAS,289033,2024-12-17 00:00:00+05:30,11076.9,11088.0,10583.1,10689.65
NIFTY OIL AND GAS,289033,2024-12-24 00:00:00+05:30,10699.2,10846.95,10591.8,10631.15
NIFTY OIL AND GAS,289033,2024-12-31 00:00:00+05:30,10613.0,11153.45,10601.3,10726.9
NIFTY OIL AND GAS,289033,2025-01-07 00:00:00+05:30,10801.25,11123.5,10399.1,10454.3
NIFTY OIL AND GAS,289033,2025-01-14 00:00:00+05:30,10511.0,10983.05,10510.35,10957.8
NIFTY OIL AND GAS,289033,2025-01-21 00:00:00+05:30,10979.65,11039.7,10196.25,10238.0
NIFTY OIL AND GAS,289033,2025-01-28 00:00:00+05:30,10266.2,10608.7,10076.6,10206.25
NIFTY OIL AND GAS,289033,2025-02-04 00:00:00+05:30,10287.15,10717.5,10281.95,10317.0
NIFTY OIL AND GAS,289033,2025-02-11 00:00:00+05:30,10344.05,10344.05,9674.35,9921.1
NIFTY OIL AND GAS,289033,2025-02-18 00:00:00+05:30,9917.85,10235.8,9802.35,9963.35
NIFTY OIL AND GAS,289033,2025-02-25 00:00:00+05:30,9952.55,10008.85,9350.95,9513.4
NIFTY OIL AND GAS,289033,2025-03-04 00:00:00+05:30,9405.7,10167.2,9327.5,9909.7
NIFTY OIL AND GAS,289033,2025-03-11 00:00:00+05:30,9868.6,10160.1,9816.7,10016.4
NIFTY OIL AND GAS,289033,2025-03-18 00:00:00+05:30,10062.55,10740.0,10007.75,10698.25
NIFTY OIL AND GAS,289033,2025-03-25 00:00:00+05:30,10732.25,10739.55,10382.2,10549.7
NIFTY OIL AND GAS,289033,2025-04-01 00:00:00+05:30,10491.85,10646.1,9445.95,9851.5
NIFTY OIL AND GAS,289033,2025-04-08 00:00:00+05:30,9990.55,10282.65,9862.45,10262.55
NIFTY OIL AND GAS,289033,2025-04-15 00:00:00+05:30,10453.4,10968.15,10368.75,10946.35
NIFTY OIL AND GAS,289033,2025-04-22 00:00:00+05:30,10970.9,11157.4,10700.1,11132.1
NIFTY OIL AND GAS,289033,2025-04-29 00:00:00+05:30,11160.4,11473.4,11048.75,11451.95
NIFTY OIL AND GAS,289033,2025-05-06 00:00:00+05:30,11479.85,11484.2,10885.2,11361.65
NIFTY OIL AND GAS,289033,2025-05-13 00:00:00+05:30,11365.75,11634.1,11237.45,11553.35
NIFTY OIL AND GAS,289033,2025-05-20 00:00:00+05:30,11564.25,11630.15,11284.45,11527.85
NIFTY OIL AND GAS,289033,2025-05-27 00:00:00+05:30,11499.15,11534.7,11309.55,11364.95
NIFTY OIL AND GAS,289033,2025-06-03 00:00:00+05:30,11402.95,11575.25,11216.25,11565.95
NIFTY OIL AND GAS,289033,2025-06-10 00:00:00+05:30,11601.25,11799.75,11318.1,11570.95
NIFTY OIL AND GAS,289033,2025-06-17 00:00:00+05:30,11592.1,11596.45,11322.65,11473.95
NIFTY OIL AND GAS,289033,2025-06-24 00:00:00+05:30,11595.15,11916.6,11424.2,11800.95
NIFTY OIL AND GAS,289033,2025-07-01 00:00:00+05:30,11816.35,12084.8,11762.2,12051.85
NIFTY OIL AND GAS,289033,2025-07-08 00:00:00+05:30,12051.55,12099.55,11715.65,11755.55
NIFTY OIL AND GAS,289033,2025-07-15 00:00:00+05:30,11781.05,11868.95,11616.85,11643.45
NIFTY OIL AND GAS,289033,2025-07-22 00:00:00+05:30,11647.8,11685.4,11307.45,11323.7
NIFTY OIL AND GAS,289033,2025-07-29 00:00:00+05:30,11308.2,11501.35,11053.55,11151.45
NIFTY OIL AND GAS,289033,2025-08-05 00:00:00+05:30,11152.5,11155.2,10837.1,11059.95
NIFTY OIL AND GAS,289033,2025-08-12 00:00:00+05:30,11059.55,11162.2,10966.15,11017.45
NIFTY OIL AND GAS,289033,2025-08-19 00:00:00+05:30,11045.55,11288.1,11044.8,11132.0
NIFTY OIL AND GAS,289033,2025-08-26 00:00:00+05:30,11109.4,11137.9,10757.5,10935.35
NIFTY OIL AND GAS,289033,2025-09-02 00:00:00+05:30,10951.05,11096.05,10870.35,10960.45
NIFTY OIL AND GAS,289033,2025-09-09 00:00:00+05:30,10965.4,11153.05,10918.8,11124.4
NIFTY OIL AND GAS,289033,2025-09-16 00:00:00+05:30,11161.8,11405.1,11132.65,11327.05
NIFTY OIL AND GAS,289033,2025-09-23 00:00:00+05:30,11344.2,11367.35,11104.05,11282.3
NIFTY OIL AND GAS,289033,2025-09-30 00:00:00+05:30,11311.3,11474.7,11243.5,11459.7
NIFTY OIL AND GAS,289033,2025-10-07 00:00:00+05:30,11470.2,11577.95,11340.0,11436.05
NIFTY OIL AND GAS,289033,2025-10-14 00:00:00+05:30,11472.3,11689.45,11330.15,11661.9
NIFTY OIL AND GAS,289033,2025-10-21 00:00:00+05:30,11683.05,11807.55,11556.5,11800.2
NIFTY OIL AND GAS,289033,2025-10-28 00:00:00+05:30,11816.9,12107.15,11701.95,12084.65
NIFTY OIL AND GAS,289033,2025-11-04 00:00:00+05:30,12087.95,12131.3,11917.65,12021.75
NIFTY OIL AND GAS,289033,2025-11-11 00:00:00+05:30,12058.95,12296.5,11941.8,12235.85
NIFTY OIL AND GAS,289033,2025-11-18 00:00:00+05:30,12255.05,12255.6,12022.2,12041.65
NIFTY OIL AND GAS,289033,2025-11-25 00:00:00+05:30,12027.9,12244.3,11967.95,12034.4
NIFTY CHEMICALS,420105,2025-11-24 00:00:00+05:30,28960.2,28969.9,28461.85,28535.25
NIFTY CHEMICALS,420105,2025-11-25 00:00:00+05:30,28562.6,28973.1,28455.55,28800.75
